sim_time {
  nsec: 4000000
}
real_time {
  sec: 1
  nsec: 773767740
}
iterations: 1
real_time_factor: 0.0022550866778082231
step_size {
  nsec: 4000000
}

sim_time {
  nsec: 108000000
}
real_time {
  sec: 1
  nsec: 877754259
}
iterations: 27
real_time_factor: 0.99864658421674024
step_size {
  nsec: 4000000
}

sim_time {
  nsec: 212000000
}
real_time {
  sec: 1
  nsec: 981894059
}
iterations: 53
real_time_factor: 0.96497968114658883
step_size {
  nsec: 4000000
}

sim_time {
  nsec: 316000000
}
real_time {
  sec: 2
  nsec: 85748536
}
iterations: 79
real_time_factor: 1.0002630691871963
step_size {
  nsec: 4000000
}

sim_time {
  nsec: 420000000
}
real_time {
  sec: 2
  nsec: 189748610
}
iterations: 105
real_time_factor: 0.99999675001056243
step_size {
  nsec: 4000000
}

sim_time {
  nsec: 524000000
}
real_time {
  sec: 2
  nsec: 293757680
}
iterations: 131
real_time_factor: 0.99776799299965979
step_size {
  nsec: 4000000
}

sim_time {
  nsec: 628000000
}
real_time {
  sec: 2
  nsec: 397748330
}
iterations: 157
real_time_factor: 1.0000640040962621
step_size {
  nsec: 4000000
}

sim_time {
  nsec: 728000000
}
real_time {
  sec: 2
  nsec: 497748588
}
iterations: 182
real_time_factor: 1.0000270007290197
step_size {
  nsec: 4000000
}

sim_time {
  nsec: 828000000
}
real_time {
  sec: 2
  nsec: 597748985
}
iterations: 207
real_time_factor: 1.0004717224171196
step_size {
  nsec: 4000000
}

sim_time {
  nsec: 928000000
}
real_time {
  sec: 2
  nsec: 697751688
}
iterations: 232
real_time_factor: 1.0006291455752805
step_size {
  nsec: 4000000
}

sim_time {
  sec: 1
  nsec: 28000000
}
real_time {
  sec: 2
  nsec: 797754224
}
iterations: 257
real_time_factor: 0.998750812421364
step_size {
  nsec: 4000000
}

sim_time {
  sec: 1
  nsec: 132000000
}
real_time {
  sec: 2
  nsec: 901749003
}
iterations: 283
real_time_factor: 1.0000687547268874
step_size {
  nsec: 4000000
}

sim_time {
  sec: 1
  nsec: 232000000
}
real_time {
  sec: 3
  nsec: 1749641
}
iterations: 308
real_time_factor: 1.0128525929786019
step_size {
  nsec: 4000000
}

sim_time {
  sec: 1
  nsec: 336000000
}
real_time {
  sec: 3
  nsec: 105749069
}
iterations: 334
real_time_factor: 0.99990675869475176
step_size {
  nsec: 4000000
}

sim_time {
  sec: 1
  nsec: 436000000
}
real_time {
  sec: 3
  nsec: 205754827
}
iterations: 359
real_time_factor: 0.998478568281581
step_size {
  nsec: 4000000
}

sim_time {
  sec: 1
  nsec: 540000000
}
real_time {
  sec: 3
  nsec: 309749591
}
iterations: 385
real_time_factor: 1.0006827157828428
step_size {
  nsec: 4000000
}

sim_time {
  sec: 1
  nsec: 644000000
}
real_time {
  sec: 3
  nsec: 413748539
}
iterations: 411
real_time_factor: 1.0000665044225441
step_size {
  nsec: 4000000
}

sim_time {
  sec: 1
  nsec: 744000000
}
real_time {
  sec: 3
  nsec: 513749235
}
iterations: 436
real_time_factor: 1.0005760816790268
step_size {
  nsec: 4000000
}

sim_time {
  sec: 1
  nsec: 788000000
}
real_time {
  sec: 3
  nsec: 835383270
}
iterations: 447
real_time_factor: 0.014202861941304195
step_size {
  nsec: 4000000
}

sim_time {
  sec: 1
  nsec: 892000000
}
real_time {
  sec: 3
  nsec: 939378709
}
iterations: 473
real_time_factor: 0.99998075037055534
step_size {
  nsec: 4000000
}

sim_time {
  sec: 1
  nsec: 996000000
}
real_time {
  sec: 4
  nsec: 43378425
}
iterations: 499
real_time_factor: 1.0000317510080945
step_size {
  nsec: 4000000
}

sim_time {
  sec: 2
  nsec: 96000000
}
real_time {
  sec: 4
  nsec: 143379853
}
iterations: 524
real_time_factor: 0.9997955418116995
step_size {
  nsec: 4000000
}

sim_time {
  sec: 2
  nsec: 200000000
}
real_time {
  sec: 4
  nsec: 247378771
}
iterations: 550
real_time_factor: 1.0000340011560394
step_size {
  nsec: 4000000
}

sim_time {
  sec: 2
  nsec: 304000000
}
real_time {
  sec: 4
  nsec: 351378629
}
iterations: 576
real_time_factor: 1.0000317510080945
step_size {
  nsec: 4000000
}

sim_time {
  sec: 2
  nsec: 408000000
}
real_time {
  sec: 4
  nsec: 455378736
}
iterations: 602
real_time_factor: 0.99993925369033831
step_size {
  nsec: 4000000
}

sim_time {
  sec: 2
  nsec: 512000000
}
real_time {
  sec: 4
  nsec: 559378797
}
iterations: 628
real_time_factor: 1.0000065000422502
step_size {
  nsec: 4000000
}

sim_time {
  sec: 2
  nsec: 616000000
}
real_time {
  sec: 4
  nsec: 663378470
}
iterations: 654
real_time_factor: 1.0000432518706435
step_size {
  nsec: 4000000
}

sim_time {
  sec: 2
  nsec: 716000000
}
real_time {
  sec: 4
  nsec: 763378612
}
iterations: 679
real_time_factor: 0.99997850046224
step_size {
  nsec: 4000000
}

sim_time {
  sec: 2
  nsec: 820000000
}
real_time {
  sec: 4
  nsec: 867378600
}
iterations: 705
real_time_factor: 1.0000592535107704
step_size {
  nsec: 4000000
}

sim_time {
  sec: 2
  nsec: 924000000
}
real_time {
  sec: 4
  nsec: 971378725
}
iterations: 731
real_time_factor: 0.99998075037055534
step_size {
  nsec: 4000000
}

sim_time {
  sec: 3
  nsec: 28000000
}
real_time {
  sec: 5
  nsec: 75379573
}
iterations: 757
real_time_factor: 0.99980278889988949
step_size {
  nsec: 4000000
}

sim_time {
  sec: 3
  nsec: 132000000
}
real_time {
  sec: 5
  nsec: 179378746
}
iterations: 783
real_time_factor: 1.0001242654399809
step_size {
  nsec: 4000000
}

sim_time {
  sec: 3
  nsec: 236000000
}
real_time {
  sec: 5
  nsec: 283378831
}
iterations: 809
real_time_factor: 1.0000642541283278
step_size {
  nsec: 4000000
}

sim_time {
  sec: 3
  nsec: 340000000
}
real_time {
  sec: 5
  nsec: 387379958
}
iterations: 835
real_time_factor: 0.999684849351242
step_size {
  nsec: 4000000
}

sim_time {
  sec: 3
  nsec: 444000000
}
real_time {
  sec: 5
  nsec: 491378883
}
iterations: 861
real_time_factor: 1.0001222649468897
step_size {
  nsec: 4000000
}

sim_time {
  sec: 3
  nsec: 548000000
}
real_time {
  sec: 5
  nsec: 595384150
}
iterations: 887
real_time_factor: 0.99858026850325554
step_size {
  nsec: 4000000
}

sim_time {
  sec: 3
  nsec: 652000000
}
real_time {
  sec: 5
  nsec: 699378704
}
iterations: 913
real_time_factor: 1.0002240501872419
step_size {
  nsec: 4000000
}

sim_time {
  sec: 3
  nsec: 752000000
}
real_time {
  sec: 5
  nsec: 799379849
}
iterations: 938
real_time_factor: 0.99993700396875
step_size {
  nsec: 4000000
}

sim_time {
  sec: 3
  nsec: 856000000
}
real_time {
  sec: 5
  nsec: 903379300
}
iterations: 964
real_time_factor: 0.99998100036099313
step_size {
  nsec: 4000000
}

sim_time {
  sec: 3
  nsec: 960000000
}
real_time {
  sec: 6
  nsec: 7378594
}
iterations: 990
real_time_factor: 0.9999717507980399
step_size {
  nsec: 4000000
}

sim_time {
  sec: 4
  nsec: 64000000
}
real_time {
  sec: 6
  nsec: 111379741
}
iterations: 1016
real_time_factor: 0.99962688926358234
step_size {
  nsec: 4000000
}

sim_time {
  sec: 4
  nsec: 168000000
}
real_time {
  sec: 6
  nsec: 215379702
}
iterations: 1042
real_time_factor: 0.99970083952377253
step_size {
  nsec: 4000000
}

sim_time {
  sec: 4
  nsec: 272000000
}
real_time {
  sec: 6
  nsec: 319378870
}
iterations: 1068
real_time_factor: 0.99993700396875
step_size {
  nsec: 4000000
}

sim_time {
  sec: 4
  nsec: 372000000
}
real_time {
  sec: 6
  nsec: 419379980
}
iterations: 1093
real_time_factor: 0.99993700396875
step_size {
  nsec: 4000000
}

sim_time {
  sec: 4
  nsec: 472000000
}
real_time {
  sec: 6
  nsec: 519382357
}
iterations: 1118
real_time_factor: 0.99924556959495581
step_size {
  nsec: 4000000
}

sim_time {
  sec: 4
  nsec: 576000000
}
real_time {
  sec: 6
  nsec: 623379432
}
iterations: 1144
real_time_factor: 1.000138519184907
step_size {
  nsec: 4000000
}

sim_time {
  sec: 4
  nsec: 680000000
}
real_time {
  sec: 6
  nsec: 727378737
}
iterations: 1170
real_time_factor: 1.0000435018923324
step_size {
  nsec: 4000000
}

sim_time {
  sec: 4
  nsec: 780000000
}
real_time {
  sec: 6
  nsec: 827383171
}
iterations: 1195
real_time_factor: 0.99989776045399359
step_size {
  nsec: 4000000
}

sim_time {
  sec: 4
  nsec: 884000000
}
real_time {
  sec: 6
  nsec: 931378958
}
iterations: 1221
real_time_factor: 1.0000642541283278
step_size {
  nsec: 4000000
}

sim_time {
  sec: 4
  nsec: 984000000
}
real_time {
  sec: 7
  nsec: 31379707
}
iterations: 1246
real_time_factor: 0.99997400067598241
step_size {
  nsec: 4000000
}

sim_time {
  sec: 5
  nsec: 88000000
}
real_time {
  sec: 7
  nsec: 135384410
}
iterations: 1272
real_time_factor: 0.9989012086704625
step_size {
  nsec: 4000000
}

sim_time {
  sec: 5
  nsec: 188000000
}
real_time {
  sec: 7
  nsec: 235385107
}
iterations: 1297
real_time_factor: 1.0531201712794647
step_size {
  nsec: 4000000
}

sim_time {
  sec: 5
  nsec: 292000000
}
real_time {
  sec: 7
  nsec: 339382453
}
iterations: 1323
real_time_factor: 0.99990250950532322
step_size {
  nsec: 4000000
}

sim_time {
  sec: 5
  nsec: 392000000
}
real_time {
  sec: 7
  nsec: 439383343
}
iterations: 1348
real_time_factor: 0.99908384011861129
step_size {
  nsec: 4000000
}

sim_time {
  sec: 5
  nsec: 496000000
}
real_time {
  sec: 7
  nsec: 543379660
}
iterations: 1374
real_time_factor: 1.0000527527827092
step_size {
  nsec: 4000000
}

sim_time {
  sec: 5
  nsec: 600000000
}
real_time {
  sec: 7
  nsec: 647379356
}
iterations: 1400
real_time_factor: 0.99999275005256216
step_size {
  nsec: 4000000
}

sim_time {
  sec: 5
  nsec: 704000000
}
real_time {
  sec: 7
  nsec: 751380164
}
iterations: 1426
real_time_factor: 0.99969409360735617
step_size {
  nsec: 4000000
}

sim_time {
  sec: 5
  nsec: 804000000
}
real_time {
  sec: 7
  nsec: 851384239
}
iterations: 1451
real_time_factor: 0.99867500793322461
step_size {
  nsec: 4000000
}

sim_time {
  sec: 5
  nsec: 908000000
}
real_time {
  sec: 7
  nsec: 955380371
}
iterations: 1477
real_time_factor: 0.99969634223604575
step_size {
  nsec: 4000000
}

sim_time {
  sec: 6
  nsec: 12000000
}
real_time {
  sec: 8
  nsec: 59378762
}
iterations: 1503
real_time_factor: 1.0000202504100708
step_size {
  nsec: 4000000
}

sim_time {
  sec: 6
  nsec: 112000000
}
real_time {
  sec: 8
  nsec: 159378947
}
iterations: 1528
real_time_factor: 0.99999975000006247
step_size {
  nsec: 4000000
}

sim_time {
  sec: 6
  nsec: 212000000
}
real_time {
  sec: 8
  nsec: 259379816
}
iterations: 1553
real_time_factor: 1.0004256811273198
step_size {
  nsec: 4000000
}

sim_time {
  sec: 6
  nsec: 316000000
}
real_time {
  sec: 8
  nsec: 363378755
}
iterations: 1579
real_time_factor: 1.0000297508850888
step_size {
  nsec: 4000000
}

sim_time {
  sec: 6
  nsec: 420000000
}
real_time {
  sec: 8
  nsec: 467379713
}
iterations: 1605
real_time_factor: 0.99970583655759293
step_size {
  nsec: 4000000
}

sim_time {
  sec: 6
  nsec: 524000000
}
real_time {
  sec: 8
  nsec: 571379208
}
iterations: 1631
real_time_factor: 1.0000297508850888
step_size {
  nsec: 4000000
}

sim_time {
  sec: 6
  nsec: 624000000
}
real_time {
  sec: 8
  nsec: 671379044
}
iterations: 1656
real_time_factor: 1.0000252506375786
step_size {
  nsec: 4000000
}

sim_time {
  sec: 6
  nsec: 724000000
}
real_time {
  sec: 8
  nsec: 771379861
}
iterations: 1681
real_time_factor: 0.99988176398140916
step_size {
  nsec: 4000000
}

sim_time {
  sec: 6
  nsec: 828000000
}
real_time {
  sec: 8
  nsec: 875379893
}
iterations: 1707
real_time_factor: 0.99987026683287838
step_size {
  nsec: 4000000
}

sim_time {
  sec: 6
  nsec: 932000000
}
real_time {
  sec: 8
  nsec: 979379750
}
iterations: 1733
real_time_factor: 0.99986776748774975
step_size {
  nsec: 4000000
}

sim_time {
  sec: 7
  nsec: 36000000
}
real_time {
  sec: 9
  nsec: 83379291
}
iterations: 1759
real_time_factor: 0.99996975091503482
step_size {
  nsec: 4000000
}

sim_time {
  sec: 7
  nsec: 140000000
}
real_time {
  sec: 9
  nsec: 187379193
}
iterations: 1785
real_time_factor: 1.0000205004202587
step_size {
  nsec: 4000000
}

sim_time {
  sec: 7
  nsec: 244000000
}
real_time {
  sec: 9
  nsec: 291378823
}
iterations: 1811
real_time_factor: 0.99999250005624962
step_size {
  nsec: 4000000
}

sim_time {
  sec: 7
  nsec: 344000000
}
real_time {
  sec: 9
  nsec: 391378763
}
iterations: 1836
real_time_factor: 1.0000460021160973
step_size {
  nsec: 4000000
}

sim_time {
  sec: 7
  nsec: 448000000
}
real_time {
  sec: 9
  nsec: 495378880
}
iterations: 1862
real_time_factor: 0.9999930000489996
step_size {
  nsec: 4000000
}

sim_time {
  sec: 7
  nsec: 548000000
}
real_time {
  sec: 9
  nsec: 595379978
}
iterations: 1887
real_time_factor: 0.99996025157999968
step_size {
  nsec: 4000000
}

sim_time {
  sec: 7
  nsec: 652000000
}
real_time {
  sec: 9
  nsec: 699379205
}
iterations: 1913
real_time_factor: 0.99999750000625
step_size {
  nsec: 4000000
}

sim_time {
  sec: 7
  nsec: 752000000
}
real_time {
  sec: 9
  nsec: 799380405
}
iterations: 1938
real_time_factor: 1.0014789340158079
step_size {
  nsec: 4000000
}

sim_time {
  sec: 7
  nsec: 856000000
}
real_time {
  sec: 9
  nsec: 903379375
}
iterations: 1964
real_time_factor: 1.0001015103032957
step_size {
  nsec: 4000000
}

sim_time {
  sec: 7
  nsec: 960000000
}
real_time {
  sec: 10
  nsec: 7379084
}
iterations: 1990
real_time_factor: 0.99999050009024915
step_size {
  nsec: 4000000
}

sim_time {
  sec: 8
  nsec: 64000000
}
real_time {
  sec: 10
  nsec: 111380479
}
iterations: 2016
real_time_factor: 0.99964812386040114
step_size {
  nsec: 4000000
}

sim_time {
  sec: 8
  nsec: 168000000
}
real_time {
  sec: 10
  nsec: 215379911
}
iterations: 2042
real_time_factor: 0.999837776320792
step_size {
  nsec: 4000000
}

sim_time {
  sec: 8
  nsec: 272000000
}
real_time {
  sec: 10
  nsec: 319380013
}
iterations: 2068
real_time_factor: 0.99992575551265317
step_size {
  nsec: 4000000
}

sim_time {
  sec: 8
  nsec: 376000000
}
real_time {
  sec: 10
  nsec: 423378651
}
iterations: 2094
real_time_factor: 1.000161776167295
step_size {
  nsec: 4000000
}

sim_time {
  sec: 8
  nsec: 476000000
}
real_time {
  sec: 10
  nsec: 523380648
}
iterations: 2119
real_time_factor: 0.99969209483479093
step_size {
  nsec: 4000000
}

sim_time {
  sec: 8
  nsec: 580000000
}
real_time {
  sec: 10
  nsec: 627379037
}
iterations: 2145
real_time_factor: 1.0000970094099129
step_size {
  nsec: 4000000
}

sim_time {
  sec: 8
  nsec: 680000000
}
real_time {
  sec: 10
  nsec: 727388701
}
iterations: 2170
real_time_factor: 0.99768561878582163
step_size {
  nsec: 4000000
}

sim_time {
  sec: 8
  nsec: 784000000
}
real_time {
  sec: 10
  nsec: 831380810
}
iterations: 2196
real_time_factor: 1.0007738483782584
step_size {
  nsec: 4000000
}

sim_time {
  sec: 8
  nsec: 888000000
}
real_time {
  sec: 10
  nsec: 935385347
}
iterations: 2222
real_time_factor: 0.9984511526494525
step_size {
  nsec: 4000000
}

sim_time {
  sec: 8
  nsec: 992000000
}
real_time {
  sec: 11
  nsec: 39379318
}
iterations: 2248
real_time_factor: 1.0001755308056564
step_size {
  nsec: 4000000
}

sim_time {
  sec: 9
  nsec: 96000000
}
real_time {
  sec: 11
  nsec: 143380325
}
iterations: 2274
real_time_factor: 0.99969909057373729
step_size {
  nsec: 4000000
}

sim_time {
  sec: 9
  nsec: 200000000
}
real_time {
  sec: 11
  nsec: 247382758
}
iterations: 2300
real_time_factor: 0.99934767580461858
step_size {
  nsec: 4000000
}

sim_time {
  sec: 9
  nsec: 304000000
}
real_time {
  sec: 11
  nsec: 351388167
}
iterations: 2326
real_time_factor: 0.99781478561949333
step_size {
  nsec: 4000000
}

sim_time {
  sec: 9
  nsec: 408000000
}
real_time {
  sec: 11
  nsec: 455380176
}
iterations: 2352
real_time_factor: 1.0000117501380641
step_size {
  nsec: 4000000
}

sim_time {
  sec: 9
  nsec: 508000000
}
real_time {
  sec: 11
  nsec: 555380909
}
iterations: 2377
real_time_factor: 0.99956918568097153
step_size {
  nsec: 4000000
}

sim_time {
  sec: 9
  nsec: 612000000
}
real_time {
  sec: 11
  nsec: 659379335
}
iterations: 2403
real_time_factor: 1.0000507525756932
step_size {
  nsec: 4000000
}

sim_time {
  sec: 9
  nsec: 716000000
}
real_time {
  sec: 11
  nsec: 763379827
}
iterations: 2429
real_time_factor: 0.99984227488113753
step_size {
  nsec: 4000000
}

sim_time {
  sec: 9
  nsec: 820000000
}
real_time {
  sec: 11
  nsec: 867907869
}
iterations: 2455
real_time_factor: 0.88325021948767957
step_size {
  nsec: 4000000
}

sim_time {
  sec: 9
  nsec: 924000000
}
real_time {
  sec: 11
  nsec: 971379643
}
iterations: 2481
real_time_factor: 1.0010470952616437
step_size {
  nsec: 4000000
}

sim_time {
  sec: 10
  nsec: 28000000
}
real_time {
  sec: 12
  nsec: 75379088
}
iterations: 2507
real_time_factor: 1.0001317673603498
step_size {
  nsec: 4000000
}

sim_time {
  sec: 10
  nsec: 128000000
}
real_time {
  sec: 12
  nsec: 175381033
}
iterations: 2532
real_time_factor: 0.99967585510398249
step_size {
  nsec: 4000000
}

sim_time {
  sec: 10
  nsec: 232000000
}
real_time {
  sec: 12
  nsec: 279379003
}
iterations: 2558
real_time_factor: 1.0000740054764052
step_size {
  nsec: 4000000
}

sim_time {
  sec: 10
  nsec: 336000000
}
real_time {
  sec: 12
  nsec: 383378922
}
iterations: 2584
real_time_factor: 1.0001552741063051
step_size {
  nsec: 4000000
}

sim_time {
  sec: 10
  nsec: 436000000
}
real_time {
  sec: 12
  nsec: 483380243
}
iterations: 2609
real_time_factor: 0.99979854059407025
step_size {
  nsec: 4000000
}

sim_time {
  sec: 10
  nsec: 540000000
}
real_time {
  sec: 12
  nsec: 587379201
}
iterations: 2635
real_time_factor: 1.0000277507700839
step_size {
  nsec: 4000000
}

sim_time {
  sec: 10
  nsec: 644000000
}
real_time {
  sec: 12
  nsec: 691384037
}
iterations: 2661
real_time_factor: 0.99883261438194115
step_size {
  nsec: 4000000
}

sim_time {
  sec: 10
  nsec: 748000000
}
real_time {
  sec: 12
  nsec: 795378846
}
iterations: 2687
real_time_factor: 1.0000325010562843
step_size {
  nsec: 4000000
}

sim_time {
  sec: 10
  nsec: 852000000
}
real_time {
  sec: 12
  nsec: 899379580
}
iterations: 2713
real_time_factor: 0.99975231136485931
step_size {
  nsec: 4000000
}

sim_time {
  sec: 10
  nsec: 956000000
}
real_time {
  sec: 13
  nsec: 3379323
}
iterations: 2739
real_time_factor: 1
step_size {
  nsec: 4000000
}

sim_time {
  sec: 11
  nsec: 60000000
}
real_time {
  sec: 13
  nsec: 107379761
}
iterations: 2765
real_time_factor: 0.99987501562304715
step_size {
  nsec: 4000000
}

sim_time {
  sec: 11
  nsec: 164000000
}
real_time {
  sec: 13
  nsec: 211379274
}
iterations: 2791
real_time_factor: 0.99996050156018834
step_size {
  nsec: 4000000
}

sim_time {
  sec: 11
  nsec: 268000000
}
real_time {
  sec: 13
  nsec: 315378993
}
iterations: 2817
real_time_factor: 0.999970000899973
step_size {
  nsec: 4000000
}

sim_time {
  sec: 11
  nsec: 368000000
}
real_time {
  sec: 13
  nsec: 415379590
}
iterations: 2842
real_time_factor: 1.0000740054764052
step_size {
  nsec: 4000000
}

sim_time {
  sec: 11
  nsec: 472000000
}
real_time {
  sec: 13
  nsec: 519378834
}
iterations: 2868
real_time_factor: 0.99997675054054991
step_size {
  nsec: 4000000
}

sim_time {
  sec: 11
  nsec: 572000000
}
real_time {
  sec: 13
  nsec: 619378728
}
iterations: 2893
real_time_factor: 0.99998625018906
step_size {
  nsec: 4000000
}

sim_time {
  sec: 11
  nsec: 672000000
}
real_time {
  sec: 13
  nsec: 719379382
}
iterations: 2918
real_time_factor: 1.0000300009000269
step_size {
  nsec: 4000000
}

sim_time {
  sec: 11
  nsec: 772000000
}
real_time {
  sec: 13
  nsec: 819379026
}
iterations: 2943
real_time_factor: 1.0001802824959198
step_size {
  nsec: 4000000
}

sim_time {
  sec: 11
  nsec: 876000000
}
real_time {
  sec: 13
  nsec: 923378975
}
iterations: 2969
real_time_factor: 1.0000507525756932
step_size {
  nsec: 4000000
}

sim_time {
  sec: 11
  nsec: 976000000
}
real_time {
  sec: 14
  nsec: 23379934
}
iterations: 2994
real_time_factor: 0.99984477409882111
step_size {
  nsec: 4000000
}

sim_time {
  sec: 12
  nsec: 80000000
}
real_time {
  sec: 14
  nsec: 127378892
}
iterations: 3020
real_time_factor: 1.0002338046518373
step_size {
  nsec: 4000000
}

sim_time {
  sec: 12
  nsec: 180000000
}
real_time {
  sec: 14
  nsec: 227378925
}
iterations: 3045
real_time_factor: 0.999863518629707
step_size {
  nsec: 4000000
}

sim_time {
  sec: 12
  nsec: 280000000
}
real_time {
  sec: 14
  nsec: 327379145
}
iterations: 3070
real_time_factor: 0.99996300136894933
step_size {
  nsec: 4000000
}

sim_time {
  sec: 12
  nsec: 384000000
}
real_time {
  sec: 14
  nsec: 431378976
}
iterations: 3096
real_time_factor: 0.99990300940808741
step_size {
  nsec: 4000000
}

sim_time {
  sec: 12
  nsec: 488000000
}
real_time {
  sec: 14
  nsec: 535379084
}
iterations: 3122
real_time_factor: 0.99997500062498434
step_size {
  nsec: 4000000
}

sim_time {
  sec: 12
  nsec: 588000000
}
real_time {
  sec: 14
  nsec: 635379833
}
iterations: 3147
real_time_factor: 1.0000047500225626
step_size {
  nsec: 4000000
}

sim_time {
  sec: 12
  nsec: 692000000
}
real_time {
  sec: 14
  nsec: 739379914
}
iterations: 3173
real_time_factor: 0.99969234468092449
step_size {
  nsec: 4000000
}

sim_time {
  sec: 12
  nsec: 796000000
}
real_time {
  sec: 14
  nsec: 843379023
}
iterations: 3199
real_time_factor: 1.000055503080421
step_size {
  nsec: 4000000
}

sim_time {
  sec: 12
  nsec: 896000000
}
real_time {
  sec: 14
  nsec: 943378984
}
iterations: 3224
real_time_factor: 0.999935254192291
step_size {
  nsec: 4000000
}

sim_time {
  sec: 12
  nsec: 996000000
}
real_time {
  sec: 15
  nsec: 43379833
}
iterations: 3249
real_time_factor: 0.99997950042024142
step_size {
  nsec: 4000000
}

sim_time {
  sec: 13
  nsec: 96000000
}
real_time {
  sec: 15
  nsec: 143379739
}
iterations: 3274
real_time_factor: 0.99994925257543177
step_size {
  nsec: 4000000
}

sim_time {
  sec: 13
  nsec: 196000000
}
real_time {
  sec: 15
  nsec: 243379875
}
iterations: 3299
real_time_factor: 0.99999075008556171
step_size {
  nsec: 4000000
}

sim_time {
  sec: 13
  nsec: 300000000
}
real_time {
  sec: 15
  nsec: 347379921
}
iterations: 3325
real_time_factor: 0.99968085188803479
step_size {
  nsec: 4000000
}

sim_time {
  sec: 13
  nsec: 400000000
}
real_time {
  sec: 15
  nsec: 447384644
}
iterations: 3350
real_time_factor: 0.99895484349499342
step_size {
  nsec: 4000000
}

sim_time {
  sec: 13
  nsec: 504000000
}
real_time {
  sec: 15
  nsec: 551379718
}
iterations: 3376
real_time_factor: 1.0004051640914571
step_size {
  nsec: 4000000
}

sim_time {
  sec: 13
  nsec: 608000000
}
real_time {
  sec: 15
  nsec: 655379393
}
iterations: 3402
real_time_factor: 0.99995400211590268
step_size {
  nsec: 4000000
}

sim_time {
  sec: 13
  nsec: 712000000
}
real_time {
  sec: 15
  nsec: 759379476
}
iterations: 3428
real_time_factor: 0.999914757266943
step_size {
  nsec: 4000000
}

sim_time {
  sec: 13
  nsec: 816000000
}
real_time {
  sec: 15
  nsec: 863379124
}
iterations: 3454
real_time_factor: 0.999967751040029
step_size {
  nsec: 4000000
}

sim_time {
  sec: 13
  nsec: 916000000
}
real_time {
  sec: 15
  nsec: 963380050
}
iterations: 3479
real_time_factor: 0.99989826035200924
step_size {
  nsec: 4000000
}

sim_time {
  sec: 14
  nsec: 20000000
}
real_time {
  sec: 16
  nsec: 67378828
}
iterations: 3505
real_time_factor: 1.000127516258323
step_size {
  nsec: 4000000
}

sim_time {
  sec: 14
  nsec: 120000000
}
real_time {
  sec: 16
  nsec: 167379208
}
iterations: 3530
real_time_factor: 1.000085757353693
step_size {
  nsec: 4000000
}

sim_time {
  sec: 14
  nsec: 220000000
}
real_time {
  sec: 16
  nsec: 267380594
}
iterations: 3555
real_time_factor: 1.0007811096560866
step_size {
  nsec: 4000000
}

sim_time {
  sec: 14
  nsec: 324000000
}
real_time {
  sec: 16
  nsec: 371380874
}
iterations: 3581
real_time_factor: 0.99983602689158979
step_size {
  nsec: 4000000
}

sim_time {
  sec: 14
  nsec: 428000000
}
real_time {
  sec: 16
  nsec: 475380098
}
iterations: 3607
real_time_factor: 0.9999610015209407
step_size {
  nsec: 4000000
}

sim_time {
  sec: 14
  nsec: 528000000
}
real_time {
  sec: 16
  nsec: 575385212
}
iterations: 3632
real_time_factor: 0.99950024987506247
step_size {
  nsec: 4000000
}

sim_time {
  sec: 14
  nsec: 632000000
}
real_time {
  sec: 16
  nsec: 679379407
}
iterations: 3658
real_time_factor: 0.99996550119020888
step_size {
  nsec: 4000000
}

sim_time {
  sec: 14
  nsec: 736000000
}
real_time {
  sec: 16
  nsec: 783378697
}
iterations: 3684
real_time_factor: 1.000064754192834
step_size {
  nsec: 4000000
}

sim_time {
  sec: 14
  nsec: 836000000
}
real_time {
  sec: 16
  nsec: 883379662
}
iterations: 3709
real_time_factor: 0.9998915117709728
step_size {
  nsec: 4000000
}

sim_time {
  sec: 14
  nsec: 940000000
}
real_time {
  sec: 16
  nsec: 987378404
}
iterations: 3735
real_time_factor: 1.0000767558910146
step_size {
  nsec: 4000000
}

sim_time {
  sec: 15
  nsec: 40000000
}
real_time {
  sec: 17
  nsec: 87379231
}
iterations: 3760
real_time_factor: 1.0001230151308611
step_size {
  nsec: 4000000
}

sim_time {
  sec: 15
  nsec: 144000000
}
real_time {
  sec: 17
  nsec: 191379113
}
iterations: 3786
real_time_factor: 0.999970000899973
step_size {
  nsec: 4000000
}

sim_time {
  sec: 15
  nsec: 248000000
}
real_time {
  sec: 17
  nsec: 295430352
}
iterations: 3812
real_time_factor: 0.98750314766628322
step_size {
  nsec: 4000000
}

sim_time {
  sec: 15
  nsec: 352000000
}
real_time {
  sec: 17
  nsec: 399378809
}
iterations: 3838
real_time_factor: 1.0000767558910146
step_size {
  nsec: 4000000
}

sim_time {
  sec: 15
  nsec: 452000000
}
real_time {
  sec: 17
  nsec: 499380749
}
iterations: 3863
real_time_factor: 1.0011057212691417
step_size {
  nsec: 4000000
}

sim_time {
  sec: 15
  nsec: 556000000
}
real_time {
  sec: 17
  nsec: 603378857
}
iterations: 3889
real_time_factor: 1.0002830801116716
step_size {
  nsec: 4000000
}

sim_time {
  sec: 15
  nsec: 656000000
}
real_time {
  sec: 17
  nsec: 703380355
}
iterations: 3914
real_time_factor: 0.999847523252704
step_size {
  nsec: 4000000
}

sim_time {
  sec: 15
  nsec: 760000000
}
real_time {
  sec: 17
  nsec: 807378832
}
iterations: 3940
real_time_factor: 1.0001785318679384
step_size {
  nsec: 4000000
}

sim_time {
  sec: 15
  nsec: 860000000
}
real_time {
  sec: 17
  nsec: 907378874
}
iterations: 3965
real_time_factor: 1.0001182639847161
step_size {
  nsec: 4000000
}

sim_time {
  sec: 15
  nsec: 960000000
}
real_time {
  sec: 18
  nsec: 7379425
}
iterations: 3990
real_time_factor: 1.0002990894277388
step_size {
  nsec: 4000000
}

sim_time {
  sec: 16
  nsec: 64000000
}
real_time {
  sec: 18
  nsec: 111379855
}
iterations: 4016
real_time_factor: 0.99985227182683756
step_size {
  nsec: 4000000
}

sim_time {
  sec: 16
  nsec: 168000000
}
real_time {
  sec: 18
  nsec: 215379210
}
iterations: 4042
real_time_factor: 1.0000327510725977
step_size {
  nsec: 4000000
}

sim_time {
  sec: 16
  nsec: 268000000
}
real_time {
  sec: 18
  nsec: 315382228
}
iterations: 4067
real_time_factor: 0.99953771380736411
step_size {
  nsec: 4000000
}

sim_time {
  sec: 16
  nsec: 372000000
}
real_time {
  sec: 18
  nsec: 419379475
}
iterations: 4093
real_time_factor: 0.99994700280885118
step_size {
  nsec: 4000000
}

sim_time {
  sec: 16
  nsec: 476000000
}
real_time {
  sec: 18
  nsec: 523379119
}
iterations: 4119
real_time_factor: 1.0000722552204397
step_size {
  nsec: 4000000
}

sim_time {
  sec: 16
  nsec: 580000000
}
real_time {
  sec: 18
  nsec: 627378579
}
iterations: 4145
real_time_factor: 1.0000212504515722
step_size {
  nsec: 4000000
}

sim_time {
  sec: 16
  nsec: 680000000
}
real_time {
  sec: 18
  nsec: 727378966
}
iterations: 4170
real_time_factor: 0.99997275074254222
step_size {
  nsec: 4000000
}

sim_time {
  sec: 16
  nsec: 780000000
}
real_time {
  sec: 18
  nsec: 827378807
}
iterations: 4195
real_time_factor: 1.000517017168622
step_size {
  nsec: 4000000
}

sim_time {
  sec: 16
  nsec: 884000000
}
real_time {
  sec: 18
  nsec: 931378980
}
iterations: 4221
real_time_factor: 1.0000280007840219
step_size {
  nsec: 4000000
}

sim_time {
  sec: 16
  nsec: 984000000
}
real_time {
  sec: 19
  nsec: 31379358
}
iterations: 4246
real_time_factor: 1.0001297668372471
step_size {
  nsec: 4000000
}

sim_time {
  sec: 17
  nsec: 84000000
}
real_time {
  sec: 19
  nsec: 131379958
}
iterations: 4271
real_time_factor: 0.99996325135051289
step_size {
  nsec: 4000000
}

sim_time {
  sec: 17
  nsec: 188000000
}
real_time {
  sec: 19
  nsec: 235379584
}
iterations: 4297
real_time_factor: 0.99977580027678792
step_size {
  nsec: 4000000
}

sim_time {
  sec: 17
  nsec: 292000000
}
real_time {
  sec: 19
  nsec: 339379777
}
iterations: 4323
real_time_factor: 0.99987326606352644
step_size {
  nsec: 4000000
}

sim_time {
  sec: 17
  nsec: 396000000
}
real_time {
  sec: 19
  nsec: 443378785
}
iterations: 4349
real_time_factor: 0.99997275074254222
step_size {
  nsec: 4000000
}

sim_time {
  sec: 17
  nsec: 496000000
}
real_time {
  sec: 19
  nsec: 543379230
}
iterations: 4374
real_time_factor: 1.0000582533932603
step_size {
  nsec: 4000000
}

sim_time {
  sec: 17
  nsec: 596000000
}
real_time {
  sec: 19
  nsec: 643379620
}
iterations: 4399
real_time_factor: 0.99979454222157349
step_size {
  nsec: 4000000
}

sim_time {
  sec: 17
  nsec: 700000000
}
real_time {
  sec: 19
  nsec: 747379016
}
iterations: 4425
real_time_factor: 1.0000932586963733
step_size {
  nsec: 4000000
}

sim_time {
  sec: 17
  nsec: 804000000
}
real_time {
  sec: 19
  nsec: 851378960
}
iterations: 4451
real_time_factor: 0.99997475063754637
step_size {
  nsec: 4000000
}

sim_time {
  sec: 17
  nsec: 908000000
}
real_time {
  sec: 19
  nsec: 955378662
}
iterations: 4477
real_time_factor: 0.99992175612258338
step_size {
  nsec: 4000000
}

sim_time {
  sec: 18
  nsec: 8000000
}
real_time {
  sec: 20
  nsec: 55379616
}
iterations: 4502
real_time_factor: 1.0009759515527639
step_size {
  nsec: 4000000
}

sim_time {
  sec: 18
  nsec: 108000000
}
real_time {
  sec: 20
  nsec: 155381729
}
iterations: 4527
real_time_factor: 0.99940560351730812
step_size {
  nsec: 4000000
}

sim_time {
  sec: 18
  nsec: 212000000
}
real_time {
  sec: 20
  nsec: 259379206
}
iterations: 4553
real_time_factor: 1.0001302669672725
step_size {
  nsec: 4000000
}

sim_time {
  sec: 18
  nsec: 312000000
}
real_time {
  sec: 20
  nsec: 359379357
}
iterations: 4578
real_time_factor: 1.0000237505640759
step_size {
  nsec: 4000000
}

sim_time {
  sec: 18
  nsec: 412000000
}
real_time {
  sec: 20
  nsec: 459379639
}
iterations: 4603
real_time_factor: 0.99985427123996673
step_size {
  nsec: 4000000
}

sim_time {
  sec: 18
  nsec: 516000000
}
real_time {
  sec: 20
  nsec: 563378500
}
iterations: 4629
real_time_factor: 1.0000562531642405
step_size {
  nsec: 4000000
}

sim_time {
  sec: 18
  nsec: 616000000
}
real_time {
  sec: 20
  nsec: 663380299
}
iterations: 4654
real_time_factor: 1.000010000100001
step_size {
  nsec: 4000000
}

sim_time {
  sec: 18
  nsec: 720000000
}
real_time {
  sec: 20
  nsec: 767379505
}
iterations: 4680
real_time_factor: 0.99981503421866957
step_size {
  nsec: 4000000
}

sim_time {
  sec: 18
  nsec: 824000000
}
real_time {
  sec: 20
  nsec: 871379190
}
iterations: 4706
real_time_factor: 0.99982927915058506
step_size {
  nsec: 4000000
}

sim_time {
  sec: 18
  nsec: 928000000
}
real_time {
  sec: 20
  nsec: 975378617
}
iterations: 4732
real_time_factor: 1.0001070114502251
step_size {
  nsec: 4000000
}

sim_time {
  sec: 19
  nsec: 32000000
}
real_time {
  sec: 21
  nsec: 79378877
}
iterations: 4758
real_time_factor: 0.99993325445526515
step_size {
  nsec: 4000000
}

sim_time {
  sec: 19
  nsec: 136000000
}
real_time {
  sec: 21
  nsec: 183378980
}
iterations: 4784
real_time_factor: 0.99997750050623857
step_size {
  nsec: 4000000
}

sim_time {
  sec: 19
  nsec: 240000000
}
real_time {
  sec: 21
  nsec: 287378811
}
iterations: 4810
real_time_factor: 0.9999820003239942
step_size {
  nsec: 4000000
}

sim_time {
  sec: 19
  nsec: 340000000
}
real_time {
  sec: 21
  nsec: 387379103
}
iterations: 4835
real_time_factor: 0.99992175612258338
step_size {
  nsec: 4000000
}

sim_time {
  sec: 19
  nsec: 444000000
}
real_time {
  sec: 21
  nsec: 491378578
}
iterations: 4861
real_time_factor: 1.0000492524256819
step_size {
  nsec: 4000000
}

sim_time {
  sec: 19
  nsec: 544000000
}
real_time {
  sec: 21
  nsec: 591379972
}
iterations: 4886
real_time_factor: 0.999996000016
step_size {
  nsec: 4000000
}

sim_time {
  sec: 19
  nsec: 648000000
}
real_time {
  sec: 21
  nsec: 695378883
}
iterations: 4912
real_time_factor: 1.0000585034224503
step_size {
  nsec: 4000000
}

sim_time {
  sec: 19
  nsec: 748000000
}
real_time {
  sec: 21
  nsec: 795378971
}
iterations: 4937
real_time_factor: 1.0001630265733314
step_size {
  nsec: 4000000
}

sim_time {
  sec: 19
  nsec: 852000000
}
real_time {
  sec: 21
  nsec: 899379076
}
iterations: 4963
real_time_factor: 1.0000887578772617
step_size {
  nsec: 4000000
}

sim_time {
  sec: 19
  nsec: 952000000
}
real_time {
  sec: 21
  nsec: 999379350
}
iterations: 4988
real_time_factor: 0.99997275074254222
step_size {
  nsec: 4000000
}

sim_time {
  sec: 20
  nsec: 52000000
}
real_time {
  sec: 22
  nsec: 99382170
}
iterations: 5013
real_time_factor: 0.99961889529616832
step_size {
  nsec: 4000000
}

sim_time {
  sec: 20
  nsec: 156000000
}
real_time {
  sec: 22
  nsec: 203378748
}
iterations: 5039
real_time_factor: 1.0000722552204397
step_size {
  nsec: 4000000
}

sim_time {
  sec: 20
  nsec: 260000000
}
real_time {
  sec: 22
  nsec: 307379218
}
iterations: 5065
real_time_factor: 0.9998987602505246
step_size {
  nsec: 4000000
}

sim_time {
  sec: 20
  nsec: 360000000
}
real_time {
  sec: 22
  nsec: 407379188
}
iterations: 5090
real_time_factor: 1.0002833302532943
step_size {
  nsec: 4000000
}

sim_time {
  sec: 20
  nsec: 464000000
}
real_time {
  sec: 22
  nsec: 511379480
}
iterations: 5116
real_time_factor: 0.99988276374595075
step_size {
  nsec: 4000000
}

sim_time {
  sec: 20
  nsec: 568000000
}
real_time {
  sec: 22
  nsec: 615379347
}
iterations: 5142
real_time_factor: 1.0001372688401484
step_size {
  nsec: 4000000
}

sim_time {
  sec: 20
  nsec: 668000000
}
real_time {
  sec: 22
  nsec: 715383484
}
iterations: 5167
real_time_factor: 0.99915646215682408
step_size {
  nsec: 4000000
}

sim_time {
  sec: 20
  nsec: 772000000
}
real_time {
  sec: 22
  nsec: 819378963
}
iterations: 5193
real_time_factor: 1.0000307509455917
step_size {
  nsec: 4000000
}

sim_time {
  sec: 20
  nsec: 872000000
}
real_time {
  sec: 22
  nsec: 919378706
}
iterations: 5218
real_time_factor: 1.0005658199711938
step_size {
  nsec: 4000000
}

sim_time {
  sec: 20
  nsec: 976000000
}
real_time {
  sec: 23
  nsec: 23379184
}
iterations: 5244
real_time_factor: 0.99999825000306253
step_size {
  nsec: 4000000
}

sim_time {
  sec: 21
  nsec: 80000000
}
real_time {
  sec: 23
  nsec: 127383124
}
iterations: 5270
real_time_factor: 0.99894611185199611
step_size {
  nsec: 4000000
}

sim_time {
  sec: 21
  nsec: 184000000
}
real_time {
  sec: 23
  nsec: 231378592
}
iterations: 5296
real_time_factor: 1.0000655042905311
step_size {
  nsec: 4000000
}

sim_time {
  sec: 21
  nsec: 288000000
}
real_time {
  sec: 23
  nsec: 335378785
}
iterations: 5322
real_time_factor: 1.0000212504515722
step_size {
  nsec: 4000000
}

sim_time {
  sec: 21
  nsec: 388000000
}
real_time {
  sec: 23
  nsec: 435379387
}
iterations: 5347
real_time_factor: 0.99997300072898032
step_size {
  nsec: 4000000
}

sim_time {
  sec: 21
  nsec: 492000000
}
real_time {
  sec: 23
  nsec: 539379330
}
iterations: 5373
real_time_factor: 0.99995675187048161
step_size {
  nsec: 4000000
}

sim_time {
  sec: 21
  nsec: 596000000
}
real_time {
  sec: 23
  nsec: 643378818
}
iterations: 5399
real_time_factor: 1.0000957591689403
step_size {
  nsec: 4000000
}

sim_time {
  sec: 21
  nsec: 696000000
}
real_time {
  sec: 23
  nsec: 743424173
}
iterations: 5424
real_time_factor: 0.990460380841921
step_size {
  nsec: 4000000
}

sim_time {
  sec: 21
  nsec: 800000000
}
real_time {
  sec: 23
  nsec: 847379049
}
iterations: 5450
real_time_factor: 0.99995225227995366
step_size {
  nsec: 4000000
}

sim_time {
  sec: 21
  nsec: 900000000
}
real_time {
  sec: 23
  nsec: 947379448
}
iterations: 5475
real_time_factor: 1.0003158497295521
step_size {
  nsec: 4000000
}

sim_time {
  sec: 22
  nsec: 4000000
}
real_time {
  sec: 24
  nsec: 51378919
}
iterations: 5501
real_time_factor: 0.99997050087022432
step_size {
  nsec: 4000000
}

sim_time {
  sec: 22
  nsec: 108000000
}
real_time {
  sec: 24
  nsec: 155378852
}
iterations: 5527
real_time_factor: 1.0001117624894582
step_size {
  nsec: 4000000
}

sim_time {
  sec: 22
  nsec: 208000000
}
real_time {
  sec: 24
  nsec: 255379120
}
iterations: 5552
real_time_factor: 1.000001000001
step_size {
  nsec: 4000000
}

sim_time {
  sec: 22
  nsec: 308000000
}
real_time {
  sec: 24
  nsec: 355380837
}
iterations: 5577
real_time_factor: 0.99947552521814176
step_size {
  nsec: 4000000
}

sim_time {
  sec: 22
  nsec: 412000000
}
real_time {
  sec: 24
  nsec: 459378966
}
iterations: 5603
real_time_factor: 0.99991775676450612
step_size {
  nsec: 4000000
}

sim_time {
  sec: 22
  nsec: 516000000
}
real_time {
  sec: 24
  nsec: 563378763
}
iterations: 5629
real_time_factor: 1.0000515026523866
step_size {
  nsec: 4000000
}

sim_time {
  sec: 22
  nsec: 616000000
}
real_time {
  sec: 24
  nsec: 663379090
}
iterations: 5654
real_time_factor: 1.0000007500005625
step_size {
  nsec: 4000000
}

sim_time {
  sec: 22
  nsec: 720000000
}
real_time {
  sec: 24
  nsec: 767378813
}
iterations: 5680
real_time_factor: 1.000151272880023
step_size {
  nsec: 4000000
}

sim_time {
  sec: 22
  nsec: 820000000
}
real_time {
  sec: 24
  nsec: 867378992
}
iterations: 5705
real_time_factor: 0.99996375131401483
step_size {
  nsec: 4000000
}

sim_time {
  sec: 22
  nsec: 920000000
}
real_time {
  sec: 24
  nsec: 967379523
}
iterations: 5730
real_time_factor: 1.0000910082817536
step_size {
  nsec: 4000000
}

sim_time {
  sec: 23
  nsec: 24000000
}
real_time {
  sec: 25
  nsec: 71379042
}
iterations: 5756
real_time_factor: 1.0001050110261578
step_size {
  nsec: 4000000
}

sim_time {
  sec: 23
  nsec: 128000000
}
real_time {
  sec: 25
  nsec: 175378478
}
iterations: 5782
real_time_factor: 1.0001465214653946
step_size {
  nsec: 4000000
}

sim_time {
  sec: 23
  nsec: 232000000
}
real_time {
  sec: 25
  nsec: 279378864
}
iterations: 5808
real_time_factor: 0.99994525299739834
step_size {
  nsec: 4000000
}

sim_time {
  sec: 23
  nsec: 332000000
}
real_time {
  sec: 25
  nsec: 379380647
}
iterations: 5833
real_time_factor: 1.0004802305106451
step_size {
  nsec: 4000000
}

sim_time {
  sec: 23
  nsec: 436000000
}
real_time {
  sec: 25
  nsec: 483379733
}
iterations: 5859
real_time_factor: 1.0000217504730728
step_size {
  nsec: 4000000
}

sim_time {
  sec: 23
  nsec: 536000000
}
real_time {
  sec: 25
  nsec: 583380563
}
iterations: 5884
real_time_factor: 1.0007305332893013
step_size {
  nsec: 4000000
}

sim_time {
  sec: 23
  nsec: 640000000
}
real_time {
  sec: 25
  nsec: 687380029
}
iterations: 5910
real_time_factor: 0.99988026433834554
step_size {
  nsec: 4000000
}

sim_time {
  sec: 23
  nsec: 744000000
}
real_time {
  sec: 25
  nsec: 791380540
}
iterations: 5936
real_time_factor: 0.99954270921053623
step_size {
  nsec: 4000000
}

sim_time {
  sec: 23
  nsec: 848000000
}
real_time {
  sec: 25
  nsec: 895379626
}
iterations: 5962
real_time_factor: 0.9998945111290759
step_size {
  nsec: 4000000
}

sim_time {
  sec: 23
  nsec: 952000000
}
real_time {
  sec: 25
  nsec: 999378656
}
iterations: 5988
real_time_factor: 1.0001792821363229
step_size {
  nsec: 4000000
}

sim_time {
  sec: 24
  nsec: 52000000
}
real_time {
  sec: 26
  nsec: 99378995
}
iterations: 6013
real_time_factor: 0.9999407535103545
step_size {
  nsec: 4000000
}

sim_time {
  sec: 24
  nsec: 156000000
}
real_time {
  sec: 26
  nsec: 203378544
}
iterations: 6039
real_time_factor: 1.0000910082817536
step_size {
  nsec: 4000000
}

sim_time {
  sec: 24
  nsec: 256000000
}
real_time {
  sec: 26
  nsec: 303380758
}
iterations: 6064
real_time_factor: 0.99951723317637586
step_size {
  nsec: 4000000
}

sim_time {
  sec: 24
  nsec: 360000000
}
real_time {
  sec: 26
  nsec: 407379236
}
iterations: 6090
real_time_factor: 0.99994500302483369
step_size {
  nsec: 4000000
}

sim_time {
  sec: 24
  nsec: 464000000
}
real_time {
  sec: 26
  nsec: 511378610
}
iterations: 6116
real_time_factor: 1.0001422702379414
step_size {
  nsec: 4000000
}

sim_time {
  sec: 24
  nsec: 564000000
}
real_time {
  sec: 26
  nsec: 611380248
}
iterations: 6141
real_time_factor: 0.999658616582437
step_size {
  nsec: 4000000
}

sim_time {
  sec: 24
  nsec: 668000000
}
real_time {
  sec: 26
  nsec: 715378874
}
iterations: 6167
real_time_factor: 1.0000540029161575
step_size {
  nsec: 4000000
}

sim_time {
  sec: 24
  nsec: 768000000
}
real_time {
  sec: 26
  nsec: 815379159
}
iterations: 6192
real_time_factor: 0.99983677664621251
step_size {
  nsec: 4000000
}

sim_time {
  sec: 24
  nsec: 872000000
}
real_time {
  sec: 26
  nsec: 919379127
}
iterations: 6218
real_time_factor: 0.99993850378201743
step_size {
  nsec: 4000000
}

sim_time {
  sec: 24
  nsec: 976000000
}
real_time {
  sec: 27
  nsec: 23378715
}
iterations: 6244
real_time_factor: 1.0001257658150513
step_size {
  nsec: 4000000
}

sim_time {
  sec: 25
  nsec: 76000000
}
real_time {
  sec: 27
  nsec: 123378853
}
iterations: 6269
real_time_factor: 0.99979729109922966
step_size {
  nsec: 4000000
}

sim_time {
  sec: 25
  nsec: 180000000
}
real_time {
  sec: 27
  nsec: 227378784
}
iterations: 6295
real_time_factor: 1.0001745304555645
step_size {
  nsec: 4000000
}

sim_time {
  sec: 25
  nsec: 280000000
}
real_time {
  sec: 27
  nsec: 327886326
}
iterations: 6320
real_time_factor: 5.4030981364714528
step_size {
  nsec: 4000000
}

sim_time {
  sec: 25
  nsec: 384000000
}
real_time {
  sec: 27
  nsec: 431380524
}
iterations: 6346
real_time_factor: 0.99985277167937026
step_size {
  nsec: 4000000
}

sim_time {
  sec: 25
  nsec: 484000000
}
real_time {
  sec: 27
  nsec: 531380294
}
iterations: 6371
real_time_factor: 1.0002047919311479
step_size {
  nsec: 4000000
}

sim_time {
  sec: 25
  nsec: 588000000
}
real_time {
  sec: 27
  nsec: 635379319
}
iterations: 6397
real_time_factor: 0.99992250600578458
step_size {
  nsec: 4000000
}

sim_time {
  sec: 25
  nsec: 692000000
}
real_time {
  sec: 27
  nsec: 739378827
}
iterations: 6423
real_time_factor: 0.99994500302483369
step_size {
  nsec: 4000000
}

sim_time {
  sec: 25
  nsec: 792000000
}
real_time {
  sec: 27
  nsec: 839379050
}
iterations: 6448
real_time_factor: 0.99992925500520835
step_size {
  nsec: 4000000
}

sim_time {
  sec: 25
  nsec: 892000000
}
real_time {
  sec: 27
  nsec: 939379275
}
iterations: 6473
real_time_factor: 0.99998250030624469
step_size {
  nsec: 4000000
}

sim_time {
  sec: 25
  nsec: 996000000
}
real_time {
  sec: 28
  nsec: 43379425
}
iterations: 6499
real_time_factor: 0.999961501482193
step_size {
  nsec: 4000000
}

sim_time {
  sec: 26
  nsec: 100000000
}
real_time {
  sec: 28
  nsec: 147378913
}
iterations: 6525
real_time_factor: 0.99992450569981961
step_size {
  nsec: 4000000
}

sim_time {
  sec: 26
  nsec: 200000000
}
real_time {
  sec: 28
  nsec: 247379543
}
iterations: 6550
real_time_factor: 1.0006962344050874
step_size {
  nsec: 4000000
}

sim_time {
  sec: 26
  nsec: 304000000
}
real_time {
  sec: 28
  nsec: 351379710
}
iterations: 6576
real_time_factor: 0.99967235738486715
step_size {
  nsec: 4000000
}

sim_time {
  sec: 26
  nsec: 408000000
}
real_time {
  sec: 28
  nsec: 455379479
}
iterations: 6602
real_time_factor: 0.99988051427854374
step_size {
  nsec: 4000000
}

sim_time {
  sec: 26
  nsec: 512000000
}
real_time {
  sec: 28
  nsec: 559378766
}
iterations: 6628
real_time_factor: 1.0000705049706005
step_size {
  nsec: 4000000
}

sim_time {
  sec: 26
  nsec: 612000000
}
real_time {
  sec: 28
  nsec: 659379140
}
iterations: 6653
real_time_factor: 0.99980203919623911
step_size {
  nsec: 4000000
}

sim_time {
  sec: 26
  nsec: 716000000
}
real_time {
  sec: 28
  nsec: 763378714
}
iterations: 6679
real_time_factor: 1.0000727552929476
step_size {
  nsec: 4000000
}

sim_time {
  sec: 26
  nsec: 816000000
}
real_time {
  sec: 28
  nsec: 863378959
}
iterations: 6704
real_time_factor: 0.99986676775319694
step_size {
  nsec: 4000000
}

sim_time {
  sec: 26
  nsec: 920000000
}
real_time {
  sec: 28
  nsec: 967380737
}
iterations: 6730
real_time_factor: 0.99957992653587335
step_size {
  nsec: 4000000
}

sim_time {
  sec: 27
  nsec: 24000000
}
real_time {
  sec: 29
  nsec: 71378357
}
iterations: 6756
real_time_factor: 1.0001122626014771
step_size {
  nsec: 4000000
}

sim_time {
  sec: 27
  nsec: 124000000
}
real_time {
  sec: 29
  nsec: 171379425
}
iterations: 6781
real_time_factor: 0.99979504201638669
step_size {
  nsec: 4000000
}

sim_time {
  sec: 27
  nsec: 228000000
}
real_time {
  sec: 29
  nsec: 275378395
}
iterations: 6807
real_time_factor: 1.0001515229557278
step_size {
  nsec: 4000000
}

sim_time {
  sec: 27
  nsec: 328000000
}
real_time {
  sec: 29
  nsec: 375379003
}
iterations: 6832
real_time_factor: 0.99984377441024841
step_size {
  nsec: 4000000
}

sim_time {
  sec: 27
  nsec: 428000000
}
real_time {
  sec: 29
  nsec: 475384853
}
iterations: 6857
real_time_factor: 0.99851720195509663
step_size {
  nsec: 4000000
}

sim_time {
  sec: 27
  nsec: 532000000
}
real_time {
  sec: 29
  nsec: 579379688
}
iterations: 6883
real_time_factor: 1.0009974940027737
step_size {
  nsec: 4000000
}

sim_time {
  sec: 27
  nsec: 636000000
}
real_time {
  sec: 29
  nsec: 683378940
}
iterations: 6909
real_time_factor: 1.0000842570986606
step_size {
  nsec: 4000000
}

sim_time {
  sec: 27
  nsec: 740000000
}
real_time {
  sec: 29
  nsec: 787378822
}
iterations: 6935
real_time_factor: 0.99995925166049482
step_size {
  nsec: 4000000
}

sim_time {
  sec: 27
  nsec: 840000000
}
real_time {
  sec: 29
  nsec: 887379069
}
iterations: 6960
real_time_factor: 1.0000102501050636
step_size {
  nsec: 4000000
}

sim_time {
  sec: 27
  nsec: 940000000
}
real_time {
  sec: 29
  nsec: 987379326
}
iterations: 6985
real_time_factor: 1.0000265007022686
step_size {
  nsec: 4000000
}

sim_time {
  sec: 28
  nsec: 44000000
}
real_time {
  sec: 30
  nsec: 91379336
}
iterations: 7011
real_time_factor: 1.0000060000360003
step_size {
  nsec: 4000000
}

sim_time {
  sec: 28
  nsec: 148000000
}
real_time {
  sec: 30
  nsec: 195378968
}
iterations: 7037
real_time_factor: 1.0000012500015625
step_size {
  nsec: 4000000
}

sim_time {
  sec: 28
  nsec: 248000000
}
real_time {
  sec: 30
  nsec: 295380128
}
iterations: 7062
real_time_factor: 1.0002468109005898
step_size {
  nsec: 4000000
}

sim_time {
  sec: 28
  nsec: 352000000
}
real_time {
  sec: 30
  nsec: 399379531
}
iterations: 7088
real_time_factor: 0.99975580964349453
step_size {
  nsec: 4000000
}

sim_time {
  sec: 28
  nsec: 452000000
}
real_time {
  sec: 30
  nsec: 499378901
}
iterations: 7113
real_time_factor: 1.0001332677579287
step_size {
  nsec: 4000000
}

sim_time {
  sec: 28
  nsec: 556000000
}
real_time {
  sec: 30
  nsec: 603379794
}
iterations: 7139
real_time_factor: 0.99985102219769251
step_size {
  nsec: 4000000
}

sim_time {
  sec: 28
  nsec: 656000000
}
real_time {
  sec: 30
  nsec: 703379600
}
iterations: 7164
real_time_factor: 1.0000172502975677
step_size {
  nsec: 4000000
}

sim_time {
  sec: 28
  nsec: 760000000
}
real_time {
  sec: 30
  nsec: 807378993
}
iterations: 7190
real_time_factor: 1.0001772814231322
step_size {
  nsec: 4000000
}

sim_time {
  sec: 28
  nsec: 864000000
}
real_time {
  sec: 30
  nsec: 911379414
}
iterations: 7216
real_time_factor: 1.0000037500140626
step_size {
  nsec: 4000000
}

sim_time {
  sec: 28
  nsec: 968000000
}
real_time {
  sec: 31
  nsec: 15378816
}
iterations: 7242
real_time_factor: 1.0000822567656189
step_size {
  nsec: 4000000
}

sim_time {
  sec: 29
  nsec: 68000000
}
real_time {
  sec: 31
  nsec: 115378780
}
iterations: 7267
real_time_factor: 1.0001077616113137
step_size {
  nsec: 4000000
}

sim_time {
  sec: 29
  nsec: 172000000
}
real_time {
  sec: 31
  nsec: 219379914
}
iterations: 7293
real_time_factor: 0.99966311353074011
step_size {
  nsec: 4000000
}

sim_time {
  sec: 29
  nsec: 276000000
}
real_time {
  sec: 31
  nsec: 323378218
}
iterations: 7319
real_time_factor: 1.0001795322260345
step_size {
  nsec: 4000000
}

sim_time {
  sec: 29
  nsec: 376000000
}
real_time {
  sec: 31
  nsec: 423379173
}
iterations: 7344
real_time_factor: 0.99979779089679111
step_size {
  nsec: 4000000
}

sim_time {
  sec: 29
  nsec: 476000000
}
real_time {
  sec: 31
  nsec: 523379630
}
iterations: 7369
real_time_factor: 1.0000245006002646
step_size {
  nsec: 4000000
}

sim_time {
  sec: 29
  nsec: 576000000
}
real_time {
  sec: 31
  nsec: 623379762
}
iterations: 7394
real_time_factor: 0.99997600057598612
step_size {
  nsec: 4000000
}

sim_time {
  sec: 29
  nsec: 680000000
}
real_time {
  sec: 31
  nsec: 727379907
}
iterations: 7420
real_time_factor: 0.99992025635955528
step_size {
  nsec: 4000000
}

sim_time {
  sec: 29
  nsec: 784000000
}
real_time {
  sec: 31
  nsec: 831379025
}
iterations: 7446
real_time_factor: 0.99995050245012873
step_size {
  nsec: 4000000
}

sim_time {
  sec: 29
  nsec: 884000000
}
real_time {
  sec: 31
  nsec: 931379204
}
iterations: 7471
real_time_factor: 1.0001077616113137
step_size {
  nsec: 4000000
}

sim_time {
  sec: 29
  nsec: 988000000
}
real_time {
  sec: 32
  nsec: 35379201
}
iterations: 7497
real_time_factor: 1.00000350001225
step_size {
  nsec: 4000000
}

sim_time {
  sec: 30
  nsec: 88000000
}
real_time {
  sec: 32
  nsec: 135380777
}
iterations: 7522
real_time_factor: 0.99969134529713954
step_size {
  nsec: 4000000
}

sim_time {
  sec: 30
  nsec: 192000000
}
real_time {
  sec: 32
  nsec: 239378700
}
iterations: 7548
real_time_factor: 1.0001010102020305
step_size {
  nsec: 4000000
}

sim_time {
  sec: 30
  nsec: 296000000
}
real_time {
  sec: 32
  nsec: 343378950
}
iterations: 7574
real_time_factor: 1.0000405016403164
step_size {
  nsec: 4000000
}

sim_time {
  sec: 30
  nsec: 400000000
}
real_time {
  sec: 32
  nsec: 447379042
}
iterations: 7600
real_time_factor: 0.99997575058804822
step_size {
  nsec: 4000000
}

sim_time {
  sec: 30
  nsec: 504000000
}
real_time {
  sec: 32
  nsec: 551379950
}
iterations: 7626
real_time_factor: 0.99972807396388186
step_size {
  nsec: 4000000
}

sim_time {
  sec: 30
  nsec: 608000000
}
real_time {
  sec: 32
  nsec: 655378671
}
iterations: 7652
real_time_factor: 1.0000477522801714
step_size {
  nsec: 4000000
}

sim_time {
  sec: 30
  nsec: 708000000
}
real_time {
  sec: 32
  nsec: 755378694
}
iterations: 7677
real_time_factor: 0.99993200462368559
step_size {
  nsec: 4000000
}

sim_time {
  sec: 30
  nsec: 808000000
}
real_time {
  sec: 32
  nsec: 855379227
}
iterations: 7702
real_time_factor: 1.0000780060844745
step_size {
  nsec: 4000000
}

sim_time {
  sec: 30
  nsec: 912000000
}
real_time {
  sec: 32
  nsec: 959379764
}
iterations: 7728
real_time_factor: 0.999936504031994
step_size {
  nsec: 4000000
}

sim_time {
  sec: 31
  nsec: 12000000
}
real_time {
  sec: 33
  nsec: 59379853
}
iterations: 7753
real_time_factor: 1.0004644656281678
step_size {
  nsec: 4000000
}

sim_time {
  sec: 31
  nsec: 112000000
}
real_time {
  sec: 33
  nsec: 159386918
}
iterations: 7778
real_time_factor: 0.998012209182361
step_size {
  nsec: 4000000
}

sim_time {
  sec: 31
  nsec: 216000000
}
real_time {
  sec: 33
  nsec: 263379008
}
iterations: 7804
real_time_factor: 1.0000480023041105
step_size {
  nsec: 4000000
}

sim_time {
  sec: 31
  nsec: 316000000
}
real_time {
  sec: 33
  nsec: 363384582
}
iterations: 7829
real_time_factor: 0.998597968452293
step_size {
  nsec: 4000000
}

sim_time {
  sec: 31
  nsec: 420000000
}
real_time {
  sec: 33
  nsec: 467379046
}
iterations: 7855
real_time_factor: 0.999992250060062
step_size {
  nsec: 4000000
}

sim_time {
  sec: 31
  nsec: 524000000
}
real_time {
  sec: 33
  nsec: 571378918
}
iterations: 7881
real_time_factor: 1.0000987597525255
step_size {
  nsec: 4000000
}

sim_time {
  sec: 31
  nsec: 628000000
}
real_time {
  sec: 33
  nsec: 675378726
}
iterations: 7907
real_time_factor: 1.0000567532207454
step_size {
  nsec: 4000000
}

sim_time {
  sec: 31
  nsec: 728000000
}
real_time {
  sec: 33
  nsec: 775379816
}
iterations: 7932
real_time_factor: 1.0000642541283278
step_size {
  nsec: 4000000
}

sim_time {
  sec: 31
  nsec: 832000000
}
real_time {
  sec: 33
  nsec: 879379624
}
iterations: 7958
real_time_factor: 0.99988126409988809
step_size {
  nsec: 4000000
}

sim_time {
  sec: 31
  nsec: 932000000
}
real_time {
  sec: 33
  nsec: 979380095
}
iterations: 7983
real_time_factor: 0.999760807226871
step_size {
  nsec: 4000000
}

sim_time {
  sec: 32
  nsec: 36000000
}
real_time {
  sec: 34
  nsec: 83378773
}
iterations: 8009
real_time_factor: 1.0000222504950735
step_size {
  nsec: 4000000
}

sim_time {
  sec: 32
  nsec: 140000000
}
real_time {
  sec: 34
  nsec: 187378608
}
iterations: 8035
real_time_factor: 1.0000245006002646
step_size {
  nsec: 4000000
}

sim_time {
  sec: 32
  nsec: 240000000
}
real_time {
  sec: 34
  nsec: 287379389
}
iterations: 8060
real_time_factor: 1.0000362513141101
step_size {
  nsec: 4000000
}

sim_time {
  sec: 32
  nsec: 344000000
}
real_time {
  sec: 34
  nsec: 391379208
}
iterations: 8086
real_time_factor: 1.0000340011560394
step_size {
  nsec: 4000000
}

sim_time {
  sec: 32
  nsec: 448000000
}
real_time {
  sec: 34
  nsec: 495378750
}
iterations: 8112
real_time_factor: 1.0000525027563947
step_size {
  nsec: 4000000
}

sim_time {
  sec: 32
  nsec: 552000000
}
real_time {
  sec: 34
  nsec: 599387541
}
iterations: 8138
real_time_factor: 0.99779337994026207
step_size {
  nsec: 4000000
}

sim_time {
  sec: 32
  nsec: 656000000
}
real_time {
  sec: 34
  nsec: 703378212
}
iterations: 8164
real_time_factor: 1.000638657623228
step_size {
  nsec: 4000000
}

sim_time {
  sec: 32
  nsec: 756000000
}
real_time {
  sec: 34
  nsec: 803378436
}
iterations: 8189
real_time_factor: 1.0000127501625646
step_size {
  nsec: 4000000
}

sim_time {
  sec: 32
  nsec: 856000000
}
real_time {
  sec: 34
  nsec: 903379010
}
iterations: 8214
real_time_factor: 1.0000895080109671
step_size {
  nsec: 4000000
}

sim_time {
  sec: 32
  nsec: 956000000
}
real_time {
  sec: 35
  nsec: 3380197
}
iterations: 8239
real_time_factor: 0.99997375068904437
step_size {
  nsec: 4000000
}

sim_time {
  sec: 33
  nsec: 60000000
}
real_time {
  sec: 35
  nsec: 107378673
}
iterations: 8265
real_time_factor: 1.0000432518706435
step_size {
  nsec: 4000000
}

sim_time {
  sec: 33
  nsec: 160000000
}
real_time {
  sec: 35
  nsec: 207382304
}
iterations: 8290
real_time_factor: 0.999802289097331
step_size {
  nsec: 4000000
}

sim_time {
  sec: 33
  nsec: 264000000
}
real_time {
  sec: 35
  nsec: 311378941
}
iterations: 8316
real_time_factor: 1.0000895080109671
step_size {
  nsec: 4000000
}

sim_time {
  sec: 33
  nsec: 364000000
}
real_time {
  sec: 35
  nsec: 411378899
}
iterations: 8341
real_time_factor: 0.99987176644595332
step_size {
  nsec: 4000000
}

sim_time {
  sec: 33
  nsec: 468000000
}
real_time {
  sec: 35
  nsec: 515378211
}
iterations: 8367
real_time_factor: 1.0001635267366213
step_size {
  nsec: 4000000
}

sim_time {
  sec: 33
  nsec: 568000000
}
real_time {
  sec: 35
  nsec: 615378687
}
iterations: 8392
real_time_factor: 1.0000245006002646
step_size {
  nsec: 4000000
}

sim_time {
  sec: 33
  nsec: 668000000
}
real_time {
  sec: 35
  nsec: 715379311
}
iterations: 8417
real_time_factor: 0.99995750180617327
step_size {
  nsec: 4000000
}

sim_time {
  sec: 33
  nsec: 772000000
}
real_time {
  sec: 35
  nsec: 819379725
}
iterations: 8443
real_time_factor: 0.99992275596710156
step_size {
  nsec: 4000000
}

sim_time {
  sec: 33
  nsec: 876000000
}
real_time {
  sec: 35
  nsec: 923379574
}
iterations: 8469
real_time_factor: 0.99995750180617327
step_size {
  nsec: 4000000
}

sim_time {
  sec: 33
  nsec: 980000000
}
real_time {
  sec: 36
  nsec: 27378905
}
iterations: 8495
real_time_factor: 1.0000060000360003
step_size {
  nsec: 4000000
}

sim_time {
  sec: 34
  nsec: 80000000
}
real_time {
  sec: 36
  nsec: 127379566
}
iterations: 8520
real_time_factor: 0.99962189301896553
step_size {
  nsec: 4000000
}

sim_time {
  sec: 34
  nsec: 184000000
}
real_time {
  sec: 36
  nsec: 231378887
}
iterations: 8546
real_time_factor: 1.0001102621564026
step_size {
  nsec: 4000000
}

sim_time {
  sec: 34
  nsec: 284000000
}
real_time {
  sec: 36
  nsec: 331379884
}
iterations: 8571
real_time_factor: 0.9997887946171371
step_size {
  nsec: 4000000
}

sim_time {
  sec: 34
  nsec: 388000000
}
real_time {
  sec: 36
  nsec: 435379457
}
iterations: 8597
real_time_factor: 0.99989976004905512
step_size {
  nsec: 4000000
}

sim_time {
  sec: 34
  nsec: 488000000
}
real_time {
  sec: 36
  nsec: 535380056
}
iterations: 8622
real_time_factor: 1.0009957405128751
step_size {
  nsec: 4000000
}

sim_time {
  sec: 34
  nsec: 592000000
}
real_time {
  sec: 36
  nsec: 639378603
}
iterations: 8648
real_time_factor: 1.0000847571831712
step_size {
  nsec: 4000000
}

sim_time {
  sec: 34
  nsec: 692000000
}
real_time {
  sec: 36
  nsec: 739379108
}
iterations: 8673
real_time_factor: 0.99999925000056245
step_size {
  nsec: 4000000
}

sim_time {
  sec: 34
  nsec: 792000000
}
real_time {
  sec: 36
  nsec: 839378892
}
iterations: 8698
real_time_factor: 0.99990425916718473
step_size {
  nsec: 4000000
}

sim_time {
  sec: 34
  nsec: 896000000
}
real_time {
  sec: 36
  nsec: 943378577
}
iterations: 8724
real_time_factor: 1.0000107501155637
step_size {
  nsec: 4000000
}

sim_time {
  sec: 35
}
real_time {
  sec: 37
  nsec: 47378651
}
iterations: 8750
real_time_factor: 1.0000062500390627
step_size {
  nsec: 4000000
}

sim_time {
  sec: 35
  nsec: 100000000
}
real_time {
  sec: 37
  nsec: 147378611
}
iterations: 8775
real_time_factor: 1.000041001681069
step_size {
  nsec: 4000000
}

sim_time {
  sec: 35
  nsec: 204000000
}
real_time {
  sec: 37
  nsec: 251378646
}
iterations: 8801
real_time_factor: 1.0000342511731026
step_size {
  nsec: 4000000
}

sim_time {
  sec: 35
  nsec: 304000000
}
real_time {
  sec: 37
  nsec: 351378886
}
iterations: 8826
real_time_factor: 1.0000455020703443
step_size {
  nsec: 4000000
}

sim_time {
  sec: 35
  nsec: 408000000
}
real_time {
  sec: 37
  nsec: 455379148
}
iterations: 8852
real_time_factor: 0.99991150783155691
step_size {
  nsec: 4000000
}

sim_time {
  sec: 35
  nsec: 512000000
}
real_time {
  sec: 37
  nsec: 559378696
}
iterations: 8878
real_time_factor: 1.0000295008702758
step_size {
  nsec: 4000000
}

sim_time {
  sec: 35
  nsec: 616000000
}
real_time {
  sec: 37
  nsec: 663378522
}
iterations: 8904
real_time_factor: 1.0000110001210014
step_size {
  nsec: 4000000
}

sim_time {
  sec: 35
  nsec: 720000000
}
real_time {
  sec: 37
  nsec: 767378701
}
iterations: 8930
real_time_factor: 0.99997375068904437
step_size {
  nsec: 4000000
}

sim_time {
  sec: 35
  nsec: 820000000
}
real_time {
  sec: 37
  nsec: 867384542
}
iterations: 8955
real_time_factor: 0.99859397967661534
step_size {
  nsec: 4000000
}

sim_time {
  sec: 35
  nsec: 924000000
}
real_time {
  sec: 37
  nsec: 971378979
}
iterations: 8981
real_time_factor: 1.0005738290909836
step_size {
  nsec: 4000000
}

sim_time {
  sec: 36
  nsec: 24000000
}
real_time {
  sec: 38
  nsec: 71381201
}
iterations: 9006
real_time_factor: 0.99947427653054488
step_size {
  nsec: 4000000
}

sim_time {
  sec: 36
  nsec: 128000000
}
real_time {
  sec: 38
  nsec: 175379055
}
iterations: 9032
real_time_factor: 0.99991375743842092
step_size {
  nsec: 4000000
}

sim_time {
  sec: 36
  nsec: 232000000
}
real_time {
  sec: 38
  nsec: 279378906
}
iterations: 9058
real_time_factor: 1.0000317510080945
step_size {
  nsec: 4000000
}

sim_time {
  sec: 36
  nsec: 332000000
}
real_time {
  sec: 38
  nsec: 379380319
}
iterations: 9083
real_time_factor: 0.99969859087485125
step_size {
  nsec: 4000000
}

sim_time {
  sec: 36
  nsec: 436000000
}
real_time {
  sec: 38
  nsec: 483379547
}
iterations: 9109
real_time_factor: 0.99993700396875
step_size {
  nsec: 4000000
}

sim_time {
  sec: 36
  nsec: 536000000
}
real_time {
  sec: 38
  nsec: 583380160
}
iterations: 9134
real_time_factor: 0.99980503801758658
step_size {
  nsec: 4000000
}

sim_time {
  sec: 36
  nsec: 640000000
}
real_time {
  sec: 38
  nsec: 687378960
}
iterations: 9160
real_time_factor: 1.0001917867751142
step_size {
  nsec: 4000000
}

sim_time {
  sec: 36
  nsec: 744000000
}
real_time {
  sec: 38
  nsec: 791379216
}
iterations: 9186
real_time_factor: 0.99995300220889616
step_size {
  nsec: 4000000
}

sim_time {
  sec: 36
  nsec: 848000000
}
real_time {
  sec: 38
  nsec: 895378294
}
iterations: 9212
real_time_factor: 1.0001175138078724
step_size {
  nsec: 4000000
}

sim_time {
  sec: 36
  nsec: 948000000
}
real_time {
  sec: 38
  nsec: 995379487
}
iterations: 9237
real_time_factor: 0.99979804079575929
step_size {
  nsec: 4000000
}

sim_time {
  sec: 37
  nsec: 52000000
}
real_time {
  sec: 39
  nsec: 99378691
}
iterations: 9263
real_time_factor: 1.0000735054026471
step_size {
  nsec: 4000000
}

sim_time {
  sec: 37
  nsec: 152000000
}
real_time {
  sec: 39
  nsec: 199379105
}
iterations: 9288
real_time_factor: 1.0000712550769242
step_size {
  nsec: 4000000
}

sim_time {
  sec: 37
  nsec: 256000000
}
real_time {
  sec: 39
  nsec: 303378952
}
iterations: 9314
real_time_factor: 0.99999475002756233
step_size {
  nsec: 4000000
}

sim_time {
  sec: 37
  nsec: 360000000
}
real_time {
  sec: 39
  nsec: 407386335
}
iterations: 9340
real_time_factor: 0.9980749629152772
step_size {
  nsec: 4000000
}

sim_time {
  sec: 37
  nsec: 464000000
}
real_time {
  sec: 39
  nsec: 511378739
}
iterations: 9366
real_time_factor: 1.0002913348512754
step_size {
  nsec: 4000000
}

sim_time {
  sec: 37
  nsec: 564000000
}
real_time {
  sec: 39
  nsec: 611379142
}
iterations: 9391
real_time_factor: 1.0001777816006796
step_size {
  nsec: 4000000
}

sim_time {
  sec: 37
  nsec: 664000000
}
real_time {
  sec: 39
  nsec: 711380600
}
iterations: 9416
real_time_factor: 1.0001755308056564
step_size {
  nsec: 4000000
}

sim_time {
  sec: 37
  nsec: 768000000
}
real_time {
  sec: 39
  nsec: 815378922
}
iterations: 9442
real_time_factor: 1.0002032913189607
step_size {
  nsec: 4000000
}

sim_time {
  sec: 37
  nsec: 872000000
}
real_time {
  sec: 39
  nsec: 919379013
}
iterations: 9468
real_time_factor: 1.0001082617193311
step_size {
  nsec: 4000000
}

sim_time {
  sec: 37
  nsec: 972000000
}
real_time {
  sec: 40
  nsec: 19379341
}
iterations: 9493
real_time_factor: 0.9999160070554074
step_size {
  nsec: 4000000
}

sim_time {
  sec: 38
  nsec: 76000000
}
real_time {
  sec: 40
  nsec: 123379130
}
iterations: 9519
real_time_factor: 0.99997850046224
step_size {
  nsec: 4000000
}

sim_time {
  sec: 38
  nsec: 176000000
}
real_time {
  sec: 40
  nsec: 223380944
}
iterations: 9544
real_time_factor: 1.0017013898105933
step_size {
  nsec: 4000000
}

sim_time {
  sec: 38
  nsec: 280000000
}
real_time {
  sec: 40
  nsec: 327379384
}
iterations: 9570
real_time_factor: 0.9998442742542849
step_size {
  nsec: 4000000
}

sim_time {
  sec: 38
  nsec: 384000000
}
real_time {
  sec: 40
  nsec: 431378610
}
iterations: 9596
real_time_factor: 1.0001127627139961
step_size {
  nsec: 4000000
}

sim_time {
  sec: 38
  nsec: 484000000
}
real_time {
  sec: 40
  nsec: 531381265
}
iterations: 9621
real_time_factor: 0.99943282187358673
step_size {
  nsec: 4000000
}

sim_time {
  sec: 38
  nsec: 588000000
}
real_time {
  sec: 40
  nsec: 635378821
}
iterations: 9647
real_time_factor: 1.0000642541283278
step_size {
  nsec: 4000000
}

sim_time {
  sec: 38
  nsec: 688000000
}
real_time {
  sec: 40
  nsec: 735378986
}
iterations: 9672
real_time_factor: 0.99992075628006483
step_size {
  nsec: 4000000
}

sim_time {
  sec: 38
  nsec: 788000000
}
real_time {
  sec: 40
  nsec: 835391289
}
iterations: 9697
real_time_factor: 0.99683827819114723
step_size {
  nsec: 4000000
}

sim_time {
  sec: 38
  nsec: 892000000
}
real_time {
  sec: 40
  nsec: 939380381
}
iterations: 9723
real_time_factor: 1.0013698739876151
step_size {
  nsec: 4000000
}

sim_time {
  sec: 38
  nsec: 996000000
}
real_time {
  sec: 41
  nsec: 43378723
}
iterations: 9749
real_time_factor: 0.99996750105621568
step_size {
  nsec: 4000000
}

sim_time {
  sec: 39
  nsec: 96000000
}
real_time {
  sec: 41
  nsec: 143379065
}
iterations: 9774
real_time_factor: 1.0001825333123295
step_size {
  nsec: 4000000
}

sim_time {
  sec: 39
  nsec: 200000000
}
real_time {
  sec: 41
  nsec: 247379943
}
iterations: 9800
real_time_factor: 0.9997103339307436
step_size {
  nsec: 4000000
}

sim_time {
  sec: 39
  nsec: 304000000
}
real_time {
  sec: 41
  nsec: 351380991
}
iterations: 9826
real_time_factor: 0.99972682464516571
step_size {
  nsec: 4000000
}

sim_time {
  sec: 39
  nsec: 404000000
}
real_time {
  sec: 41
  nsec: 451382955
}
iterations: 9851
real_time_factor: 0.99900524053174056
step_size {
  nsec: 4000000
}

sim_time {
  sec: 39
  nsec: 508000000
}
real_time {
  sec: 41
  nsec: 555379245
}
iterations: 9877
real_time_factor: 0.99984002559590468
step_size {
  nsec: 4000000
}

sim_time {
  sec: 39
  nsec: 608000000
}
real_time {
  sec: 41
  nsec: 655379616
}
iterations: 9902
real_time_factor: 1.0001407698133513
step_size {
  nsec: 4000000
}

sim_time {
  sec: 39
  nsec: 712000000
}
real_time {
  sec: 41
  nsec: 759378859
}
iterations: 9928
real_time_factor: 0.99997425066304546
step_size {
  nsec: 4000000
}

sim_time {
  sec: 39
  nsec: 812000000
}
real_time {
  sec: 41
  nsec: 859379860
}
iterations: 9953
real_time_factor: 0.99989076193425863
step_size {
  nsec: 4000000
}

sim_time {
  sec: 39
  nsec: 912000000
}
real_time {
  sec: 41
  nsec: 959379295
}
iterations: 9978
real_time_factor: 1.016442223518186
step_size {
  nsec: 4000000
}

sim_time {
  sec: 40
  nsec: 16000000
}
real_time {
  sec: 42
  nsec: 63379280
}
iterations: 10004
real_time_factor: 0.9998352771380915
step_size {
  nsec: 4000000
}

sim_time {
  sec: 40
  nsec: 116000000
}
real_time {
  sec: 42
  nsec: 163379883
}
iterations: 10029
real_time_factor: 1.0099449277030923
step_size {
  nsec: 4000000
}

sim_time {
  sec: 40
  nsec: 220000000
}
real_time {
  sec: 42
  nsec: 267378781
}
iterations: 10055
real_time_factor: 0.99996950093022163
step_size {
  nsec: 4000000
}

sim_time {
  sec: 40
  nsec: 320000000
}
real_time {
  sec: 42
  nsec: 367379052
}
iterations: 10080
real_time_factor: 0.99998350027224547
step_size {
  nsec: 4000000
}

sim_time {
  sec: 40
  nsec: 420000000
}
real_time {
  sec: 42
  nsec: 467380204
}
iterations: 10105
real_time_factor: 0.99992800518362679
step_size {
  nsec: 4000000
}

sim_time {
  sec: 40
  nsec: 524000000
}
real_time {
  sec: 42
  nsec: 571378746
}
iterations: 10131
real_time_factor: 0.99997425066304546
step_size {
  nsec: 4000000
}

sim_time {
  sec: 40
  nsec: 624000000
}
real_time {
  sec: 42
  nsec: 671384176
}
iterations: 10156
real_time_factor: 0.99905389596052541
step_size {
  nsec: 4000000
}

sim_time {
  sec: 40
  nsec: 728000000
}
real_time {
  sec: 42
  nsec: 775378922
}
iterations: 10182
real_time_factor: 1.0000155002402538
step_size {
  nsec: 4000000
}

sim_time {
  sec: 40
  nsec: 828000000
}
real_time {
  sec: 42
  nsec: 875378786
}
iterations: 10207
real_time_factor: 1.0002705731900479
step_size {
  nsec: 4000000
}

sim_time {
  sec: 40
  nsec: 932000000
}
real_time {
  sec: 42
  nsec: 979379161
}
iterations: 10233
real_time_factor: 0.99995100240088231
step_size {
  nsec: 4000000
}

sim_time {
  sec: 41
  nsec: 36000000
}
real_time {
  sec: 43
  nsec: 83378694
}
iterations: 10259
real_time_factor: 0.99999725000756245
step_size {
  nsec: 4000000
}

sim_time {
  sec: 41
  nsec: 136000000
}
real_time {
  sec: 43
  nsec: 183380096
}
iterations: 10284
real_time_factor: 1.000750312546832
step_size {
  nsec: 4000000
}

sim_time {
  sec: 41
  nsec: 240000000
}
real_time {
  sec: 43
  nsec: 287382699
}
iterations: 10310
real_time_factor: 0.99909282371606578
step_size {
  nsec: 4000000
}

sim_time {
  sec: 41
  nsec: 344000000
}
real_time {
  sec: 43
  nsec: 391379197
}
iterations: 10336
real_time_factor: 1.0000830068895719
step_size {
  nsec: 4000000
}

sim_time {
  sec: 41
  nsec: 448000000
}
real_time {
  sec: 43
  nsec: 495379147
}
iterations: 10362
real_time_factor: 0.99999550002025
step_size {
  nsec: 4000000
}

sim_time {
  sec: 41
  nsec: 548000000
}
real_time {
  sec: 43
  nsec: 595379173
}
iterations: 10387
real_time_factor: 1.0005926009679234
step_size {
  nsec: 4000000
}

sim_time {
  sec: 41
  nsec: 652000000
}
real_time {
  sec: 43
  nsec: 699379171
}
iterations: 10413
real_time_factor: 0.99987226631797788
step_size {
  nsec: 4000000
}

sim_time {
  sec: 41
  nsec: 752000000
}
real_time {
  sec: 43
  nsec: 799384751
}
iterations: 10438
real_time_factor: 0.99917168667174916
step_size {
  nsec: 4000000
}

sim_time {
  sec: 41
  nsec: 856000000
}
real_time {
  sec: 43
  nsec: 903379027
}
iterations: 10464
real_time_factor: 1.000002000004
step_size {
  nsec: 4000000
}

sim_time {
  sec: 41
  nsec: 960000000
}
real_time {
  sec: 44
  nsec: 7378858
}
iterations: 10490
real_time_factor: 1.0000112501265639
step_size {
  nsec: 4000000
}

sim_time {
  sec: 42
  nsec: 64000000
}
real_time {
  sec: 44
  nsec: 111378569
}
iterations: 10516
real_time_factor: 1.000110762266921
step_size {
  nsec: 4000000
}

sim_time {
  sec: 42
  nsec: 164000000
}
real_time {
  sec: 44
  nsec: 211379121
}
iterations: 10541
real_time_factor: 0.99998825013806092
step_size {
  nsec: 4000000
}

sim_time {
  sec: 42
  nsec: 268000000
}
real_time {
  sec: 44
  nsec: 315378410
}
iterations: 10567
real_time_factor: 1.0000902581457976
step_size {
  nsec: 4000000
}

sim_time {
  sec: 42
  nsec: 368000000
}
real_time {
  sec: 44
  nsec: 415378734
}
iterations: 10592
real_time_factor: 0.9998932613943462
step_size {
  nsec: 4000000
}

sim_time {
  sec: 42
  nsec: 468000000
}
real_time {
  sec: 44
  nsec: 515379048
}
iterations: 10617
real_time_factor: 1.0001967887181804
step_size {
  nsec: 4000000
}

sim_time {
  sec: 42
  nsec: 568000000
}
real_time {
  sec: 44
  nsec: 615379131
}
iterations: 10642
real_time_factor: 1.0000832569311395
step_size {
  nsec: 4000000
}

sim_time {
  sec: 42
  nsec: 672000000
}
real_time {
  sec: 44
  nsec: 719388891
}
iterations: 10668
real_time_factor: 0.99751071201815866
step_size {
  nsec: 4000000
}

sim_time {
  sec: 42
  nsec: 776000000
}
real_time {
  sec: 44
  nsec: 823382614
}
iterations: 10694
real_time_factor: 0.99910704807578232
step_size {
  nsec: 4000000
}

sim_time {
  sec: 42
  nsec: 880000000
}
real_time {
  sec: 44
  nsec: 927379040
}
iterations: 10720
real_time_factor: 1.0007317851178674
step_size {
  nsec: 4000000
}

sim_time {
  sec: 42
  nsec: 984000000
}
real_time {
  sec: 45
  nsec: 31378837
}
iterations: 10746
real_time_factor: 1.0000760057764391
step_size {
  nsec: 4000000
}

sim_time {
  sec: 43
  nsec: 84000000
}
real_time {
  sec: 45
  nsec: 131383587
}
iterations: 10771
real_time_factor: 0.99914398339222876
step_size {
  nsec: 4000000
}

sim_time {
  sec: 43
  nsec: 188000000
}
real_time {
  sec: 45
  nsec: 235378595
}
iterations: 10797
real_time_factor: 1.0002082933770957
step_size {
  nsec: 4000000
}

sim_time {
  sec: 43
  nsec: 292000000
}
real_time {
  sec: 45
  nsec: 339378653
}
iterations: 10823
real_time_factor: 1.0000532528357136
step_size {
  nsec: 4000000
}

sim_time {
  sec: 43
  nsec: 392000000
}
real_time {
  sec: 45
  nsec: 439378795
}
iterations: 10848
real_time_factor: 1.0002150462349406
step_size {
  nsec: 4000000
}

sim_time {
  sec: 43
  nsec: 492000000
}
real_time {
  sec: 45
  nsec: 539382816
}
iterations: 10873
real_time_factor: 0.99913724498895207
step_size {
  nsec: 4000000
}

sim_time {
  sec: 43
  nsec: 596000000
}
real_time {
  sec: 45
  nsec: 643379273
}
iterations: 10899
real_time_factor: 1.0000762558145058
step_size {
  nsec: 4000000
}

sim_time {
  sec: 43
  nsec: 700000000
}
real_time {
  sec: 45
  nsec: 747379590
}
iterations: 10925
real_time_factor: 0.99963888045443583
step_size {
  nsec: 4000000
}

sim_time {
  sec: 43
  nsec: 800000000
}
real_time {
  sec: 45
  nsec: 847381842
}
iterations: 10950
real_time_factor: 0.99956743719155539
step_size {
  nsec: 4000000
}

sim_time {
  sec: 43
  nsec: 904000000
}
real_time {
  sec: 45
  nsec: 951379346
}
iterations: 10976
real_time_factor: 1.0001455211733308
step_size {
  nsec: 4000000
}

sim_time {
  sec: 44
  nsec: 8000000
}
real_time {
  sec: 46
  nsec: 55378885
}
iterations: 11002
real_time_factor: 0.99996300136894933
step_size {
  nsec: 4000000
}

sim_time {
  sec: 44
  nsec: 108000000
}
real_time {
  sec: 46
  nsec: 155379249
}
iterations: 11027
real_time_factor: 1.0000415017223214
step_size {
  nsec: 4000000
}

sim_time {
  sec: 44
  nsec: 212000000
}
real_time {
  sec: 46
  nsec: 259379972
}
iterations: 11053
real_time_factor: 0.999863518629707
step_size {
  nsec: 4000000
}

sim_time {
  sec: 44
  nsec: 316000000
}
real_time {
  sec: 46
  nsec: 363378673
}
iterations: 11079
real_time_factor: 1.0000437519141463
step_size {
  nsec: 4000000
}

sim_time {
  sec: 44
  nsec: 416000000
}
real_time {
  sec: 46
  nsec: 463379307
}
iterations: 11104
real_time_factor: 0.99998600019599726
step_size {
  nsec: 4000000
}

sim_time {
  sec: 44
  nsec: 520000000
}
real_time {
  sec: 46
  nsec: 567378646
}
iterations: 11130
real_time_factor: 1.0000115001322516
step_size {
  nsec: 4000000
}

sim_time {
  sec: 44
  nsec: 620000000
}
real_time {
  sec: 46
  nsec: 667379919
}
iterations: 11155
real_time_factor: 0.99969909057373729
step_size {
  nsec: 4000000
}

sim_time {
  sec: 44
  nsec: 724000000
}
real_time {
  sec: 46
  nsec: 771379369
}
iterations: 11181
real_time_factor: 0.99980103959312094
step_size {
  nsec: 4000000
}

sim_time {
  sec: 44
  nsec: 828000000
}
real_time {
  sec: 46
  nsec: 875378809
}
iterations: 11207
real_time_factor: 0.99997925043055358
step_size {
  nsec: 4000000
}

sim_time {
  sec: 44
  nsec: 932000000
}
real_time {
  sec: 46
  nsec: 979378620
}
iterations: 11233
real_time_factor: 1.0000325010562843
step_size {
  nsec: 4000000
}

sim_time {
  sec: 45
  nsec: 32000000
}
real_time {
  sec: 47
  nsec: 79383330
}
iterations: 11258
real_time_factor: 0.99904715877232086
step_size {
  nsec: 4000000
}

sim_time {
  sec: 45
  nsec: 136000000
}
real_time {
  sec: 47
  nsec: 183378760
}
iterations: 11284
real_time_factor: 1.0003150992562657
step_size {
  nsec: 4000000
}

sim_time {
  sec: 45
  nsec: 236000000
}
real_time {
  sec: 47
  nsec: 283379679
}
iterations: 11309
real_time_factor: 0.99971533105948085
step_size {
  nsec: 4000000
}

sim_time {
  sec: 45
  nsec: 340000000
}
real_time {
  sec: 47
  nsec: 387378085
}
iterations: 11335
real_time_factor: 1.0002175473165413
step_size {
  nsec: 4000000
}

sim_time {
  sec: 45
  nsec: 440000000
}
real_time {
  sec: 47
  nsec: 487379658
}
iterations: 11360
real_time_factor: 0.99969659208430239
step_size {
  nsec: 4000000
}

sim_time {
  sec: 45
  nsec: 544000000
}
real_time {
  sec: 47
  nsec: 591379325
}
iterations: 11386
real_time_factor: 1.0000255006502665
step_size {
  nsec: 4000000
}

sim_time {
  sec: 45
  nsec: 644000000
}
real_time {
  sec: 47
  nsec: 691382901
}
iterations: 11411
real_time_factor: 0.99912576495566374
step_size {
  nsec: 4000000
}

sim_time {
  sec: 45
  nsec: 748000000
}
real_time {
  sec: 47
  nsec: 795382751
}
iterations: 11437
real_time_factor: 0.9997525612410928
step_size {
  nsec: 4000000
}

sim_time {
  sec: 45
  nsec: 852000000
}
real_time {
  sec: 47
  nsec: 899378749
}
iterations: 11463
real_time_factor: 1.0002595673577293
step_size {
  nsec: 4000000
}

sim_time {
  sec: 45
  nsec: 952000000
}
real_time {
  sec: 47
  nsec: 999379757
}
iterations: 11488
real_time_factor: 1.0002085434813159
step_size {
  nsec: 4000000
}

sim_time {
  sec: 46
  nsec: 56000000
}
real_time {
  sec: 48
  nsec: 103379163
}
iterations: 11514
real_time_factor: 0.99995400211590268
step_size {
  nsec: 4000000
}

sim_time {
  sec: 46
  nsec: 156000000
}
real_time {
  sec: 48
  nsec: 203379106
}
iterations: 11539
real_time_factor: 1.0000510026011327
step_size {
  nsec: 4000000
}

sim_time {
  sec: 46
  nsec: 260000000
}
real_time {
  sec: 48
  nsec: 307378683
}
iterations: 11565
real_time_factor: 1.0000022500050625
step_size {
  nsec: 4000000
}

sim_time {
  sec: 46
  nsec: 360000000
}
real_time {
  sec: 48
  nsec: 407379036
}
iterations: 11590
real_time_factor: 1.0001552741063051
step_size {
  nsec: 4000000
}

sim_time {
  sec: 46
  nsec: 460000000
}
real_time {
  sec: 48
  nsec: 507380584
}
iterations: 11615
real_time_factor: 0.99955120151052179
step_size {
  nsec: 4000000
}

sim_time {
  sec: 46
  nsec: 564000000
}
real_time {
  sec: 48
  nsec: 611379400
}
iterations: 11641
real_time_factor: 0.99990725860176466
step_size {
  nsec: 4000000
}

sim_time {
  sec: 46
  nsec: 664000000
}
real_time {
  sec: 48
  nsec: 711379643
}
iterations: 11666
real_time_factor: 1.0004096677589474
step_size {
  nsec: 4000000
}

sim_time {
  sec: 46
  nsec: 768000000
}
real_time {
  sec: 48
  nsec: 815379161
}
iterations: 11692
real_time_factor: 1.000035001225043
step_size {
  nsec: 4000000
}

sim_time {
  sec: 46
  nsec: 872000000
}
real_time {
  sec: 48
  nsec: 919378978
}
iterations: 11718
real_time_factor: 1.000078756202051
step_size {
  nsec: 4000000
}

sim_time {
  sec: 46
  nsec: 972000000
}
real_time {
  sec: 49
  nsec: 19379544
}
iterations: 11743
real_time_factor: 0.99995150235213592
step_size {
  nsec: 4000000
}

sim_time {
  sec: 47
  nsec: 76000000
}
real_time {
  sec: 49
  nsec: 123379202
}
iterations: 11769
real_time_factor: 1.0000557531082357
step_size {
  nsec: 4000000
}

sim_time {
  sec: 47
  nsec: 176000000
}
real_time {
  sec: 49
  nsec: 223379260
}
iterations: 11794
real_time_factor: 0.9999952500225624
step_size {
  nsec: 4000000
}

sim_time {
  sec: 47
  nsec: 276000000
}
real_time {
  sec: 49
  nsec: 323380302
}
iterations: 11819
real_time_factor: 0.99977530050121233
step_size {
  nsec: 4000000
}

sim_time {
  sec: 47
  nsec: 380000000
}
real_time {
  sec: 49
  nsec: 427378879
}
iterations: 11845
real_time_factor: 0.999900509899265
step_size {
  nsec: 4000000
}

sim_time {
  sec: 47
  nsec: 480000000
}
real_time {
  sec: 49
  nsec: 527379328
}
iterations: 11870
real_time_factor: 0.99996300136894933
step_size {
  nsec: 4000000
}

sim_time {
  sec: 47
  nsec: 580000000
}
real_time {
  sec: 49
  nsec: 627385443
}
iterations: 11895
real_time_factor: 0.99942882642569775
step_size {
  nsec: 4000000
}

sim_time {
  sec: 47
  nsec: 684000000
}
real_time {
  sec: 49
  nsec: 731378937
}
iterations: 11921
real_time_factor: 1.0002132954852623
step_size {
  nsec: 4000000
}

sim_time {
  sec: 47
  nsec: 784000000
}
real_time {
  sec: 49
  nsec: 831380043
}
iterations: 11946
real_time_factor: 0.99963213537418227
step_size {
  nsec: 4000000
}

sim_time {
  sec: 47
  nsec: 888000000
}
real_time {
  sec: 49
  nsec: 935378806
}
iterations: 11972
real_time_factor: 1.0000325010562843
step_size {
  nsec: 4000000
}

sim_time {
  sec: 47
  nsec: 988000000
}
real_time {
  sec: 50
  nsec: 35379060
}
iterations: 11997
real_time_factor: 0.99977355129063272
step_size {
  nsec: 4000000
}

sim_time {
  sec: 48
  nsec: 92000000
}
real_time {
  sec: 50
  nsec: 139378656
}
iterations: 12023
real_time_factor: 0.99999325004556217
step_size {
  nsec: 4000000
}

sim_time {
  sec: 48
  nsec: 192000000
}
real_time {
  sec: 50
  nsec: 239383845
}
iterations: 12048
real_time_factor: 0.99869844624992477
step_size {
  nsec: 4000000
}

sim_time {
  sec: 48
  nsec: 296000000
}
real_time {
  sec: 50
  nsec: 343384138
}
iterations: 12074
real_time_factor: 0.99866877452356007
step_size {
  nsec: 4000000
}

sim_time {
  sec: 48
  nsec: 396000000
}
real_time {
  sec: 50
  nsec: 443385386
}
iterations: 12099
real_time_factor: 0.99898029086809637
step_size {
  nsec: 4000000
}

sim_time {
  sec: 48
  nsec: 500000000
}
real_time {
  sec: 50
  nsec: 547384771
}
iterations: 12125
real_time_factor: 0.99950049962531229
step_size {
  nsec: 4000000
}

sim_time {
  sec: 48
  nsec: 604000000
}
real_time {
  sec: 50
  nsec: 651378639
}
iterations: 12151
real_time_factor: 1.0000532528357136
step_size {
  nsec: 4000000
}

sim_time {
  sec: 48
  nsec: 704000000
}
real_time {
  sec: 50
  nsec: 751378960
}
iterations: 12176
real_time_factor: 1.0001252656895276
step_size {
  nsec: 4000000
}

sim_time {
  sec: 48
  nsec: 804000000
}
real_time {
  sec: 50
  nsec: 851378718
}
iterations: 12201
real_time_factor: 1.0009268582707587
step_size {
  nsec: 4000000
}

sim_time {
  sec: 48
  nsec: 904000000
}
real_time {
  sec: 50
  nsec: 951379909
}
iterations: 12226
real_time_factor: 0.999748063488001
step_size {
  nsec: 4000000
}

sim_time {
  sec: 49
  nsec: 8000000
}
real_time {
  sec: 51
  nsec: 55378453
}
iterations: 12252
real_time_factor: 1.0003381142826275
step_size {
  nsec: 4000000
}

sim_time {
  sec: 49
  nsec: 108000000
}
real_time {
  sec: 51
  nsec: 155379543
}
iterations: 12277
real_time_factor: 0.999762056630522
step_size {
  nsec: 4000000
}

sim_time {
  sec: 49
  nsec: 212000000
}
real_time {
  sec: 51
  nsec: 259378982
}
iterations: 12303
real_time_factor: 0.99987101663885358
step_size {
  nsec: 4000000
}

sim_time {
  sec: 49
  nsec: 316000000
}
real_time {
  sec: 51
  nsec: 363379065
}
iterations: 12329
real_time_factor: 0.99992875507620083
step_size {
  nsec: 4000000
}

sim_time {
  sec: 49
  nsec: 416000000
}
real_time {
  sec: 51
  nsec: 463381215
}
iterations: 12354
real_time_factor: 0.999599910135968
step_size {
  nsec: 4000000
}

sim_time {
  sec: 49
  nsec: 520000000
}
real_time {
  sec: 51
  nsec: 567378370
}
iterations: 12380
real_time_factor: 1.0001695287351207
step_size {
  nsec: 4000000
}

sim_time {
  sec: 49
  nsec: 620000000
}
real_time {
  sec: 51
  nsec: 667379241
}
iterations: 12405
real_time_factor: 0.99972757423602066
step_size {
  nsec: 4000000
}

sim_time {
  sec: 49
  nsec: 720000000
}
real_time {
  sec: 51
  nsec: 767379632
}
iterations: 12430
real_time_factor: 1.000268572111612
step_size {
  nsec: 4000000
}

sim_time {
  sec: 49
  nsec: 824000000
}
real_time {
  sec: 51
  nsec: 871378714
}
iterations: 12456
real_time_factor: 0.99990300940808741
step_size {
  nsec: 4000000
}

sim_time {
  sec: 49
  nsec: 924000000
}
real_time {
  sec: 51
  nsec: 971382187
}
iterations: 12481
real_time_factor: 0.99914448253682786
step_size {
  nsec: 4000000
}

sim_time {
  sec: 50
  nsec: 28000000
}
real_time {
  sec: 52
  nsec: 75380483
}
iterations: 12507
real_time_factor: 0.99947277810954727
step_size {
  nsec: 4000000
}

sim_time {
  sec: 50
  nsec: 132000000
}
real_time {
  sec: 52
  nsec: 179378556
}
iterations: 12533
real_time_factor: 0.99999350004224974
step_size {
  nsec: 4000000
}

sim_time {
  sec: 50
  nsec: 232000000
}
real_time {
  sec: 52
  nsec: 279378377
}
iterations: 12558
real_time_factor: 0.99997950042024142
step_size {
  nsec: 4000000
}

sim_time {
  sec: 50
  nsec: 336000000
}
real_time {
  sec: 52
  nsec: 383378314
}
iterations: 12584
real_time_factor: 0.99997500062498434
step_size {
  nsec: 4000000
}

sim_time {
  sec: 50
  nsec: 440000000
}
real_time {
  sec: 52
  nsec: 487378909
}
iterations: 12610
real_time_factor: 0.99993775387482131
step_size {
  nsec: 4000000
}

sim_time {
  sec: 50
  nsec: 544000000
}
real_time {
  sec: 52
  nsec: 591378494
}
iterations: 12636
real_time_factor: 0.99998400025599588
step_size {
  nsec: 4000000
}

sim_time {
  sec: 50
  nsec: 644000000
}
real_time {
  sec: 52
  nsec: 691379035
}
iterations: 12661
real_time_factor: 0.99993300448869926
step_size {
  nsec: 4000000
}

sim_time {
  sec: 50
  nsec: 748000000
}
real_time {
  sec: 52
  nsec: 795379352
}
iterations: 12687
real_time_factor: 0.99982203167836126
step_size {
  nsec: 4000000
}

sim_time {
  sec: 50
  nsec: 848000000
}
real_time {
  sec: 52
  nsec: 895383165
}
iterations: 12712
real_time_factor: 0.99906362761501788
step_size {
  nsec: 4000000
}

sim_time {
  sec: 50
  nsec: 948000000
}
real_time {
  sec: 52
  nsec: 995385048
}
iterations: 12737
real_time_factor: 0.99871016582084238
step_size {
  nsec: 4000000
}

sim_time {
  sec: 51
  nsec: 52000000
}
real_time {
  sec: 53
  nsec: 99382069
}
iterations: 12763
real_time_factor: 0.99955844505689606
step_size {
  nsec: 4000000
}

sim_time {
  sec: 51
  nsec: 156000000
}
real_time {
  sec: 53
  nsec: 203379848
}
iterations: 12789
real_time_factor: 0.999799040392881
step_size {
  nsec: 4000000
}

sim_time {
  sec: 51
  nsec: 260000000
}
real_time {
  sec: 53
  nsec: 307378605
}
iterations: 12815
real_time_factor: 1.0001510228044435
step_size {
  nsec: 4000000
}

sim_time {
  sec: 51
  nsec: 360000000
}
real_time {
  sec: 53
  nsec: 407379472
}
iterations: 12840
real_time_factor: 1.0010989563793655
step_size {
  nsec: 4000000
}

sim_time {
  sec: 51
  nsec: 464000000
}
real_time {
  sec: 53
  nsec: 511378848
}
iterations: 12866
real_time_factor: 1.0000047500225626
step_size {
  nsec: 4000000
}

sim_time {
  sec: 51
  nsec: 564000000
}
real_time {
  sec: 53
  nsec: 611379650
}
iterations: 12891
real_time_factor: 0.99995650189216767
step_size {
  nsec: 4000000
}

sim_time {
  sec: 51
  nsec: 668000000
}
real_time {
  sec: 53
  nsec: 715378709
}
iterations: 12917
real_time_factor: 0.99997050087022432
step_size {
  nsec: 4000000
}

sim_time {
  sec: 51
  nsec: 768000000
}
real_time {
  sec: 53
  nsec: 815379623
}
iterations: 12942
real_time_factor: 1.0000537528892177
step_size {
  nsec: 4000000
}

sim_time {
  sec: 51
  nsec: 872000000
}
real_time {
  sec: 53
  nsec: 919378609
}
iterations: 12968
real_time_factor: 1.0000537528892177
step_size {
  nsec: 4000000
}

sim_time {
  sec: 51
  nsec: 976000000
}
real_time {
  sec: 54
  nsec: 23379087
}
iterations: 12994
real_time_factor: 1
step_size {
  nsec: 4000000
}

sim_time {
  sec: 52
  nsec: 76000000
}
real_time {
  sec: 54
  nsec: 123379537
}
iterations: 13019
real_time_factor: 0.99997025088503622
step_size {
  nsec: 4000000
}

sim_time {
  sec: 52
  nsec: 180000000
}
real_time {
  sec: 54
  nsec: 227378606
}
iterations: 13045
real_time_factor: 0.99997250075622923
step_size {
  nsec: 4000000
}

sim_time {
  sec: 52
  nsec: 280000000
}
real_time {
  sec: 54
  nsec: 327378985
}
iterations: 13070
real_time_factor: 1.0000537528892177
step_size {
  nsec: 4000000
}

sim_time {
  sec: 52
  nsec: 384000000
}
real_time {
  sec: 54
  nsec: 431379168
}
iterations: 13096
real_time_factor: 0.999755309887905
step_size {
  nsec: 4000000
}

sim_time {
  sec: 52
  nsec: 488000000
}
real_time {
  sec: 54
  nsec: 535379509
}
iterations: 13122
real_time_factor: 0.99986851728997639
step_size {
  nsec: 4000000
}

sim_time {
  sec: 52
  nsec: 588000000
}
real_time {
  sec: 54
  nsec: 635379712
}
iterations: 13147
real_time_factor: 1.0012523163346556
step_size {
  nsec: 4000000
}

sim_time {
  sec: 52
  nsec: 692000000
}
real_time {
  sec: 54
  nsec: 739379600
}
iterations: 13173
real_time_factor: 0.99976630462629357
step_size {
  nsec: 4000000
}

sim_time {
  sec: 52
  nsec: 796000000
}
real_time {
  sec: 54
  nsec: 843379374
}
iterations: 13199
real_time_factor: 1.000003000009
step_size {
  nsec: 4000000
}

sim_time {
  sec: 52
  nsec: 900000000
}
real_time {
  sec: 54
  nsec: 947379808
}
iterations: 13225
real_time_factor: 0.99992875507620083
step_size {
  nsec: 4000000
}

sim_time {
  sec: 53
  nsec: 4000000
}
real_time {
  sec: 55
  nsec: 51380084
}
iterations: 13251
real_time_factor: 0.99997025088503622
step_size {
  nsec: 4000000
}

sim_time {
  sec: 53
  nsec: 108000000
}
real_time {
  sec: 55
  nsec: 155381443
}
iterations: 13277
real_time_factor: 0.99927402741908
step_size {
  nsec: 4000000
}

sim_time {
  sec: 53
  nsec: 212000000
}
real_time {
  sec: 55
  nsec: 259381568
}
iterations: 13303
real_time_factor: 0.99997975041005416
step_size {
  nsec: 4000000
}

sim_time {
  sec: 53
  nsec: 316000000
}
real_time {
  sec: 55
  nsec: 363378976
}
iterations: 13329
real_time_factor: 0.9999957500180624
step_size {
  nsec: 4000000
}

sim_time {
  sec: 53
  nsec: 420000000
}
real_time {
  sec: 55
  nsec: 467378643
}
iterations: 13355
real_time_factor: 1.0000327510725977
step_size {
  nsec: 4000000
}

sim_time {
  sec: 53
  nsec: 524000000
}
real_time {
  sec: 55
  nsec: 571378977
}
iterations: 13381
real_time_factor: 0.99988951220890088
step_size {
  nsec: 4000000
}

sim_time {
  sec: 53
  nsec: 624000000
}
real_time {
  sec: 55
  nsec: 671379267
}
iterations: 13406
real_time_factor: 1.000007250052563
step_size {
  nsec: 4000000
}

sim_time {
  sec: 53
  nsec: 728000000
}
real_time {
  sec: 55
  nsec: 775379156
}
iterations: 13432
real_time_factor: 0.99999350004224974
step_size {
  nsec: 4000000
}

sim_time {
  sec: 53
  nsec: 832000000
}
real_time {
  sec: 55
  nsec: 879379786
}
iterations: 13458
real_time_factor: 0.99983852607803836
step_size {
  nsec: 4000000
}

sim_time {
  sec: 53
  nsec: 936000000
}
real_time {
  sec: 55
  nsec: 983378073
}
iterations: 13484
real_time_factor: 1.0002157965581073
step_size {
  nsec: 4000000
}

sim_time {
  sec: 54
  nsec: 36000000
}
real_time {
  sec: 56
  nsec: 83380243
}
iterations: 13509
real_time_factor: 0.99944980288351259
step_size {
  nsec: 4000000
}

sim_time {
  sec: 54
  nsec: 140000000
}
real_time {
  sec: 56
  nsec: 187378169
}
iterations: 13535
real_time_factor: 1.00018353367843
step_size {
  nsec: 4000000
}

sim_time {
  sec: 54
  nsec: 240000000
}
real_time {
  sec: 56
  nsec: 287379214
}
iterations: 13560
real_time_factor: 0.99986876722430185
step_size {
  nsec: 4000000
}

sim_time {
  sec: 54
  nsec: 344000000
}
real_time {
  sec: 56
  nsec: 391378801
}
iterations: 13586
real_time_factor: 0.99997250075622923
step_size {
  nsec: 4000000
}

sim_time {
  sec: 54
  nsec: 444000000
}
real_time {
  sec: 56
  nsec: 491379065
}
iterations: 13611
real_time_factor: 1.0003433678610183
step_size {
  nsec: 4000000
}

sim_time {
  sec: 54
  nsec: 548000000
}
real_time {
  sec: 56
  nsec: 595379003
}
iterations: 13637
real_time_factor: 0.99982253150065858
step_size {
  nsec: 4000000
}

sim_time {
  sec: 54
  nsec: 648000000
}
real_time {
  sec: 56
  nsec: 695379305
}
iterations: 13662
real_time_factor: 0.99992425573762789
step_size {
  nsec: 4000000
}

sim_time {
  sec: 54
  nsec: 752000000
}
real_time {
  sec: 56
  nsec: 799380420
}
iterations: 13688
real_time_factor: 0.99938962278788235
step_size {
  nsec: 4000000
}

sim_time {
  sec: 54
  nsec: 852000000
}
real_time {
  sec: 56
  nsec: 899386527
}
iterations: 13713
real_time_factor: 0.998161137644175
step_size {
  nsec: 4000000
}

sim_time {
  sec: 54
  nsec: 956000000
}
real_time {
  sec: 57
  nsec: 3378557
}
iterations: 13739
real_time_factor: 1.0001442708110646
step_size {
  nsec: 4000000
}

sim_time {
  sec: 55
  nsec: 56000000
}
real_time {
  sec: 57
  nsec: 103379563
}
iterations: 13764
real_time_factor: 0.99994050354003938
step_size {
  nsec: 4000000
}

sim_time {
  sec: 55
  nsec: 160000000
}
real_time {
  sec: 57
  nsec: 207378677
}
iterations: 13790
real_time_factor: 0.999980000399992
step_size {
  nsec: 4000000
}

sim_time {
  sec: 55
  nsec: 264000000
}
real_time {
  sec: 57
  nsec: 311378786
}
iterations: 13816
real_time_factor: 1.0000262506890807
step_size {
  nsec: 4000000
}

sim_time {
  sec: 55
  nsec: 364000000
}
real_time {
  sec: 57
  nsec: 411378915
}
iterations: 13841
real_time_factor: 0.99999375003906221
step_size {
  nsec: 4000000
}

sim_time {
  sec: 55
  nsec: 468000000
}
real_time {
  sec: 57
  nsec: 515378726
}
iterations: 13867
real_time_factor: 1.0000865074828973
step_size {
  nsec: 4000000
}

sim_time {
  sec: 55
  nsec: 572000000
}
real_time {
  sec: 57
  nsec: 619378751
}
iterations: 13893
real_time_factor: 1.0000467521856646
step_size {
  nsec: 4000000
}

sim_time {
  sec: 55
  nsec: 676000000
}
real_time {
  sec: 57
  nsec: 723379071
}
iterations: 13919
real_time_factor: 0.99990825841729025
step_size {
  nsec: 4000000
}

sim_time {
  sec: 55
  nsec: 780000000
}
real_time {
  sec: 57
  nsec: 827378614
}
iterations: 13945
real_time_factor: 1.0000167502805672
step_size {
  nsec: 4000000
}

sim_time {
  sec: 55
  nsec: 880000000
}
real_time {
  sec: 57
  nsec: 927381622
}
iterations: 13970
real_time_factor: 0.99945704496032528
step_size {
  nsec: 4000000
}

sim_time {
  sec: 55
  nsec: 984000000
}
real_time {
  sec: 58
  nsec: 31378725
}
iterations: 13996
real_time_factor: 1.0000007500005625
step_size {
  nsec: 4000000
}

sim_time {
  sec: 56
  nsec: 84000000
}
real_time {
  sec: 58
  nsec: 131378762
}
iterations: 14021
real_time_factor: 1.0001187641032372
step_size {
  nsec: 4000000
}

sim_time {
  sec: 56
  nsec: 184000000
}
real_time {
  sec: 58
  nsec: 231380844
}
iterations: 14046
real_time_factor: 0.99963038666453075
step_size {
  nsec: 4000000
}

sim_time {
  sec: 56
  nsec: 284000000
}
real_time {
  sec: 58
  nsec: 331381336
}
iterations: 14071
real_time_factor: 0.999424581297318
step_size {
  nsec: 4000000
}

sim_time {
  sec: 56
  nsec: 388000000
}
real_time {
  sec: 58
  nsec: 435378679
}
iterations: 14097
real_time_factor: 1.0000537528892177
step_size {
  nsec: 4000000
}

sim_time {
  sec: 56
  nsec: 488000000
}
real_time {
  sec: 58
  nsec: 535379365
}
iterations: 14122
real_time_factor: 1.0003551260697547
step_size {
  nsec: 4000000
}

sim_time {
  sec: 56
  nsec: 592000000
}
real_time {
  sec: 58
  nsec: 639378642
}
iterations: 14148
real_time_factor: 1.0000007500005625
step_size {
  nsec: 4000000
}

sim_time {
  sec: 56
  nsec: 692000000
}
real_time {
  sec: 58
  nsec: 739379431
}
iterations: 14173
real_time_factor: 0.9998525217530414
step_size {
  nsec: 4000000
}

sim_time {
  sec: 56
  nsec: 796000000
}
real_time {
  sec: 58
  nsec: 843379282
}
iterations: 14199
real_time_factor: 1.0000055000302501
step_size {
  nsec: 4000000
}

sim_time {
  sec: 56
  nsec: 900000000
}
real_time {
  sec: 58
  nsec: 947378642
}
iterations: 14225
real_time_factor: 1.0000935087430676
step_size {
  nsec: 4000000
}

sim_time {
  sec: 57
}
real_time {
  sec: 59
  nsec: 47380135
}
iterations: 14250
real_time_factor: 1.0000885078329431
step_size {
  nsec: 4000000
}

sim_time {
  sec: 57
  nsec: 104000000
}
real_time {
  sec: 59
  nsec: 151379022
}
iterations: 14276
real_time_factor: 1.0000587534517653
step_size {
  nsec: 4000000
}

sim_time {
  sec: 57
  nsec: 204000000
}
real_time {
  sec: 59
  nsec: 251381153
}
iterations: 14301
real_time_factor: 0.99944555757693421
step_size {
  nsec: 4000000
}

sim_time {
  sec: 57
  nsec: 308000000
}
real_time {
  sec: 59
  nsec: 355378933
}
iterations: 14327
real_time_factor: 1.0000075000562505
step_size {
  nsec: 4000000
}

sim_time {
  sec: 57
  nsec: 408000000
}
real_time {
  sec: 59
  nsec: 455384400
}
iterations: 14352
real_time_factor: 0.99868772433023012
step_size {
  nsec: 4000000
}

sim_time {
  sec: 57
  nsec: 512000000
}
real_time {
  sec: 59
  nsec: 559378486
}
iterations: 14378
real_time_factor: 1.0001605257643851
step_size {
  nsec: 4000000
}

sim_time {
  sec: 57
  nsec: 612000000
}
real_time {
  sec: 59
  nsec: 659379203
}
iterations: 14403
real_time_factor: 1.0000935087430676
step_size {
  nsec: 4000000
}

sim_time {
  sec: 57
  nsec: 716000000
}
real_time {
  sec: 59
  nsec: 763381835
}
iterations: 14429
real_time_factor: 0.99927227996211754
step_size {
  nsec: 4000000
}

sim_time {
  sec: 57
  nsec: 820000000
}
real_time {
  sec: 59
  nsec: 867378837
}
iterations: 14455
real_time_factor: 0.99997525061254733
step_size {
  nsec: 4000000
}

sim_time {
  sec: 57
  nsec: 920000000
}
real_time {
  sec: 59
  nsec: 967379619
}
iterations: 14480
real_time_factor: 1.0000332511055992
step_size {
  nsec: 4000000
}

sim_time {
  sec: 58
  nsec: 24000000
}
real_time {
  sec: 60
  nsec: 71378769
}
iterations: 14506
real_time_factor: 0.999984750232559
step_size {
  nsec: 4000000
}

sim_time {
  sec: 58
  nsec: 124000000
}
real_time {
  sec: 60
  nsec: 171379023
}
iterations: 14531
real_time_factor: 1.0001537736426975
step_size {
  nsec: 4000000
}

sim_time {
  sec: 58
  nsec: 228000000
}
real_time {
  sec: 60
  nsec: 275378597
}
iterations: 14557
real_time_factor: 1.000112012545405
step_size {
  nsec: 4000000
}

sim_time {
  sec: 58
  nsec: 328000000
}
real_time {
  sec: 60
  nsec: 375380011
}
iterations: 14582
real_time_factor: 1.0006774586394989
step_size {
  nsec: 4000000
}

sim_time {
  sec: 58
  nsec: 432000000
}
real_time {
  sec: 60
  nsec: 479378608
}
iterations: 14608
real_time_factor: 1.0000912583273223
step_size {
  nsec: 4000000
}

sim_time {
  sec: 58
  nsec: 532000000
}
real_time {
  sec: 60
  nsec: 579378718
}
iterations: 14633
real_time_factor: 1.0000680046243144
step_size {
  nsec: 4000000
}

sim_time {
  sec: 58
  nsec: 632000000
}
real_time {
  sec: 60
  nsec: 679378958
}
iterations: 14658
real_time_factor: 0.99993350442195594
step_size {
  nsec: 4000000
}

sim_time {
  sec: 58
  nsec: 736000000
}
real_time {
  sec: 60
  nsec: 783378944
}
iterations: 14684
real_time_factor: 1.0000052500275627
step_size {
  nsec: 4000000
}

sim_time {
  sec: 58
  nsec: 840000000
}
real_time {
  sec: 60
  nsec: 887378920
}
iterations: 14710
real_time_factor: 0.99992450569981961
step_size {
  nsec: 4000000
}

sim_time {
  sec: 58
  nsec: 944000000
}
real_time {
  sec: 60
  nsec: 991379045
}
iterations: 14736
real_time_factor: 0.99983627680967246
step_size {
  nsec: 4000000
}

sim_time {
  sec: 59
  nsec: 44000000
}
real_time {
  sec: 61
  nsec: 91379470
}
iterations: 14761
real_time_factor: 1.000139519462965
step_size {
  nsec: 4000000
}

sim_time {
  sec: 59
  nsec: 148000000
}
real_time {
  sec: 61
  nsec: 195379019
}
iterations: 14787
real_time_factor: 1.0002255508617193
step_size {
  nsec: 4000000
}

sim_time {
  sec: 59
  nsec: 252000000
}
real_time {
  sec: 61
  nsec: 299379381
}
iterations: 14813
real_time_factor: 0.99979704120063628
step_size {
  nsec: 4000000
}

sim_time {
  sec: 59
  nsec: 356000000
}
real_time {
  sec: 61
  nsec: 403378656
}
iterations: 14839
real_time_factor: 1.0001467715387233
step_size {
  nsec: 4000000
}

sim_time {
  sec: 59
  nsec: 456000000
}
real_time {
  sec: 61
  nsec: 503379316
}
iterations: 14864
real_time_factor: 0.9997390681032251
step_size {
  nsec: 4000000
}

sim_time {
  sec: 59
  nsec: 560000000
}
real_time {
  sec: 61
  nsec: 607379072
}
iterations: 14890
real_time_factor: 0.99997325071554333
step_size {
  nsec: 4000000
}

sim_time {
  sec: 59
  nsec: 664000000
}
real_time {
  sec: 61
  nsec: 711378588
}
iterations: 14916
real_time_factor: 1.0001260158780005
step_size {
  nsec: 4000000
}

sim_time {
  sec: 59
  nsec: 764000000
}
real_time {
  sec: 61
  nsec: 811379637
}
iterations: 14941
real_time_factor: 0.99978529610766087
step_size {
  nsec: 4000000
}

sim_time {
  sec: 59
  nsec: 864000000
}
real_time {
  sec: 61
  nsec: 911379564
}
iterations: 14966
real_time_factor: 0.99989176171679417
step_size {
  nsec: 4000000
}

sim_time {
  sec: 59
  nsec: 968000000
}
real_time {
  sec: 62
  nsec: 15378580
}
iterations: 14992
real_time_factor: 1.0000495024503713
step_size {
  nsec: 4000000
}

sim_time {
  sec: 60
  nsec: 68000000
}
real_time {
  sec: 62
  nsec: 115379257
}
iterations: 15017
real_time_factor: 1.0003971576715955
step_size {
  nsec: 4000000
}

sim_time {
  sec: 60
  nsec: 172000000
}
real_time {
  sec: 62
  nsec: 219378690
}
iterations: 15043
real_time_factor: 1.0000497524751857
step_size {
  nsec: 4000000
}

sim_time {
  sec: 60
  nsec: 272000000
}
real_time {
  sec: 62
  nsec: 319378983
}
iterations: 15068
real_time_factor: 1.0000332511055992
step_size {
  nsec: 4000000
}

sim_time {
  sec: 60
  nsec: 372000000
}
real_time {
  sec: 62
  nsec: 419386821
}
iterations: 15093
real_time_factor: 0.99812253151821428
step_size {
  nsec: 4000000
}

sim_time {
  sec: 60
  nsec: 476000000
}
real_time {
  sec: 62
  nsec: 523379126
}
iterations: 15119
real_time_factor: 0.99989926014953989
step_size {
  nsec: 4000000
}

sim_time {
  sec: 60
  nsec: 576000000
}
real_time {
  sec: 62
  nsec: 623379417
}
iterations: 15144
real_time_factor: 1.0000452520476553
step_size {
  nsec: 4000000
}

sim_time {
  sec: 60
  nsec: 676000000
}
real_time {
  sec: 62
  nsec: 723379107
}
iterations: 15169
real_time_factor: 0.99992250600578458
step_size {
  nsec: 4000000
}

sim_time {
  sec: 60
  nsec: 780000000
}
real_time {
  sec: 62
  nsec: 827380024
}
iterations: 15195
real_time_factor: 0.99986676775319694
step_size {
  nsec: 4000000
}

sim_time {
  sec: 60
  nsec: 884000000
}
real_time {
  sec: 62
  nsec: 931378608
}
iterations: 15221
real_time_factor: 0.9999895001102489
step_size {
  nsec: 4000000
}

sim_time {
  sec: 60
  nsec: 984000000
}
real_time {
  sec: 63
  nsec: 31378603
}
iterations: 15246
real_time_factor: 1.0001307670977981
step_size {
  nsec: 4000000
}

sim_time {
  sec: 61
  nsec: 84000000
}
real_time {
  sec: 63
  nsec: 131379172
}
iterations: 15271
real_time_factor: 0.99995950164018355
step_size {
  nsec: 4000000
}

sim_time {
  sec: 61
  nsec: 188000000
}
real_time {
  sec: 63
  nsec: 235378897
}
iterations: 15297
real_time_factor: 0.999950002499875
step_size {
  nsec: 4000000
}

sim_time {
  sec: 61
  nsec: 288000000
}
real_time {
  sec: 63
  nsec: 335379602
}
iterations: 15322
real_time_factor: 1.0003643827264082
step_size {
  nsec: 4000000
}

sim_time {
  sec: 61
  nsec: 392000000
}
real_time {
  sec: 63
  nsec: 439379012
}
iterations: 15348
real_time_factor: 0.99986001959725634
step_size {
  nsec: 4000000
}

sim_time {
  sec: 61
  nsec: 496000000
}
real_time {
  sec: 63
  nsec: 543378691
}
iterations: 15374
real_time_factor: 1.000031250976593
step_size {
  nsec: 4000000
}

sim_time {
  sec: 61
  nsec: 596000000
}
real_time {
  sec: 63
  nsec: 643378948
}
iterations: 15399
real_time_factor: 0.99991550713964672
step_size {
  nsec: 4000000
}

sim_time {
  sec: 61
  nsec: 700000000
}
real_time {
  sec: 63
  nsec: 747379118
}
iterations: 15425
real_time_factor: 0.99992025635955528
step_size {
  nsec: 4000000
}

sim_time {
  sec: 61
  nsec: 804000000
}
real_time {
  sec: 63
  nsec: 851378538
}
iterations: 15451
real_time_factor: 1.0000567532207454
step_size {
  nsec: 4000000
}

sim_time {
  sec: 61
  nsec: 904000000
}
real_time {
  sec: 63
  nsec: 951379574
}
iterations: 15476
real_time_factor: 1.0009231013302018
step_size {
  nsec: 4000000
}

sim_time {
  sec: 62
  nsec: 8000000
}
real_time {
  sec: 64
  nsec: 55379095
}
iterations: 15502
real_time_factor: 1.0000590034812054
step_size {
  nsec: 4000000
}

sim_time {
  sec: 62
  nsec: 112000000
}
real_time {
  sec: 64
  nsec: 159378978
}
iterations: 15528
real_time_factor: 0.99997550060023532
step_size {
  nsec: 4000000
}

sim_time {
  sec: 62
  nsec: 212000000
}
real_time {
  sec: 64
  nsec: 259380206
}
iterations: 15553
real_time_factor: 0.99966536202006373
step_size {
  nsec: 4000000
}

sim_time {
  sec: 62
  nsec: 312000000
}
real_time {
  sec: 64
  nsec: 359380845
}
iterations: 15578
real_time_factor: 0.99986251890365074
step_size {
  nsec: 4000000
}

sim_time {
  sec: 62
  nsec: 416000000
}
real_time {
  sec: 64
  nsec: 463377990
}
iterations: 15604
real_time_factor: 1.000163276654914
step_size {
  nsec: 4000000
}

sim_time {
  sec: 62
  nsec: 516000000
}
real_time {
  sec: 64
  nsec: 563379001
}
iterations: 15629
real_time_factor: 0.99985527094953008
step_size {
  nsec: 4000000
}

sim_time {
  sec: 62
  nsec: 620000000
}
real_time {
  sec: 64
  nsec: 667378553
}
iterations: 15655
real_time_factor: 1.0000382514631185
step_size {
  nsec: 4000000
}

sim_time {
  sec: 62
  nsec: 720000000
}
real_time {
  sec: 64
  nsec: 767378999
}
iterations: 15680
real_time_factor: 0.99992000639948808
step_size {
  nsec: 4000000
}

sim_time {
  sec: 62
  nsec: 820000000
}
real_time {
  sec: 64
  nsec: 867379518
}
iterations: 15705
real_time_factor: 0.99995700184892045
step_size {
  nsec: 4000000
}

sim_time {
  sec: 62
  nsec: 924000000
}
real_time {
  sec: 64
  nsec: 971380885
}
iterations: 15731
real_time_factor: 0.99964462633533779
step_size {
  nsec: 4000000
}

sim_time {
  sec: 63
  nsec: 28000000
}
real_time {
  sec: 65
  nsec: 75379715
}
iterations: 15757
real_time_factor: 0.999908508371484
step_size {
  nsec: 4000000
}

sim_time {
  sec: 63
  nsec: 132000000
}
real_time {
  sec: 65
  nsec: 179378841
}
iterations: 15783
real_time_factor: 1.0001100121013311
step_size {
  nsec: 4000000
}

sim_time {
  sec: 63
  nsec: 232000000
}
real_time {
  sec: 65
  nsec: 279379163
}
iterations: 15808
real_time_factor: 1.00000350001225
step_size {
  nsec: 4000000
}

sim_time {
  sec: 63
  nsec: 336000000
}
real_time {
  sec: 65
  nsec: 383379329
}
iterations: 15834
real_time_factor: 1.0000937587898866
step_size {
  nsec: 4000000
}

sim_time {
  sec: 63
  nsec: 440000000
}
real_time {
  sec: 65
  nsec: 487378735
}
iterations: 15860
real_time_factor: 0.99999450003024981
step_size {
  nsec: 4000000
}

sim_time {
  sec: 63
  nsec: 544000000
}
real_time {
  sec: 65
  nsec: 591381198
}
iterations: 15886
real_time_factor: 0.999402107689075
step_size {
  nsec: 4000000
}

sim_time {
  sec: 63
  nsec: 644000000
}
real_time {
  sec: 65
  nsec: 691384674
}
iterations: 15911
real_time_factor: 0.99856132277421306
step_size {
  nsec: 4000000
}

sim_time {
  sec: 63
  nsec: 748000000
}
real_time {
  sec: 65
  nsec: 795379155
}
iterations: 15937
real_time_factor: 0.99997575058804822
step_size {
  nsec: 4000000
}

sim_time {
  sec: 63
  nsec: 852000000
}
real_time {
  sec: 65
  nsec: 899381025
}
iterations: 15963
real_time_factor: 0.99943432017478107
step_size {
  nsec: 4000000
}

sim_time {
  sec: 63
  nsec: 956000000
}
real_time {
  sec: 66
  nsec: 3380329
}
iterations: 15989
real_time_factor: 0.99995725182748441
step_size {
  nsec: 4000000
}

sim_time {
  sec: 64
  nsec: 60000000
}
real_time {
  sec: 66
  nsec: 107379644
}
iterations: 16015
real_time_factor: 0.9998530216058239
step_size {
  nsec: 4000000
}

sim_time {
  sec: 64
  nsec: 164000000
}
real_time {
  sec: 66
  nsec: 211379236
}
iterations: 16041
real_time_factor: 0.9999895001102489
step_size {
  nsec: 4000000
}

sim_time {
  sec: 64
  nsec: 264000000
}
real_time {
  sec: 66
  nsec: 311379790
}
iterations: 16066
real_time_factor: 0.99980453821277937
step_size {
  nsec: 4000000
}

sim_time {
  sec: 64
  nsec: 368000000
}
real_time {
  sec: 66
  nsec: 415378904
}
iterations: 16092
real_time_factor: 1.0000405016403164
step_size {
  nsec: 4000000
}

sim_time {
  sec: 64
  nsec: 472000000
}
real_time {
  sec: 66
  nsec: 519379462
}
iterations: 16118
real_time_factor: 0.99987376593705046
step_size {
  nsec: 4000000
}

sim_time {
  sec: 64
  nsec: 572000000
}
real_time {
  sec: 66
  nsec: 619380375
}
iterations: 16143
real_time_factor: 0.99981628375785947
step_size {
  nsec: 4000000
}

sim_time {
  sec: 64
  nsec: 676000000
}
real_time {
  sec: 66
  nsec: 723385804
}
iterations: 16169
real_time_factor: 0.9986164169543098
step_size {
  nsec: 4000000
}

sim_time {
  sec: 64
  nsec: 780000000
}
real_time {
  sec: 66
  nsec: 827382019
}
iterations: 16195
real_time_factor: 0.99947602469405417
step_size {
  nsec: 4000000
}

sim_time {
  sec: 64
  nsec: 884000000
}
real_time {
  sec: 66
  nsec: 931379420
}
iterations: 16221
real_time_factor: 0.999966251139024
step_size {
  nsec: 4000000
}

sim_time {
  sec: 64
  nsec: 988000000
}
real_time {
  sec: 67
  nsec: 35378486
}
iterations: 16247
real_time_factor: 1.0001817830390674
step_size {
  nsec: 4000000
}

sim_time {
  sec: 65
  nsec: 88000000
}
real_time {
  sec: 67
  nsec: 135378799
}
iterations: 16272
real_time_factor: 1.0000822567656189
step_size {
  nsec: 4000000
}

sim_time {
  sec: 65
  nsec: 188000000
}
real_time {
  sec: 67
  nsec: 235379444
}
iterations: 16297
real_time_factor: 0.99997800048398933
step_size {
  nsec: 4000000
}

sim_time {
  sec: 65
  nsec: 292000000
}
real_time {
  sec: 67
  nsec: 339379013
}
iterations: 16323
real_time_factor: 0.99996675110552569
step_size {
  nsec: 4000000
}

sim_time {
  sec: 65
  nsec: 396000000
}
real_time {
  sec: 67
  nsec: 443378908
}
iterations: 16349
real_time_factor: 0.99994100348079462
step_size {
  nsec: 4000000
}

sim_time {
  sec: 65
  nsec: 500000000
}
real_time {
  sec: 67
  nsec: 547379181
}
iterations: 16375
real_time_factor: 0.99986451835776258
step_size {
  nsec: 4000000
}

sim_time {
  sec: 65
  nsec: 600000000
}
real_time {
  sec: 67
  nsec: 647379320
}
iterations: 16400
real_time_factor: 0.9998185329362721
step_size {
  nsec: 4000000
}

sim_time {
  sec: 65
  nsec: 704000000
}
real_time {
  sec: 67
  nsec: 751379038
}
iterations: 16426
real_time_factor: 0.99992275596710156
step_size {
  nsec: 4000000
}

sim_time {
  sec: 65
  nsec: 808000000
}
real_time {
  sec: 67
  nsec: 855378877
}
iterations: 16452
real_time_factor: 0.9999895001102489
step_size {
  nsec: 4000000
}

sim_time {
  sec: 65
  nsec: 912000000
}
real_time {
  sec: 67
  nsec: 959384668
}
iterations: 16478
real_time_factor: 0.99855658645428036
step_size {
  nsec: 4000000
}

sim_time {
  sec: 66
  nsec: 16000000
}
real_time {
  sec: 68
  nsec: 63379025
}
iterations: 16504
real_time_factor: 1.0000290008410244
step_size {
  nsec: 4000000
}

sim_time {
  sec: 66
  nsec: 120000000
}
real_time {
  sec: 68
  nsec: 167379225
}
iterations: 16530
real_time_factor: 0.99999875000156246
step_size {
  nsec: 4000000
}

sim_time {
  sec: 66
  nsec: 220000000
}
real_time {
  sec: 68
  nsec: 267380371
}
iterations: 16555
real_time_factor: 1.0005062561656197
step_size {
  nsec: 4000000
}

sim_time {
  sec: 66
  nsec: 324000000
}
real_time {
  sec: 68
  nsec: 371379604
}
iterations: 16581
real_time_factor: 0.99970983422061743
step_size {
  nsec: 4000000
}

sim_time {
  sec: 66
  nsec: 428000000
}
real_time {
  sec: 68
  nsec: 475378308
}
iterations: 16607
real_time_factor: 1.0000640040962621
step_size {
  nsec: 4000000
}

sim_time {
  sec: 66
  nsec: 528000000
}
real_time {
  sec: 68
  nsec: 575380617
}
iterations: 16632
real_time_factor: 0.9995457064764065
step_size {
  nsec: 4000000
}

sim_time {
  sec: 66
  nsec: 632000000
}
real_time {
  sec: 68
  nsec: 679379449
}
iterations: 16658
real_time_factor: 1.0000732553659555
step_size {
  nsec: 4000000
}

sim_time {
  sec: 66
  nsec: 736000000
}
real_time {
  sec: 68
  nsec: 783378799
}
iterations: 16684
real_time_factor: 1.0000060000360003
step_size {
  nsec: 4000000
}

sim_time {
  sec: 66
  nsec: 840000000
}
real_time {
  sec: 68
  nsec: 887384113
}
iterations: 16710
real_time_factor: 0.99862813460009314
step_size {
  nsec: 4000000
}

sim_time {
  sec: 66
  nsec: 944000000
}
real_time {
  sec: 68
  nsec: 991382638
}
iterations: 16736
real_time_factor: 0.99891018898381867
step_size {
  nsec: 4000000
}

sim_time {
  sec: 67
  nsec: 48000000
}
real_time {
  sec: 69
  nsec: 95379646
}
iterations: 16762
real_time_factor: 1.0007125073052012
step_size {
  nsec: 4000000
}

sim_time {
  sec: 67
  nsec: 152000000
}
real_time {
  sec: 69
  nsec: 199383043
}
iterations: 16788
real_time_factor: 0.99888200132002258
step_size {
  nsec: 4000000
}

sim_time {
  sec: 67
  nsec: 256000000
}
real_time {
  sec: 69
  nsec: 303379434
}
iterations: 16814
real_time_factor: 0.99994575294290289
step_size {
  nsec: 4000000
}

sim_time {
  sec: 67
  nsec: 356000000
}
real_time {
  sec: 69
  nsec: 403379867
}
iterations: 16839
real_time_factor: 1.0002097940042924
step_size {
  nsec: 4000000
}

sim_time {
  sec: 67
  nsec: 460000000
}
real_time {
  sec: 69
  nsec: 507382118
}
iterations: 16865
real_time_factor: 0.99939311852877344
step_size {
  nsec: 4000000
}

sim_time {
  sec: 67
  nsec: 560000000
}
real_time {
  sec: 69
  nsec: 607382208
}
iterations: 16890
real_time_factor: 0.99923833058251343
step_size {
  nsec: 4000000
}

sim_time {
  sec: 67
  nsec: 664000000
}
real_time {
  sec: 69
  nsec: 711378607
}
iterations: 16916
real_time_factor: 1.0000225005062613
step_size {
  nsec: 4000000
}

sim_time {
  sec: 67
  nsec: 764000000
}
real_time {
  sec: 69
  nsec: 811379049
}
iterations: 16941
real_time_factor: 0.99989051198893719
step_size {
  nsec: 4000000
}

sim_time {
  sec: 67
  nsec: 868000000
}
real_time {
  sec: 69
  nsec: 915380134
}
iterations: 16967
real_time_factor: 0.999649622807206
step_size {
  nsec: 4000000
}

sim_time {
  sec: 67
  nsec: 968000000
}
real_time {
  sec: 70
  nsec: 15382307
}
iterations: 16992
real_time_factor: 0.99942533043499993
step_size {
  nsec: 4000000
}

sim_time {
  sec: 68
  nsec: 72000000
}
real_time {
  sec: 70
  nsec: 119379735
}
iterations: 17018
real_time_factor: 1.0000497524751857
step_size {
  nsec: 4000000
}

sim_time {
  sec: 68
  nsec: 176000000
}
real_time {
  sec: 70
  nsec: 223378375
}
iterations: 17044
real_time_factor: 1.0001380190466285
step_size {
  nsec: 4000000
}

sim_time {
  sec: 68
  nsec: 276000000
}
real_time {
  sec: 70
  nsec: 323378996
}
iterations: 17069
real_time_factor: 0.99989501102384248
step_size {
  nsec: 4000000
}

sim_time {
  sec: 68
  nsec: 380000000
}
real_time {
  sec: 70
  nsec: 427378454
}
iterations: 17095
real_time_factor: 1.0001055111314243
step_size {
  nsec: 4000000
}

sim_time {
  sec: 68
  nsec: 480000000
}
real_time {
  sec: 70
  nsec: 527378806
}
iterations: 17120
real_time_factor: 0.9999157570974645
step_size {
  nsec: 4000000
}

sim_time {
  sec: 68
  nsec: 580000000
}
real_time {
  sec: 70
  nsec: 627379029
}
iterations: 17145
real_time_factor: 1.0001565244960837
step_size {
  nsec: 4000000
}

sim_time {
  sec: 68
  nsec: 680000000
}
real_time {
  sec: 70
  nsec: 727379594
}
iterations: 17170
real_time_factor: 0.99998050038024255
step_size {
  nsec: 4000000
}

sim_time {
  sec: 68
  nsec: 784000000
}
real_time {
  sec: 70
  nsec: 831380551
}
iterations: 17196
real_time_factor: 0.99964062919380481
step_size {
  nsec: 4000000
}

sim_time {
  sec: 68
  nsec: 888000000
}
real_time {
  sec: 70
  nsec: 935380000
}
iterations: 17222
real_time_factor: 1.000316350045702
step_size {
  nsec: 4000000
}

sim_time {
  sec: 68
  nsec: 992000000
}
real_time {
  sec: 71
  nsec: 39379134
}
iterations: 17248
real_time_factor: 1.0000500025001251
step_size {
  nsec: 4000000
}

sim_time {
  sec: 69
  nsec: 96000000
}
real_time {
  sec: 71
  nsec: 143379544
}
iterations: 17274
real_time_factor: 0.99984877287310292
step_size {
  nsec: 4000000
}

sim_time {
  sec: 69
  nsec: 200000000
}
real_time {
  sec: 71
  nsec: 247378122
}
iterations: 17300
real_time_factor: 1.0002283021099565
step_size {
  nsec: 4000000
}

sim_time {
  sec: 69
  nsec: 300000000
}
real_time {
  sec: 71
  nsec: 347378708
}
iterations: 17325
real_time_factor: 0.99987901463922868
step_size {
  nsec: 4000000
}

sim_time {
  sec: 69
  nsec: 400000000
}
real_time {
  sec: 71
  nsec: 447379008
}
iterations: 17350
real_time_factor: 0.99996675110552569
step_size {
  nsec: 4000000
}

sim_time {
  sec: 69
  nsec: 504000000
}
real_time {
  sec: 71
  nsec: 551378552
}
iterations: 17376
real_time_factor: 1.0000457520931583
step_size {
  nsec: 4000000
}

sim_time {
  sec: 69
  nsec: 604000000
}
real_time {
  sec: 71
  nsec: 651379010
}
iterations: 17401
real_time_factor: 0.99995975161999728
step_size {
  nsec: 4000000
}

sim_time {
  sec: 69
  nsec: 704000000
}
real_time {
  sec: 71
  nsec: 751378790
}
iterations: 17426
real_time_factor: 1.0000642541283278
step_size {
  nsec: 4000000
}

sim_time {
  sec: 69
  nsec: 808000000
}
real_time {
  sec: 71
  nsec: 855379751
}
iterations: 17452
real_time_factor: 0.9996915951428984
step_size {
  nsec: 4000000
}

sim_time {
  sec: 69
  nsec: 912000000
}
real_time {
  sec: 71
  nsec: 959378415
}
iterations: 17478
real_time_factor: 1.0000130001690022
step_size {
  nsec: 4000000
}

sim_time {
  sec: 70
  nsec: 12000000
}
real_time {
  sec: 72
  nsec: 59378956
}
iterations: 17503
real_time_factor: 0.99999925000056245
step_size {
  nsec: 4000000
}

sim_time {
  sec: 70
  nsec: 112000000
}
real_time {
  sec: 72
  nsec: 159379580
}
iterations: 17528
real_time_factor: 0.999990000099999
step_size {
  nsec: 4000000
}

sim_time {
  sec: 70
  nsec: 216000000
}
real_time {
  sec: 72
  nsec: 263380696
}
iterations: 17554
real_time_factor: 0.99959666274658177
step_size {
  nsec: 4000000
}

sim_time {
  sec: 70
  nsec: 320000000
}
real_time {
  sec: 72
  nsec: 367379474
}
iterations: 17580
real_time_factor: 1.0001150132265211
step_size {
  nsec: 4000000
}

sim_time {
  sec: 70
  nsec: 424000000
}
real_time {
  sec: 72
  nsec: 471378696
}
iterations: 17606
real_time_factor: 0.9999855002102469
step_size {
  nsec: 4000000
}

sim_time {
  sec: 70
  nsec: 528000000
}
real_time {
  sec: 72
  nsec: 575378687
}
iterations: 17632
real_time_factor: 1.0000087500765631
step_size {
  nsec: 4000000
}

sim_time {
  sec: 70
  nsec: 628000000
}
real_time {
  sec: 72
  nsec: 675378667
}
iterations: 17657
real_time_factor: 1.0000640040962621
step_size {
  nsec: 4000000
}

sim_time {
  sec: 70
  nsec: 728000000
}
real_time {
  sec: 72
  nsec: 775388701
}
iterations: 17682
real_time_factor: 0.99754902205281626
step_size {
  nsec: 4000000
}

sim_time {
  sec: 70
  nsec: 832000000
}
real_time {
  sec: 72
  nsec: 879378470
}
iterations: 17708
real_time_factor: 1.0000917584188349
step_size {
  nsec: 4000000
}

sim_time {
  sec: 70
  nsec: 932000000
}
real_time {
  sec: 72
  nsec: 979379985
}
iterations: 17733
real_time_factor: 0.99986751755392411
step_size {
  nsec: 4000000
}

sim_time {
  sec: 71
  nsec: 36000000
}
real_time {
  sec: 73
  nsec: 83378819
}
iterations: 17759
real_time_factor: 0.99993225458975155
step_size {
  nsec: 4000000
}

sim_time {
  sec: 71
  nsec: 140000000
}
real_time {
  sec: 73
  nsec: 187379079
}
iterations: 17785
real_time_factor: 0.99995300220889616
step_size {
  nsec: 4000000
}

sim_time {
  sec: 71
  nsec: 244000000
}
real_time {
  sec: 73
  nsec: 291378742
}
iterations: 17811
real_time_factor: 1.0000017500030625
step_size {
  nsec: 4000000
}

sim_time {
  sec: 71
  nsec: 344000000
}
real_time {
  sec: 73
  nsec: 391491838
}
iterations: 17836
real_time_factor: 0.97370841230514271
step_size {
  nsec: 4000000
}

sim_time {
  sec: 71
  nsec: 448000000
}
real_time {
  sec: 73
  nsec: 495379522
}
iterations: 17862
real_time_factor: 1.0000620038442383
step_size {
  nsec: 4000000
}

sim_time {
  sec: 71
  nsec: 548000000
}
real_time {
  sec: 73
  nsec: 595379322
}
iterations: 17887
real_time_factor: 0.99989751050517317
step_size {
  nsec: 4000000
}

sim_time {
  sec: 71
  nsec: 648000000
}
real_time {
  sec: 73
  nsec: 695381085
}
iterations: 17912
real_time_factor: 0.99959441456628972
step_size {
  nsec: 4000000
}

sim_time {
  sec: 71
  nsec: 752000000
}
real_time {
  sec: 73
  nsec: 799378921
}
iterations: 17938
real_time_factor: 1.0001175138078724
step_size {
  nsec: 4000000
}

sim_time {
  sec: 71
  nsec: 856000000
}
real_time {
  sec: 73
  nsec: 903382813
}
iterations: 17964
real_time_factor: 0.99905339690643113
step_size {
  nsec: 4000000
}

sim_time {
  sec: 71
  nsec: 956000000
}
real_time {
  sec: 74
  nsec: 3385684
}
iterations: 17989
real_time_factor: 0.9993446797262695
step_size {
  nsec: 4000000
}

sim_time {
  sec: 72
  nsec: 60000000
}
real_time {
  sec: 74
  nsec: 107379020
}
iterations: 18015
real_time_factor: 1.0007638329955337
step_size {
  nsec: 4000000
}

sim_time {
  sec: 72
  nsec: 164000000
}
real_time {
  sec: 74
  nsec: 211379422
}
iterations: 18041
real_time_factor: 0.999793042840132
step_size {
  nsec: 4000000
}

sim_time {
  sec: 72
  nsec: 268000000
}
real_time {
  sec: 74
  nsec: 315378882
}
iterations: 18067
real_time_factor: 0.99992775521968535
step_size {
  nsec: 4000000
}

sim_time {
  sec: 72
  nsec: 372000000
}
real_time {
  sec: 74
  nsec: 419384703
}
iterations: 18093
real_time_factor: 0.99846934649182806
step_size {
  nsec: 4000000
}

sim_time {
  sec: 72
  nsec: 476000000
}
real_time {
  sec: 74
  nsec: 523381876
}
iterations: 18119
real_time_factor: 0.99946478660677207
step_size {
  nsec: 4000000
}

sim_time {
  sec: 72
  nsec: 580000000
}
real_time {
  sec: 74
  nsec: 627379048
}
iterations: 18145
real_time_factor: 0.99998325028055779
step_size {
  nsec: 4000000
}

sim_time {
  sec: 72
  nsec: 684000000
}
real_time {
  sec: 74
  nsec: 731379119
}
iterations: 18171
real_time_factor: 0.99993700396875
step_size {
  nsec: 4000000
}

sim_time {
  sec: 72
  nsec: 784000000
}
real_time {
  sec: 74
  nsec: 831380669
}
iterations: 18196
real_time_factor: 1.0005923506715977
step_size {
  nsec: 4000000
}

sim_time {
  sec: 72
  nsec: 888000000
}
real_time {
  sec: 74
  nsec: 935382101
}
iterations: 18222
real_time_factor: 0.99919914188777692
step_size {
  nsec: 4000000
}

sim_time {
  sec: 72
  nsec: 992000000
}
real_time {
  sec: 75
  nsec: 39378968
}
iterations: 18248
real_time_factor: 0.99995300220889616
step_size {
  nsec: 4000000
}

sim_time {
  sec: 73
  nsec: 96000000
}
real_time {
  sec: 75
  nsec: 143378789
}
iterations: 18274
real_time_factor: 1.0000525027563947
step_size {
  nsec: 4000000
}

sim_time {
  sec: 73
  nsec: 196000000
}
real_time {
  sec: 75
  nsec: 243379282
}
iterations: 18299
real_time_factor: 0.99996450126020531
step_size {
  nsec: 4000000
}

sim_time {
  sec: 73
  nsec: 296000000
}
real_time {
  sec: 75
  nsec: 343379335
}
iterations: 18324
real_time_factor: 1.0001682783128261
step_size {
  nsec: 4000000
}

sim_time {
  sec: 73
  nsec: 400000000
}
real_time {
  sec: 75
  nsec: 447382585
}
iterations: 18350
real_time_factor: 0.99926154571771464
step_size {
  nsec: 4000000
}

sim_time {
  sec: 73
  nsec: 504000000
}
real_time {
  sec: 75
  nsec: 551379482
}
iterations: 18376
real_time_factor: 1.0001220148858161
step_size {
  nsec: 4000000
}

sim_time {
  sec: 73
  nsec: 608000000
}
real_time {
  sec: 75
  nsec: 655382176
}
iterations: 18402
real_time_factor: 0.99920613072913567
step_size {
  nsec: 4000000
}

sim_time {
  sec: 73
  nsec: 712000000
}
real_time {
  sec: 75
  nsec: 759378592
}
iterations: 18428
real_time_factor: 1.0000205004202587
step_size {
  nsec: 4000000
}

sim_time {
  sec: 73
  nsec: 816000000
}
real_time {
  sec: 75
  nsec: 863378462
}
iterations: 18454
real_time_factor: 1.0000620038442383
step_size {
  nsec: 4000000
}

sim_time {
  sec: 73
  nsec: 916000000
}
real_time {
  sec: 75
  nsec: 963378997
}
iterations: 18479
real_time_factor: 1.0000085000722505
step_size {
  nsec: 4000000
}

sim_time {
  sec: 74
  nsec: 20000000
}
real_time {
  sec: 76
  nsec: 67378801
}
iterations: 18505
real_time_factor: 1.0000297508850888
step_size {
  nsec: 4000000
}

sim_time {
  sec: 74
  nsec: 124000000
}
real_time {
  sec: 76
  nsec: 171380653
}
iterations: 18531
real_time_factor: 0.999490509712674
step_size {
  nsec: 4000000
}

sim_time {
  sec: 74
  nsec: 228000000
}
real_time {
  sec: 76
  nsec: 275378909
}
iterations: 18557
real_time_factor: 0.99986526815511612
step_size {
  nsec: 4000000
}

sim_time {
  sec: 74
  nsec: 328000000
}
real_time {
  sec: 76
  nsec: 375379697
}
iterations: 18582
real_time_factor: 1.0000665044225441
step_size {
  nsec: 4000000
}

sim_time {
  sec: 74
  nsec: 432000000
}
real_time {
  sec: 76
  nsec: 479380338
}
iterations: 18608
real_time_factor: 0.99970083952377253
step_size {
  nsec: 4000000
}

sim_time {
  sec: 74
  nsec: 536000000
}
real_time {
  sec: 76
  nsec: 583379433
}
iterations: 18634
real_time_factor: 1.0000017500030625
step_size {
  nsec: 4000000
}

sim_time {
  sec: 74
  nsec: 636000000
}
real_time {
  sec: 76
  nsec: 683382813
}
iterations: 18659
real_time_factor: 0.999169190817835
step_size {
  nsec: 4000000
}

sim_time {
  sec: 74
  nsec: 740000000
}
real_time {
  sec: 76
  nsec: 787378621
}
iterations: 18685
real_time_factor: 1.0000160002560041
step_size {
  nsec: 4000000
}

sim_time {
  sec: 74
  nsec: 840000000
}
real_time {
  sec: 76
  nsec: 887379076
}
iterations: 18710
real_time_factor: 1.0001427703804717
step_size {
  nsec: 4000000
}

sim_time {
  sec: 74
  nsec: 944000000
}
real_time {
  sec: 76
  nsec: 991379078
}
iterations: 18736
real_time_factor: 0.99993700396875
step_size {
  nsec: 4000000
}

sim_time {
  sec: 75
  nsec: 44000000
}
real_time {
  sec: 77
  nsec: 91379505
}
iterations: 18761
real_time_factor: 1.0001475217594595
step_size {
  nsec: 4000000
}

sim_time {
  sec: 75
  nsec: 148000000
}
real_time {
  sec: 77
  nsec: 195379831
}
iterations: 18787
real_time_factor: 0.9997887946171371
step_size {
  nsec: 4000000
}

sim_time {
  sec: 75
  nsec: 252000000
}
real_time {
  sec: 77
  nsec: 299379995
}
iterations: 18813
real_time_factor: 0.99991150783155691
step_size {
  nsec: 4000000
}

sim_time {
  sec: 75
  nsec: 356000000
}
real_time {
  sec: 77
  nsec: 403379111
}
iterations: 18839
real_time_factor: 0.99994875262642791
step_size {
  nsec: 4000000
}

sim_time {
  sec: 75
  nsec: 460000000
}
real_time {
  sec: 77
  nsec: 507379163
}
iterations: 18865
real_time_factor: 0.99998100036099313
step_size {
  nsec: 4000000
}

sim_time {
  sec: 75
  nsec: 564000000
}
real_time {
  sec: 77
  nsec: 611379205
}
iterations: 18891
real_time_factor: 1.0000600036002161
step_size {
  nsec: 4000000
}

sim_time {
  sec: 75
  nsec: 668000000
}
real_time {
  sec: 77
  nsec: 715378905
}
iterations: 18917
real_time_factor: 0.99999975000006247
step_size {
  nsec: 4000000
}

sim_time {
  sec: 75
  nsec: 768000000
}
real_time {
  sec: 77
  nsec: 815379029
}
iterations: 18942
real_time_factor: 1.0000412517016326
step_size {
  nsec: 4000000
}

sim_time {
  sec: 75
  nsec: 868000000
}
real_time {
  sec: 77
  nsec: 915379542
}
iterations: 18967
real_time_factor: 0.99995800176392591
step_size {
  nsec: 4000000
}

sim_time {
  sec: 75
  nsec: 972000000
}
real_time {
  sec: 78
  nsec: 19379196
}
iterations: 18993
real_time_factor: 1.0002635694505502
step_size {
  nsec: 4000000
}

sim_time {
  sec: 76
  nsec: 76000000
}
real_time {
  sec: 78
  nsec: 123379432
}
iterations: 19019
real_time_factor: 0.99992075628006483
step_size {
  nsec: 4000000
}

sim_time {
  sec: 76
  nsec: 180000000
}
real_time {
  sec: 78
  nsec: 227379437
}
iterations: 19045
real_time_factor: 0.999914007395364
step_size {
  nsec: 4000000
}

sim_time {
  sec: 76
  nsec: 280000000
}
real_time {
  sec: 78
  nsec: 327379380
}
iterations: 19070
real_time_factor: 1.0022151460265052
step_size {
  nsec: 4000000
}

sim_time {
  sec: 76
  nsec: 380000000
}
real_time {
  sec: 78
  nsec: 427380174
}
iterations: 19095
real_time_factor: 1.0003216033954916
step_size {
  nsec: 4000000
}

sim_time {
  sec: 76
  nsec: 484000000
}
real_time {
  sec: 78
  nsec: 531378561
}
iterations: 19121
real_time_factor: 1.0001455211733308
step_size {
  nsec: 4000000
}

sim_time {
  sec: 76
  nsec: 588000000
}
real_time {
  sec: 78
  nsec: 635379153
}
iterations: 19147
real_time_factor: 0.99994650286209685
step_size {
  nsec: 4000000
}

sim_time {
  sec: 76
  nsec: 688000000
}
real_time {
  sec: 78
  nsec: 735379524
}
iterations: 19172
real_time_factor: 1.0005738290909836
step_size {
  nsec: 4000000
}

sim_time {
  sec: 76
  nsec: 792000000
}
real_time {
  sec: 78
  nsec: 839379322
}
iterations: 19198
real_time_factor: 1.0000342511731026
step_size {
  nsec: 4000000
}

sim_time {
  sec: 76
  nsec: 896000000
}
real_time {
  sec: 78
  nsec: 943378681
}
iterations: 19224
real_time_factor: 0.99993725393731547
step_size {
  nsec: 4000000
}

sim_time {
  sec: 76
  nsec: 996000000
}
real_time {
  sec: 79
  nsec: 43380021
}
iterations: 19249
real_time_factor: 0.99998350027224547
step_size {
  nsec: 4000000
}

sim_time {
  sec: 77
  nsec: 100000000
}
real_time {
  sec: 79
  nsec: 147379289
}
iterations: 19275
real_time_factor: 1.0000760057764391
step_size {
  nsec: 4000000
}

sim_time {
  sec: 77
  nsec: 204000000
}
real_time {
  sec: 79
  nsec: 251378851
}
iterations: 19301
real_time_factor: 0.9998932613943462
step_size {
  nsec: 4000000
}

sim_time {
  sec: 77
  nsec: 308000000
}
real_time {
  sec: 79
  nsec: 355378593
}
iterations: 19327
real_time_factor: 1.0000112501265639
step_size {
  nsec: 4000000
}

sim_time {
  sec: 77
  nsec: 408000000
}
real_time {
  sec: 79
  nsec: 455378668
}
iterations: 19352
real_time_factor: 0.99998100036099313
step_size {
  nsec: 4000000
}

sim_time {
  sec: 77
  nsec: 512000000
}
real_time {
  sec: 79
  nsec: 559378938
}
iterations: 19378
real_time_factor: 0.99991175778737529
step_size {
  nsec: 4000000
}

sim_time {
  sec: 77
  nsec: 612000000
}
real_time {
  sec: 79
  nsec: 659379430
}
iterations: 19403
real_time_factor: 0.99987226631797788
step_size {
  nsec: 4000000
}

sim_time {
  sec: 77
  nsec: 712000000
}
real_time {
  sec: 79
  nsec: 759379292
}
iterations: 19428
real_time_factor: 1.0006364047534231
step_size {
  nsec: 4000000
}

sim_time {
  sec: 77
  nsec: 816000000
}
real_time {
  sec: 79
  nsec: 863378895
}
iterations: 19454
real_time_factor: 1.0000645041605183
step_size {
  nsec: 4000000
}

sim_time {
  sec: 77
  nsec: 920000000
}
real_time {
  sec: 79
  nsec: 967378415
}
iterations: 19480
real_time_factor: 1.00005750330644
step_size {
  nsec: 4000000
}

sim_time {
  sec: 78
  nsec: 20000000
}
real_time {
  sec: 80
  nsec: 67378638
}
iterations: 19505
real_time_factor: 1.0000277507700839
step_size {
  nsec: 4000000
}

sim_time {
  sec: 78
  nsec: 124000000
}
real_time {
  sec: 80
  nsec: 171378686
}
iterations: 19531
real_time_factor: 1.0000367513506121
step_size {
  nsec: 4000000
}

sim_time {
  sec: 78
  nsec: 228000000
}
real_time {
  sec: 80
  nsec: 275378487
}
iterations: 19557
real_time_factor: 1.0000112501265639
step_size {
  nsec: 4000000
}

sim_time {
  sec: 78
  nsec: 328000000
}
real_time {
  sec: 80
  nsec: 375381023
}
iterations: 19582
real_time_factor: 0.99959041782629565
step_size {
  nsec: 4000000
}

sim_time {
  sec: 78
  nsec: 432000000
}
real_time {
  sec: 80
  nsec: 479378588
}
iterations: 19608
real_time_factor: 0.99996525120752056
step_size {
  nsec: 4000000
}

sim_time {
  sec: 78
  nsec: 532000000
}
real_time {
  sec: 80
  nsec: 579379553
}
iterations: 19633
real_time_factor: 0.99977030277293788
step_size {
  nsec: 4000000
}

sim_time {
  sec: 78
  nsec: 636000000
}
real_time {
  sec: 80
  nsec: 683379049
}
iterations: 19659
real_time_factor: 0.999888512430864
step_size {
  nsec: 4000000
}

sim_time {
  sec: 78
  nsec: 740000000
}
real_time {
  sec: 80
  nsec: 787378855
}
iterations: 19685
real_time_factor: 0.99996475124251871
step_size {
  nsec: 4000000
}

sim_time {
  sec: 78
  nsec: 840000000
}
real_time {
  sec: 80
  nsec: 887379733
}
iterations: 19710
real_time_factor: 0.99993950366002859
step_size {
  nsec: 4000000
}

sim_time {
  sec: 78
  nsec: 944000000
}
real_time {
  sec: 80
  nsec: 991378998
}
iterations: 19736
real_time_factor: 0.99987226631797788
step_size {
  nsec: 4000000
}

sim_time {
  sec: 79
  nsec: 48000000
}
real_time {
  sec: 81
  nsec: 95378641
}
iterations: 19762
real_time_factor: 1.0000925085570416
step_size {
  nsec: 4000000
}

sim_time {
  sec: 79
  nsec: 152000000
}
real_time {
  sec: 81
  nsec: 199378914
}
iterations: 19788
real_time_factor: 0.99995825174298969
step_size {
  nsec: 4000000
}

sim_time {
  sec: 79
  nsec: 252000000
}
real_time {
  sec: 81
  nsec: 299378914
}
iterations: 19813
real_time_factor: 0.99995350216214951
step_size {
  nsec: 4000000
}

sim_time {
  sec: 79
  nsec: 352000000
}
real_time {
  sec: 81
  nsec: 399379189
}
iterations: 19838
real_time_factor: 0.99996300136894933
step_size {
  nsec: 4000000
}

sim_time {
  sec: 79
  nsec: 456000000
}
real_time {
  sec: 81
  nsec: 503378854
}
iterations: 19864
real_time_factor: 1.0000185003422564
step_size {
  nsec: 4000000
}

sim_time {
  sec: 79
  nsec: 556000000
}
real_time {
  sec: 81
  nsec: 603381658
}
iterations: 19889
real_time_factor: 0.99937264382284019
step_size {
  nsec: 4000000
}

sim_time {
  sec: 79
  nsec: 660000000
}
real_time {
  sec: 81
  nsec: 707379258
}
iterations: 19915
real_time_factor: 0.99990025994907006
step_size {
  nsec: 4000000
}

sim_time {
  sec: 79
  nsec: 760000000
}
real_time {
  sec: 81
  nsec: 807379292
}
iterations: 19940
real_time_factor: 1.0001390193236861
step_size {
  nsec: 4000000
}

sim_time {
  sec: 79
  nsec: 864000000
}
real_time {
  sec: 81
  nsec: 911379291
}
iterations: 19966
real_time_factor: 0.999914007395364
step_size {
  nsec: 4000000
}

sim_time {
  sec: 79
  nsec: 968000000
}
real_time {
  sec: 82
  nsec: 15378975
}
iterations: 19992
real_time_factor: 1.0000740054764052
step_size {
  nsec: 4000000
}

sim_time {
  sec: 80
  nsec: 72000000
}
real_time {
  sec: 82
  nsec: 119378880
}
iterations: 20018
real_time_factor: 1.0001527733361271
step_size {
  nsec: 4000000
}

sim_time {
  sec: 80
  nsec: 172000000
}
real_time {
  sec: 82
  nsec: 219380749
}
iterations: 20043
real_time_factor: 0.99955070195946927
step_size {
  nsec: 4000000
}

sim_time {
  sec: 80
  nsec: 276000000
}
real_time {
  sec: 82
  nsec: 323379307
}
iterations: 20069
real_time_factor: 1.0000692547958947
step_size {
  nsec: 4000000
}

sim_time {
  sec: 80
  nsec: 380000000
}
real_time {
  sec: 82
  nsec: 427378836
}
iterations: 20095
real_time_factor: 0.99995350216214951
step_size {
  nsec: 4000000
}

sim_time {
  sec: 80
  nsec: 480000000
}
real_time {
  sec: 82
  nsec: 527383225
}
iterations: 20120
real_time_factor: 0.99891792216081932
step_size {
  nsec: 4000000
}

sim_time {
  sec: 80
  nsec: 584000000
}
real_time {
  sec: 82
  nsec: 631378578
}
iterations: 20146
real_time_factor: 0.99997225077004115
step_size {
  nsec: 4000000
}

sim_time {
  sec: 80
  nsec: 684000000
}
real_time {
  sec: 82
  nsec: 731379811
}
iterations: 20171
real_time_factor: 1.0016529778266585
step_size {
  nsec: 4000000
}

sim_time {
  sec: 80
  nsec: 784000000
}
real_time {
  sec: 82
  nsec: 831381673
}
iterations: 20196
real_time_factor: 0.99937763757619946
step_size {
  nsec: 4000000
}

sim_time {
  sec: 80
  nsec: 888000000
}
real_time {
  sec: 82
  nsec: 935378915
}
iterations: 20222
real_time_factor: 0.99999050009024915
step_size {
  nsec: 4000000
}

sim_time {
  sec: 80
  nsec: 992000000
}
real_time {
  sec: 83
  nsec: 39378749
}
iterations: 20248
real_time_factor: 0.99998150034224365
step_size {
  nsec: 4000000
}

sim_time {
  sec: 81
  nsec: 92000000
}
real_time {
  sec: 83
  nsec: 139379195
}
iterations: 20273
real_time_factor: 0.99989801040293891
step_size {
  nsec: 4000000
}

sim_time {
  sec: 81
  nsec: 196000000
}
real_time {
  sec: 83
  nsec: 243378658
}
iterations: 20299
real_time_factor: 0.99998600019599726
step_size {
  nsec: 4000000
}

sim_time {
  sec: 81
  nsec: 296000000
}
real_time {
  sec: 83
  nsec: 343378977
}
iterations: 20324
real_time_factor: 1.0001480219072423
step_size {
  nsec: 4000000
}

sim_time {
  sec: 81
  nsec: 400000000
}
real_time {
  sec: 83
  nsec: 447379185
}
iterations: 20350
real_time_factor: 0.99993975362984377
step_size {
  nsec: 4000000
}

sim_time {
  sec: 81
  nsec: 504000000
}
real_time {
  sec: 83
  nsec: 551378680
}
iterations: 20376
real_time_factor: 0.99996525120752056
step_size {
  nsec: 4000000
}

sim_time {
  sec: 81
  nsec: 604000000
}
real_time {
  sec: 83
  nsec: 651379332
}
iterations: 20401
real_time_factor: 0.99991200774331856
step_size {
  nsec: 4000000
}

sim_time {
  sec: 81
  nsec: 708000000
}
real_time {
  sec: 83
  nsec: 755380484
}
iterations: 20427
real_time_factor: 0.99969709178119026
step_size {
  nsec: 4000000
}

sim_time {
  sec: 81
  nsec: 812000000
}
real_time {
  sec: 83
  nsec: 859378600
}
iterations: 20453
real_time_factor: 1.00000450002025
step_size {
  nsec: 4000000
}

sim_time {
  sec: 81
  nsec: 912000000
}
real_time {
  sec: 83
  nsec: 959379455
}
iterations: 20478
real_time_factor: 1.0000420017640741
step_size {
  nsec: 4000000
}

sim_time {
  sec: 82
  nsec: 12000000
}
real_time {
  sec: 84
  nsec: 59380117
}
iterations: 20503
real_time_factor: 0.99971533105948085
step_size {
  nsec: 4000000
}

sim_time {
  sec: 82
  nsec: 116000000
}
real_time {
  sec: 84
  nsec: 163378927
}
iterations: 20529
real_time_factor: 1.0001342680254823
step_size {
  nsec: 4000000
}

sim_time {
  sec: 82
  nsec: 216000000
}
real_time {
  sec: 84
  nsec: 263379207
}
iterations: 20554
real_time_factor: 1.0000255006502665
step_size {
  nsec: 4000000
}

sim_time {
  sec: 82
  nsec: 320000000
}
real_time {
  sec: 84
  nsec: 367378742
}
iterations: 20580
real_time_factor: 1.0000740054764052
step_size {
  nsec: 4000000
}

sim_time {
  sec: 82
  nsec: 420000000
}
real_time {
  sec: 84
  nsec: 467378991
}
iterations: 20605
real_time_factor: 1.0000622538753037
step_size {
  nsec: 4000000
}

sim_time {
  sec: 82
  nsec: 520000000
}
real_time {
  sec: 84
  nsec: 567380016
}
iterations: 20630
real_time_factor: 0.99971757978371112
step_size {
  nsec: 4000000
}

sim_time {
  sec: 82
  nsec: 624000000
}
real_time {
  sec: 84
  nsec: 671379069
}
iterations: 20656
real_time_factor: 1.0000462521391615
step_size {
  nsec: 4000000
}

sim_time {
  sec: 82
  nsec: 724000000
}
real_time {
  sec: 84
  nsec: 771379317
}
iterations: 20681
real_time_factor: 1.000079006241493
step_size {
  nsec: 4000000
}

sim_time {
  sec: 82
  nsec: 828000000
}
real_time {
  sec: 84
  nsec: 875379038
}
iterations: 20707
real_time_factor: 1.0000185003422564
step_size {
  nsec: 4000000
}

sim_time {
  sec: 82
  nsec: 928000000
}
real_time {
  sec: 84
  nsec: 975379527
}
iterations: 20732
real_time_factor: 1.0003611303680628
step_size {
  nsec: 4000000
}

sim_time {
  sec: 83
  nsec: 32000000
}
real_time {
  sec: 85
  nsec: 79379413
}
iterations: 20758
real_time_factor: 0.99988426339651182
step_size {
  nsec: 4000000
}

sim_time {
  sec: 83
  nsec: 132000000
}
real_time {
  sec: 85
  nsec: 179379717
}
iterations: 20783
real_time_factor: 0.99997225077004115
step_size {
  nsec: 4000000
}

sim_time {
  sec: 83
  nsec: 236000000
}
real_time {
  sec: 85
  nsec: 283379425
}
iterations: 20809
real_time_factor: 1.0001550240287245
step_size {
  nsec: 4000000
}

sim_time {
  sec: 83
  nsec: 340000000
}
real_time {
  sec: 85
  nsec: 387379323
}
iterations: 20835
real_time_factor: 1.0000465021623506
step_size {
  nsec: 4000000
}

sim_time {
  sec: 83
  nsec: 444000000
}
real_time {
  sec: 85
  nsec: 491379028
}
iterations: 20861
real_time_factor: 1.0000302509150902
step_size {
  nsec: 4000000
}

sim_time {
  sec: 83
  nsec: 548000000
}
real_time {
  sec: 85
  nsec: 595379956
}
iterations: 20887
real_time_factor: 0.99977530050121233
step_size {
  nsec: 4000000
}

sim_time {
  sec: 83
  nsec: 652000000
}
real_time {
  sec: 85
  nsec: 699378984
}
iterations: 20913
real_time_factor: 1.0000207504305714
step_size {
  nsec: 4000000
}

sim_time {
  sec: 83
  nsec: 756000000
}
real_time {
  sec: 85
  nsec: 803378401
}
iterations: 20939
real_time_factor: 1.000171529417295
step_size {
  nsec: 4000000
}

sim_time {
  sec: 83
  nsec: 856000000
}
real_time {
  sec: 85
  nsec: 903378736
}
iterations: 20964
real_time_factor: 1.0000950090258574
step_size {
  nsec: 4000000
}

sim_time {
  sec: 83
  nsec: 956000000
}
real_time {
  sec: 86
  nsec: 3382145
}
iterations: 20989
real_time_factor: 0.99942632928698927
step_size {
  nsec: 4000000
}

sim_time {
  sec: 84
  nsec: 60000000
}
real_time {
  sec: 86
  nsec: 107380572
}
iterations: 21015
real_time_factor: 0.99973157207289842
step_size {
  nsec: 4000000
}

sim_time {
  sec: 84
  nsec: 164000000
}
real_time {
  sec: 86
  nsec: 211378878
}
iterations: 21041
real_time_factor: 0.99997475063754637
step_size {
  nsec: 4000000
}

sim_time {
  sec: 84
  nsec: 264000000
}
real_time {
  sec: 86
  nsec: 311379458
}
iterations: 21066
real_time_factor: 1.000201540610433
step_size {
  nsec: 4000000
}

sim_time {
  sec: 84
  nsec: 368000000
}
real_time {
  sec: 86
  nsec: 415378832
}
iterations: 21092
real_time_factor: 0.99994450308007909
step_size {
  nsec: 4000000
}

sim_time {
  sec: 84
  nsec: 472000000
}
real_time {
  sec: 86
  nsec: 519378466
}
iterations: 21118
real_time_factor: 1.0000717551484319
step_size {
  nsec: 4000000
}

sim_time {
  sec: 84
  nsec: 572000000
}
real_time {
  sec: 86
  nsec: 619380424
}
iterations: 21143
real_time_factor: 1.0000255006502665
step_size {
  nsec: 4000000
}

sim_time {
  sec: 84
  nsec: 676000000
}
real_time {
  sec: 86
  nsec: 723523284
}
iterations: 21169
real_time_factor: 0.96524793720483015
step_size {
  nsec: 4000000
}

sim_time {
  sec: 84
  nsec: 780000000
}
real_time {
  sec: 86
  nsec: 827379284
}
iterations: 21195
real_time_factor: 1.001486205529005
step_size {
  nsec: 4000000
}

sim_time {
  sec: 84
  nsec: 884000000
}
real_time {
  sec: 86
  nsec: 931379427
}
iterations: 21221
real_time_factor: 1.0000742555134718
step_size {
  nsec: 4000000
}

sim_time {
  sec: 84
  nsec: 984000000
}
real_time {
  sec: 87
  nsec: 31384459
}
iterations: 21246
real_time_factor: 0.9987887189810557
step_size {
  nsec: 4000000
}

sim_time {
  sec: 85
  nsec: 88000000
}
real_time {
  sec: 87
  nsec: 135379352
}
iterations: 21272
real_time_factor: 1.0000487523766783
step_size {
  nsec: 4000000
}

sim_time {
  sec: 85
  nsec: 192000000
}
real_time {
  sec: 87
  nsec: 239378457
}
iterations: 21298
real_time_factor: 1.0001342680254823
step_size {
  nsec: 4000000
}

sim_time {
  sec: 85
  nsec: 292000000
}
real_time {
  sec: 87
  nsec: 339378705
}
iterations: 21323
real_time_factor: 0.99997950042024142
step_size {
  nsec: 4000000
}

sim_time {
  sec: 85
  nsec: 396000000
}
real_time {
  sec: 87
  nsec: 443378786
}
iterations: 21349
real_time_factor: 0.99995600193591483
step_size {
  nsec: 4000000
}

sim_time {
  sec: 85
  nsec: 496000000
}
real_time {
  sec: 87
  nsec: 543379507
}
iterations: 21374
real_time_factor: 0.999967751040029
step_size {
  nsec: 4000000
}

sim_time {
  sec: 85
  nsec: 600000000
}
real_time {
  sec: 87
  nsec: 647378782
}
iterations: 21400
real_time_factor: 1.0000372513876141
step_size {
  nsec: 4000000
}

sim_time {
  sec: 85
  nsec: 700000000
}
real_time {
  sec: 87
  nsec: 747379170
}
iterations: 21425
real_time_factor: 0.99997700052898786
step_size {
  nsec: 4000000
}

sim_time {
  sec: 85
  nsec: 804000000
}
real_time {
  sec: 87
  nsec: 851378982
}
iterations: 21451
real_time_factor: 0.99998875012656108
step_size {
  nsec: 4000000
}

sim_time {
  sec: 85
  nsec: 904000000
}
real_time {
  sec: 87
  nsec: 951379323
}
iterations: 21476
real_time_factor: 1.0000952590734267
step_size {
  nsec: 4000000
}

sim_time {
  sec: 86
  nsec: 8000000
}
real_time {
  sec: 88
  nsec: 55379072
}
iterations: 21502
real_time_factor: 1.0000717551484319
step_size {
  nsec: 4000000
}

