sim_time {
  nsec: 4000000
}
real_time {
  sec: 1
  nsec: 771282821
}
iterations: 1
real_time_factor: 0.0022582503215052637
step_size {
  nsec: 4000000
}

sim_time {
  nsec: 108000000
}
real_time {
  sec: 1
  nsec: 875266123
}
iterations: 27
real_time_factor: 0.99999250005624962
step_size {
  nsec: 4000000
}

sim_time {
  nsec: 212000000
}
real_time {
  sec: 1
  nsec: 979265878
}
iterations: 53
real_time_factor: 1.0000340011560394
step_size {
  nsec: 4000000
}

sim_time {
  nsec: 316000000
}
real_time {
  sec: 2
  nsec: 83266086
}
iterations: 79
real_time_factor: 1.0000250006250155
step_size {
  nsec: 4000000
}

sim_time {
  nsec: 416000000
}
real_time {
  sec: 2
  nsec: 183271887
}
iterations: 104
real_time_factor: 0.99983727648325238
step_size {
  nsec: 4000000
}

sim_time {
  nsec: 516000000
}
real_time {
  sec: 2
  nsec: 283491272
}
iterations: 129
real_time_factor: 0.94701633034960053
step_size {
  nsec: 4000000
}

sim_time {
  nsec: 620000000
}
real_time {
  sec: 2
  nsec: 387265950
}
iterations: 155
real_time_factor: 1.0000017500030625
step_size {
  nsec: 4000000
}

sim_time {
  nsec: 720000000
}
real_time {
  sec: 2
  nsec: 487266138
}
iterations: 180
real_time_factor: 1.0012417901302091
step_size {
  nsec: 4000000
}

sim_time {
  nsec: 824000000
}
real_time {
  sec: 2
  nsec: 591266329
}
iterations: 206
real_time_factor: 0.99987226631797788
step_size {
  nsec: 4000000
}

sim_time {
  nsec: 928000000
}
real_time {
  sec: 2
  nsec: 695265566
}
iterations: 232
real_time_factor: 1.0000110001210014
step_size {
  nsec: 4000000
}

sim_time {
  sec: 1
  nsec: 28000000
}
real_time {
  sec: 2
  nsec: 795265853
}
iterations: 257
real_time_factor: 0.99994850265211344
step_size {
  nsec: 4000000
}

sim_time {
  sec: 1
  nsec: 128000000
}
real_time {
  sec: 2
  nsec: 895266086
}
iterations: 282
real_time_factor: 1.0001012602526005
step_size {
  nsec: 4000000
}

sim_time {
  sec: 1
  nsec: 232000000
}
real_time {
  sec: 2
  nsec: 999268394
}
iterations: 308
real_time_factor: 0.99931696685315585
step_size {
  nsec: 4000000
}

sim_time {
  sec: 1
  nsec: 336000000
}
real_time {
  sec: 3
  nsec: 103266007
}
iterations: 334
real_time_factor: 1.0000645041605183
step_size {
  nsec: 4000000
}

sim_time {
  sec: 1
  nsec: 436000000
}
real_time {
  sec: 3
  nsec: 203266240
}
iterations: 359
real_time_factor: 0.99990675869475176
step_size {
  nsec: 4000000
}

sim_time {
  sec: 1
  nsec: 536000000
}
real_time {
  sec: 3
  nsec: 303271204
}
iterations: 384
real_time_factor: 0.99984202496005636
step_size {
  nsec: 4000000
}

sim_time {
  sec: 1
  nsec: 640000000
}
real_time {
  sec: 3
  nsec: 407266187
}
iterations: 410
real_time_factor: 0.99988401345443934
step_size {
  nsec: 4000000
}

sim_time {
  sec: 1
  nsec: 732000000
}
real_time {
  sec: 3
  nsec: 787499784
}
iterations: 433
real_time_factor: 0.013687717650964815
step_size {
  nsec: 4000000
}

sim_time {
  sec: 1
  nsec: 836000000
}
real_time {
  sec: 3
  nsec: 891495664
}
iterations: 459
real_time_factor: 1.000041001681069
step_size {
  nsec: 4000000
}

sim_time {
  sec: 1
  nsec: 940000000
}
real_time {
  sec: 3
  nsec: 995495821
}
iterations: 485
real_time_factor: 0.99996500122495713
step_size {
  nsec: 4000000
}

sim_time {
  sec: 2
  nsec: 44000000
}
real_time {
  sec: 4
  nsec: 99495802
}
iterations: 511
real_time_factor: 0.99998575020305958
step_size {
  nsec: 4000000
}

sim_time {
  sec: 2
  nsec: 148000000
}
real_time {
  sec: 4
  nsec: 203495690
}
iterations: 537
real_time_factor: 1.0000230005290123
step_size {
  nsec: 4000000
}

sim_time {
  sec: 2
  nsec: 252000000
}
real_time {
  sec: 4
  nsec: 307495746
}
iterations: 563
real_time_factor: 0.99999725000756245
step_size {
  nsec: 4000000
}

sim_time {
  sec: 2
  nsec: 356000000
}
real_time {
  sec: 4
  nsec: 411495524
}
iterations: 589
real_time_factor: 1.0000320010240327
step_size {
  nsec: 4000000
}

sim_time {
  sec: 2
  nsec: 460000000
}
real_time {
  sec: 4
  nsec: 515496032
}
iterations: 615
real_time_factor: 0.99993950366002859
step_size {
  nsec: 4000000
}

sim_time {
  sec: 2
  nsec: 564000000
}
real_time {
  sec: 4
  nsec: 619495912
}
iterations: 641
real_time_factor: 0.99994400313582443
step_size {
  nsec: 4000000
}

sim_time {
  sec: 2
  nsec: 668000000
}
real_time {
  sec: 4
  nsec: 723495635
}
iterations: 667
real_time_factor: 1.0000270007290197
step_size {
  nsec: 4000000
}

sim_time {
  sec: 2
  nsec: 768000000
}
real_time {
  sec: 4
  nsec: 823495932
}
iterations: 692
real_time_factor: 0.9999952500225624
step_size {
  nsec: 4000000
}

sim_time {
  sec: 2
  nsec: 872000000
}
real_time {
  sec: 4
  nsec: 927495938
}
iterations: 718
real_time_factor: 0.99996750105621568
step_size {
  nsec: 4000000
}

sim_time {
  sec: 2
  nsec: 976000000
}
real_time {
  sec: 5
  nsec: 31495722
}
iterations: 744
real_time_factor: 1.0000255006502665
step_size {
  nsec: 4000000
}

sim_time {
  sec: 3
  nsec: 80000000
}
real_time {
  sec: 5
  nsec: 135496229
}
iterations: 770
real_time_factor: 0.99987951451850055
step_size {
  nsec: 4000000
}

sim_time {
  sec: 3
  nsec: 184000000
}
real_time {
  sec: 5
  nsec: 239495624
}
iterations: 796
real_time_factor: 1.000256815937492
step_size {
  nsec: 4000000
}

sim_time {
  sec: 3
  nsec: 284000000
}
real_time {
  sec: 5
  nsec: 339496852
}
iterations: 821
real_time_factor: 0.99973132220715688
step_size {
  nsec: 4000000
}

sim_time {
  sec: 3
  nsec: 388000000
}
real_time {
  sec: 5
  nsec: 443495544
}
iterations: 847
real_time_factor: 1.0000782561235417
step_size {
  nsec: 4000000
}

sim_time {
  sec: 3
  nsec: 492000000
}
real_time {
  sec: 5
  nsec: 547496198
}
iterations: 873
real_time_factor: 0.99989576086692966
step_size {
  nsec: 4000000
}

sim_time {
  sec: 3
  nsec: 596000000
}
real_time {
  sec: 5
  nsec: 651496075
}
iterations: 899
real_time_factor: 0.99999050009024915
step_size {
  nsec: 4000000
}

sim_time {
  sec: 3
  nsec: 700000000
}
real_time {
  sec: 5
  nsec: 755495905
}
iterations: 925
real_time_factor: 1.0000205004202587
step_size {
  nsec: 4000000
}

sim_time {
  sec: 3
  nsec: 804000000
}
real_time {
  sec: 5
  nsec: 859496022
}
iterations: 951
real_time_factor: 0.9999930000489996
step_size {
  nsec: 4000000
}

sim_time {
  sec: 3
  nsec: 908000000
}
real_time {
  sec: 5
  nsec: 963495740
}
iterations: 977
real_time_factor: 1.0000342511731026
step_size {
  nsec: 4000000
}

sim_time {
  sec: 4
  nsec: 12000000
}
real_time {
  sec: 6
  nsec: 67495285
}
iterations: 1003
real_time_factor: 1.0000367513506121
step_size {
  nsec: 4000000
}

sim_time {
  sec: 4
  nsec: 112000000
}
real_time {
  sec: 6
  nsec: 167496788
}
iterations: 1028
real_time_factor: 0.999886512880788
step_size {
  nsec: 4000000
}

sim_time {
  sec: 4
  nsec: 216000000
}
real_time {
  sec: 6
  nsec: 271495643
}
iterations: 1054
real_time_factor: 0.99996750105621568
step_size {
  nsec: 4000000
}

sim_time {
  sec: 4
  nsec: 316000000
}
real_time {
  sec: 6
  nsec: 371496026
}
iterations: 1079
real_time_factor: 1.0000252506375786
step_size {
  nsec: 4000000
}

sim_time {
  sec: 4
  nsec: 416000000
}
real_time {
  sec: 6
  nsec: 471496399
}
iterations: 1104
real_time_factor: 0.99995600193591483
step_size {
  nsec: 4000000
}

sim_time {
  sec: 4
  nsec: 516000000
}
real_time {
  sec: 6
  nsec: 571496208
}
iterations: 1129
real_time_factor: 0.99999050009024915
step_size {
  nsec: 4000000
}

sim_time {
  sec: 4
  nsec: 620000000
}
real_time {
  sec: 6
  nsec: 675496268
}
iterations: 1155
real_time_factor: 0.9999952500225624
step_size {
  nsec: 4000000
}

sim_time {
  sec: 4
  nsec: 724000000
}
real_time {
  sec: 6
  nsec: 779495872
}
iterations: 1181
real_time_factor: 1.0000140001960027
step_size {
  nsec: 4000000
}

sim_time {
  sec: 4
  nsec: 824000000
}
real_time {
  sec: 6
  nsec: 879554283
}
iterations: 1206
real_time_factor: 1.0214807180192262
step_size {
  nsec: 4000000
}

sim_time {
  sec: 4
  nsec: 928000000
}
real_time {
  sec: 6
  nsec: 983495967
}
iterations: 1232
real_time_factor: 1.000078756202051
step_size {
  nsec: 4000000
}

sim_time {
  sec: 5
  nsec: 32000000
}
real_time {
  sec: 7
  nsec: 87496199
}
iterations: 1258
real_time_factor: 0.99999775000506252
step_size {
  nsec: 4000000
}

sim_time {
  sec: 5
  nsec: 132000000
}
real_time {
  sec: 7
  nsec: 187496876
}
iterations: 1283
real_time_factor: 0.999967751040029
step_size {
  nsec: 4000000
}

sim_time {
  sec: 5
  nsec: 232000000
}
real_time {
  sec: 7
  nsec: 287496988
}
iterations: 1308
real_time_factor: 0.99980328870294766
step_size {
  nsec: 4000000
}

sim_time {
  sec: 5
  nsec: 332000000
}
real_time {
  sec: 7
  nsec: 387498202
}
iterations: 1333
real_time_factor: 0.99961364932453611
step_size {
  nsec: 4000000
}

sim_time {
  sec: 5
  nsec: 436000000
}
real_time {
  sec: 7
  nsec: 491496221
}
iterations: 1359
real_time_factor: 1.0000232505405751
step_size {
  nsec: 4000000
}

sim_time {
  sec: 5
  nsec: 536000000
}
real_time {
  sec: 7
  nsec: 591496852
}
iterations: 1384
real_time_factor: 1.0000765058526977
step_size {
  nsec: 4000000
}

sim_time {
  sec: 5
  nsec: 640000000
}
real_time {
  sec: 7
  nsec: 695496538
}
iterations: 1410
real_time_factor: 1.0000670044893007
step_size {
  nsec: 4000000
}

sim_time {
  sec: 5
  nsec: 744000000
}
real_time {
  sec: 7
  nsec: 799498239
}
iterations: 1436
real_time_factor: 0.999525974806448
step_size {
  nsec: 4000000
}

sim_time {
  sec: 5
  nsec: 848000000
}
real_time {
  sec: 7
  nsec: 903496377
}
iterations: 1462
real_time_factor: 1.0000925085570416
step_size {
  nsec: 4000000
}

sim_time {
  sec: 5
  nsec: 948000000
}
real_time {
  sec: 8
  nsec: 3496746
}
iterations: 1487
real_time_factor: 0.99995600193591483
step_size {
  nsec: 4000000
}

sim_time {
  sec: 6
  nsec: 52000000
}
real_time {
  sec: 8
  nsec: 107496855
}
iterations: 1513
real_time_factor: 0.99993075479523041
step_size {
  nsec: 4000000
}

sim_time {
  sec: 6
  nsec: 156000000
}
real_time {
  sec: 8
  nsec: 211496465
}
iterations: 1539
real_time_factor: 0.99992350585180234
step_size {
  nsec: 4000000
}

sim_time {
  sec: 6
  nsec: 260000000
}
real_time {
  sec: 8
  nsec: 315496259
}
iterations: 1565
real_time_factor: 1.0000512526266971
step_size {
  nsec: 4000000
}

sim_time {
  sec: 6
  nsec: 364000000
}
real_time {
  sec: 8
  nsec: 419496516
}
iterations: 1591
real_time_factor: 0.99994475305239383
step_size {
  nsec: 4000000
}

sim_time {
  sec: 6
  nsec: 464000000
}
real_time {
  sec: 8
  nsec: 519500081
}
iterations: 1616
real_time_factor: 0.99976155686868684
step_size {
  nsec: 4000000
}

sim_time {
  sec: 6
  nsec: 568000000
}
real_time {
  sec: 8
  nsec: 623496347
}
iterations: 1642
real_time_factor: 0.99997925043055358
step_size {
  nsec: 4000000
}

sim_time {
  sec: 6
  nsec: 672000000
}
real_time {
  sec: 8
  nsec: 727496280
}
iterations: 1668
real_time_factor: 0.999940003599784
step_size {
  nsec: 4000000
}

sim_time {
  sec: 6
  nsec: 772000000
}
real_time {
  sec: 8
  nsec: 827497365
}
iterations: 1693
real_time_factor: 0.99968784746962758
step_size {
  nsec: 4000000
}

sim_time {
  sec: 6
  nsec: 876000000
}
real_time {
  sec: 8
  nsec: 931496269
}
iterations: 1719
real_time_factor: 0.99995625191397874
step_size {
  nsec: 4000000
}

sim_time {
  sec: 6
  nsec: 980000000
}
real_time {
  sec: 9
  nsec: 35496079
}
iterations: 1745
real_time_factor: 1.0000905081909912
step_size {
  nsec: 4000000
}

sim_time {
  sec: 7
  nsec: 84000000
}
real_time {
  sec: 9
  nsec: 139496417
}
iterations: 1771
real_time_factor: 0.99985677051762334
step_size {
  nsec: 4000000
}

sim_time {
  sec: 7
  nsec: 188000000
}
real_time {
  sec: 9
  nsec: 243496172
}
iterations: 1797
real_time_factor: 0.999905258976712
step_size {
  nsec: 4000000
}

sim_time {
  sec: 7
  nsec: 292000000
}
real_time {
  sec: 9
  nsec: 347496122
}
iterations: 1823
real_time_factor: 0.99986126924889174
step_size {
  nsec: 4000000
}

sim_time {
  sec: 7
  nsec: 396000000
}
real_time {
  sec: 9
  nsec: 451495913
}
iterations: 1849
real_time_factor: 0.99987976445832394
step_size {
  nsec: 4000000
}

sim_time {
  sec: 7
  nsec: 500000000
}
real_time {
  sec: 9
  nsec: 555496280
}
iterations: 1875
real_time_factor: 0.99997450065023341
step_size {
  nsec: 4000000
}

sim_time {
  sec: 7
  nsec: 604000000
}
real_time {
  sec: 9
  nsec: 659496302
}
iterations: 1901
real_time_factor: 1.0000052500275627
step_size {
  nsec: 4000000
}

sim_time {
  sec: 7
  nsec: 704000000
}
real_time {
  sec: 9
  nsec: 759497734
}
iterations: 1926
real_time_factor: 0.99981753330017276
step_size {
  nsec: 4000000
}

sim_time {
  sec: 7
  nsec: 808000000
}
real_time {
  sec: 9
  nsec: 863497016
}
iterations: 1952
real_time_factor: 1.0000445019803381
step_size {
  nsec: 4000000
}

sim_time {
  sec: 7
  nsec: 908000000
}
real_time {
  sec: 9
  nsec: 963497019
}
iterations: 1977
real_time_factor: 0.99998425024805859
step_size {
  nsec: 4000000
}

sim_time {
  sec: 8
  nsec: 12000000
}
real_time {
  sec: 10
  nsec: 67496726
}
iterations: 2003
real_time_factor: 0.99999325004556217
step_size {
  nsec: 4000000
}

sim_time {
  sec: 8
  nsec: 116000000
}
real_time {
  sec: 10
  nsec: 171496043
}
iterations: 2029
real_time_factor: 0.99994700280885118
step_size {
  nsec: 4000000
}

sim_time {
  sec: 8
  nsec: 220000000
}
real_time {
  sec: 10
  nsec: 275495684
}
iterations: 2055
real_time_factor: 1.000079006241493
step_size {
  nsec: 4000000
}

sim_time {
  sec: 8
  nsec: 320000000
}
real_time {
  sec: 10
  nsec: 375496187
}
iterations: 2080
real_time_factor: 0.99986626788667021
step_size {
  nsec: 4000000
}

sim_time {
  sec: 8
  nsec: 420000000
}
real_time {
  sec: 10
  nsec: 475497312
}
iterations: 2105
real_time_factor: 0.99997925043055358
step_size {
  nsec: 4000000
}

sim_time {
  sec: 8
  nsec: 524000000
}
real_time {
  sec: 10
  nsec: 579496276
}
iterations: 2131
real_time_factor: 1.0000190003610068
step_size {
  nsec: 4000000
}

sim_time {
  sec: 8
  nsec: 628000000
}
real_time {
  sec: 10
  nsec: 683496733
}
iterations: 2157
real_time_factor: 0.99994025356984917
step_size {
  nsec: 4000000
}

sim_time {
  sec: 8
  nsec: 728000000
}
real_time {
  sec: 10
  nsec: 783500170
}
iterations: 2182
real_time_factor: 0.9989528476774221
step_size {
  nsec: 4000000
}

sim_time {
  sec: 8
  nsec: 832000000
}
real_time {
  sec: 10
  nsec: 887496948
}
iterations: 2208
real_time_factor: 0.99990550892940622
step_size {
  nsec: 4000000
}

sim_time {
  sec: 8
  nsec: 932000000
}
real_time {
  sec: 10
  nsec: 987496857
}
iterations: 2233
real_time_factor: 0.99991250765558015
step_size {
  nsec: 4000000
}

sim_time {
  sec: 9
  nsec: 36000000
}
real_time {
  sec: 11
  nsec: 91497218
}
iterations: 2259
real_time_factor: 0.99988001439827223
step_size {
  nsec: 4000000
}

sim_time {
  sec: 9
  nsec: 136000000
}
real_time {
  sec: 11
  nsec: 191497450
}
iterations: 2284
real_time_factor: 0.9998730161269519
step_size {
  nsec: 4000000
}

sim_time {
  sec: 9
  nsec: 240000000
}
real_time {
  sec: 11
  nsec: 295497269
}
iterations: 2310
real_time_factor: 0.99962089377603547
step_size {
  nsec: 4000000
}

sim_time {
  sec: 9
  nsec: 340000000
}
real_time {
  sec: 11
  nsec: 395505669
}
iterations: 2335
real_time_factor: 0.99788697433185225
step_size {
  nsec: 4000000
}

sim_time {
  sec: 9
  nsec: 440000000
}
real_time {
  sec: 11
  nsec: 495505708
}
iterations: 2360
real_time_factor: 1.003354464814491
step_size {
  nsec: 4000000
}

sim_time {
  sec: 9
  nsec: 544000000
}
real_time {
  sec: 11
  nsec: 599496902
}
iterations: 2386
real_time_factor: 1.000387149826983
step_size {
  nsec: 4000000
}

sim_time {
  sec: 9
  nsec: 648000000
}
real_time {
  sec: 11
  nsec: 703496670
}
iterations: 2412
real_time_factor: 1.0001832835867173
step_size {
  nsec: 4000000
}

sim_time {
  sec: 9
  nsec: 752000000
}
real_time {
  sec: 11
  nsec: 807499082
}
iterations: 2438
real_time_factor: 0.99930673095539968
step_size {
  nsec: 4000000
}

sim_time {
  sec: 9
  nsec: 856000000
}
real_time {
  sec: 11
  nsec: 911497135
}
iterations: 2464
real_time_factor: 1.0002207987413221
step_size {
  nsec: 4000000
}

sim_time {
  sec: 9
  nsec: 956000000
}
real_time {
  sec: 12
  nsec: 11498385
}
iterations: 2489
real_time_factor: 1.0007625810867882
step_size {
  nsec: 4000000
}

sim_time {
  sec: 10
  nsec: 60000000
}
real_time {
  sec: 12
  nsec: 115496316
}
iterations: 2515
real_time_factor: 0.99995225227995366
step_size {
  nsec: 4000000
}

sim_time {
  sec: 10
  nsec: 160000000
}
real_time {
  sec: 12
  nsec: 215499483
}
iterations: 2540
real_time_factor: 0.99934567841705646
step_size {
  nsec: 4000000
}

sim_time {
  sec: 10
  nsec: 264000000
}
real_time {
  sec: 12
  nsec: 319496795
}
iterations: 2566
real_time_factor: 0.99980378850650564
step_size {
  nsec: 4000000
}

sim_time {
  sec: 10
  nsec: 368000000
}
real_time {
  sec: 12
  nsec: 423497153
}
iterations: 2592
real_time_factor: 0.99985926980777451
step_size {
  nsec: 4000000
}

sim_time {
  sec: 10
  nsec: 472000000
}
real_time {
  sec: 12
  nsec: 527496808
}
iterations: 2618
real_time_factor: 0.99989376128786311
step_size {
  nsec: 4000000
}

sim_time {
  sec: 10
  nsec: 572000000
}
real_time {
  sec: 12
  nsec: 627496927
}
iterations: 2643
real_time_factor: 0.99997975041005416
step_size {
  nsec: 4000000
}

sim_time {
  sec: 10
  nsec: 672000000
}
real_time {
  sec: 12
  nsec: 727497083
}
iterations: 2668
real_time_factor: 1.0009716932712431
step_size {
  nsec: 4000000
}

sim_time {
  sec: 10
  nsec: 776000000
}
real_time {
  sec: 12
  nsec: 831495954
}
iterations: 2694
real_time_factor: 1.0000607536907866
step_size {
  nsec: 4000000
}

sim_time {
  sec: 10
  nsec: 876000000
}
real_time {
  sec: 12
  nsec: 931496303
}
iterations: 2719
real_time_factor: 0.99996825100803044
step_size {
  nsec: 4000000
}

sim_time {
  sec: 10
  nsec: 980000000
}
real_time {
  sec: 13
  nsec: 35496344
}
iterations: 2745
real_time_factor: 0.99998675017556016
step_size {
  nsec: 4000000
}

sim_time {
  sec: 11
  nsec: 80000000
}
real_time {
  sec: 13
  nsec: 135496535
}
iterations: 2770
real_time_factor: 1.0000377514251162
step_size {
  nsec: 4000000
}

sim_time {
  sec: 11
  nsec: 180000000
}
real_time {
  sec: 13
  nsec: 235497634
}
iterations: 2795
real_time_factor: 1.0003388647904479
step_size {
  nsec: 4000000
}

sim_time {
  sec: 11
  nsec: 284000000
}
real_time {
  sec: 13
  nsec: 339496314
}
iterations: 2821
real_time_factor: 0.99997525061254733
step_size {
  nsec: 4000000
}

sim_time {
  sec: 11
  nsec: 384000000
}
real_time {
  sec: 13
  nsec: 439497005
}
iterations: 2846
real_time_factor: 0.9998525217530414
step_size {
  nsec: 4000000
}

sim_time {
  sec: 11
  nsec: 488000000
}
real_time {
  sec: 13
  nsec: 543496250
}
iterations: 2872
real_time_factor: 1.0000237505640759
step_size {
  nsec: 4000000
}

sim_time {
  sec: 11
  nsec: 588000000
}
real_time {
  sec: 13
  nsec: 643496489
}
iterations: 2897
real_time_factor: 1.0000237505640759
step_size {
  nsec: 4000000
}

sim_time {
  sec: 11
  nsec: 688000000
}
real_time {
  sec: 13
  nsec: 743497652
}
iterations: 2922
real_time_factor: 0.99981103571425
step_size {
  nsec: 4000000
}

sim_time {
  sec: 11
  nsec: 792000000
}
real_time {
  sec: 13
  nsec: 847497111
}
iterations: 2948
real_time_factor: 1.0001765311577493
step_size {
  nsec: 4000000
}

sim_time {
  sec: 11
  nsec: 896000000
}
real_time {
  sec: 13
  nsec: 951497501
}
iterations: 2974
real_time_factor: 0.9998317783033005
step_size {
  nsec: 4000000
}

sim_time {
  sec: 11
  nsec: 996000000
}
real_time {
  sec: 14
  nsec: 51497654
}
iterations: 2999
real_time_factor: 0.99974831336211112
step_size {
  nsec: 4000000
}

sim_time {
  sec: 12
  nsec: 100000000
}
real_time {
  sec: 14
  nsec: 155496775
}
iterations: 3025
real_time_factor: 1.0000770059294566
step_size {
  nsec: 4000000
}

sim_time {
  sec: 12
  nsec: 200000000
}
real_time {
  sec: 14
  nsec: 255497178
}
iterations: 3050
real_time_factor: 0.99969984012300306
step_size {
  nsec: 4000000
}

sim_time {
  sec: 12
  nsec: 304000000
}
real_time {
  sec: 14
  nsec: 359496503
}
iterations: 3076
real_time_factor: 1.0000422517851379
step_size {
  nsec: 4000000
}

sim_time {
  sec: 12
  nsec: 404000000
}
real_time {
  sec: 14
  nsec: 459502257
}
iterations: 3101
real_time_factor: 1.0000840070565928
step_size {
  nsec: 4000000
}

sim_time {
  sec: 12
  nsec: 504000000
}
real_time {
  sec: 14
  nsec: 559503207
}
iterations: 3126
real_time_factor: 0.998258288850528
step_size {
  nsec: 4000000
}

sim_time {
  sec: 12
  nsec: 608000000
}
real_time {
  sec: 14
  nsec: 663496787
}
iterations: 3152
real_time_factor: 1.0001372688401484
step_size {
  nsec: 4000000
}

sim_time {
  sec: 12
  nsec: 708000000
}
real_time {
  sec: 14
  nsec: 763497139
}
iterations: 3177
real_time_factor: 1.0009669340583003
step_size {
  nsec: 4000000
}

sim_time {
  sec: 12
  nsec: 812000000
}
real_time {
  sec: 14
  nsec: 867497773
}
iterations: 3203
real_time_factor: 1.0000705049706005
step_size {
  nsec: 4000000
}

sim_time {
  sec: 12
  nsec: 912000000
}
real_time {
  sec: 14
  nsec: 967498430
}
iterations: 3228
real_time_factor: 0.9996953428442682
step_size {
  nsec: 4000000
}

sim_time {
  sec: 13
  nsec: 16000000
}
real_time {
  sec: 15
  nsec: 71495780
}
iterations: 3254
real_time_factor: 1.0002022909133372
step_size {
  nsec: 4000000
}

sim_time {
  sec: 13
  nsec: 116000000
}
real_time {
  sec: 15
  nsec: 171496860
}
iterations: 3279
real_time_factor: 1.0002860818194004
step_size {
  nsec: 4000000
}

sim_time {
  sec: 13
  nsec: 220000000
}
real_time {
  sec: 15
  nsec: 275496688
}
iterations: 3305
real_time_factor: 0.99999625001406245
step_size {
  nsec: 4000000
}

sim_time {
  sec: 13
  nsec: 320000000
}
real_time {
  sec: 15
  nsec: 375499822
}
iterations: 3330
real_time_factor: 0.99951948100950472
step_size {
  nsec: 4000000
}

sim_time {
  sec: 13
  nsec: 424000000
}
real_time {
  sec: 15
  nsec: 479497895
}
iterations: 3356
real_time_factor: 1.0000657543233467
step_size {
  nsec: 4000000
}

sim_time {
  sec: 13
  nsec: 528000000
}
real_time {
  sec: 15
  nsec: 583497477
}
iterations: 3382
real_time_factor: 0.99987101663885358
step_size {
  nsec: 4000000
}

sim_time {
  sec: 13
  nsec: 632000000
}
real_time {
  sec: 15
  nsec: 687496327
}
iterations: 3408
real_time_factor: 1.0000542529432221
step_size {
  nsec: 4000000
}

sim_time {
  sec: 13
  nsec: 736000000
}
real_time {
  sec: 15
  nsec: 791496509
}
iterations: 3434
real_time_factor: 1.0000287508265862
step_size {
  nsec: 4000000
}

sim_time {
  sec: 13
  nsec: 836000000
}
real_time {
  sec: 15
  nsec: 891496704
}
iterations: 3459
real_time_factor: 1.0000565031924304
step_size {
  nsec: 4000000
}

sim_time {
  sec: 13
  nsec: 940000000
}
real_time {
  sec: 15
  nsec: 995496403
}
iterations: 3485
real_time_factor: 1.0000245006002646
step_size {
  nsec: 4000000
}

sim_time {
  sec: 14
  nsec: 44000000
}
real_time {
  sec: 16
  nsec: 99496104
}
iterations: 3511
real_time_factor: 1.000047252232668
step_size {
  nsec: 4000000
}

sim_time {
  sec: 14
  nsec: 148000000
}
real_time {
  sec: 16
  nsec: 203496137
}
iterations: 3537
real_time_factor: 0.9999942500330623
step_size {
  nsec: 4000000
}

sim_time {
  sec: 14
  nsec: 252000000
}
real_time {
  sec: 16
  nsec: 307496346
}
iterations: 3563
real_time_factor: 0.99995475204746986
step_size {
  nsec: 4000000
}

sim_time {
  sec: 14
  nsec: 356000000
}
real_time {
  sec: 16
  nsec: 411497732
}
iterations: 3589
real_time_factor: 0.99951948100950472
step_size {
  nsec: 4000000
}

sim_time {
  sec: 14
  nsec: 460000000
}
real_time {
  sec: 16
  nsec: 515496682
}
iterations: 3615
real_time_factor: 0.99982028230425579
step_size {
  nsec: 4000000
}

sim_time {
  sec: 14
  nsec: 560000000
}
real_time {
  sec: 16
  nsec: 615497154
}
iterations: 3640
real_time_factor: 1.0000357512781082
step_size {
  nsec: 4000000
}

sim_time {
  sec: 14
  nsec: 664000000
}
real_time {
  sec: 16
  nsec: 719497086
}
iterations: 3666
real_time_factor: 0.9997418166758435
step_size {
  nsec: 4000000
}

sim_time {
  sec: 14
  nsec: 768000000
}
real_time {
  sec: 16
  nsec: 823497447
}
iterations: 3692
real_time_factor: 0.99981828302705988
step_size {
  nsec: 4000000
}

sim_time {
  sec: 14
  nsec: 872000000
}
real_time {
  sec: 16
  nsec: 927496505
}
iterations: 3718
real_time_factor: 0.99991325752490967
step_size {
  nsec: 4000000
}

sim_time {
  sec: 14
  nsec: 972000000
}
real_time {
  sec: 17
  nsec: 27497050
}
iterations: 3743
real_time_factor: 1.0000660043562875
step_size {
  nsec: 4000000
}

sim_time {
  sec: 15
  nsec: 76000000
}
real_time {
  sec: 17
  nsec: 131496164
}
iterations: 3769
real_time_factor: 0.99993850378201743
step_size {
  nsec: 4000000
}

sim_time {
  sec: 15
  nsec: 180000000
}
real_time {
  sec: 17
  nsec: 235497593
}
iterations: 3795
real_time_factor: 0.99967010886407481
step_size {
  nsec: 4000000
}

sim_time {
  sec: 15
  nsec: 284000000
}
real_time {
  sec: 17
  nsec: 339496614
}
iterations: 3821
real_time_factor: 0.99994575294290289
step_size {
  nsec: 4000000
}

sim_time {
  sec: 15
  nsec: 388000000
}
real_time {
  sec: 17
  nsec: 443496673
}
iterations: 3847
real_time_factor: 0.99989926014953989
step_size {
  nsec: 4000000
}

sim_time {
  sec: 15
  nsec: 492000000
}
real_time {
  sec: 17
  nsec: 547496046
}
iterations: 3873
real_time_factor: 1.0000197503900703
step_size {
  nsec: 4000000
}

sim_time {
  sec: 15
  nsec: 592000000
}
real_time {
  sec: 17
  nsec: 647496295
}
iterations: 3898
real_time_factor: 1.0000497524751857
step_size {
  nsec: 4000000
}

sim_time {
  sec: 15
  nsec: 696000000
}
real_time {
  sec: 17
  nsec: 751496242
}
iterations: 3924
real_time_factor: 1.0000057500330626
step_size {
  nsec: 4000000
}

sim_time {
  sec: 15
  nsec: 796000000
}
real_time {
  sec: 17
  nsec: 851496509
}
iterations: 3949
real_time_factor: 0.99996875097653193
step_size {
  nsec: 4000000
}

sim_time {
  sec: 15
  nsec: 900000000
}
real_time {
  sec: 17
  nsec: 955496445
}
iterations: 3975
real_time_factor: 0.99990425916718473
step_size {
  nsec: 4000000
}

sim_time {
  sec: 16
}
real_time {
  sec: 18
  nsec: 55496173
}
iterations: 4000
real_time_factor: 1.0002047919311479
step_size {
  nsec: 4000000
}

sim_time {
  sec: 16
  nsec: 100000000
}
real_time {
  sec: 18
  nsec: 155496762
}
iterations: 4025
real_time_factor: 1.0003623812726159
step_size {
  nsec: 4000000
}

sim_time {
  sec: 16
  nsec: 200000000
}
real_time {
  sec: 18
  nsec: 255497128
}
iterations: 4050
real_time_factor: 0.99996450126020531
step_size {
  nsec: 4000000
}

sim_time {
  sec: 16
  nsec: 304000000
}
real_time {
  sec: 18
  nsec: 359499796
}
iterations: 4076
real_time_factor: 0.99923558477764507
step_size {
  nsec: 4000000
}

sim_time {
  sec: 16
  nsec: 408000000
}
real_time {
  sec: 18
  nsec: 463497472
}
iterations: 4102
real_time_factor: 0.99998050038024255
step_size {
  nsec: 4000000
}

sim_time {
  sec: 16
  nsec: 508000000
}
real_time {
  sec: 18
  nsec: 563504691
}
iterations: 4127
real_time_factor: 0.99800971911764957
step_size {
  nsec: 4000000
}

sim_time {
  sec: 16
  nsec: 612000000
}
real_time {
  sec: 18
  nsec: 667496543
}
iterations: 4153
real_time_factor: 1.0000290008410244
step_size {
  nsec: 4000000
}

sim_time {
  sec: 16
  nsec: 712000000
}
real_time {
  sec: 18
  nsec: 767497012
}
iterations: 4178
real_time_factor: 0.99973032274543938
step_size {
  nsec: 4000000
}

sim_time {
  sec: 16
  nsec: 816000000
}
real_time {
  sec: 18
  nsec: 871496001
}
iterations: 4204
real_time_factor: 1.0001150132265211
step_size {
  nsec: 4000000
}

sim_time {
  sec: 16
  nsec: 920000000
}
real_time {
  sec: 18
  nsec: 975496213
}
iterations: 4230
real_time_factor: 0.99995950164018355
step_size {
  nsec: 4000000
}

sim_time {
  sec: 17
  nsec: 20000000
}
real_time {
  sec: 19
  nsec: 75496272
}
iterations: 4255
real_time_factor: 0.99990875832580273
step_size {
  nsec: 4000000
}

sim_time {
  sec: 17
  nsec: 120000000
}
real_time {
  sec: 19
  nsec: 175496914
}
iterations: 4280
real_time_factor: 0.9998925115550078
step_size {
  nsec: 4000000
}

sim_time {
  sec: 17
  nsec: 224000000
}
real_time {
  sec: 19
  nsec: 279496875
}
iterations: 4306
real_time_factor: 0.99986951702802784
step_size {
  nsec: 4000000
}

sim_time {
  sec: 17
  nsec: 328000000
}
real_time {
  sec: 19
  nsec: 383496188
}
iterations: 4332
real_time_factor: 1.0000105001102511
step_size {
  nsec: 4000000
}

sim_time {
  sec: 17
  nsec: 428000000
}
real_time {
  sec: 19
  nsec: 483496395
}
iterations: 4357
real_time_factor: 1.0000547529977266
step_size {
  nsec: 4000000
}

sim_time {
  sec: 17
  nsec: 528000000
}
real_time {
  sec: 19
  nsec: 583496474
}
iterations: 4382
real_time_factor: 1.0002303030272721
step_size {
  nsec: 4000000
}

sim_time {
  sec: 17
  nsec: 632000000
}
real_time {
  sec: 19
  nsec: 687496202
}
iterations: 4408
real_time_factor: 1.0001590252850203
step_size {
  nsec: 4000000
}

sim_time {
  sec: 17
  nsec: 732000000
}
real_time {
  sec: 19
  nsec: 787496834
}
iterations: 4433
real_time_factor: 0.999892761501329
step_size {
  nsec: 4000000
}

sim_time {
  sec: 17
  nsec: 832000000
}
real_time {
  sec: 19
  nsec: 887498021
}
iterations: 4458
real_time_factor: 0.99969834102559552
step_size {
  nsec: 4000000
}

sim_time {
  sec: 17
  nsec: 936000000
}
real_time {
  sec: 19
  nsec: 991496333
}
iterations: 4484
real_time_factor: 1.0000985097032058
step_size {
  nsec: 4000000
}

sim_time {
  sec: 18
  nsec: 40000000
}
real_time {
  sec: 20
  nsec: 95496003
}
iterations: 4510
real_time_factor: 1.0000827568481292
step_size {
  nsec: 4000000
}

sim_time {
  sec: 18
  nsec: 144000000
}
real_time {
  sec: 20
  nsec: 199496805
}
iterations: 4536
real_time_factor: 0.999987500156248
step_size {
  nsec: 4000000
}

sim_time {
  sec: 18
  nsec: 248000000
}
real_time {
  sec: 20
  nsec: 303498051
}
iterations: 4562
real_time_factor: 0.99965911624136172
step_size {
  nsec: 4000000
}

sim_time {
  sec: 18
  nsec: 352000000
}
real_time {
  sec: 20
  nsec: 407497074
}
iterations: 4588
real_time_factor: 0.99992300592854355
step_size {
  nsec: 4000000
}

sim_time {
  sec: 18
  nsec: 452000000
}
real_time {
  sec: 20
  nsec: 507499514
}
iterations: 4613
real_time_factor: 0.99952947150129079
step_size {
  nsec: 4000000
}

sim_time {
  sec: 18
  nsec: 556000000
}
real_time {
  sec: 20
  nsec: 611496716
}
iterations: 4639
real_time_factor: 0.9998857630515714
step_size {
  nsec: 4000000
}

sim_time {
  sec: 18
  nsec: 656000000
}
real_time {
  sec: 20
  nsec: 711496597
}
iterations: 4664
real_time_factor: 0.99996450126020531
step_size {
  nsec: 4000000
}

sim_time {
  sec: 18
  nsec: 760000000
}
real_time {
  sec: 20
  nsec: 815496449
}
iterations: 4690
real_time_factor: 0.999809536283338
step_size {
  nsec: 4000000
}

sim_time {
  sec: 18
  nsec: 860000000
}
real_time {
  sec: 20
  nsec: 915497014
}
iterations: 4715
real_time_factor: 1.000038501482307
step_size {
  nsec: 4000000
}

sim_time {
  sec: 18
  nsec: 964000000
}
real_time {
  sec: 21
  nsec: 19496165
}
iterations: 4741
real_time_factor: 1.0001657774776169
step_size {
  nsec: 4000000
}

sim_time {
  sec: 19
  nsec: 68000000
}
real_time {
  sec: 21
  nsec: 123495871
}
iterations: 4767
real_time_factor: 0.99994375316388451
step_size {
  nsec: 4000000
}

sim_time {
  sec: 19
  nsec: 168000000
}
real_time {
  sec: 21
  nsec: 223497741
}
iterations: 4792
real_time_factor: 1.00026557050897
step_size {
  nsec: 4000000
}

sim_time {
  sec: 19
  nsec: 272000000
}
real_time {
  sec: 21
  nsec: 327495928
}
iterations: 4818
real_time_factor: 0.99985827009021466
step_size {
  nsec: 4000000
}

sim_time {
  sec: 19
  nsec: 376000000
}
real_time {
  sec: 21
  nsec: 431495765
}
iterations: 4844
real_time_factor: 1.0000500025001251
step_size {
  nsec: 4000000
}

sim_time {
  sec: 19
  nsec: 476000000
}
real_time {
  sec: 21
  nsec: 531496107
}
iterations: 4869
real_time_factor: 0.99998525021755924
step_size {
  nsec: 4000000
}

sim_time {
  sec: 19
  nsec: 576000000
}
real_time {
  sec: 21
  nsec: 631497570
}
iterations: 4894
real_time_factor: 0.9995087414535756
step_size {
  nsec: 4000000
}

sim_time {
  sec: 19
  nsec: 680000000
}
real_time {
  sec: 21
  nsec: 735496211
}
iterations: 4920
real_time_factor: 1.0001337678914555
step_size {
  nsec: 4000000
}

sim_time {
  sec: 19
  nsec: 780000000
}
real_time {
  sec: 21
  nsec: 835499029
}
iterations: 4945
real_time_factor: 0.99997625056404915
step_size {
  nsec: 4000000
}

sim_time {
  sec: 19
  nsec: 884000000
}
real_time {
  sec: 21
  nsec: 939496288
}
iterations: 4971
real_time_factor: 1.0000737554394636
step_size {
  nsec: 4000000
}

sim_time {
  sec: 19
  nsec: 988000000
}
real_time {
  sec: 22
  nsec: 43496548
}
iterations: 4997
real_time_factor: 0.99983252805155132
step_size {
  nsec: 4000000
}

sim_time {
  sec: 20
  nsec: 92000000
}
real_time {
  sec: 22
  nsec: 147496076
}
iterations: 5023
real_time_factor: 0.99994850265211344
step_size {
  nsec: 4000000
}

sim_time {
  sec: 20
  nsec: 192000000
}
real_time {
  sec: 22
  nsec: 247497342
}
iterations: 5048
real_time_factor: 0.99979104367187255
step_size {
  nsec: 4000000
}

sim_time {
  sec: 20
  nsec: 296000000
}
real_time {
  sec: 22
  nsec: 351495797
}
iterations: 5074
real_time_factor: 0.99996925094553346
step_size {
  nsec: 4000000
}

sim_time {
  sec: 20
  nsec: 396000000
}
real_time {
  sec: 22
  nsec: 451496452
}
iterations: 5099
real_time_factor: 0.99998075037055534
step_size {
  nsec: 4000000
}

sim_time {
  sec: 20
  nsec: 496000000
}
real_time {
  sec: 22
  nsec: 551496894
}
iterations: 5124
real_time_factor: 0.99987676518869051
step_size {
  nsec: 4000000
}

sim_time {
  sec: 20
  nsec: 596000000
}
real_time {
  sec: 22
  nsec: 651559487
}
iterations: 5149
real_time_factor: 0.98555083914726194
step_size {
  nsec: 4000000
}

sim_time {
  sec: 20
  nsec: 700000000
}
real_time {
  sec: 22
  nsec: 755496197
}
iterations: 5175
real_time_factor: 1.0002888334006443
step_size {
  nsec: 4000000
}

sim_time {
  sec: 20
  nsec: 800000000
}
real_time {
  sec: 22
  nsec: 855497270
}
iterations: 5200
real_time_factor: 0.99988601299451862
step_size {
  nsec: 4000000
}

sim_time {
  sec: 20
  nsec: 900000000
}
real_time {
  sec: 22
  nsec: 955497442
}
iterations: 5225
real_time_factor: 0.999830278810172
step_size {
  nsec: 4000000
}

sim_time {
  sec: 21
  nsec: 4000000
}
real_time {
  sec: 23
  nsec: 59497551
}
iterations: 5251
real_time_factor: 0.99994150342204979
step_size {
  nsec: 4000000
}

sim_time {
  sec: 21
  nsec: 108000000
}
real_time {
  sec: 23
  nsec: 163497567
}
iterations: 5277
real_time_factor: 0.99989976004905512
step_size {
  nsec: 4000000
}

sim_time {
  sec: 21
  nsec: 212000000
}
real_time {
  sec: 23
  nsec: 267497000
}
iterations: 5303
real_time_factor: 0.99978679546586691
step_size {
  nsec: 4000000
}

sim_time {
  sec: 21
  nsec: 316000000
}
real_time {
  sec: 23
  nsec: 371495479
}
iterations: 5329
real_time_factor: 1.0002428089418707
step_size {
  nsec: 4000000
}

sim_time {
  sec: 21
  nsec: 416000000
}
real_time {
  sec: 23
  nsec: 471496290
}
iterations: 5354
real_time_factor: 0.99980053979231143
step_size {
  nsec: 4000000
}

sim_time {
  sec: 21
  nsec: 516000000
}
real_time {
  sec: 23
  nsec: 571496305
}
iterations: 5379
real_time_factor: 1.0002240501872419
step_size {
  nsec: 4000000
}

sim_time {
  sec: 21
  nsec: 616000000
}
real_time {
  sec: 23
  nsec: 671497940
}
iterations: 5404
real_time_factor: 1.0005853424253188
step_size {
  nsec: 4000000
}

sim_time {
  sec: 21
  nsec: 720000000
}
real_time {
  sec: 23
  nsec: 775496076
}
iterations: 5430
real_time_factor: 1.0000690047613285
step_size {
  nsec: 4000000
}

sim_time {
  sec: 21
  nsec: 820000000
}
real_time {
  sec: 23
  nsec: 875496857
}
iterations: 5455
real_time_factor: 0.9997890445116081
step_size {
  nsec: 4000000
}

sim_time {
  sec: 21
  nsec: 924000000
}
real_time {
  sec: 23
  nsec: 979496770
}
iterations: 5481
real_time_factor: 1.0000390015210594
step_size {
  nsec: 4000000
}

sim_time {
  sec: 22
  nsec: 24000000
}
real_time {
  sec: 24
  nsec: 79498884
}
iterations: 5506
real_time_factor: 0.99942358244882268
step_size {
  nsec: 4000000
}

sim_time {
  sec: 22
  nsec: 128000000
}
real_time {
  sec: 24
  nsec: 183497306
}
iterations: 5532
real_time_factor: 1.0001060112371911
step_size {
  nsec: 4000000
}

sim_time {
  sec: 22
  nsec: 232000000
}
real_time {
  sec: 24
  nsec: 287497784
}
iterations: 5558
real_time_factor: 0.99990700864819571
step_size {
  nsec: 4000000
}

sim_time {
  sec: 22
  nsec: 336000000
}
real_time {
  sec: 24
  nsec: 391497186
}
iterations: 5584
real_time_factor: 0.99993475425728473
step_size {
  nsec: 4000000
}

sim_time {
  sec: 22
  nsec: 440000000
}
real_time {
  sec: 24
  nsec: 495496339
}
iterations: 5610
real_time_factor: 1.0000645041605183
step_size {
  nsec: 4000000
}

sim_time {
  sec: 22
  nsec: 540000000
}
real_time {
  sec: 24
  nsec: 595497001
}
iterations: 5635
real_time_factor: 1.0090226808118192
step_size {
  nsec: 4000000
}

sim_time {
  sec: 22
  nsec: 644000000
}
real_time {
  sec: 24
  nsec: 699496579
}
iterations: 5661
real_time_factor: 1.0000390015210594
step_size {
  nsec: 4000000
}

sim_time {
  sec: 22
  nsec: 748000000
}
real_time {
  sec: 24
  nsec: 803496441
}
iterations: 5687
real_time_factor: 1.0001202644618015
step_size {
  nsec: 4000000
}

sim_time {
  sec: 22
  nsec: 852000000
}
real_time {
  sec: 24
  nsec: 907495481
}
iterations: 5713
real_time_factor: 1.0000322510400961
step_size {
  nsec: 4000000
}

sim_time {
  sec: 22
  nsec: 952000000
}
real_time {
  sec: 25
  nsec: 7495863
}
iterations: 5738
real_time_factor: 0.9998700168978033
step_size {
  nsec: 4000000
}

sim_time {
  sec: 23
  nsec: 52000000
}
real_time {
  sec: 25
  nsec: 107497003
}
iterations: 5763
real_time_factor: 1.0000252506375786
step_size {
  nsec: 4000000
}

sim_time {
  sec: 23
  nsec: 156000000
}
real_time {
  sec: 25
  nsec: 211496338
}
iterations: 5789
real_time_factor: 0.99996050156018834
step_size {
  nsec: 4000000
}

sim_time {
  sec: 23
  nsec: 256000000
}
real_time {
  sec: 25
  nsec: 311496544
}
iterations: 5814
real_time_factor: 1.0002938363144174
step_size {
  nsec: 4000000
}

sim_time {
  sec: 23
  nsec: 360000000
}
real_time {
  sec: 25
  nsec: 415496186
}
iterations: 5840
real_time_factor: 1.00006675445586
step_size {
  nsec: 4000000
}

sim_time {
  sec: 23
  nsec: 460000000
}
real_time {
  sec: 25
  nsec: 515496835
}
iterations: 5865
real_time_factor: 0.99995825174298969
step_size {
  nsec: 4000000
}

sim_time {
  sec: 23
  nsec: 564000000
}
real_time {
  sec: 25
  nsec: 619496486
}
iterations: 5891
real_time_factor: 0.9999165069716679
step_size {
  nsec: 4000000
}

sim_time {
  sec: 23
  nsec: 664000000
}
real_time {
  sec: 25
  nsec: 719496535
}
iterations: 5916
real_time_factor: 0.99982852940720668
step_size {
  nsec: 4000000
}

sim_time {
  sec: 23
  nsec: 764000000
}
real_time {
  sec: 25
  nsec: 819497990
}
iterations: 5941
real_time_factor: 0.99973132220715688
step_size {
  nsec: 4000000
}

sim_time {
  sec: 23
  nsec: 868000000
}
real_time {
  sec: 25
  nsec: 923497341
}
iterations: 5967
real_time_factor: 0.99976855357984629
step_size {
  nsec: 4000000
}

sim_time {
  sec: 23
  nsec: 972000000
}
real_time {
  sec: 26
  nsec: 27497814
}
iterations: 5993
real_time_factor: 0.99955095173493314
step_size {
  nsec: 4000000
}

sim_time {
  sec: 24
  nsec: 76000000
}
real_time {
  sec: 26
  nsec: 131495953
}
iterations: 6019
real_time_factor: 1.0001757808934921
step_size {
  nsec: 4000000
}

sim_time {
  sec: 24
  nsec: 176000000
}
real_time {
  sec: 26
  nsec: 231497722
}
iterations: 6044
real_time_factor: 0.99974031745254166
step_size {
  nsec: 4000000
}

sim_time {
  sec: 24
  nsec: 280000000
}
real_time {
  sec: 26
  nsec: 335496333
}
iterations: 6070
real_time_factor: 1.0000367513506121
step_size {
  nsec: 4000000
}

sim_time {
  sec: 24
  nsec: 384000000
}
real_time {
  sec: 26
  nsec: 439496213
}
iterations: 6096
real_time_factor: 1.0001065113434582
step_size {
  nsec: 4000000
}

sim_time {
  sec: 24
  nsec: 488000000
}
real_time {
  sec: 26
  nsec: 543496565
}
iterations: 6122
real_time_factor: 0.99993275452225838
step_size {
  nsec: 4000000
}

sim_time {
  sec: 24
  nsec: 592000000
}
real_time {
  sec: 26
  nsec: 647496464
}
iterations: 6148
real_time_factor: 0.99998375026405817
step_size {
  nsec: 4000000
}

sim_time {
  sec: 24
  nsec: 696000000
}
real_time {
  sec: 26
  nsec: 751496113
}
iterations: 6174
real_time_factor: 0.99982827949299713
step_size {
  nsec: 4000000
}

sim_time {
  sec: 24
  nsec: 800000000
}
real_time {
  sec: 26
  nsec: 855495974
}
iterations: 6200
real_time_factor: 0.99996275138751078
step_size {
  nsec: 4000000
}

sim_time {
  sec: 24
  nsec: 904000000
}
real_time {
  sec: 26
  nsec: 959495824
}
iterations: 6226
real_time_factor: 1.0000600036002161
step_size {
  nsec: 4000000
}

sim_time {
  sec: 25
  nsec: 4000000
}
real_time {
  sec: 27
  nsec: 59496017
}
iterations: 6251
real_time_factor: 0.99999750000625
step_size {
  nsec: 4000000
}

sim_time {
  sec: 25
  nsec: 104000000
}
real_time {
  sec: 27
  nsec: 159497783
}
iterations: 6276
real_time_factor: 1.00000450002025
step_size {
  nsec: 4000000
}

sim_time {
  sec: 25
  nsec: 208000000
}
real_time {
  sec: 27
  nsec: 263496698
}
iterations: 6302
real_time_factor: 1.0001155133417909
step_size {
  nsec: 4000000
}

sim_time {
  sec: 25
  nsec: 312000000
}
real_time {
  sec: 27
  nsec: 367496529
}
iterations: 6328
real_time_factor: 1.0000650042252746
step_size {
  nsec: 4000000
}

sim_time {
  sec: 25
  nsec: 412000000
}
real_time {
  sec: 27
  nsec: 467496342
}
iterations: 6353
real_time_factor: 0.99993975362984377
step_size {
  nsec: 4000000
}

sim_time {
  sec: 25
  nsec: 516000000
}
real_time {
  sec: 27
  nsec: 571496452
}
iterations: 6379
real_time_factor: 0.99995825174298969
step_size {
  nsec: 4000000
}

sim_time {
  sec: 25
  nsec: 620000000
}
real_time {
  sec: 27
  nsec: 675496255
}
iterations: 6405
real_time_factor: 0.99998850013224849
step_size {
  nsec: 4000000
}

sim_time {
  sec: 25
  nsec: 720000000
}
real_time {
  sec: 27
  nsec: 775496244
}
iterations: 6430
real_time_factor: 0.99987251625417761
step_size {
  nsec: 4000000
}

sim_time {
  sec: 25
  nsec: 820000000
}
real_time {
  sec: 27
  nsec: 875498332
}
iterations: 6455
real_time_factor: 1.023169415624462
step_size {
  nsec: 4000000
}

sim_time {
  sec: 25
  nsec: 924000000
}
real_time {
  sec: 27
  nsec: 979495986
}
iterations: 6481
real_time_factor: 1.0001155133417909
step_size {
  nsec: 4000000
}

sim_time {
  sec: 26
  nsec: 24000000
}
real_time {
  sec: 28
  nsec: 79496398
}
iterations: 6506
real_time_factor: 1.0001345180926835
step_size {
  nsec: 4000000
}

sim_time {
  sec: 26
  nsec: 124000000
}
real_time {
  sec: 28
  nsec: 179496163
}
iterations: 6531
real_time_factor: 1.0000070000490004
step_size {
  nsec: 4000000
}

sim_time {
  sec: 26
  nsec: 224000000
}
real_time {
  sec: 28
  nsec: 279497002
}
iterations: 6556
real_time_factor: 1.0001110123223678
step_size {
  nsec: 4000000
}

sim_time {
  sec: 26
  nsec: 328000000
}
real_time {
  sec: 28
  nsec: 383496007
}
iterations: 6582
real_time_factor: 1.0000255006502665
step_size {
  nsec: 4000000
}

sim_time {
  sec: 26
  nsec: 428000000
}
real_time {
  sec: 28
  nsec: 483497170
}
iterations: 6607
real_time_factor: 0.99975680915617271
step_size {
  nsec: 4000000
}

sim_time {
  sec: 26
  nsec: 528000000
}
real_time {
  sec: 28
  nsec: 583497221
}
iterations: 6632
real_time_factor: 1.0000372513876141
step_size {
  nsec: 4000000
}

sim_time {
  sec: 26
  nsec: 632000000
}
real_time {
  sec: 28
  nsec: 687496977
}
iterations: 6658
real_time_factor: 0.99984952264684168
step_size {
  nsec: 4000000
}

sim_time {
  sec: 26
  nsec: 736000000
}
real_time {
  sec: 28
  nsec: 791497174
}
iterations: 6684
real_time_factor: 0.99989601081487522
step_size {
  nsec: 4000000
}

sim_time {
  sec: 26
  nsec: 836000000
}
real_time {
  sec: 28
  nsec: 891497279
}
iterations: 6709
real_time_factor: 1.0004797300305497
step_size {
  nsec: 4000000
}

sim_time {
  sec: 26
  nsec: 940000000
}
real_time {
  sec: 28
  nsec: 995496274
}
iterations: 6735
real_time_factor: 1.0000672545228666
step_size {
  nsec: 4000000
}

sim_time {
  sec: 27
  nsec: 44000000
}
real_time {
  sec: 29
  nsec: 99495962
}
iterations: 6761
real_time_factor: 1.0001205145219998
step_size {
  nsec: 4000000
}

sim_time {
  sec: 27
  nsec: 144000000
}
real_time {
  sec: 29
  nsec: 199497345
}
iterations: 6786
real_time_factor: 1.0589330666939871
step_size {
  nsec: 4000000
}

sim_time {
  sec: 27
  nsec: 248000000
}
real_time {
  sec: 29
  nsec: 303496172
}
iterations: 6812
real_time_factor: 0.9999930000489996
step_size {
  nsec: 4000000
}

sim_time {
  sec: 27
  nsec: 348000000
}
real_time {
  sec: 29
  nsec: 403496815
}
iterations: 6837
real_time_factor: 1.0000185003422564
step_size {
  nsec: 4000000
}

sim_time {
  sec: 27
  nsec: 452000000
}
real_time {
  sec: 29
  nsec: 507496179
}
iterations: 6863
real_time_factor: 0.99994450308007909
step_size {
  nsec: 4000000
}

sim_time {
  sec: 27
  nsec: 556000000
}
real_time {
  sec: 29
  nsec: 611496432
}
iterations: 6889
real_time_factor: 0.99990975814432748
step_size {
  nsec: 4000000
}

sim_time {
  sec: 27
  nsec: 660000000
}
real_time {
  sec: 29
  nsec: 715496916
}
iterations: 6915
real_time_factor: 0.99995850172217848
step_size {
  nsec: 4000000
}

sim_time {
  sec: 27
  nsec: 764000000
}
real_time {
  sec: 29
  nsec: 819496608
}
iterations: 6941
real_time_factor: 0.99998425024805859
step_size {
  nsec: 4000000
}

sim_time {
  sec: 27
  nsec: 868000000
}
real_time {
  sec: 29
  nsec: 923496572
}
iterations: 6967
real_time_factor: 1.0000557531082357
step_size {
  nsec: 4000000
}

sim_time {
  sec: 27
  nsec: 968000000
}
real_time {
  sec: 30
  nsec: 23497139
}
iterations: 6992
real_time_factor: 0.99993325445526515
step_size {
  nsec: 4000000
}

sim_time {
  sec: 28
  nsec: 72000000
}
real_time {
  sec: 30
  nsec: 127496186
}
iterations: 7018
real_time_factor: 0.99998175033305647
step_size {
  nsec: 4000000
}

sim_time {
  sec: 28
  nsec: 172000000
}
real_time {
  sec: 30
  nsec: 227497169
}
iterations: 7043
real_time_factor: 1.0004196760541046
step_size {
  nsec: 4000000
}

sim_time {
  sec: 28
  nsec: 276000000
}
real_time {
  sec: 30
  nsec: 331496393
}
iterations: 7069
real_time_factor: 1.000127516258323
step_size {
  nsec: 4000000
}

sim_time {
  sec: 28
  nsec: 376000000
}
real_time {
  sec: 30
  nsec: 431498533
}
iterations: 7094
real_time_factor: 0.99972732437227751
step_size {
  nsec: 4000000
}

sim_time {
  sec: 28
  nsec: 480000000
}
real_time {
  sec: 30
  nsec: 535496469
}
iterations: 7120
real_time_factor: 1.0000305009302783
step_size {
  nsec: 4000000
}

sim_time {
  sec: 28
  nsec: 580000000
}
real_time {
  sec: 30
  nsec: 635499138
}
iterations: 7145
real_time_factor: 0.99931796548855412
step_size {
  nsec: 4000000
}

sim_time {
  sec: 28
  nsec: 684000000
}
real_time {
  sec: 30
  nsec: 739496768
}
iterations: 7171
real_time_factor: 0.99993550415998167
step_size {
  nsec: 4000000
}

sim_time {
  sec: 28
  nsec: 784000000
}
real_time {
  sec: 30
  nsec: 839502699
}
iterations: 7196
real_time_factor: 0.99901746632187249
step_size {
  nsec: 4000000
}

sim_time {
  sec: 28
  nsec: 888000000
}
real_time {
  sec: 30
  nsec: 943495155
}
iterations: 7222
real_time_factor: 1.0002693225150872
step_size {
  nsec: 4000000
}

sim_time {
  sec: 28
  nsec: 988000000
}
real_time {
  sec: 31
  nsec: 43497601
}
iterations: 7247
real_time_factor: 0.99961140106783486
step_size {
  nsec: 4000000
}

sim_time {
  sec: 29
  nsec: 88000000
}
real_time {
  sec: 31
  nsec: 143498674
}
iterations: 7272
real_time_factor: 0.99964637509481025
step_size {
  nsec: 4000000
}

sim_time {
  sec: 29
  nsec: 192000000
}
real_time {
  sec: 31
  nsec: 247496256
}
iterations: 7298
real_time_factor: 0.99998875012656108
step_size {
  nsec: 4000000
}

sim_time {
  sec: 29
  nsec: 292000000
}
real_time {
  sec: 31
  nsec: 347496155
}
iterations: 7323
real_time_factor: 1.0002550650415856
step_size {
  nsec: 4000000
}

sim_time {
  sec: 29
  nsec: 392000000
}
real_time {
  sec: 31
  nsec: 447497914
}
iterations: 7348
real_time_factor: 1.0000537528892177
step_size {
  nsec: 4000000
}

sim_time {
  sec: 29
  nsec: 496000000
}
real_time {
  sec: 31
  nsec: 551495903
}
iterations: 7374
real_time_factor: 1.0001165135738312
step_size {
  nsec: 4000000
}

sim_time {
  sec: 29
  nsec: 596000000
}
real_time {
  sec: 31
  nsec: 651496904
}
iterations: 7399
real_time_factor: 0.99979454222157349
step_size {
  nsec: 4000000
}

sim_time {
  sec: 29
  nsec: 700000000
}
real_time {
  sec: 31
  nsec: 755496004
}
iterations: 7425
real_time_factor: 1.0000607536907866
step_size {
  nsec: 4000000
}

sim_time {
  sec: 29
  nsec: 800000000
}
real_time {
  sec: 31
  nsec: 855500172
}
iterations: 7450
real_time_factor: 0.99911703032445076
step_size {
  nsec: 4000000
}

sim_time {
  sec: 29
  nsec: 904000000
}
real_time {
  sec: 31
  nsec: 959496863
}
iterations: 7476
real_time_factor: 0.99985002249662547
step_size {
  nsec: 4000000
}

sim_time {
  sec: 30
  nsec: 8000000
}
real_time {
  sec: 32
  nsec: 63495943
}
iterations: 7502
real_time_factor: 1.0001462713921911
step_size {
  nsec: 4000000
}

sim_time {
  sec: 30
  nsec: 108000000
}
real_time {
  sec: 32
  nsec: 163496275
}
iterations: 7527
real_time_factor: 0.99998875012656108
step_size {
  nsec: 4000000
}

sim_time {
  sec: 30
  nsec: 212000000
}
real_time {
  sec: 32
  nsec: 267496151
}
iterations: 7553
real_time_factor: 0.99997250075622923
step_size {
  nsec: 4000000
}

sim_time {
  sec: 30
  nsec: 312000000
}
real_time {
  sec: 32
  nsec: 367498177
}
iterations: 7578
real_time_factor: 1.0002645699787593
step_size {
  nsec: 4000000
}

sim_time {
  sec: 30
  nsec: 416000000
}
real_time {
  sec: 32
  nsec: 471495868
}
iterations: 7604
real_time_factor: 0.99995175232795019
step_size {
  nsec: 4000000
}

sim_time {
  sec: 30
  nsec: 520000000
}
real_time {
  sec: 32
  nsec: 575496003
}
iterations: 7630
real_time_factor: 1.0000007500005625
step_size {
  nsec: 4000000
}

sim_time {
  sec: 30
  nsec: 624000000
}
real_time {
  sec: 32
  nsec: 679498120
}
iterations: 7656
real_time_factor: 0.99947302784606817
step_size {
  nsec: 4000000
}

sim_time {
  sec: 30
  nsec: 728000000
}
real_time {
  sec: 32
  nsec: 783496199
}
iterations: 7682
real_time_factor: 1.0002808288426976
step_size {
  nsec: 4000000
}

sim_time {
  sec: 30
  nsec: 832000000
}
real_time {
  sec: 32
  nsec: 887496073
}
iterations: 7708
real_time_factor: 1.0000977595559966
step_size {
  nsec: 4000000
}

sim_time {
  sec: 30
  nsec: 932000000
}
real_time {
  sec: 32
  nsec: 987497079
}
iterations: 7733
real_time_factor: 1.0001812828575178
step_size {
  nsec: 4000000
}

sim_time {
  sec: 31
  nsec: 32000000
}
real_time {
  sec: 33
  nsec: 87496567
}
iterations: 7758
real_time_factor: 1.0000467521856646
step_size {
  nsec: 4000000
}

sim_time {
  sec: 31
  nsec: 136000000
}
real_time {
  sec: 33
  nsec: 191500413
}
iterations: 7784
real_time_factor: 0.99907785114339465
step_size {
  nsec: 4000000
}

sim_time {
  sec: 31
  nsec: 240000000
}
real_time {
  sec: 33
  nsec: 295497029
}
iterations: 7810
real_time_factor: 1.00000250000625
step_size {
  nsec: 4000000
}

sim_time {
  sec: 31
  nsec: 344000000
}
real_time {
  sec: 33
  nsec: 399504922
}
iterations: 7836
real_time_factor: 0.997787655321239
step_size {
  nsec: 4000000
}

sim_time {
  sec: 31
  nsec: 448000000
}
real_time {
  sec: 33
  nsec: 503496221
}
iterations: 7862
real_time_factor: 1.0000977595559966
step_size {
  nsec: 4000000
}

sim_time {
  sec: 31
  nsec: 552000000
}
real_time {
  sec: 33
  nsec: 607495872
}
iterations: 7888
real_time_factor: 1.0000980096049412
step_size {
  nsec: 4000000
}

sim_time {
  sec: 31
  nsec: 656000000
}
real_time {
  sec: 33
  nsec: 711496312
}
iterations: 7914
real_time_factor: 0.99983852607803836
step_size {
  nsec: 4000000
}

sim_time {
  sec: 31
  nsec: 760000000
}
real_time {
  sec: 33
  nsec: 815497089
}
iterations: 7940
real_time_factor: 0.99971807950158054
step_size {
  nsec: 4000000
}

sim_time {
  sec: 31
  nsec: 864000000
}
real_time {
  sec: 33
  nsec: 919496405
}
iterations: 7966
real_time_factor: 1.0000907582363099
step_size {
  nsec: 4000000
}

sim_time {
  sec: 31
  nsec: 968000000
}
real_time {
  sec: 34
  nsec: 23496008
}
iterations: 7992
real_time_factor: 1.0000885078329431
step_size {
  nsec: 4000000
}

sim_time {
  sec: 32
  nsec: 68000000
}
real_time {
  sec: 34
  nsec: 123497828
}
iterations: 8017
real_time_factor: 1.0003944054943661
step_size {
  nsec: 4000000
}

sim_time {
  sec: 32
  nsec: 172000000
}
real_time {
  sec: 34
  nsec: 227496098
}
iterations: 8043
real_time_factor: 1.0000517526782011
step_size {
  nsec: 4000000
}

sim_time {
  sec: 32
  nsec: 276000000
}
real_time {
  sec: 34
  nsec: 331496081
}
iterations: 8069
real_time_factor: 1.0001372688401484
step_size {
  nsec: 4000000
}

sim_time {
  sec: 32
  nsec: 380000000
}
real_time {
  sec: 34
  nsec: 435496148
}
iterations: 8095
real_time_factor: 0.9998525217530414
step_size {
  nsec: 4000000
}

sim_time {
  sec: 32
  nsec: 480000000
}
real_time {
  sec: 34
  nsec: 535496180
}
iterations: 8120
real_time_factor: 1.0000582533932603
step_size {
  nsec: 4000000
}

sim_time {
  sec: 32
  nsec: 584000000
}
real_time {
  sec: 34
  nsec: 639497005
}
iterations: 8146
real_time_factor: 0.99968384998244308
step_size {
  nsec: 4000000
}

sim_time {
  sec: 32
  nsec: 688000000
}
real_time {
  sec: 34
  nsec: 743496989
}
iterations: 8172
real_time_factor: 0.99972282684625691
step_size {
  nsec: 4000000
}

sim_time {
  sec: 32
  nsec: 788000000
}
real_time {
  sec: 34
  nsec: 843500504
}
iterations: 8197
real_time_factor: 0.99890944061820508
step_size {
  nsec: 4000000
}

sim_time {
  sec: 32
  nsec: 892000000
}
real_time {
  sec: 34
  nsec: 947496402
}
iterations: 8223
real_time_factor: 0.9998642684255612
step_size {
  nsec: 4000000
}

sim_time {
  sec: 32
  nsec: 992000000
}
real_time {
  sec: 35
  nsec: 47497830
}
iterations: 8248
real_time_factor: 0.99991075796485163
step_size {
  nsec: 4000000
}

sim_time {
  sec: 33
  nsec: 96000000
}
real_time {
  sec: 35
  nsec: 151495905
}
iterations: 8274
real_time_factor: 0.99988026433834554
step_size {
  nsec: 4000000
}

sim_time {
  sec: 33
  nsec: 196000000
}
real_time {
  sec: 35
  nsec: 251496416
}
iterations: 8299
real_time_factor: 0.99990825841729025
step_size {
  nsec: 4000000
}

sim_time {
  sec: 33
  nsec: 296000000
}
real_time {
  sec: 35
  nsec: 351496503
}
iterations: 8324
real_time_factor: 0.9998525217530414
step_size {
  nsec: 4000000
}

sim_time {
  sec: 33
  nsec: 396000000
}
real_time {
  sec: 35
  nsec: 451496636
}
iterations: 8349
real_time_factor: 0.99999375003906221
step_size {
  nsec: 4000000
}

sim_time {
  sec: 33
  nsec: 500000000
}
real_time {
  sec: 35
  nsec: 555496005
}
iterations: 8375
real_time_factor: 0.99991050800953318
step_size {
  nsec: 4000000
}

sim_time {
  sec: 33
  nsec: 600000000
}
real_time {
  sec: 35
  nsec: 655496897
}
iterations: 8400
real_time_factor: 0.99988051427854374
step_size {
  nsec: 4000000
}

sim_time {
  sec: 33
  nsec: 704000000
}
real_time {
  sec: 35
  nsec: 759496230
}
iterations: 8426
real_time_factor: 1.0000192503705696
step_size {
  nsec: 4000000
}

sim_time {
  sec: 33
  nsec: 808000000
}
real_time {
  sec: 35
  nsec: 863496358
}
iterations: 8452
real_time_factor: 1.0000242505880768
step_size {
  nsec: 4000000
}

sim_time {
  sec: 33
  nsec: 908000000
}
real_time {
  sec: 35
  nsec: 963497119
}
iterations: 8477
real_time_factor: 1.0000632540008156
step_size {
  nsec: 4000000
}

sim_time {
  sec: 34
  nsec: 12000000
}
real_time {
  sec: 36
  nsec: 67496635
}
iterations: 8503
real_time_factor: 1.0000240005760139
step_size {
  nsec: 4000000
}

sim_time {
  sec: 34
  nsec: 116000000
}
real_time {
  sec: 36
  nsec: 171495701
}
iterations: 8529
real_time_factor: 1.0001237653159578
step_size {
  nsec: 4000000
}

sim_time {
  sec: 34
  nsec: 220000000
}
real_time {
  sec: 36
  nsec: 275496348
}
iterations: 8555
real_time_factor: 0.99992450569981961
step_size {
  nsec: 4000000
}

sim_time {
  sec: 34
  nsec: 324000000
}
real_time {
  sec: 36
  nsec: 379499957
}
iterations: 8581
real_time_factor: 0.99898103933987337
step_size {
  nsec: 4000000
}

sim_time {
  sec: 34
  nsec: 428000000
}
real_time {
  sec: 36
  nsec: 483498112
}
iterations: 8607
real_time_factor: 0.99948251792634368
step_size {
  nsec: 4000000
}

sim_time {
  sec: 34
  nsec: 532000000
}
real_time {
  sec: 36
  nsec: 587495897
}
iterations: 8633
real_time_factor: 1.0003899019642906
step_size {
  nsec: 4000000
}

sim_time {
  sec: 34
  nsec: 632000000
}
real_time {
  sec: 36
  nsec: 687496194
}
iterations: 8658
real_time_factor: 0.99984127519756238
step_size {
  nsec: 4000000
}

sim_time {
  sec: 34
  nsec: 736000000
}
real_time {
  sec: 36
  nsec: 791496587
}
iterations: 8684
real_time_factor: 0.99989701060790737
step_size {
  nsec: 4000000
}

sim_time {
  sec: 34
  nsec: 840000000
}
real_time {
  sec: 36
  nsec: 895496074
}
iterations: 8710
real_time_factor: 1.0001190141626854
step_size {
  nsec: 4000000
}

sim_time {
  sec: 34
  nsec: 940000000
}
real_time {
  sec: 36
  nsec: 995496629
}
iterations: 8735
real_time_factor: 1.0000032500105625
step_size {
  nsec: 4000000
}

sim_time {
  sec: 35
  nsec: 40000000
}
real_time {
  sec: 37
  nsec: 95497120
}
iterations: 8760
real_time_factor: 0.999866517819871
step_size {
  nsec: 4000000
}

sim_time {
  sec: 35
  nsec: 140000000
}
real_time {
  sec: 37
  nsec: 195497842
}
iterations: 8785
real_time_factor: 0.99954720511608242
step_size {
  nsec: 4000000
}

sim_time {
  sec: 35
  nsec: 244000000
}
real_time {
  sec: 37
  nsec: 299496754
}
iterations: 8811
real_time_factor: 0.99982952906529432
step_size {
  nsec: 4000000
}

sim_time {
  sec: 35
  nsec: 348000000
}
real_time {
  sec: 37
  nsec: 403496574
}
iterations: 8837
real_time_factor: 0.99990600883516945
step_size {
  nsec: 4000000
}

sim_time {
  sec: 35
  nsec: 452000000
}
real_time {
  sec: 37
  nsec: 507495717
}
iterations: 8863
real_time_factor: 1.0001397695327923
step_size {
  nsec: 4000000
}

sim_time {
  sec: 35
  nsec: 552000000
}
real_time {
  sec: 37
  nsec: 607496198
}
iterations: 8888
real_time_factor: 1.0001097620463846
step_size {
  nsec: 4000000
}

sim_time {
  sec: 35
  nsec: 656000000
}
real_time {
  sec: 37
  nsec: 711496082
}
iterations: 8914
real_time_factor: 1.0000127501625646
step_size {
  nsec: 4000000
}

sim_time {
  sec: 35
  nsec: 756000000
}
real_time {
  sec: 37
  nsec: 811496680
}
iterations: 8939
real_time_factor: 0.99985527094953008
step_size {
  nsec: 4000000
}

sim_time {
  sec: 35
  nsec: 860000000
}
real_time {
  sec: 37
  nsec: 915496470
}
iterations: 8965
real_time_factor: 0.99987601537409365
step_size {
  nsec: 4000000
}

sim_time {
  sec: 35
  nsec: 964000000
}
real_time {
  sec: 38
  nsec: 19496648
}
iterations: 8991
real_time_factor: 0.99971882907932141
step_size {
  nsec: 4000000
}

sim_time {
  sec: 36
  nsec: 68000000
}
real_time {
  sec: 38
  nsec: 123496142
}
iterations: 9017
real_time_factor: 1.0001190141626854
step_size {
  nsec: 4000000
}

sim_time {
  sec: 36
  nsec: 168000000
}
real_time {
  sec: 38
  nsec: 223498491
}
iterations: 9042
real_time_factor: 0.99935117125206463
step_size {
  nsec: 4000000
}

sim_time {
  sec: 36
  nsec: 272000000
}
real_time {
  sec: 38
  nsec: 327496087
}
iterations: 9068
real_time_factor: 1.0000057500330626
step_size {
  nsec: 4000000
}

sim_time {
  sec: 36
  nsec: 372000000
}
real_time {
  sec: 38
  nsec: 427507067
}
iterations: 9093
real_time_factor: 0.99729782155250346
step_size {
  nsec: 4000000
}

sim_time {
  sec: 36
  nsec: 476000000
}
real_time {
  sec: 38
  nsec: 531496913
}
iterations: 9119
real_time_factor: 0.99982053221446754
step_size {
  nsec: 4000000
}

sim_time {
  sec: 36
  nsec: 580000000
}
real_time {
  sec: 38
  nsec: 635495610
}
iterations: 9145
real_time_factor: 1.0001560243397971
step_size {
  nsec: 4000000
}

sim_time {
  sec: 36
  nsec: 680000000
}
real_time {
  sec: 38
  nsec: 735496950
}
iterations: 9170
real_time_factor: 1.0004201764741192
step_size {
  nsec: 4000000
}

sim_time {
  sec: 36
  nsec: 780000000
}
real_time {
  sec: 38
  nsec: 835498664
}
iterations: 9195
real_time_factor: 0.99926803616351023
step_size {
  nsec: 4000000
}

sim_time {
  sec: 36
  nsec: 884000000
}
real_time {
  sec: 38
  nsec: 939496099
}
iterations: 9221
real_time_factor: 1.0002585668395281
step_size {
  nsec: 4000000
}

sim_time {
  sec: 36
  nsec: 988000000
}
real_time {
  sec: 39
  nsec: 43496184
}
iterations: 9247
real_time_factor: 1.0000615037824827
step_size {
  nsec: 4000000
}

sim_time {
  sec: 37
  nsec: 92000000
}
real_time {
  sec: 39
  nsec: 147497574
}
iterations: 9273
real_time_factor: 0.99969784132745876
step_size {
  nsec: 4000000
}

sim_time {
  sec: 37
  nsec: 196000000
}
real_time {
  sec: 39
  nsec: 251496204
}
iterations: 9299
real_time_factor: 1.0002628190557068
step_size {
  nsec: 4000000
}

sim_time {
  sec: 37
  nsec: 300000000
}
real_time {
  sec: 39
  nsec: 355496613
}
iterations: 9325
real_time_factor: 0.99999650001224993
step_size {
  nsec: 4000000
}

sim_time {
  sec: 37
  nsec: 404000000
}
real_time {
  sec: 39
  nsec: 459496901
}
iterations: 9351
real_time_factor: 0.99985976966730417
step_size {
  nsec: 4000000
}

sim_time {
  sec: 37
  nsec: 508000000
}
real_time {
  sec: 39
  nsec: 563495845
}
iterations: 9377
real_time_factor: 1.000126265941075
step_size {
  nsec: 4000000
}

sim_time {
  sec: 37
  nsec: 608000000
}
real_time {
  sec: 39
  nsec: 663504527
}
iterations: 9402
real_time_factor: 0.99783469870381269
step_size {
  nsec: 4000000
}

sim_time {
  sec: 37
  nsec: 712000000
}
real_time {
  sec: 39
  nsec: 767495945
}
iterations: 9428
real_time_factor: 1.0000820067245515
step_size {
  nsec: 4000000
}

sim_time {
  sec: 37
  nsec: 816000000
}
real_time {
  sec: 39
  nsec: 871495361
}
iterations: 9454
real_time_factor: 1.0002005402083118
step_size {
  nsec: 4000000
}

sim_time {
  sec: 37
  nsec: 916000000
}
real_time {
  sec: 39
  nsec: 971496569
}
iterations: 9479
real_time_factor: 0.99996675110552569
step_size {
  nsec: 4000000
}

sim_time {
  sec: 38
  nsec: 20000000
}
real_time {
  sec: 40
  nsec: 75495706
}
iterations: 9505
real_time_factor: 1.0001287665786971
step_size {
  nsec: 4000000
}

sim_time {
  sec: 38
  nsec: 120000000
}
real_time {
  sec: 40
  nsec: 175496572
}
iterations: 9530
real_time_factor: 0.99979079377640234
step_size {
  nsec: 4000000
}

sim_time {
  sec: 38
  nsec: 220000000
}
real_time {
  sec: 40
  nsec: 275496892
}
iterations: 9555
real_time_factor: 1.0001655273947838
step_size {
  nsec: 4000000
}

sim_time {
  sec: 38
  nsec: 324000000
}
real_time {
  sec: 40
  nsec: 379496436
}
iterations: 9581
real_time_factor: 1.0000707550059167
step_size {
  nsec: 4000000
}

sim_time {
  sec: 38
  nsec: 424000000
}
real_time {
  sec: 40
  nsec: 479500339
}
iterations: 9606
real_time_factor: 0.99891692432480084
step_size {
  nsec: 4000000
}

sim_time {
  sec: 38
  nsec: 528000000
}
real_time {
  sec: 40
  nsec: 583497161
}
iterations: 9632
real_time_factor: 0.99979779089679111
step_size {
  nsec: 4000000
}

sim_time {
  sec: 38
  nsec: 632000000
}
real_time {
  sec: 40
  nsec: 687497151
}
iterations: 9658
real_time_factor: 0.99975381062413382
step_size {
  nsec: 4000000
}

sim_time {
  sec: 38
  nsec: 736000000
}
real_time {
  sec: 40
  nsec: 791497139
}
iterations: 9684
real_time_factor: 0.99972382629298662
step_size {
  nsec: 4000000
}

sim_time {
  sec: 38
  nsec: 840000000
}
real_time {
  sec: 40
  nsec: 895496275
}
iterations: 9710
real_time_factor: 1.0001242654399809
step_size {
  nsec: 4000000
}

sim_time {
  sec: 38
  nsec: 944000000
}
real_time {
  sec: 40
  nsec: 999495689
}
iterations: 9736
real_time_factor: 1.0000222504950735
step_size {
  nsec: 4000000
}

sim_time {
  sec: 39
  nsec: 48000000
}
real_time {
  sec: 41
  nsec: 103496824
}
iterations: 9762
real_time_factor: 0.999793042840132
step_size {
  nsec: 4000000
}

sim_time {
  sec: 39
  nsec: 152000000
}
real_time {
  sec: 41
  nsec: 207501766
}
iterations: 9788
real_time_factor: 0.99857528271538587
step_size {
  nsec: 4000000
}

sim_time {
  sec: 39
  nsec: 256000000
}
real_time {
  sec: 41
  nsec: 311495452
}
iterations: 9814
real_time_factor: 1.0003093456651468
step_size {
  nsec: 4000000
}

sim_time {
  sec: 39
  nsec: 356000000
}
real_time {
  sec: 41
  nsec: 411497808
}
iterations: 9839
real_time_factor: 0.99984402433220421
step_size {
  nsec: 4000000
}

sim_time {
  sec: 39
  nsec: 460000000
}
real_time {
  sec: 41
  nsec: 515502472
}
iterations: 9865
real_time_factor: 0.99840430032700234
step_size {
  nsec: 4000000
}

sim_time {
  sec: 39
  nsec: 564000000
}
real_time {
  sec: 41
  nsec: 619496468
}
iterations: 9891
real_time_factor: 1.0000755057006805
step_size {
  nsec: 4000000
}

sim_time {
  sec: 39
  nsec: 664000000
}
real_time {
  sec: 41
  nsec: 719497360
}
iterations: 9916
real_time_factor: 1.0007080009106444
step_size {
  nsec: 4000000
}

sim_time {
  sec: 39
  nsec: 764000000
}
real_time {
  sec: 41
  nsec: 819497978
}
iterations: 9941
real_time_factor: 0.99961764625030924
step_size {
  nsec: 4000000
}

sim_time {
  sec: 39
  nsec: 868000000
}
real_time {
  sec: 41
  nsec: 923496492
}
iterations: 9967
real_time_factor: 0.99977005288783583
step_size {
  nsec: 4000000
}

sim_time {
  sec: 39
  nsec: 972000000
}
real_time {
  sec: 42
  nsec: 27497024
}
iterations: 9993
real_time_factor: 0.9997815477318206
step_size {
  nsec: 4000000
}

sim_time {
  sec: 40
  nsec: 76000000
}
real_time {
  sec: 42
  nsec: 131496704
}
iterations: 10019
real_time_factor: 0.99991125787586355
step_size {
  nsec: 4000000
}

sim_time {
  sec: 40
  nsec: 180000000
}
real_time {
  sec: 42
  nsec: 235503809
}
iterations: 10045
real_time_factor: 0.99812078808623061
step_size {
  nsec: 4000000
}

sim_time {
  sec: 40
  nsec: 284000000
}
real_time {
  sec: 42
  nsec: 339496605
}
iterations: 10071
real_time_factor: 0.99985127212327163
step_size {
  nsec: 4000000
}

sim_time {
  sec: 40
  nsec: 388000000
}
real_time {
  sec: 42
  nsec: 443496291
}
iterations: 10097
real_time_factor: 1.0000175003062555
step_size {
  nsec: 4000000
}

sim_time {
  sec: 40
  nsec: 492000000
}
real_time {
  sec: 42
  nsec: 547495961
}
iterations: 10123
real_time_factor: 1.0000267507155816
step_size {
  nsec: 4000000
}

sim_time {
  sec: 40
  nsec: 596000000
}
real_time {
  sec: 42
  nsec: 651496104
}
iterations: 10149
real_time_factor: 0.99989751050517317
step_size {
  nsec: 4000000
}

sim_time {
  sec: 40
  nsec: 696000000
}
real_time {
  sec: 42
  nsec: 751496374
}
iterations: 10174
real_time_factor: 0.9998417750391001
step_size {
  nsec: 4000000
}

sim_time {
  sec: 40
  nsec: 800000000
}
real_time {
  sec: 42
  nsec: 855495962
}
iterations: 10200
real_time_factor: 0.99996475124251871
step_size {
  nsec: 4000000
}

sim_time {
  sec: 40
  nsec: 904000000
}
real_time {
  sec: 42
  nsec: 959495770
}
iterations: 10226
real_time_factor: 1.0000432518706435
step_size {
  nsec: 4000000
}

sim_time {
  sec: 41
  nsec: 4000000
}
real_time {
  sec: 43
  nsec: 59495816
}
iterations: 10251
real_time_factor: 1.0001035107133589
step_size {
  nsec: 4000000
}

sim_time {
  sec: 41
  nsec: 104000000
}
real_time {
  sec: 43
  nsec: 159499329
}
iterations: 10276
real_time_factor: 1.0002678217092627
step_size {
  nsec: 4000000
}

sim_time {
  sec: 41
  nsec: 204000000
}
real_time {
  sec: 43
  nsec: 259497685
}
iterations: 10301
real_time_factor: 0.99972157754065494
step_size {
  nsec: 4000000
}

sim_time {
  sec: 41
  nsec: 308000000
}
real_time {
  sec: 43
  nsec: 363495793
}
iterations: 10327
real_time_factor: 1.00005725327775
step_size {
  nsec: 4000000
}

sim_time {
  sec: 41
  nsec: 408000000
}
real_time {
  sec: 43
  nsec: 463495907
}
iterations: 10352
real_time_factor: 1.000129266707722
step_size {
  nsec: 4000000
}

sim_time {
  sec: 41
  nsec: 512000000
}
real_time {
  sec: 43
  nsec: 567495670
}
iterations: 10378
real_time_factor: 1.0000477522801714
step_size {
  nsec: 4000000
}

sim_time {
  sec: 41
  nsec: 612000000
}
real_time {
  sec: 43
  nsec: 667496188
}
iterations: 10403
real_time_factor: 1.0000247506125777
step_size {
  nsec: 4000000
}

sim_time {
  sec: 41
  nsec: 712000000
}
real_time {
  sec: 43
  nsec: 767499725
}
iterations: 10428
real_time_factor: 0.99967760397271876
step_size {
  nsec: 4000000
}

sim_time {
  sec: 41
  nsec: 816000000
}
real_time {
  sec: 43
  nsec: 871495874
}
iterations: 10454
real_time_factor: 1.0002728244128587
step_size {
  nsec: 4000000
}

sim_time {
  sec: 41
  nsec: 920000000
}
real_time {
  sec: 43
  nsec: 975495837
}
iterations: 10480
real_time_factor: 1.0000157502480664
step_size {
  nsec: 4000000
}

sim_time {
  sec: 42
  nsec: 20000000
}
real_time {
  sec: 44
  nsec: 75495966
}
iterations: 10505
real_time_factor: 1.0003191017934721
step_size {
  nsec: 4000000
}

sim_time {
  sec: 42
  nsec: 120000000
}
real_time {
  sec: 44
  nsec: 175497048
}
iterations: 10530
real_time_factor: 0.999830278810172
step_size {
  nsec: 4000000
}

sim_time {
  sec: 42
  nsec: 224000000
}
real_time {
  sec: 44
  nsec: 279496011
}
iterations: 10556
real_time_factor: 1.0000202504100708
step_size {
  nsec: 4000000
}

sim_time {
  sec: 42
  nsec: 324000000
}
real_time {
  sec: 44
  nsec: 379496177
}
iterations: 10581
real_time_factor: 0.99993675400030946
step_size {
  nsec: 4000000
}

sim_time {
  sec: 42
  nsec: 424000000
}
real_time {
  sec: 44
  nsec: 479497110
}
iterations: 10606
real_time_factor: 0.99986051945753562
step_size {
  nsec: 4000000
}

sim_time {
  sec: 42
  nsec: 528000000
}
real_time {
  sec: 44
  nsec: 583495971
}
iterations: 10632
real_time_factor: 0.99998100036099313
step_size {
  nsec: 4000000
}

sim_time {
  sec: 42
  nsec: 628000000
}
real_time {
  sec: 44
  nsec: 683497211
}
iterations: 10657
real_time_factor: 0.99977005288783583
step_size {
  nsec: 4000000
}

sim_time {
  sec: 42
  nsec: 728000000
}
real_time {
  sec: 44
  nsec: 783498190
}
iterations: 10682
real_time_factor: 0.99940735144059578
step_size {
  nsec: 4000000
}

sim_time {
  sec: 42
  nsec: 832000000
}
real_time {
  sec: 44
  nsec: 887496707
}
iterations: 10708
real_time_factor: 0.99990925823481525
step_size {
  nsec: 4000000
}

sim_time {
  sec: 42
  nsec: 936000000
}
real_time {
  sec: 44
  nsec: 991495891
}
iterations: 10734
real_time_factor: 0.99998800014399825
step_size {
  nsec: 4000000
}

sim_time {
  sec: 43
  nsec: 36000000
}
real_time {
  sec: 45
  nsec: 91496054
}
iterations: 10759
real_time_factor: 1.0001547739512691
step_size {
  nsec: 4000000
}

sim_time {
  sec: 43
  nsec: 136000000
}
real_time {
  sec: 45
  nsec: 191496926
}
iterations: 10784
real_time_factor: 1.0002172972078185
step_size {
  nsec: 4000000
}

sim_time {
  sec: 43
  nsec: 236000000
}
real_time {
  sec: 45
  nsec: 291497540
}
iterations: 10809
real_time_factor: 0.99977729960651263
step_size {
  nsec: 4000000
}

sim_time {
  sec: 43
  nsec: 336000000
}
real_time {
  sec: 45
  nsec: 391496859
}
iterations: 10834
real_time_factor: 1.0000412517016326
step_size {
  nsec: 4000000
}

sim_time {
  sec: 43
  nsec: 440000000
}
real_time {
  sec: 45
  nsec: 495496766
}
iterations: 10860
real_time_factor: 0.99994625288890726
step_size {
  nsec: 4000000
}

sim_time {
  sec: 43
  nsec: 544000000
}
real_time {
  sec: 45
  nsec: 599497005
}
iterations: 10886
real_time_factor: 0.99981203533735663
step_size {
  nsec: 4000000
}

sim_time {
  sec: 43
  nsec: 648000000
}
real_time {
  sec: 45
  nsec: 703496596
}
iterations: 10912
real_time_factor: 0.99992800518362679
step_size {
  nsec: 4000000
}

sim_time {
  sec: 43
  nsec: 748000000
}
real_time {
  sec: 45
  nsec: 803496868
}
iterations: 10937
real_time_factor: 1.000129516772422
step_size {
  nsec: 4000000
}

sim_time {
  sec: 43
  nsec: 852000000
}
real_time {
  sec: 45
  nsec: 907496560
}
iterations: 10963
real_time_factor: 1.0001060112371911
step_size {
  nsec: 4000000
}

sim_time {
  sec: 43
  nsec: 952000000
}
real_time {
  sec: 46
  nsec: 7499999
}
iterations: 10988
real_time_factor: 0.99911877723847564
step_size {
  nsec: 4000000
}

sim_time {
  sec: 44
  nsec: 56000000
}
real_time {
  sec: 46
  nsec: 111495970
}
iterations: 11014
real_time_factor: 1.0000690047613285
step_size {
  nsec: 4000000
}

sim_time {
  sec: 44
  nsec: 156000000
}
real_time {
  sec: 46
  nsec: 211495784
}
iterations: 11039
real_time_factor: 0.99997900044099075
step_size {
  nsec: 4000000
}

sim_time {
  sec: 44
  nsec: 256000000
}
real_time {
  sec: 46
  nsec: 311497118
}
iterations: 11064
real_time_factor: 0.99973806862602
step_size {
  nsec: 4000000
}

sim_time {
  sec: 44
  nsec: 360000000
}
real_time {
  sec: 46
  nsec: 415496829
}
iterations: 11090
real_time_factor: 0.99993475425728473
step_size {
  nsec: 4000000
}

sim_time {
  sec: 44
  nsec: 464000000
}
real_time {
  sec: 46
  nsec: 519496306
}
iterations: 11116
real_time_factor: 1.0000067500455627
step_size {
  nsec: 4000000
}

sim_time {
  sec: 44
  nsec: 564000000
}
real_time {
  sec: 46
  nsec: 619496247
}
iterations: 11141
real_time_factor: 0.999921006240507
step_size {
  nsec: 4000000
}

sim_time {
  sec: 44
  nsec: 668000000
}
real_time {
  sec: 46
  nsec: 723496039
}
iterations: 11167
real_time_factor: 0.9998352771380915
step_size {
  nsec: 4000000
}

sim_time {
  sec: 44
  nsec: 768000000
}
real_time {
  sec: 46
  nsec: 823496340
}
iterations: 11192
real_time_factor: 1.0005905986008241
step_size {
  nsec: 4000000
}

sim_time {
  sec: 44
  nsec: 868000000
}
real_time {
  sec: 46
  nsec: 923496117
}
iterations: 11217
real_time_factor: 1.0002130453786657
step_size {
  nsec: 4000000
}

sim_time {
  sec: 44
  nsec: 968000000
}
real_time {
  sec: 47
  nsec: 23496389
}
iterations: 11242
real_time_factor: 0.99997875045155293
step_size {
  nsec: 4000000
}

sim_time {
  sec: 45
  nsec: 72000000
}
real_time {
  sec: 47
  nsec: 127497236
}
iterations: 11268
real_time_factor: 0.99971982851805785
step_size {
  nsec: 4000000
}

sim_time {
  sec: 45
  nsec: 172000000
}
real_time {
  sec: 47
  nsec: 227496499
}
iterations: 11293
real_time_factor: 1.0003726388079559
step_size {
  nsec: 4000000
}

sim_time {
  sec: 45
  nsec: 276000000
}
real_time {
  sec: 47
  nsec: 331496397
}
iterations: 11319
real_time_factor: 0.99994650286209685
step_size {
  nsec: 4000000
}

sim_time {
  sec: 45
  nsec: 380000000
}
real_time {
  sec: 47
  nsec: 435496091
}
iterations: 11345
real_time_factor: 1.0001965386198388
step_size {
  nsec: 4000000
}

sim_time {
  sec: 45
  nsec: 480000000
}
real_time {
  sec: 47
  nsec: 535498410
}
iterations: 11370
real_time_factor: 0.99961789605923135
step_size {
  nsec: 4000000
}

sim_time {
  sec: 45
  nsec: 584000000
}
real_time {
  sec: 47
  nsec: 639497997
}
iterations: 11396
real_time_factor: 0.99945379849912019
step_size {
  nsec: 4000000
}

sim_time {
  sec: 45
  nsec: 688000000
}
real_time {
  sec: 47
  nsec: 743496825
}
iterations: 11422
real_time_factor: 0.99996275138751078
step_size {
  nsec: 4000000
}

sim_time {
  sec: 45
  nsec: 792000000
}
real_time {
  sec: 47
  nsec: 847497360
}
iterations: 11448
real_time_factor: 0.99978679546586691
step_size {
  nsec: 4000000
}

sim_time {
  sec: 45
  nsec: 892000000
}
real_time {
  sec: 47
  nsec: 947496436
}
iterations: 11473
real_time_factor: 1.0003356125980267
step_size {
  nsec: 4000000
}

sim_time {
  sec: 45
  nsec: 996000000
}
real_time {
  sec: 48
  nsec: 51498467
}
iterations: 11499
real_time_factor: 0.99950000012493745
step_size {
  nsec: 4000000
}

sim_time {
  sec: 46
  nsec: 96000000
}
real_time {
  sec: 48
  nsec: 151497913
}
iterations: 11524
real_time_factor: 0.999671358041044
step_size {
  nsec: 4000000
}

sim_time {
  sec: 46
  nsec: 200000000
}
real_time {
  sec: 48
  nsec: 255495748
}
iterations: 11550
real_time_factor: 1.0006742042451102
step_size {
  nsec: 4000000
}

sim_time {
  sec: 46
  nsec: 300000000
}
real_time {
  sec: 48
  nsec: 355496520
}
iterations: 11575
real_time_factor: 1.0004281832624364
step_size {
  nsec: 4000000
}

sim_time {
  sec: 46
  nsec: 400000000
}
real_time {
  sec: 48
  nsec: 455497744
}
iterations: 11600
real_time_factor: 1.0005765822555248
step_size {
  nsec: 4000000
}

sim_time {
  sec: 46
  nsec: 500000000
}
real_time {
  sec: 48
  nsec: 555499533
}
iterations: 11625
real_time_factor: 0.99952322742052047
step_size {
  nsec: 4000000
}

sim_time {
  sec: 46
  nsec: 604000000
}
real_time {
  sec: 48
  nsec: 659496943
}
iterations: 11651
real_time_factor: 1.0003100961298002
step_size {
  nsec: 4000000
}

sim_time {
  sec: 46
  nsec: 704000000
}
real_time {
  sec: 48
  nsec: 759499195
}
iterations: 11676
real_time_factor: 0.99941459290220758
step_size {
  nsec: 4000000
}

sim_time {
  sec: 46
  nsec: 808000000
}
real_time {
  sec: 48
  nsec: 863495447
}
iterations: 11702
real_time_factor: 1.0000557531082357
step_size {
  nsec: 4000000
}

sim_time {
  sec: 46
  nsec: 908000000
}
real_time {
  sec: 48
  nsec: 963496708
}
iterations: 11727
real_time_factor: 0.99997700052898786
step_size {
  nsec: 4000000
}

sim_time {
  sec: 47
  nsec: 8000000
}
real_time {
  sec: 49
  nsec: 63498339
}
iterations: 11752
real_time_factor: 0.99988176398140916
step_size {
  nsec: 4000000
}

sim_time {
  sec: 47
  nsec: 108000000
}
real_time {
  sec: 49
  nsec: 163707910
}
iterations: 11777
real_time_factor: 0.949638306510008
step_size {
  nsec: 4000000
}

sim_time {
  sec: 47
  nsec: 212000000
}
real_time {
  sec: 49
  nsec: 267496119
}
iterations: 11803
real_time_factor: 1.0004842343694349
step_size {
  nsec: 4000000
}

sim_time {
  sec: 47
  nsec: 316000000
}
real_time {
  sec: 49
  nsec: 371496172
}
iterations: 11829
real_time_factor: 0.99984227488113753
step_size {
  nsec: 4000000
}

sim_time {
  sec: 47
  nsec: 420000000
}
real_time {
  sec: 49
  nsec: 475496335
}
iterations: 11855
real_time_factor: 1.0000372513876141
step_size {
  nsec: 4000000
}

sim_time {
  sec: 47
  nsec: 520000000
}
real_time {
  sec: 49
  nsec: 575497040
}
iterations: 11880
real_time_factor: 1.0012237457232103
step_size {
  nsec: 4000000
}

sim_time {
  sec: 47
  nsec: 624000000
}
real_time {
  sec: 49
  nsec: 679496717
}
iterations: 11906
real_time_factor: 1.0000692547958947
step_size {
  nsec: 4000000
}

sim_time {
  sec: 47
  nsec: 724000000
}
real_time {
  sec: 49
  nsec: 779498653
}
iterations: 11931
real_time_factor: 0.99958342360821129
step_size {
  nsec: 4000000
}

sim_time {
  sec: 47
  nsec: 828000000
}
real_time {
  sec: 49
  nsec: 883495615
}
iterations: 11957
real_time_factor: 1.0001135128837122
step_size {
  nsec: 4000000
}

sim_time {
  sec: 47
  nsec: 928000000
}
real_time {
  sec: 49
  nsec: 983497235
}
iterations: 11982
real_time_factor: 0.99962988703432554
step_size {
  nsec: 4000000
}

sim_time {
  sec: 48
  nsec: 32000000
}
real_time {
  sec: 50
  nsec: 87495798
}
iterations: 12008
real_time_factor: 1.000005000025
step_size {
  nsec: 4000000
}

sim_time {
  sec: 48
  nsec: 132000000
}
real_time {
  sec: 50
  nsec: 187495710
}
iterations: 12033
real_time_factor: 1.0001807826764688
step_size {
  nsec: 4000000
}

sim_time {
  sec: 48
  nsec: 232000000
}
real_time {
  sec: 50
  nsec: 287500158
}
iterations: 12058
real_time_factor: 0.99941034789474215
step_size {
  nsec: 4000000
}

sim_time {
  sec: 48
  nsec: 336000000
}
real_time {
  sec: 50
  nsec: 391496881
}
iterations: 12084
real_time_factor: 1.0009849692097024
step_size {
  nsec: 4000000
}

sim_time {
  sec: 48
  nsec: 440000000
}
real_time {
  sec: 50
  nsec: 495495602
}
iterations: 12110
real_time_factor: 1.0003939051001332
step_size {
  nsec: 4000000
}

sim_time {
  sec: 48
  nsec: 540000000
}
real_time {
  sec: 50
  nsec: 595496019
}
iterations: 12135
real_time_factor: 0.99989576086692966
step_size {
  nsec: 4000000
}

sim_time {
  sec: 48
  nsec: 640000000
}
real_time {
  sec: 50
  nsec: 695496083
}
iterations: 12160
real_time_factor: 1.0000162502640668
step_size {
  nsec: 4000000
}

sim_time {
  sec: 48
  nsec: 744000000
}
real_time {
  sec: 50
  nsec: 799496477
}
iterations: 12186
real_time_factor: 0.999903259359657
step_size {
  nsec: 4000000
}

sim_time {
  sec: 48
  nsec: 844000000
}
real_time {
  sec: 50
  nsec: 899498763
}
iterations: 12211
real_time_factor: 0.99952822267889552
step_size {
  nsec: 4000000
}

sim_time {
  sec: 48
  nsec: 944000000
}
real_time {
  sec: 50
  nsec: 999500520
}
iterations: 12236
real_time_factor: 0.99891368137150849
step_size {
  nsec: 4000000
}

sim_time {
  sec: 49
  nsec: 48000000
}
real_time {
  sec: 51
  nsec: 103498157
}
iterations: 12262
real_time_factor: 0.99941034789474215
step_size {
  nsec: 4000000
}

sim_time {
  sec: 49
  nsec: 152000000
}
real_time {
  sec: 51
  nsec: 207495960
}
iterations: 12288
real_time_factor: 0.999967751040029
step_size {
  nsec: 4000000
}

sim_time {
  sec: 49
  nsec: 256000000
}
real_time {
  sec: 51
  nsec: 311495947
}
iterations: 12314
real_time_factor: 0.99998175033305647
step_size {
  nsec: 4000000
}

sim_time {
  sec: 49
  nsec: 356000000
}
real_time {
  sec: 51
  nsec: 411497742
}
iterations: 12339
real_time_factor: 0.99956768697538312
step_size {
  nsec: 4000000
}

sim_time {
  sec: 49
  nsec: 460000000
}
real_time {
  sec: 51
  nsec: 515495845
}
iterations: 12365
real_time_factor: 1.0000650042252746
step_size {
  nsec: 4000000
}

sim_time {
  sec: 49
  nsec: 560000000
}
real_time {
  sec: 51
  nsec: 615500384
}
iterations: 12390
real_time_factor: 1.000437941708983
step_size {
  nsec: 4000000
}

sim_time {
  sec: 49
  nsec: 664000000
}
real_time {
  sec: 51
  nsec: 719497366
}
iterations: 12416
real_time_factor: 0.999998000004
step_size {
  nsec: 4000000
}

sim_time {
  sec: 49
  nsec: 768000000
}
real_time {
  sec: 51
  nsec: 823497748
}
iterations: 12442
real_time_factor: 0.99964387686886547
step_size {
  nsec: 4000000
}

sim_time {
  sec: 49
  nsec: 868000000
}
real_time {
  sec: 51
  nsec: 923497435
}
iterations: 12467
real_time_factor: 0.999715580917229
step_size {
  nsec: 4000000
}

sim_time {
  sec: 49
  nsec: 972000000
}
real_time {
  sec: 52
  nsec: 27499575
}
iterations: 12493
real_time_factor: 0.99923932906075252
step_size {
  nsec: 4000000
}

sim_time {
  sec: 50
  nsec: 76000000
}
real_time {
  sec: 52
  nsec: 131496244
}
iterations: 12519
real_time_factor: 0.99989851030120447
step_size {
  nsec: 4000000
}

sim_time {
  sec: 50
  nsec: 176000000
}
real_time {
  sec: 52
  nsec: 231497890
}
iterations: 12544
real_time_factor: 1.0001807826764688
step_size {
  nsec: 4000000
}

sim_time {
  sec: 50
  nsec: 280000000
}
real_time {
  sec: 52
  nsec: 335495636
}
iterations: 12570
real_time_factor: 1.0000137501890651
step_size {
  nsec: 4000000
}

sim_time {
  sec: 50
  nsec: 380000000
}
real_time {
  sec: 52
  nsec: 435496669
}
iterations: 12595
real_time_factor: 1.0611233582432043
step_size {
  nsec: 4000000
}

sim_time {
  sec: 50
  nsec: 480000000
}
real_time {
  sec: 52
  nsec: 535500317
}
iterations: 12620
real_time_factor: 0.99963463354144055
step_size {
  nsec: 4000000
}

sim_time {
  sec: 50
  nsec: 584000000
}
real_time {
  sec: 52
  nsec: 639496111
}
iterations: 12646
real_time_factor: 1.0000627539378095
step_size {
  nsec: 4000000
}

sim_time {
  sec: 50
  nsec: 684000000
}
real_time {
  sec: 52
  nsec: 739496451
}
iterations: 12671
real_time_factor: 1.0008667506060249
step_size {
  nsec: 4000000
}

sim_time {
  sec: 50
  nsec: 788000000
}
real_time {
  sec: 52
  nsec: 843496690
}
iterations: 12697
real_time_factor: 0.99992150616176634
step_size {
  nsec: 4000000
}

sim_time {
  sec: 50
  nsec: 892000000
}
real_time {
  sec: 52
  nsec: 947495887
}
iterations: 12723
real_time_factor: 1.0001602756841783
step_size {
  nsec: 4000000
}

sim_time {
  sec: 50
  nsec: 992000000
}
real_time {
  sec: 53
  nsec: 47496175
}
iterations: 12748
real_time_factor: 1.000007250052563
step_size {
  nsec: 4000000
}

sim_time {
  sec: 51
  nsec: 92000000
}
real_time {
  sec: 53
  nsec: 147496999
}
iterations: 12773
real_time_factor: 1.00159127814315
step_size {
  nsec: 4000000
}

sim_time {
  sec: 51
  nsec: 196000000
}
real_time {
  sec: 53
  nsec: 251498104
}
iterations: 12799
real_time_factor: 0.99944730563998108
step_size {
  nsec: 4000000
}

sim_time {
  sec: 51
  nsec: 300000000
}
real_time {
  sec: 53
  nsec: 355496134
}
iterations: 12825
real_time_factor: 1.0002135455919838
step_size {
  nsec: 4000000
}

sim_time {
  sec: 51
  nsec: 400000000
}
real_time {
  sec: 53
  nsec: 455496287
}
iterations: 12850
real_time_factor: 0.99978054816967676
step_size {
  nsec: 4000000
}

sim_time {
  sec: 51
  nsec: 500000000
}
real_time {
  sec: 53
  nsec: 555496986
}
iterations: 12875
real_time_factor: 0.9998987602505246
step_size {
  nsec: 4000000
}

sim_time {
  sec: 51
  nsec: 604000000
}
real_time {
  sec: 53
  nsec: 659496216
}
iterations: 12901
real_time_factor: 1.0000235005522631
step_size {
  nsec: 4000000
}

sim_time {
  sec: 51
  nsec: 708000000
}
real_time {
  sec: 53
  nsec: 763496760
}
iterations: 12927
real_time_factor: 0.99990575888222533
step_size {
  nsec: 4000000
}

sim_time {
  sec: 51
  nsec: 812000000
}
real_time {
  sec: 53
  nsec: 867495944
}
iterations: 12953
real_time_factor: 1.0000052500275627
step_size {
  nsec: 4000000
}

sim_time {
  sec: 51
  nsec: 912000000
}
real_time {
  sec: 53
  nsec: 967496183
}
iterations: 12978
real_time_factor: 0.99994025356984917
step_size {
  nsec: 4000000
}

sim_time {
  sec: 52
  nsec: 16000000
}
real_time {
  sec: 54
  nsec: 71497629
}
iterations: 13004
real_time_factor: 0.999708834801864
step_size {
  nsec: 4000000
}

sim_time {
  sec: 52
  nsec: 120000000
}
real_time {
  sec: 54
  nsec: 175496140
}
iterations: 13030
real_time_factor: 0.99994500302483369
step_size {
  nsec: 4000000
}

sim_time {
  sec: 52
  nsec: 224000000
}
real_time {
  sec: 54
  nsec: 279495929
}
iterations: 13056
real_time_factor: 1.00000050000025
step_size {
  nsec: 4000000
}

sim_time {
  sec: 52
  nsec: 324000000
}
real_time {
  sec: 54
  nsec: 379496534
}
iterations: 13081
real_time_factor: 0.999996000016
step_size {
  nsec: 4000000
}

sim_time {
  sec: 52
  nsec: 428000000
}
real_time {
  sec: 54
  nsec: 483496147
}
iterations: 13107
real_time_factor: 1.0000097500950633
step_size {
  nsec: 4000000
}

sim_time {
  sec: 52
  nsec: 528000000
}
real_time {
  sec: 54
  nsec: 583496993
}
iterations: 13132
real_time_factor: 0.99994750275610533
step_size {
  nsec: 4000000
}

sim_time {
  sec: 52
  nsec: 632000000
}
real_time {
  sec: 54
  nsec: 687496236
}
iterations: 13158
real_time_factor: 1.0001022604561316
step_size {
  nsec: 4000000
}

sim_time {
  sec: 52
  nsec: 732000000
}
real_time {
  sec: 54
  nsec: 787496507
}
iterations: 13183
real_time_factor: 1.0002993395773685
step_size {
  nsec: 4000000
}

sim_time {
  sec: 52
  nsec: 832000000
}
real_time {
  sec: 54
  nsec: 887496861
}
iterations: 13208
real_time_factor: 1.0003251056593392
step_size {
  nsec: 4000000
}

sim_time {
  sec: 52
  nsec: 936000000
}
real_time {
  sec: 54
  nsec: 991496555
}
iterations: 13234
real_time_factor: 0.99978329697038171
step_size {
  nsec: 4000000
}

sim_time {
  sec: 53
  nsec: 40000000
}
real_time {
  sec: 55
  nsec: 95495815
}
iterations: 13260
real_time_factor: 1.0000007500005625
step_size {
  nsec: 4000000
}

sim_time {
  sec: 53
  nsec: 144000000
}
real_time {
  sec: 55
  nsec: 199495964
}
iterations: 13286
real_time_factor: 0.99994500302483369
step_size {
  nsec: 4000000
}

sim_time {
  sec: 53
  nsec: 244000000
}
real_time {
  sec: 55
  nsec: 299496299
}
iterations: 13311
real_time_factor: 1.0000307509455917
step_size {
  nsec: 4000000
}

sim_time {
  sec: 53
  nsec: 344000000
}
real_time {
  sec: 55
  nsec: 399497469
}
iterations: 13336
real_time_factor: 0.99963713172118518
step_size {
  nsec: 4000000
}

sim_time {
  sec: 53
  nsec: 448000000
}
real_time {
  sec: 55
  nsec: 503495959
}
iterations: 13362
real_time_factor: 0.999996000016
step_size {
  nsec: 4000000
}

sim_time {
  sec: 53
  nsec: 548000000
}
real_time {
  sec: 55
  nsec: 603497045
}
iterations: 13387
real_time_factor: 0.99987776494323566
step_size {
  nsec: 4000000
}

sim_time {
  sec: 53
  nsec: 652000000
}
real_time {
  sec: 55
  nsec: 707495489
}
iterations: 13413
real_time_factor: 1.0000330010890359
step_size {
  nsec: 4000000
}

sim_time {
  sec: 53
  nsec: 756000000
}
real_time {
  sec: 55
  nsec: 811496468
}
iterations: 13439
real_time_factor: 0.99974131693424328
step_size {
  nsec: 4000000
}

sim_time {
  sec: 53
  nsec: 860000000
}
real_time {
  sec: 55
  nsec: 915495934
}
iterations: 13465
real_time_factor: 1.000061003721227
step_size {
  nsec: 4000000
}

sim_time {
  sec: 53
  nsec: 960000000
}
real_time {
  sec: 56
  nsec: 15496163
}
iterations: 13490
real_time_factor: 0.999961501482193
step_size {
  nsec: 4000000
}

sim_time {
  sec: 54
  nsec: 60000000
}
real_time {
  sec: 56
  nsec: 115496401
}
iterations: 13515
real_time_factor: 1.0016911050080297
step_size {
  nsec: 4000000
}

sim_time {
  sec: 54
  nsec: 164000000
}
real_time {
  sec: 56
  nsec: 219685728
}
iterations: 13541
real_time_factor: 0.95482370970494757
step_size {
  nsec: 4000000
}

sim_time {
  sec: 54
  nsec: 268000000
}
real_time {
  sec: 56
  nsec: 323497052
}
iterations: 13567
real_time_factor: 0.99987101663885358
step_size {
  nsec: 4000000
}

sim_time {
  sec: 54
  nsec: 372000000
}
real_time {
  sec: 56
  nsec: 427496235
}
iterations: 13593
real_time_factor: 0.99990800846322136
step_size {
  nsec: 4000000
}

sim_time {
  sec: 54
  nsec: 472000000
}
real_time {
  sec: 56
  nsec: 527496829
}
iterations: 13618
real_time_factor: 1.0000167502805672
step_size {
  nsec: 4000000
}

sim_time {
  sec: 54
  nsec: 572000000
}
real_time {
  sec: 56
  nsec: 627497148
}
iterations: 13643
real_time_factor: 0.99983852607803836
step_size {
  nsec: 4000000
}

sim_time {
  sec: 54
  nsec: 676000000
}
real_time {
  sec: 56
  nsec: 731496317
}
iterations: 13669
real_time_factor: 1.0001210146427717
step_size {
  nsec: 4000000
}

sim_time {
  sec: 54
  nsec: 780000000
}
real_time {
  sec: 56
  nsec: 835496303
}
iterations: 13695
real_time_factor: 0.99995250225614285
step_size {
  nsec: 4000000
}

sim_time {
  sec: 54
  nsec: 884000000
}
real_time {
  sec: 56
  nsec: 939495199
}
iterations: 13721
real_time_factor: 1.0001535235658674
step_size {
  nsec: 4000000
}

sim_time {
  sec: 54
  nsec: 984000000
}
real_time {
  sec: 57
  nsec: 39495810
}
iterations: 13746
real_time_factor: 0.99986876722430185
step_size {
  nsec: 4000000
}

sim_time {
  sec: 55
  nsec: 84000000
}
real_time {
  sec: 57
  nsec: 139534562
}
iterations: 13771
real_time_factor: 0.9905398491704972
step_size {
  nsec: 4000000
}

sim_time {
  sec: 55
  nsec: 188000000
}
real_time {
  sec: 57
  nsec: 243501669
}
iterations: 13797
real_time_factor: 0.99886079925844573
step_size {
  nsec: 4000000
}

sim_time {
  sec: 55
  nsec: 292000000
}
real_time {
  sec: 57
  nsec: 347496758
}
iterations: 13823
real_time_factor: 1.0010876817662391
step_size {
  nsec: 4000000
}

sim_time {
  sec: 55
  nsec: 392000000
}
real_time {
  sec: 57
  nsec: 447499563
}
iterations: 13848
real_time_factor: 1.0009371273855148
step_size {
  nsec: 4000000
}

sim_time {
  sec: 55
  nsec: 496000000
}
real_time {
  sec: 57
  nsec: 551495736
}
iterations: 13874
real_time_factor: 1.0000450020250911
step_size {
  nsec: 4000000
}

sim_time {
  sec: 55
  nsec: 600000000
}
real_time {
  sec: 57
  nsec: 655495733
}
iterations: 13900
real_time_factor: 1.0000122501500643
step_size {
  nsec: 4000000
}

sim_time {
  sec: 55
  nsec: 700000000
}
real_time {
  sec: 57
  nsec: 755496770
}
iterations: 13925
real_time_factor: 1.0014335521298738
step_size {
  nsec: 4000000
}

sim_time {
  sec: 55
  nsec: 804000000
}
real_time {
  sec: 57
  nsec: 859496074
}
iterations: 13951
real_time_factor: 0.9999590016809311
step_size {
  nsec: 4000000
}

sim_time {
  sec: 55
  nsec: 908000000
}
real_time {
  sec: 57
  nsec: 963495976
}
iterations: 13977
real_time_factor: 1.0000265007022686
step_size {
  nsec: 4000000
}

sim_time {
  sec: 56
  nsec: 8000000
}
real_time {
  sec: 58
  nsec: 63496604
}
iterations: 14002
real_time_factor: 1.0016682785178714
step_size {
  nsec: 4000000
}

sim_time {
  sec: 56
  nsec: 112000000
}
real_time {
  sec: 58
  nsec: 167495970
}
iterations: 14028
real_time_factor: 1.0002025410145554
step_size {
  nsec: 4000000
}

sim_time {
  sec: 56
  nsec: 216000000
}
real_time {
  sec: 58
  nsec: 271495725
}
iterations: 14054
real_time_factor: 1.0000865074828973
step_size {
  nsec: 4000000
}

sim_time {
  sec: 56
  nsec: 316000000
}
real_time {
  sec: 58
  nsec: 371501363
}
iterations: 14079
real_time_factor: 0.99859547546376026
step_size {
  nsec: 4000000
}

sim_time {
  sec: 56
  nsec: 420000000
}
real_time {
  sec: 58
  nsec: 475498609
}
iterations: 14105
real_time_factor: 0.99922584977288842
step_size {
  nsec: 4000000
}

sim_time {
  sec: 56
  nsec: 520000000
}
real_time {
  sec: 58
  nsec: 575498996
}
iterations: 14130
real_time_factor: 0.99927227996211754
step_size {
  nsec: 4000000
}

sim_time {
  sec: 56
  nsec: 620000000
}
real_time {
  sec: 58
  nsec: 675501579
}
iterations: 14155
real_time_factor: 1.000001000001
step_size {
  nsec: 4000000
}

sim_time {
  sec: 56
  nsec: 724000000
}
real_time {
  sec: 58
  nsec: 779496138
}
iterations: 14181
real_time_factor: 1.0006704492009646
step_size {
  nsec: 4000000
}

sim_time {
  sec: 56
  nsec: 824000000
}
real_time {
  sec: 58
  nsec: 879496145
}
iterations: 14206
real_time_factor: 1.0003253558219811
step_size {
  nsec: 4000000
}

sim_time {
  sec: 56
  nsec: 928000000
}
real_time {
  sec: 58
  nsec: 983495963
}
iterations: 14232
real_time_factor: 1.0000565031924304
step_size {
  nsec: 4000000
}

sim_time {
  sec: 57
  nsec: 28000000
}
real_time {
  sec: 59
  nsec: 83496303
}
iterations: 14257
real_time_factor: 1.0001725297613839
step_size {
  nsec: 4000000
}

sim_time {
  sec: 57
  nsec: 132000000
}
real_time {
  sec: 59
  nsec: 187495797
}
iterations: 14283
real_time_factor: 1.0001352682950369
step_size {
  nsec: 4000000
}

sim_time {
  sec: 57
  nsec: 232000000
}
real_time {
  sec: 59
  nsec: 287496221
}
iterations: 14308
real_time_factor: 0.99995250225614285
step_size {
  nsec: 4000000
}

sim_time {
  sec: 57
  nsec: 332000000
}
real_time {
  sec: 59
  nsec: 387495589
}
iterations: 14333
real_time_factor: 1.0001562744178778
step_size {
  nsec: 4000000
}

sim_time {
  sec: 57
  nsec: 436000000
}
real_time {
  sec: 59
  nsec: 491496416
}
iterations: 14359
real_time_factor: 0.999862268972449
step_size {
  nsec: 4000000
}

sim_time {
  sec: 57
  nsec: 540000000
}
real_time {
  sec: 59
  nsec: 595496151
}
iterations: 14385
real_time_factor: 1.0000287508265862
step_size {
  nsec: 4000000
}

sim_time {
  sec: 57
  nsec: 644000000
}
real_time {
  sec: 59
  nsec: 699495765
}
iterations: 14411
real_time_factor: 0.99997325071554333
step_size {
  nsec: 4000000
}

sim_time {
  sec: 57
  nsec: 748000000
}
real_time {
  sec: 59
  nsec: 803496014
}
iterations: 14437
real_time_factor: 0.99998050038024255
step_size {
  nsec: 4000000
}

sim_time {
  sec: 57
  nsec: 848000000
}
real_time {
  sec: 59
  nsec: 903496308
}
iterations: 14462
real_time_factor: 1.0004411945668039
step_size {
  nsec: 4000000
}

sim_time {
  sec: 57
  nsec: 952000000
}
real_time {
  sec: 60
  nsec: 7495800
}
iterations: 14488
real_time_factor: 1.0000380014440549
step_size {
  nsec: 4000000
}

sim_time {
  sec: 58
  nsec: 52000000
}
real_time {
  sec: 60
  nsec: 107495927
}
iterations: 14513
real_time_factor: 1.0000150002250034
step_size {
  nsec: 4000000
}

sim_time {
  sec: 58
  nsec: 152000000
}
real_time {
  sec: 60
  nsec: 207496933
}
iterations: 14538
real_time_factor: 1.0000310009610298
step_size {
  nsec: 4000000
}

sim_time {
  sec: 58
  nsec: 256000000
}
real_time {
  sec: 60
  nsec: 311499379
}
iterations: 14564
real_time_factor: 0.99928376336260982
step_size {
  nsec: 4000000
}

sim_time {
  sec: 58
  nsec: 360000000
}
real_time {
  sec: 60
  nsec: 415497750
}
iterations: 14590
real_time_factor: 0.999702838331306
step_size {
  nsec: 4000000
}

sim_time {
  sec: 58
  nsec: 464000000
}
real_time {
  sec: 60
  nsec: 519497483
}
iterations: 14616
real_time_factor: 0.9996840998244555
step_size {
  nsec: 4000000
}

sim_time {
  sec: 58
  nsec: 568000000
}
real_time {
  sec: 60
  nsec: 623496809
}
iterations: 14642
real_time_factor: 0.99978104795049882
step_size {
  nsec: 4000000
}

sim_time {
  sec: 58
  nsec: 672000000
}
real_time {
  sec: 60
  nsec: 727496495
}
iterations: 14668
real_time_factor: 0.99993425432277827
step_size {
  nsec: 4000000
}

sim_time {
  sec: 58
  nsec: 772000000
}
real_time {
  sec: 60
  nsec: 827579954
}
iterations: 14693
real_time_factor: 0.97956768739252309
step_size {
  nsec: 4000000
}

sim_time {
  sec: 58
  nsec: 876000000
}
real_time {
  sec: 60
  nsec: 931496648
}
iterations: 14719
real_time_factor: 0.99994350319206959
step_size {
  nsec: 4000000
}

sim_time {
  sec: 58
  nsec: 980000000
}
real_time {
  sec: 61
  nsec: 35495752
}
iterations: 14745
real_time_factor: 1.0001027605586474
step_size {
  nsec: 4000000
}

sim_time {
  sec: 59
  nsec: 84000000
}
real_time {
  sec: 61
  nsec: 139497196
}
iterations: 14771
real_time_factor: 0.999716580349471
step_size {
  nsec: 4000000
}

sim_time {
  sec: 59
  nsec: 188000000
}
real_time {
  sec: 61
  nsec: 243496112
}
iterations: 14797
real_time_factor: 1.0000130001690022
step_size {
  nsec: 4000000
}

sim_time {
  sec: 59
  nsec: 288000000
}
real_time {
  sec: 61
  nsec: 343496404
}
iterations: 14822
real_time_factor: 1.0004599614672847
step_size {
  nsec: 4000000
}

sim_time {
  sec: 59
  nsec: 388000000
}
real_time {
  sec: 61
  nsec: 443497669
}
iterations: 14847
real_time_factor: 0.99990400921511535
step_size {
  nsec: 4000000
}

sim_time {
  sec: 59
  nsec: 492000000
}
real_time {
  sec: 61
  nsec: 547495882
}
iterations: 14873
real_time_factor: 0.99999400003599981
step_size {
  nsec: 4000000
}

sim_time {
  sec: 59
  nsec: 592000000
}
real_time {
  sec: 61
  nsec: 647498804
}
iterations: 14898
real_time_factor: 0.99956144241713951
step_size {
  nsec: 4000000
}

sim_time {
  sec: 59
  nsec: 696000000
}
real_time {
  sec: 61
  nsec: 751496516
}
iterations: 14924
real_time_factor: 1.0000500025001251
step_size {
  nsec: 4000000
}

sim_time {
  sec: 59
  nsec: 796000000
}
real_time {
  sec: 61
  nsec: 851497004
}
iterations: 14949
real_time_factor: 1.0002538144054054
step_size {
  nsec: 4000000
}

sim_time {
  sec: 59
  nsec: 900000000
}
real_time {
  sec: 61
  nsec: 955495845
}
iterations: 14975
real_time_factor: 0.99998300028899512
step_size {
  nsec: 4000000
}

sim_time {
  sec: 60
  nsec: 4000000
}
real_time {
  sec: 62
  nsec: 59496010
}
iterations: 15001
real_time_factor: 1.0000732553659555
step_size {
  nsec: 4000000
}

sim_time {
  sec: 60
  nsec: 104000000
}
real_time {
  sec: 62
  nsec: 159496607
}
iterations: 15026
real_time_factor: 0.99977205197215036
step_size {
  nsec: 4000000
}

sim_time {
  sec: 60
  nsec: 208000000
}
real_time {
  sec: 62
  nsec: 263495921
}
iterations: 15052
real_time_factor: 1.0000082500680632
step_size {
  nsec: 4000000
}

sim_time {
  sec: 60
  nsec: 308000000
}
real_time {
  sec: 62
  nsec: 363497220
}
iterations: 15077
real_time_factor: 1.0000617538132979
step_size {
  nsec: 4000000
}

sim_time {
  sec: 60
  nsec: 412000000
}
real_time {
  sec: 62
  nsec: 467496117
}
iterations: 15103
real_time_factor: 0.99999450003024981
step_size {
  nsec: 4000000
}

sim_time {
  sec: 60
  nsec: 512000000
}
real_time {
  sec: 62
  nsec: 567496751
}
iterations: 15128
real_time_factor: 0.99996650112221241
step_size {
  nsec: 4000000
}

sim_time {
  sec: 60
  nsec: 616000000
}
real_time {
  sec: 62
  nsec: 671496453
}
iterations: 15154
real_time_factor: 0.99992750525586893
step_size {
  nsec: 4000000
}

sim_time {
  sec: 60
  nsec: 720000000
}
real_time {
  sec: 62
  nsec: 775495979
}
iterations: 15180
real_time_factor: 1.0000130001690022
step_size {
  nsec: 4000000
}

sim_time {
  sec: 60
  nsec: 820000000
}
real_time {
  sec: 62
  nsec: 875499778
}
iterations: 15205
real_time_factor: 0.99899326453766213
step_size {
  nsec: 4000000
}

sim_time {
  sec: 60
  nsec: 924000000
}
real_time {
  sec: 62
  nsec: 979495849
}
iterations: 15231
real_time_factor: 1.0001567745744144
step_size {
  nsec: 4000000
}

sim_time {
  sec: 61
  nsec: 28000000
}
real_time {
  sec: 63
  nsec: 83500217
}
iterations: 15257
real_time_factor: 0.99890519990090865
step_size {
  nsec: 4000000
}

sim_time {
  sec: 61
  nsec: 128000000
}
real_time {
  sec: 63
  nsec: 183502006
}
iterations: 15282
real_time_factor: 0.999141238105848
step_size {
  nsec: 4000000
}

sim_time {
  sec: 61
  nsec: 232000000
}
real_time {
  sec: 63
  nsec: 287498550
}
iterations: 15308
real_time_factor: 1.0010235465763744
step_size {
  nsec: 4000000
}

sim_time {
  sec: 61
  nsec: 336000000
}
real_time {
  sec: 63
  nsec: 391495797
}
iterations: 15334
real_time_factor: 1.0000060000360003
step_size {
  nsec: 4000000
}

sim_time {
  sec: 61
  nsec: 436000000
}
real_time {
  sec: 63
  nsec: 491496698
}
iterations: 15359
real_time_factor: 0.99990200960305886
step_size {
  nsec: 4000000
}

sim_time {
  sec: 61
  nsec: 540000000
}
real_time {
  sec: 63
  nsec: 595496473
}
iterations: 15385
real_time_factor: 1.0001357684305645
step_size {
  nsec: 4000000
}

sim_time {
  sec: 61
  nsec: 640000000
}
real_time {
  sec: 63
  nsec: 695496661
}
iterations: 15410
real_time_factor: 0.99973532007401045
step_size {
  nsec: 4000000
}

sim_time {
  sec: 61
  nsec: 744000000
}
real_time {
  sec: 63
  nsec: 799496045
}
iterations: 15436
real_time_factor: 1.0001195142819568
step_size {
  nsec: 4000000
}

sim_time {
  sec: 61
  nsec: 844000000
}
real_time {
  sec: 63
  nsec: 899496500
}
iterations: 15461
real_time_factor: 1.00000150000225
step_size {
  nsec: 4000000
}

sim_time {
  sec: 61
  nsec: 948000000
}
real_time {
  sec: 64
  nsec: 3495801
}
iterations: 15487
real_time_factor: 1.0000130001690022
step_size {
  nsec: 4000000
}

sim_time {
  sec: 62
  nsec: 48000000
}
real_time {
  sec: 64
  nsec: 103496266
}
iterations: 15512
real_time_factor: 1.0002515632681619
step_size {
  nsec: 4000000
}

sim_time {
  sec: 62
  nsec: 148000000
}
real_time {
  sec: 64
  nsec: 203496739
}
iterations: 15537
real_time_factor: 0.99987901463922868
step_size {
  nsec: 4000000
}

sim_time {
  sec: 62
  nsec: 248000000
}
real_time {
  sec: 64
  nsec: 303496139
}
iterations: 15562
real_time_factor: 0.99992775521968535
step_size {
  nsec: 4000000
}

sim_time {
  sec: 62
  nsec: 348000000
}
real_time {
  sec: 64
  nsec: 403754866
}
iterations: 15587
real_time_factor: 0.93919664406255143
step_size {
  nsec: 4000000
}

sim_time {
  sec: 62
  nsec: 452000000
}
real_time {
  sec: 64
  nsec: 507497526
}
iterations: 15613
real_time_factor: 0.99990450911937911
step_size {
  nsec: 4000000
}

sim_time {
  sec: 62
  nsec: 556000000
}
real_time {
  sec: 64
  nsec: 611495948
}
iterations: 15639
real_time_factor: 0.99999925000056245
step_size {
  nsec: 4000000
}

sim_time {
  sec: 62
  nsec: 656000000
}
real_time {
  sec: 64
  nsec: 711496468
}
iterations: 15664
real_time_factor: 0.99998075037055534
step_size {
  nsec: 4000000
}

sim_time {
  sec: 62
  nsec: 756000000
}
real_time {
  sec: 64
  nsec: 811496632
}
iterations: 15689
real_time_factor: 0.99998325028055779
step_size {
  nsec: 4000000
}

sim_time {
  sec: 62
  nsec: 860000000
}
real_time {
  sec: 64
  nsec: 915496849
}
iterations: 15715
real_time_factor: 0.99984652355863379
step_size {
  nsec: 4000000
}

sim_time {
  sec: 62
  nsec: 960000000
}
real_time {
  sec: 65
  nsec: 15499304
}
iterations: 15740
real_time_factor: 0.99920812755890953
step_size {
  nsec: 4000000
}

sim_time {
  sec: 63
  nsec: 64000000
}
real_time {
  sec: 65
  nsec: 119496492
}
iterations: 15766
real_time_factor: 1.0001452711006273
step_size {
  nsec: 4000000
}

sim_time {
  sec: 63
  nsec: 168000000
}
real_time {
  sec: 65
  nsec: 223497172
}
iterations: 15792
real_time_factor: 0.99974456526357514
step_size {
  nsec: 4000000
}

sim_time {
  sec: 63
  nsec: 272000000
}
real_time {
  sec: 65
  nsec: 327495777
}
iterations: 15818
real_time_factor: 1.0000295008702758
step_size {
  nsec: 4000000
}

sim_time {
  sec: 63
  nsec: 372000000
}
real_time {
  sec: 65
  nsec: 427496287
}
iterations: 15843
real_time_factor: 1.0000247506125777
step_size {
  nsec: 4000000
}

sim_time {
  sec: 63
  nsec: 476000000
}
real_time {
  sec: 65
  nsec: 531495912
}
iterations: 15869
real_time_factor: 1.0000037500140626
step_size {
  nsec: 4000000
}

sim_time {
  sec: 63
  nsec: 576000000
}
real_time {
  sec: 65
  nsec: 631497171
}
iterations: 15894
real_time_factor: 0.9999855002102469
step_size {
  nsec: 4000000
}

sim_time {
  sec: 63
  nsec: 680000000
}
real_time {
  sec: 65
  nsec: 735495869
}
iterations: 15920
real_time_factor: 1.0000850072256142
step_size {
  nsec: 4000000
}

sim_time {
  sec: 63
  nsec: 780000000
}
real_time {
  sec: 65
  nsec: 835497993
}
iterations: 15945
real_time_factor: 0.99962688926358234
step_size {
  nsec: 4000000
}

sim_time {
  sec: 63
  nsec: 884000000
}
real_time {
  sec: 65
  nsec: 939495967
}
iterations: 15971
real_time_factor: 1.0000365013322987
step_size {
  nsec: 4000000
}

sim_time {
  sec: 63
  nsec: 988000000
}
real_time {
  sec: 66
  nsec: 43497340
}
iterations: 15997
real_time_factor: 0.99953446682207758
step_size {
  nsec: 4000000
}

sim_time {
  sec: 64
  nsec: 92000000
}
real_time {
  sec: 66
  nsec: 147496623
}
iterations: 16023
real_time_factor: 1.0000225005062613
step_size {
  nsec: 4000000
}

sim_time {
  sec: 64
  nsec: 192000000
}
real_time {
  sec: 66
  nsec: 247497050
}
iterations: 16048
real_time_factor: 0.99987451574827357
step_size {
  nsec: 4000000
}

sim_time {
  sec: 64
  nsec: 296000000
}
real_time {
  sec: 66
  nsec: 351496025
}
iterations: 16074
real_time_factor: 1.0000942588839
step_size {
  nsec: 4000000
}

sim_time {
  sec: 64
  nsec: 396000000
}
real_time {
  sec: 66
  nsec: 451497053
}
iterations: 16099
real_time_factor: 1.0001290166431469
step_size {
  nsec: 4000000
}

sim_time {
  sec: 64
  nsec: 500000000
}
real_time {
  sec: 66
  nsec: 555496509
}
iterations: 16125
real_time_factor: 1.0001312672288238
step_size {
  nsec: 4000000
}

sim_time {
  sec: 64
  nsec: 604000000
}
real_time {
  sec: 66
  nsec: 659495917
}
iterations: 16151
real_time_factor: 1.0000042500180626
step_size {
  nsec: 4000000
}

sim_time {
  sec: 64
  nsec: 708000000
}
real_time {
  sec: 66
  nsec: 763496040
}
iterations: 16177
real_time_factor: 0.99996475124251871
step_size {
  nsec: 4000000
}

sim_time {
  sec: 64
  nsec: 812000000
}
real_time {
  sec: 66
  nsec: 867495782
}
iterations: 16203
real_time_factor: 1.000101760354116
step_size {
  nsec: 4000000
}

sim_time {
  sec: 64
  nsec: 916000000
}
real_time {
  sec: 66
  nsec: 971496293
}
iterations: 16229
real_time_factor: 0.99989076193425863
step_size {
  nsec: 4000000
}

sim_time {
  sec: 65
  nsec: 20000000
}
real_time {
  sec: 67
  nsec: 75495914
}
iterations: 16255
real_time_factor: 0.999960001599936
step_size {
  nsec: 4000000
}

sim_time {
  sec: 65
  nsec: 124000000
}
real_time {
  sec: 67
  nsec: 179495813
}
iterations: 16281
real_time_factor: 1.0000317510080945
step_size {
  nsec: 4000000
}

sim_time {
  sec: 65
  nsec: 224000000
}
real_time {
  sec: 67
  nsec: 279496404
}
iterations: 16306
real_time_factor: 0.99983752640195966
step_size {
  nsec: 4000000
}

sim_time {
  sec: 65
  nsec: 328000000
}
real_time {
  sec: 67
  nsec: 383496813
}
iterations: 16332
real_time_factor: 0.99986051945753562
step_size {
  nsec: 4000000
}

sim_time {
  sec: 65
  nsec: 428000000
}
real_time {
  sec: 67
  nsec: 483496746
}
iterations: 16357
real_time_factor: 1.000817417625846
step_size {
  nsec: 4000000
}

sim_time {
  sec: 65
  nsec: 532000000
}
real_time {
  sec: 67
  nsec: 587495987
}
iterations: 16383
real_time_factor: 1.0000115001322516
step_size {
  nsec: 4000000
}

sim_time {
  sec: 65
  nsec: 636000000
}
real_time {
  sec: 67
  nsec: 691496016
}
iterations: 16409
real_time_factor: 0.99994650286209685
step_size {
  nsec: 4000000
}

sim_time {
  sec: 65
  nsec: 740000000
}
real_time {
  sec: 67
  nsec: 795495774
}
iterations: 16435
real_time_factor: 1.0000090000810007
step_size {
  nsec: 4000000
}

sim_time {
  sec: 65
  nsec: 840000000
}
real_time {
  sec: 67
  nsec: 895496725
}
iterations: 16460
real_time_factor: 0.99996275138751078
step_size {
  nsec: 4000000
}

sim_time {
  sec: 65
  nsec: 944000000
}
real_time {
  sec: 67
  nsec: 999495753
}
iterations: 16486
real_time_factor: 0.99997425066304546
step_size {
  nsec: 4000000
}

sim_time {
  sec: 66
  nsec: 44000000
}
real_time {
  sec: 68
  nsec: 99496871
}
iterations: 16511
real_time_factor: 0.99971732992496376
step_size {
  nsec: 4000000
}

sim_time {
  sec: 66
  nsec: 148000000
}
real_time {
  sec: 68
  nsec: 203501352
}
iterations: 16537
real_time_factor: 0.998767520879235
step_size {
  nsec: 4000000
}

sim_time {
  sec: 66
  nsec: 252000000
}
real_time {
  sec: 68
  nsec: 307496471
}
iterations: 16563
real_time_factor: 0.99990725860176466
step_size {
  nsec: 4000000
}

sim_time {
  sec: 66
  nsec: 356000000
}
real_time {
  sec: 68
  nsec: 411495860
}
iterations: 16589
real_time_factor: 0.99995575195797581
step_size {
  nsec: 4000000
}

sim_time {
  sec: 66
  nsec: 456000000
}
real_time {
  sec: 68
  nsec: 511496080
}
iterations: 16614
real_time_factor: 0.99999975000006247
step_size {
  nsec: 4000000
}

sim_time {
  sec: 66
  nsec: 556000000
}
real_time {
  sec: 68
  nsec: 611496736
}
iterations: 16639
real_time_factor: 1.0000850072256142
step_size {
  nsec: 4000000
}

sim_time {
  sec: 66
  nsec: 660000000
}
real_time {
  sec: 68
  nsec: 715496336
}
iterations: 16665
real_time_factor: 1.0000462521391615
step_size {
  nsec: 4000000
}

sim_time {
  sec: 66
  nsec: 760000000
}
real_time {
  sec: 68
  nsec: 815496210
}
iterations: 16690
real_time_factor: 0.99999275005256216
step_size {
  nsec: 4000000
}

sim_time {
  sec: 66
  nsec: 860000000
}
real_time {
  sec: 68
  nsec: 915496458
}
iterations: 16715
real_time_factor: 0.999976500552237
step_size {
  nsec: 4000000
}

sim_time {
  sec: 66
  nsec: 964000000
}
real_time {
  sec: 69
  nsec: 19496317
}
iterations: 16741
real_time_factor: 1.0000182503330686
step_size {
  nsec: 4000000
}

sim_time {
  sec: 67
  nsec: 64000000
}
real_time {
  sec: 69
  nsec: 119500656
}
iterations: 16766
real_time_factor: 0.99904715877232086
step_size {
  nsec: 4000000
}

sim_time {
  sec: 67
  nsec: 168000000
}
real_time {
  sec: 69
  nsec: 223496441
}
iterations: 16792
real_time_factor: 1.0003356125980267
step_size {
  nsec: 4000000
}

sim_time {
  sec: 67
  nsec: 268000000
}
real_time {
  sec: 69
  nsec: 323496401
}
iterations: 16817
real_time_factor: 0.99981703348287265
step_size {
  nsec: 4000000
}

sim_time {
  sec: 67
  nsec: 368000000
}
real_time {
  sec: 69
  nsec: 423498537
}
iterations: 16842
real_time_factor: 0.99945379849912019
step_size {
  nsec: 4000000
}

sim_time {
  sec: 67
  nsec: 472000000
}
real_time {
  sec: 69
  nsec: 527496276
}
iterations: 16868
real_time_factor: 1.0001572747314516
step_size {
  nsec: 4000000
}

sim_time {
  sec: 67
  nsec: 572000000
}
real_time {
  sec: 69
  nsec: 627496931
}
iterations: 16893
real_time_factor: 0.9999302548647232
step_size {
  nsec: 4000000
}

sim_time {
  sec: 67
  nsec: 676000000
}
real_time {
  sec: 69
  nsec: 731496447
}
iterations: 16919
real_time_factor: 0.99999975000006247
step_size {
  nsec: 4000000
}

sim_time {
  sec: 67
  nsec: 776000000
}
real_time {
  sec: 69
  nsec: 831496957
}
iterations: 16944
real_time_factor: 0.99973581980961534
step_size {
  nsec: 4000000
}

sim_time {
  sec: 67
  nsec: 880000000
}
real_time {
  sec: 69
  nsec: 935496295
}
iterations: 16970
real_time_factor: 1.0000232505405751
step_size {
  nsec: 4000000
}

sim_time {
  sec: 67
  nsec: 980000000
}
real_time {
  sec: 70
  nsec: 35496218
}
iterations: 16995
real_time_factor: 1.0005880956532203
step_size {
  nsec: 4000000
}

sim_time {
  sec: 68
  nsec: 80000000
}
real_time {
  sec: 70
  nsec: 135496575
}
iterations: 17020
real_time_factor: 0.99996725107252737
step_size {
  nsec: 4000000
}

sim_time {
  sec: 68
  nsec: 184000000
}
real_time {
  sec: 70
  nsec: 239495858
}
iterations: 17046
real_time_factor: 1.0000487523766783
step_size {
  nsec: 4000000
}

sim_time {
  sec: 68
  nsec: 284000000
}
real_time {
  sec: 70
  nsec: 339496605
}
iterations: 17071
real_time_factor: 1.0003563769592918
step_size {
  nsec: 4000000
}

sim_time {
  sec: 68
  nsec: 388000000
}
real_time {
  sec: 70
  nsec: 443495972
}
iterations: 17097
real_time_factor: 1.0000205004202587
step_size {
  nsec: 4000000
}

sim_time {
  sec: 68
  nsec: 492000000
}
real_time {
  sec: 70
  nsec: 547495672
}
iterations: 17123
real_time_factor: 1.0000115001322516
step_size {
  nsec: 4000000
}

sim_time {
  sec: 68
  nsec: 592000000
}
real_time {
  sec: 70
  nsec: 647496094
}
iterations: 17148
real_time_factor: 1.0000487523766783
step_size {
  nsec: 4000000
}

sim_time {
  sec: 68
  nsec: 692000000
}
real_time {
  sec: 70
  nsec: 747496100
}
iterations: 17173
real_time_factor: 1.0000482523281748
step_size {
  nsec: 4000000
}

sim_time {
  sec: 68
  nsec: 792000000
}
real_time {
  sec: 70
  nsec: 847496523
}
iterations: 17198
real_time_factor: 0.99993750390600589
step_size {
  nsec: 4000000
}

sim_time {
  sec: 68
  nsec: 896000000
}
real_time {
  sec: 70
  nsec: 951495695
}
iterations: 17224
real_time_factor: 1.0001180139256431
step_size {
  nsec: 4000000
}

sim_time {
  sec: 68
  nsec: 996000000
}
real_time {
  sec: 71
  nsec: 51496181
}
iterations: 17249
real_time_factor: 0.9999305048299143
step_size {
  nsec: 4000000
}

sim_time {
  sec: 69
  nsec: 96000000
}
real_time {
  sec: 71
  nsec: 151497231
}
iterations: 17274
real_time_factor: 1.0004306854100691
step_size {
  nsec: 4000000
}

sim_time {
  sec: 69
  nsec: 200000000
}
real_time {
  sec: 71
  nsec: 255496053
}
iterations: 17300
real_time_factor: 1.000273074549352
step_size {
  nsec: 4000000
}

sim_time {
  sec: 69
  nsec: 300000000
}
real_time {
  sec: 71
  nsec: 355496468
}
iterations: 17325
real_time_factor: 0.99999775000506252
step_size {
  nsec: 4000000
}

sim_time {
  sec: 69
  nsec: 404000000
}
real_time {
  sec: 71
  nsec: 459496130
}
iterations: 17351
real_time_factor: 0.99998375026405817
step_size {
  nsec: 4000000
}

sim_time {
  sec: 69
  nsec: 508000000
}
real_time {
  sec: 71
  nsec: 563496042
}
iterations: 17377
real_time_factor: 0.99995150235213592
step_size {
  nsec: 4000000
}

sim_time {
  sec: 69
  nsec: 608000000
}
real_time {
  sec: 71
  nsec: 663499056
}
iterations: 17402
real_time_factor: 0.99934742613073668
step_size {
  nsec: 4000000
}

sim_time {
  sec: 69
  nsec: 712000000
}
real_time {
  sec: 71
  nsec: 767496043
}
iterations: 17428
real_time_factor: 1.0000160002560041
step_size {
  nsec: 4000000
}

sim_time {
  sec: 69
  nsec: 816000000
}
real_time {
  sec: 71
  nsec: 871495814
}
iterations: 17454
real_time_factor: 0.99998175033305647
step_size {
  nsec: 4000000
}

sim_time {
  sec: 69
  nsec: 920000000
}
real_time {
  sec: 71
  nsec: 975496198
}
iterations: 17480
real_time_factor: 0.99997925043055358
step_size {
  nsec: 4000000
}

sim_time {
  sec: 70
  nsec: 24000000
}
real_time {
  sec: 72
  nsec: 79495960
}
iterations: 17506
real_time_factor: 1.0001135128837122
step_size {
  nsec: 4000000
}

sim_time {
  sec: 70
  nsec: 124000000
}
real_time {
  sec: 72
  nsec: 179496742
}
iterations: 17531
real_time_factor: 0.999900509899265
step_size {
  nsec: 4000000
}

sim_time {
  sec: 70
  nsec: 228000000
}
real_time {
  sec: 72
  nsec: 283496356
}
iterations: 17557
real_time_factor: 1.0001042608691957
step_size {
  nsec: 4000000
}

sim_time {
  sec: 70
  nsec: 328000000
}
real_time {
  sec: 72
  nsec: 383496435
}
iterations: 17582
real_time_factor: 0.9999305048299143
step_size {
  nsec: 4000000
}

sim_time {
  sec: 70
  nsec: 432000000
}
real_time {
  sec: 72
  nsec: 487496317
}
iterations: 17608
real_time_factor: 1.0000602536302812
step_size {
  nsec: 4000000
}

sim_time {
  sec: 70
  nsec: 532000000
}
real_time {
  sec: 72
  nsec: 587497543
}
iterations: 17633
real_time_factor: 0.99982877932154124
step_size {
  nsec: 4000000
}

sim_time {
  sec: 70
  nsec: 636000000
}
real_time {
  sec: 72
  nsec: 691498306
}
iterations: 17659
real_time_factor: 0.99971757978371112
step_size {
  nsec: 4000000
}

sim_time {
  sec: 70
  nsec: 740000000
}
real_time {
  sec: 72
  nsec: 795496409
}
iterations: 17685
real_time_factor: 1.0000325010562843
step_size {
  nsec: 4000000
}

sim_time {
  sec: 70
  nsec: 844000000
}
real_time {
  sec: 72
  nsec: 899496096
}
iterations: 17711
real_time_factor: 0.99991675692998561
step_size {
  nsec: 4000000
}

sim_time {
  sec: 70
  nsec: 944000000
}
real_time {
  sec: 72
  nsec: 999504887
}
iterations: 17736
real_time_factor: 0.99773414575499042
step_size {
  nsec: 4000000
}

sim_time {
  sec: 71
  nsec: 48000000
}
real_time {
  sec: 73
  nsec: 103495638
}
iterations: 17762
real_time_factor: 1.0000605036604715
step_size {
  nsec: 4000000
}

sim_time {
  sec: 71
  nsec: 148000000
}
real_time {
  sec: 73
  nsec: 203496288
}
iterations: 17787
real_time_factor: 0.99995875170149229
step_size {
  nsec: 4000000
}

sim_time {
  sec: 71
  nsec: 252000000
}
real_time {
  sec: 73
  nsec: 307496448
}
iterations: 17813
real_time_factor: 0.99999100008099928
step_size {
  nsec: 4000000
}

sim_time {
  sec: 71
  nsec: 352000000
}
real_time {
  sec: 73
  nsec: 407496627
}
iterations: 17838
real_time_factor: 1.0006419117864109
step_size {
  nsec: 4000000
}

sim_time {
  sec: 71
  nsec: 456000000
}
real_time {
  sec: 73
  nsec: 511495963
}
iterations: 17864
real_time_factor: 1.0000440019360852
step_size {
  nsec: 4000000
}

sim_time {
  sec: 71
  nsec: 556000000
}
real_time {
  sec: 73
  nsec: 611496456
}
iterations: 17889
real_time_factor: 0.99984277472367467
step_size {
  nsec: 4000000
}

sim_time {
  sec: 71
  nsec: 660000000
}
real_time {
  sec: 73
  nsec: 715496819
}
iterations: 17915
real_time_factor: 0.99985452116717022
step_size {
  nsec: 4000000
}

sim_time {
  sec: 71
  nsec: 764000000
}
real_time {
  sec: 73
  nsec: 819496169
}
iterations: 17941
real_time_factor: 1.000078756202051
step_size {
  nsec: 4000000
}

sim_time {
  sec: 71
  nsec: 868000000
}
real_time {
  sec: 73
  nsec: 923497818
}
iterations: 17967
real_time_factor: 0.99950524490377268
step_size {
  nsec: 4000000
}

sim_time {
  sec: 71
  nsec: 972000000
}
real_time {
  sec: 74
  nsec: 27497402
}
iterations: 17993
real_time_factor: 0.99989376128786311
step_size {
  nsec: 4000000
}

sim_time {
  sec: 72
  nsec: 76000000
}
real_time {
  sec: 74
  nsec: 131496894
}
iterations: 18019
real_time_factor: 0.99993775387482131
step_size {
  nsec: 4000000
}

sim_time {
  sec: 72
  nsec: 180000000
}
real_time {
  sec: 74
  nsec: 235496487
}
iterations: 18045
real_time_factor: 0.99998175033305647
step_size {
  nsec: 4000000
}

sim_time {
  sec: 72
  nsec: 280000000
}
real_time {
  sec: 74
  nsec: 335496582
}
iterations: 18070
real_time_factor: 1.0127564267623923
step_size {
  nsec: 4000000
}

sim_time {
  sec: 72
  nsec: 384000000
}
real_time {
  sec: 74
  nsec: 439496407
}
iterations: 18096
real_time_factor: 0.99994925257543177
step_size {
  nsec: 4000000
}

sim_time {
  sec: 72
  nsec: 488000000
}
real_time {
  sec: 74
  nsec: 543496612
}
iterations: 18122
real_time_factor: 0.99992850511188447
step_size {
  nsec: 4000000
}

sim_time {
  sec: 72
  nsec: 592000000
}
real_time {
  sec: 74
  nsec: 647495881
}
iterations: 18148
real_time_factor: 1.0000117501380641
step_size {
  nsec: 4000000
}

sim_time {
  sec: 72
  nsec: 696000000
}
real_time {
  sec: 74
  nsec: 751500688
}
iterations: 18174
real_time_factor: 0.99873535136133873
step_size {
  nsec: 4000000
}

sim_time {
  sec: 72
  nsec: 800000000
}
real_time {
  sec: 74
  nsec: 855496153
}
iterations: 18200
real_time_factor: 1.0002085434813159
step_size {
  nsec: 4000000
}

sim_time {
  sec: 72
  nsec: 904000000
}
real_time {
  sec: 74
  nsec: 959496467
}
iterations: 18226
real_time_factor: 0.99985702044607616
step_size {
  nsec: 4000000
}

sim_time {
  sec: 73
  nsec: 8000000
}
real_time {
  sec: 75
  nsec: 63495707
}
iterations: 18252
real_time_factor: 1.0000187503515692
step_size {
  nsec: 4000000
}

sim_time {
  sec: 73
  nsec: 112000000
}
real_time {
  sec: 75
  nsec: 167495522
}
iterations: 18278
real_time_factor: 1.0000002500000624
step_size {
  nsec: 4000000
}

sim_time {
  sec: 73
  nsec: 212000000
}
real_time {
  sec: 75
  nsec: 267496263
}
iterations: 18303
real_time_factor: 1.0000167502805672
step_size {
  nsec: 4000000
}

sim_time {
  sec: 73
  nsec: 316000000
}
real_time {
  sec: 75
  nsec: 371496124
}
iterations: 18329
real_time_factor: 0.99996350133220135
step_size {
  nsec: 4000000
}

sim_time {
  sec: 73
  nsec: 416000000
}
real_time {
  sec: 75
  nsec: 471496635
}
iterations: 18354
real_time_factor: 1.0001067613967791
step_size {
  nsec: 4000000
}

sim_time {
  sec: 73
  nsec: 516000000
}
real_time {
  sec: 75
  nsec: 571497710
}
iterations: 18379
real_time_factor: 0.99959316558160827
step_size {
  nsec: 4000000
}

sim_time {
  sec: 73
  nsec: 620000000
}
real_time {
  sec: 75
  nsec: 675495766
}
iterations: 18405
real_time_factor: 0.99997925043055358
step_size {
  nsec: 4000000
}

sim_time {
  sec: 73
  nsec: 720000000
}
real_time {
  sec: 75
  nsec: 775496368
}
iterations: 18430
real_time_factor: 0.99998450024024632
step_size {
  nsec: 4000000
}

sim_time {
  sec: 73
  nsec: 824000000
}
real_time {
  sec: 75
  nsec: 879498664
}
iterations: 18456
real_time_factor: 0.99955145128623535
step_size {
  nsec: 4000000
}

sim_time {
  sec: 73
  nsec: 928000000
}
real_time {
  sec: 75
  nsec: 983497643
}
iterations: 18482
real_time_factor: 0.99961639720757156
step_size {
  nsec: 4000000
}

sim_time {
  sec: 74
  nsec: 32000000
}
real_time {
  sec: 76
  nsec: 87496189
}
iterations: 18508
real_time_factor: 0.99997500062498434
step_size {
  nsec: 4000000
}

sim_time {
  sec: 74
  nsec: 136000000
}
real_time {
  sec: 76
  nsec: 191496067
}
iterations: 18534
real_time_factor: 0.99993100476067154
step_size {
  nsec: 4000000
}

sim_time {
  sec: 74
  nsec: 236000000
}
real_time {
  sec: 76
  nsec: 291497345
}
iterations: 18559
real_time_factor: 0.9998035386046642
step_size {
  nsec: 4000000
}

sim_time {
  sec: 74
  nsec: 340000000
}
real_time {
  sec: 76
  nsec: 395496066
}
iterations: 18585
real_time_factor: 0.99996350133220135
step_size {
  nsec: 4000000
}

sim_time {
  sec: 74
  nsec: 444000000
}
real_time {
  sec: 76
  nsec: 499496029
}
iterations: 18611
real_time_factor: 1.0000212504515722
step_size {
  nsec: 4000000
}

sim_time {
  sec: 74
  nsec: 544000000
}
real_time {
  sec: 76
  nsec: 599496690
}
iterations: 18636
real_time_factor: 0.99998425024805859
step_size {
  nsec: 4000000
}

sim_time {
  sec: 74
  nsec: 644000000
}
real_time {
  sec: 76
  nsec: 699497200
}
iterations: 18661
real_time_factor: 1.0003616307295087
step_size {
  nsec: 4000000
}

sim_time {
  sec: 74
  nsec: 748000000
}
real_time {
  sec: 76
  nsec: 803496667
}
iterations: 18687
real_time_factor: 0.9996928443735662
step_size {
  nsec: 4000000
}

sim_time {
  sec: 74
  nsec: 852000000
}
real_time {
  sec: 76
  nsec: 907495748
}
iterations: 18713
real_time_factor: 1.0001720295890892
step_size {
  nsec: 4000000
}

sim_time {
  sec: 74
  nsec: 952000000
}
real_time {
  sec: 77
  nsec: 7502128
}
iterations: 18738
real_time_factor: 0.99867351190780851
step_size {
  nsec: 4000000
}

sim_time {
  sec: 75
  nsec: 56000000
}
real_time {
  sec: 77
  nsec: 111496829
}
iterations: 18764
real_time_factor: 0.99996800102396721
step_size {
  nsec: 4000000
}

sim_time {
  sec: 75
  nsec: 156000000
}
real_time {
  sec: 77
  nsec: 211497254
}
iterations: 18789
real_time_factor: 0.99967885316841965
step_size {
  nsec: 4000000
}

sim_time {
  sec: 75
  nsec: 260000000
}
real_time {
  sec: 77
  nsec: 315496437
}
iterations: 18815
real_time_factor: 1.0001022604561316
step_size {
  nsec: 4000000
}

sim_time {
  sec: 75
  nsec: 364000000
}
real_time {
  sec: 77
  nsec: 419496573
}
iterations: 18841
real_time_factor: 0.99995650189216767
step_size {
  nsec: 4000000
}

sim_time {
  sec: 75
  nsec: 464000000
}
real_time {
  sec: 77
  nsec: 519498943
}
iterations: 18866
real_time_factor: 0.99932021242549751
step_size {
  nsec: 4000000
}

sim_time {
  sec: 75
  nsec: 568000000
}
real_time {
  sec: 77
  nsec: 623495764
}
iterations: 18892
real_time_factor: 1.0000305009302783
step_size {
  nsec: 4000000
}

sim_time {
  sec: 75
  nsec: 668000000
}
real_time {
  sec: 77
  nsec: 723496385
}
iterations: 18917
real_time_factor: 0.999998000004
step_size {
  nsec: 4000000
}

sim_time {
  sec: 75
  nsec: 772000000
}
real_time {
  sec: 77
  nsec: 827496071
}
iterations: 18943
real_time_factor: 1.0000655042905311
step_size {
  nsec: 4000000
}

sim_time {
  sec: 75
  nsec: 876000000
}
real_time {
  sec: 77
  nsec: 931496029
}
iterations: 18969
real_time_factor: 1.000003000009
step_size {
  nsec: 4000000
}

sim_time {
  sec: 75
  nsec: 980000000
}
real_time {
  sec: 78
  nsec: 35496091
}
iterations: 18995
real_time_factor: 0.99997050087022432
step_size {
  nsec: 4000000
}

sim_time {
  sec: 76
  nsec: 80000000
}
real_time {
  sec: 78
  nsec: 135496978
}
iterations: 19020
real_time_factor: 0.9996953428442682
step_size {
  nsec: 4000000
}

sim_time {
  sec: 76
  nsec: 184000000
}
real_time {
  sec: 78
  nsec: 239496651
}
iterations: 19046
real_time_factor: 0.99994500302483369
step_size {
  nsec: 4000000
}

sim_time {
  sec: 76
  nsec: 288000000
}
real_time {
  sec: 78
  nsec: 343495953
}
iterations: 19072
real_time_factor: 1.0000767558910146
step_size {
  nsec: 4000000
}

sim_time {
  sec: 76
  nsec: 388000000
}
real_time {
  sec: 78
  nsec: 443496340
}
iterations: 19097
real_time_factor: 1.0000262506890807
step_size {
  nsec: 4000000
}

sim_time {
  sec: 76
  nsec: 488000000
}
real_time {
  sec: 78
  nsec: 543501923
}
iterations: 19122
real_time_factor: 0.99871515295572244
step_size {
  nsec: 4000000
}

sim_time {
  sec: 76
  nsec: 592000000
}
real_time {
  sec: 78
  nsec: 647496808
}
iterations: 19148
real_time_factor: 1.0011733751957295
step_size {
  nsec: 4000000
}

sim_time {
  sec: 76
  nsec: 696000000
}
real_time {
  sec: 78
  nsec: 751496248
}
iterations: 19174
real_time_factor: 0.99997750050623857
step_size {
  nsec: 4000000
}

sim_time {
  sec: 76
  nsec: 800000000
}
real_time {
  sec: 78
  nsec: 855496301
}
iterations: 19200
real_time_factor: 0.99996375131401483
step_size {
  nsec: 4000000
}

sim_time {
  sec: 76
  nsec: 904000000
}
real_time {
  sec: 78
  nsec: 959495991
}
iterations: 19226
real_time_factor: 1.0000977595559966
step_size {
  nsec: 4000000
}

sim_time {
  sec: 77
  nsec: 8000000
}
real_time {
  sec: 79
  nsec: 63496087
}
iterations: 19252
real_time_factor: 1.0000007500005625
step_size {
  nsec: 4000000
}

sim_time {
  sec: 77
  nsec: 108000000
}
real_time {
  sec: 79
  nsec: 163496364
}
iterations: 19277
real_time_factor: 0.99995675187048161
step_size {
  nsec: 4000000
}

sim_time {
  sec: 77
  nsec: 208000000
}
real_time {
  sec: 79
  nsec: 263500186
}
iterations: 19302
real_time_factor: 0.99957967674592829
step_size {
  nsec: 4000000
}

sim_time {
  sec: 77
  nsec: 312000000
}
real_time {
  sec: 79
  nsec: 367496412
}
iterations: 19328
real_time_factor: 1.0000795063207526
step_size {
  nsec: 4000000
}

sim_time {
  sec: 77
  nsec: 416000000
}
real_time {
  sec: 79
  nsec: 471496713
}
iterations: 19354
real_time_factor: 0.999926505401853
step_size {
  nsec: 4000000
}

sim_time {
  sec: 77
  nsec: 516000000
}
real_time {
  sec: 79
  nsec: 571498803
}
iterations: 19379
real_time_factor: 0.99967460591577439
step_size {
  nsec: 4000000
}

sim_time {
  sec: 77
  nsec: 620000000
}
real_time {
  sec: 79
  nsec: 675496845
}
iterations: 19405
real_time_factor: 0.99997775049505144
step_size {
  nsec: 4000000
}

sim_time {
  sec: 77
  nsec: 724000000
}
real_time {
  sec: 79
  nsec: 779496135
}
iterations: 19431
real_time_factor: 1.0000590034812054
step_size {
  nsec: 4000000
}

sim_time {
  sec: 77
  nsec: 828000000
}
real_time {
  sec: 79
  nsec: 883496546
}
iterations: 19457
real_time_factor: 0.99989926014953989
step_size {
  nsec: 4000000
}

sim_time {
  sec: 77
  nsec: 932000000
}
real_time {
  sec: 79
  nsec: 987496892
}
iterations: 19483
real_time_factor: 0.99982952906529432
step_size {
  nsec: 4000000
}

sim_time {
  sec: 78
  nsec: 36000000
}
real_time {
  sec: 80
  nsec: 91496312
}
iterations: 19509
real_time_factor: 0.99998225031505694
step_size {
  nsec: 4000000
}

sim_time {
  sec: 78
  nsec: 136000000
}
real_time {
  sec: 80
  nsec: 191497384
}
iterations: 19534
real_time_factor: 0.99973007288032234
step_size {
  nsec: 4000000
}

sim_time {
  sec: 78
  nsec: 236000000
}
real_time {
  sec: 80
  nsec: 291498206
}
iterations: 19559
real_time_factor: 0.99968584872203914
step_size {
  nsec: 4000000
}

sim_time {
  sec: 78
  nsec: 336000000
}
real_time {
  sec: 80
  nsec: 391501749
}
iterations: 19584
real_time_factor: 0.99890694607425823
step_size {
  nsec: 4000000
}

sim_time {
  sec: 78
  nsec: 440000000
}
real_time {
  sec: 80
  nsec: 495500002
}
iterations: 19610
real_time_factor: 0.99896731753549772
step_size {
  nsec: 4000000
}

sim_time {
  sec: 78
  nsec: 544000000
}
real_time {
  sec: 80
  nsec: 599495801
}
iterations: 19636
real_time_factor: 1.000001000001
step_size {
  nsec: 4000000
}

sim_time {
  sec: 78
  nsec: 644000000
}
real_time {
  sec: 80
  nsec: 699496586
}
iterations: 19661
real_time_factor: 0.99988976215372261
step_size {
  nsec: 4000000
}

sim_time {
  sec: 78
  nsec: 744000000
}
real_time {
  sec: 80
  nsec: 799501117
}
iterations: 19686
real_time_factor: 0.99875954065051209
step_size {
  nsec: 4000000
}

sim_time {
  sec: 78
  nsec: 848000000
}
real_time {
  sec: 80
  nsec: 903495898
}
iterations: 19712
real_time_factor: 1.0001190141626854
step_size {
  nsec: 4000000
}

sim_time {
  sec: 78
  nsec: 952000000
}
real_time {
  sec: 81
  nsec: 7496086
}
iterations: 19738
real_time_factor: 0.99988026433834554
step_size {
  nsec: 4000000
}

sim_time {
  sec: 79
  nsec: 52000000
}
real_time {
  sec: 81
  nsec: 107496554
}
iterations: 19763
real_time_factor: 0.999966251139024
step_size {
  nsec: 4000000
}

sim_time {
  sec: 79
  nsec: 156000000
}
real_time {
  sec: 81
  nsec: 211497843
}
iterations: 19789
real_time_factor: 0.99952197861372793
step_size {
  nsec: 4000000
}

sim_time {
  sec: 79
  nsec: 260000000
}
real_time {
  sec: 81
  nsec: 315498929
}
iterations: 19815
real_time_factor: 0.999355665434711
step_size {
  nsec: 4000000
}

sim_time {
  sec: 79
  nsec: 364000000
}
real_time {
  sec: 81
  nsec: 419502052
}
iterations: 19841
real_time_factor: 0.99845912795079
step_size {
  nsec: 4000000
}

sim_time {
  sec: 79
  nsec: 468000000
}
real_time {
  sec: 81
  nsec: 523496470
}
iterations: 19867
real_time_factor: 0.99978579589322991
step_size {
  nsec: 4000000
}

sim_time {
  sec: 79
  nsec: 572000000
}
real_time {
  sec: 81
  nsec: 627496317
}
iterations: 19893
real_time_factor: 0.99983877599737048
step_size {
  nsec: 4000000
}

sim_time {
  sec: 79
  nsec: 672000000
}
real_time {
  sec: 81
  nsec: 727496447
}
iterations: 19918
real_time_factor: 1.0000055000302501
step_size {
  nsec: 4000000
}

sim_time {
  sec: 79
  nsec: 776000000
}
real_time {
  sec: 81
  nsec: 831496036
}
iterations: 19944
real_time_factor: 1.0000890079217051
step_size {
  nsec: 4000000
}

sim_time {
  sec: 79
  nsec: 876000000
}
real_time {
  sec: 81
  nsec: 931496587
}
iterations: 19969
real_time_factor: 1.0001192642222585
step_size {
  nsec: 4000000
}

sim_time {
  sec: 79
  nsec: 980000000
}
real_time {
  sec: 82
  nsec: 35496135
}
iterations: 19995
real_time_factor: 0.99989701060790737
step_size {
  nsec: 4000000
}

sim_time {
  sec: 80
  nsec: 80000000
}
real_time {
  sec: 82
  nsec: 135496131
}
iterations: 20020
real_time_factor: 1.0018285876295709
step_size {
  nsec: 4000000
}

sim_time {
  sec: 80
  nsec: 180000000
}
real_time {
  sec: 82
  nsec: 235496423
}
iterations: 20045
real_time_factor: 1.00000350001225
step_size {
  nsec: 4000000
}

sim_time {
  sec: 80
  nsec: 280000000
}
real_time {
  sec: 82
  nsec: 335497003
}
iterations: 20070
real_time_factor: 0.99997550060023532
step_size {
  nsec: 4000000
}

sim_time {
  sec: 80
  nsec: 384000000
}
real_time {
  sec: 82
  nsec: 439495930
}
iterations: 20096
real_time_factor: 1.0000517526782011
step_size {
  nsec: 4000000
}

sim_time {
  sec: 80
  nsec: 484000000
}
real_time {
  sec: 82
  nsec: 539495796
}
iterations: 20121
real_time_factor: 1.0001655273947838
step_size {
  nsec: 4000000
}

sim_time {
  sec: 80
  nsec: 584000000
}
real_time {
  sec: 82
  nsec: 639496524
}
iterations: 20146
real_time_factor: 0.99986001959725634
step_size {
  nsec: 4000000
}

sim_time {
  sec: 80
  nsec: 684000000
}
real_time {
  sec: 82
  nsec: 739496621
}
iterations: 20171
real_time_factor: 0.99978829482857
step_size {
  nsec: 4000000
}

sim_time {
  sec: 80
  nsec: 784000000
}
real_time {
  sec: 82
  nsec: 839500658
}
iterations: 20196
real_time_factor: 0.99904815686854354
step_size {
  nsec: 4000000
}

sim_time {
  sec: 80
  nsec: 888000000
}
real_time {
  sec: 82
  nsec: 943496333
}
iterations: 20222
real_time_factor: 0.99997575058804822
step_size {
  nsec: 4000000
}

sim_time {
  sec: 80
  nsec: 988000000
}
real_time {
  sec: 83
  nsec: 43496450
}
iterations: 20247
real_time_factor: 0.99978554600038294
step_size {
  nsec: 4000000
}

sim_time {
  sec: 81
  nsec: 92000000
}
real_time {
  sec: 83
  nsec: 147496033
}
iterations: 20273
real_time_factor: 0.99985752030335673
step_size {
  nsec: 4000000
}

sim_time {
  sec: 81
  nsec: 192000000
}
real_time {
  sec: 83
  nsec: 247496195
}
iterations: 20298
real_time_factor: 1.0010623774480667
step_size {
  nsec: 4000000
}

sim_time {
  sec: 81
  nsec: 292000000
}
real_time {
  sec: 83
  nsec: 347502301
}
iterations: 20323
real_time_factor: 0.9984823068935218
step_size {
  nsec: 4000000
}

sim_time {
  sec: 81
  nsec: 392000000
}
real_time {
  sec: 83
  nsec: 447506144
}
iterations: 20348
real_time_factor: 0.99832331599079349
step_size {
  nsec: 4000000
}

sim_time {
  sec: 81
  nsec: 496000000
}
real_time {
  sec: 83
  nsec: 551496028
}
iterations: 20374
real_time_factor: 0.99991800672344866
step_size {
  nsec: 4000000
}

sim_time {
  sec: 81
  nsec: 596000000
}
real_time {
  sec: 83
  nsec: 651499242
}
iterations: 20399
real_time_factor: 0.99974906298519073
step_size {
  nsec: 4000000
}

sim_time {
  sec: 81
  nsec: 700000000
}
real_time {
  sec: 83
  nsec: 755496138
}
iterations: 20425
real_time_factor: 0.99999400003599981
step_size {
  nsec: 4000000
}

sim_time {
  sec: 81
  nsec: 800000000
}
real_time {
  sec: 83
  nsec: 855497264
}
iterations: 20450
real_time_factor: 0.99980678733834683
step_size {
  nsec: 4000000
}

sim_time {
  sec: 81
  nsec: 900000000
}
real_time {
  sec: 83
  nsec: 955497713
}
iterations: 20475
real_time_factor: 1.0008559820786729
step_size {
  nsec: 4000000
}

sim_time {
  sec: 82
  nsec: 4000000
}
real_time {
  sec: 84
  nsec: 59496156
}
iterations: 20501
real_time_factor: 0.9999712508265387
step_size {
  nsec: 4000000
}

sim_time {
  sec: 82
  nsec: 108000000
}
real_time {
  sec: 84
  nsec: 163496285
}
iterations: 20527
real_time_factor: 1.0000057500330626
step_size {
  nsec: 4000000
}

sim_time {
  sec: 82
  nsec: 208000000
}
real_time {
  sec: 84
  nsec: 263496918
}
iterations: 20552
real_time_factor: 1.0002608180082957
step_size {
  nsec: 4000000
}

sim_time {
  sec: 82
  nsec: 312000000
}
real_time {
  sec: 84
  nsec: 367498741
}
iterations: 20578
real_time_factor: 0.999526973859621
step_size {
  nsec: 4000000
}

sim_time {
  sec: 82
  nsec: 416000000
}
real_time {
  sec: 84
  nsec: 471499389
}
iterations: 20604
real_time_factor: 0.99906911734990922
step_size {
  nsec: 4000000
}

sim_time {
  sec: 82
  nsec: 520000000
}
real_time {
  sec: 84
  nsec: 575496767
}
iterations: 20630
real_time_factor: 1.0004226785817008
step_size {
  nsec: 4000000
}

sim_time {
  sec: 82
  nsec: 620000000
}
real_time {
  sec: 84
  nsec: 675497470
}
iterations: 20655
real_time_factor: 1.0013641082564724
step_size {
  nsec: 4000000
}

sim_time {
  sec: 82
  nsec: 724000000
}
real_time {
  sec: 84
  nsec: 779500899
}
iterations: 20681
real_time_factor: 0.99889123073388542
step_size {
  nsec: 4000000
}

sim_time {
  sec: 82
  nsec: 828000000
}
real_time {
  sec: 84
  nsec: 883496528
}
iterations: 20707
real_time_factor: 0.99996900096097019
step_size {
  nsec: 4000000
}

sim_time {
  sec: 82
  nsec: 932000000
}
real_time {
  sec: 84
  nsec: 987496165
}
iterations: 20733
real_time_factor: 0.999999000001
step_size {
  nsec: 4000000
}

sim_time {
  sec: 83
  nsec: 36000000
}
real_time {
  sec: 85
  nsec: 91496145
}
iterations: 20759
real_time_factor: 1.0000590034812054
step_size {
  nsec: 4000000
}

sim_time {
  sec: 83
  nsec: 136000000
}
real_time {
  sec: 85
  nsec: 191498852
}
iterations: 20784
real_time_factor: 0.99924257412881035
step_size {
  nsec: 4000000
}

sim_time {
  sec: 83
  nsec: 240000000
}
real_time {
  sec: 85
  nsec: 295496220
}
iterations: 20810
real_time_factor: 0.99994350319206959
step_size {
  nsec: 4000000
}

sim_time {
  sec: 83
  nsec: 340000000
}
real_time {
  sec: 85
  nsec: 395496298
}
iterations: 20835
real_time_factor: 1.0001077616113137
step_size {
  nsec: 4000000
}

sim_time {
  sec: 83
  nsec: 440000000
}
real_time {
  sec: 85
  nsec: 495497589
}
iterations: 20860
real_time_factor: 0.99968859700203383
step_size {
  nsec: 4000000
}

sim_time {
  sec: 83
  nsec: 544000000
}
real_time {
  sec: 85
  nsec: 599497151
}
iterations: 20886
real_time_factor: 0.99984152511826874
step_size {
  nsec: 4000000
}

sim_time {
  sec: 83
  nsec: 648000000
}
real_time {
  sec: 85
  nsec: 703495982
}
iterations: 20912
real_time_factor: 1.0000802564405793
step_size {
  nsec: 4000000
}

sim_time {
  sec: 83
  nsec: 752000000
}
real_time {
  sec: 85
  nsec: 807496171
}
iterations: 20938
real_time_factor: 1.000041001681069
step_size {
  nsec: 4000000
}

sim_time {
  sec: 83
  nsec: 856000000
}
real_time {
  sec: 85
  nsec: 911496409
}
iterations: 20964
real_time_factor: 0.99992750525586893
step_size {
  nsec: 4000000
}

sim_time {
  sec: 83
  nsec: 960000000
}
real_time {
  sec: 86
  nsec: 15496887
}
iterations: 20990
real_time_factor: 0.99982802957891248
step_size {
  nsec: 4000000
}

sim_time {
  sec: 84
  nsec: 64000000
}
real_time {
  sec: 86
  nsec: 119497579
}
iterations: 21016
real_time_factor: 0.99972382629298662
step_size {
  nsec: 4000000
}

sim_time {
  sec: 84
  nsec: 168000000
}
real_time {
  sec: 86
  nsec: 223496057
}
iterations: 21042
real_time_factor: 1.000473974545441
step_size {
  nsec: 4000000
}

sim_time {
  sec: 84
  nsec: 268000000
}
real_time {
  sec: 86
  nsec: 323496255
}
iterations: 21067
real_time_factor: 1.0002768266117648
step_size {
  nsec: 4000000
}

sim_time {
  sec: 84
  nsec: 372000000
}
real_time {
  sec: 86
  nsec: 427496363
}
iterations: 21093
real_time_factor: 0.99995050245012873
step_size {
  nsec: 4000000
}

sim_time {
  sec: 84
  nsec: 476000000
}
real_time {
  sec: 86
  nsec: 531497490
}
iterations: 21119
real_time_factor: 0.99954096081374633
step_size {
  nsec: 4000000
}

sim_time {
  sec: 84
  nsec: 576000000
}
real_time {
  sec: 86
  nsec: 631497549
}
iterations: 21144
real_time_factor: 0.9996238915108191
step_size {
  nsec: 4000000
}

sim_time {
  sec: 84
  nsec: 680000000
}
real_time {
  sec: 86
  nsec: 735496082
}
iterations: 21170
real_time_factor: 1.0002563156808932
step_size {
  nsec: 4000000
}

sim_time {
  sec: 84
  nsec: 784000000
}
real_time {
  sec: 86
  nsec: 839497221
}
iterations: 21196
real_time_factor: 0.99975605952147673
step_size {
  nsec: 4000000
}

sim_time {
  sec: 84
  nsec: 888000000
}
real_time {
  sec: 86
  nsec: 943496254
}
iterations: 21222
real_time_factor: 0.99999925000056245
step_size {
  nsec: 4000000
}

sim_time {
  sec: 84
  nsec: 992000000
}
real_time {
  sec: 87
  nsec: 47496741
}
iterations: 21248
real_time_factor: 0.99984652355863379
step_size {
  nsec: 4000000
}

sim_time {
  sec: 85
  nsec: 96000000
}
real_time {
  sec: 87
  nsec: 151496765
}
iterations: 21274
real_time_factor: 1.0000292508555875
step_size {
  nsec: 4000000
}

sim_time {
  sec: 85
  nsec: 196000000
}
real_time {
  sec: 87
  nsec: 251497730
}
iterations: 21299
real_time_factor: 0.99974706399280977
step_size {
  nsec: 4000000
}

sim_time {
  sec: 85
  nsec: 300000000
}
real_time {
  sec: 87
  nsec: 355496207
}
iterations: 21325
real_time_factor: 1.0000202504100708
step_size {
  nsec: 4000000
}

sim_time {
  sec: 85
  nsec: 400000000
}
real_time {
  sec: 87
  nsec: 455496145
}
iterations: 21350
real_time_factor: 1.0000710050413579
step_size {
  nsec: 4000000
}

sim_time {
  sec: 85
  nsec: 504000000
}
real_time {
  sec: 87
  nsec: 559496382
}
iterations: 21376
real_time_factor: 0.99995075242544307
step_size {
  nsec: 4000000
}

sim_time {
  sec: 85
  nsec: 604000000
}
real_time {
  sec: 87
  nsec: 659497690
}
iterations: 21401
real_time_factor: 0.99965911624136172
step_size {
  nsec: 4000000
}

sim_time {
  sec: 85
  nsec: 708000000
}
real_time {
  sec: 87
  nsec: 763496677
}
iterations: 21427
real_time_factor: 0.99997375068904437
step_size {
  nsec: 4000000
}

sim_time {
  sec: 85
  nsec: 808000000
}
real_time {
  sec: 87
  nsec: 863497096
}
iterations: 21452
real_time_factor: 0.99981428449665477
step_size {
  nsec: 4000000
}

sim_time {
  sec: 85
  nsec: 912000000
}
real_time {
  sec: 87
  nsec: 967496980
}
iterations: 21478
real_time_factor: 0.999930004899657
step_size {
  nsec: 4000000
}

sim_time {
  sec: 86
  nsec: 16000000
}
real_time {
  sec: 88
  nsec: 71496346
}
iterations: 21504
real_time_factor: 1.0000802564405793
step_size {
  nsec: 4000000
}

sim_time {
  sec: 86
  nsec: 120000000
}
real_time {
  sec: 88
  nsec: 175496035
}
iterations: 21530
real_time_factor: 1.0001360184985157
step_size {
  nsec: 4000000
}

sim_time {
  sec: 86
  nsec: 224000000
}
real_time {
  sec: 88
  nsec: 279497049
}
iterations: 21556
real_time_factor: 0.99974256628918057
step_size {
  nsec: 4000000
}

sim_time {
  sec: 86
  nsec: 324000000
}
real_time {
  sec: 88
  nsec: 379497643
}
iterations: 21581
real_time_factor: 0.99959691254501626
step_size {
  nsec: 4000000
}

sim_time {
  sec: 86
  nsec: 428000000
}
real_time {
  sec: 88
  nsec: 483496074
}
iterations: 21607
real_time_factor: 1.0000640040962621
step_size {
  nsec: 4000000
}

sim_time {
  sec: 86
  nsec: 528000000
}
real_time {
  sec: 88
  nsec: 583496964
}
iterations: 21632
real_time_factor: 0.99975880818752472
step_size {
  nsec: 4000000
}

sim_time {
  sec: 86
  nsec: 632000000
}
real_time {
  sec: 88
  nsec: 687497015
}
iterations: 21658
real_time_factor: 0.99992525558714485
step_size {
  nsec: 4000000
}

sim_time {
  sec: 86
  nsec: 736000000
}
real_time {
  sec: 88
  nsec: 791496369
}
iterations: 21684
real_time_factor: 0.99994175339286484
step_size {
  nsec: 4000000
}

sim_time {
  sec: 86
  nsec: 840000000
}
real_time {
  sec: 88
  nsec: 895496422
}
iterations: 21710
real_time_factor: 0.99999025009506159
step_size {
  nsec: 4000000
}

sim_time {
  sec: 86
  nsec: 940000000
}
real_time {
  sec: 88
  nsec: 995496622
}
iterations: 21735
real_time_factor: 0.99990675869475176
step_size {
  nsec: 4000000
}

sim_time {
  sec: 87
  nsec: 44000000
}
real_time {
  sec: 89
  nsec: 99496240
}
iterations: 21761
real_time_factor: 0.99994375316388451
step_size {
  nsec: 4000000
}

sim_time {
  sec: 87
  nsec: 144000000
}
real_time {
  sec: 89
  nsec: 199496723
}
iterations: 21786
real_time_factor: 0.99996250140619725
step_size {
  nsec: 4000000
}

sim_time {
  sec: 87
  nsec: 248000000
}
real_time {
  sec: 89
  nsec: 303496004
}
iterations: 21812
real_time_factor: 1.0000642541283278
step_size {
  nsec: 4000000
}

sim_time {
  sec: 87
  nsec: 348000000
}
real_time {
  sec: 89
  nsec: 403496069
}
iterations: 21837
real_time_factor: 1.0001755308056564
step_size {
  nsec: 4000000
}

sim_time {
  sec: 87
  nsec: 452000000
}
real_time {
  sec: 89
  nsec: 507495870
}
iterations: 21863
real_time_factor: 1.0000735054026471
step_size {
  nsec: 4000000
}

sim_time {
  sec: 87
  nsec: 552000000
}
real_time {
  sec: 89
  nsec: 607495805
}
iterations: 21888
real_time_factor: 0.99999950000025
step_size {
  nsec: 4000000
}

sim_time {
  sec: 87
  nsec: 652000000
}
real_time {
  sec: 89
  nsec: 707499687
}
iterations: 21913
real_time_factor: 1.0001845340465316
step_size {
  nsec: 4000000
}

sim_time {
  sec: 87
  nsec: 756000000
}
real_time {
  sec: 89
  nsec: 811496205
}
iterations: 21939
real_time_factor: 0.9999855002102469
step_size {
  nsec: 4000000
}

sim_time {
  sec: 87
  nsec: 860000000
}
real_time {
  sec: 89
  nsec: 915495958
}
iterations: 21965
real_time_factor: 1.000004000016
step_size {
  nsec: 4000000
}

sim_time {
  sec: 87
  nsec: 960000000
}
real_time {
  sec: 90
  nsec: 15496363
}
iterations: 21990
real_time_factor: 1.0000365013322987
step_size {
  nsec: 4000000
}

sim_time {
  sec: 88
  nsec: 60000000
}
real_time {
  sec: 90
  nsec: 115496666
}
iterations: 22015
real_time_factor: 0.99993925369033831
step_size {
  nsec: 4000000
}

sim_time {
  sec: 88
  nsec: 160000000
}
real_time {
  sec: 90
  nsec: 215501763
}
iterations: 22040
real_time_factor: 0.9987560493405464
step_size {
  nsec: 4000000
}

sim_time {
  sec: 88
  nsec: 264000000
}
real_time {
  sec: 90
  nsec: 319496548
}
iterations: 22066
real_time_factor: 0.99990950818950886
step_size {
  nsec: 4000000
}

sim_time {
  sec: 88
  nsec: 364000000
}
real_time {
  sec: 90
  nsec: 419496993
}
iterations: 22091
real_time_factor: 0.99979604160751212
step_size {
  nsec: 4000000
}

sim_time {
  sec: 88
  nsec: 468000000
}
real_time {
  sec: 90
  nsec: 523496181
}
iterations: 22117
real_time_factor: 0.99984677348196394
step_size {
  nsec: 4000000
}

sim_time {
  sec: 88
  nsec: 572000000
}
real_time {
  sec: 90
  nsec: 627495906
}
iterations: 22143
real_time_factor: 0.99999725000756245
step_size {
  nsec: 4000000
}

sim_time {
  sec: 88
  nsec: 672000000
}
real_time {
  sec: 90
  nsec: 727495842
}
iterations: 22168
real_time_factor: 1.0000275007562709
step_size {
  nsec: 4000000
}

sim_time {
  sec: 88
  nsec: 776000000
}
real_time {
  sec: 90
  nsec: 831496029
}
iterations: 22194
real_time_factor: 1.0000437519141463
step_size {
  nsec: 4000000
}

sim_time {
  sec: 88
  nsec: 880000000
}
real_time {
  sec: 90
  nsec: 935496229
}
iterations: 22220
real_time_factor: 0.9999420033638049
step_size {
  nsec: 4000000
}

sim_time {
  sec: 88
  nsec: 980000000
}
real_time {
  sec: 91
  nsec: 35502602
}
iterations: 22245
real_time_factor: 0.99839308632755575
step_size {
  nsec: 4000000
}

sim_time {
  sec: 89
  nsec: 84000000
}
real_time {
  sec: 91
  nsec: 139496250
}
iterations: 22271
real_time_factor: 0.99996975091503482
step_size {
  nsec: 4000000
}

sim_time {
  sec: 89
  nsec: 184000000
}
real_time {
  sec: 91
  nsec: 239496770
}
iterations: 22296
real_time_factor: 1.0000967593614682
step_size {
  nsec: 4000000
}

sim_time {
  sec: 89
  nsec: 284000000
}
real_time {
  sec: 91
  nsec: 339497325
}
iterations: 22321
real_time_factor: 0.9998700168978033
step_size {
  nsec: 4000000
}

sim_time {
  sec: 89
  nsec: 384000000
}
real_time {
  sec: 91
  nsec: 439497186
}
iterations: 22346
real_time_factor: 0.9997635559190251
step_size {
  nsec: 4000000
}

sim_time {
  sec: 89
  nsec: 484000000
}
real_time {
  sec: 91
  nsec: 539499835
}
iterations: 22371
real_time_factor: 0.998963575290636
step_size {
  nsec: 4000000
}

sim_time {
  sec: 89
  nsec: 588000000
}
real_time {
  sec: 91
  nsec: 643496263
}
iterations: 22397
real_time_factor: 0.9999160070554074
step_size {
  nsec: 4000000
}

sim_time {
  sec: 89
  nsec: 688000000
}
real_time {
  sec: 91
  nsec: 743497151
}
iterations: 22422
real_time_factor: 1.000053002809149
step_size {
  nsec: 4000000
}

sim_time {
  sec: 89
  nsec: 792000000
}
real_time {
  sec: 91
  nsec: 847496386
}
iterations: 22448
real_time_factor: 1.0000462521391615
step_size {
  nsec: 4000000
}

sim_time {
  sec: 89
  nsec: 896000000
}
real_time {
  sec: 91
  nsec: 951496822
}
iterations: 22474
real_time_factor: 0.9998700168978033
step_size {
  nsec: 4000000
}

sim_time {
  sec: 90
}
real_time {
  sec: 92
  nsec: 55495730
}
iterations: 22500
real_time_factor: 1.0000070000490004
step_size {
  nsec: 4000000
}

sim_time {
  sec: 90
  nsec: 100000000
}
real_time {
  sec: 92
  nsec: 155497259
}
iterations: 22525
real_time_factor: 0.99977505061361194
step_size {
  nsec: 4000000
}

sim_time {
  sec: 90
  nsec: 204000000
}
real_time {
  sec: 92
  nsec: 259496065
}
iterations: 22551
real_time_factor: 1.000053002809149
step_size {
  nsec: 4000000
}

sim_time {
  sec: 90
  nsec: 304000000
}
real_time {
  sec: 92
  nsec: 359498231
}
iterations: 22576
real_time_factor: 0.99966411285807966
step_size {
  nsec: 4000000
}

sim_time {
  sec: 90
  nsec: 408000000
}
real_time {
  sec: 92
  nsec: 463496862
}
iterations: 22602
real_time_factor: 1.0001152632840935
step_size {
  nsec: 4000000
}

sim_time {
  sec: 90
  nsec: 512000000
}
real_time {
  sec: 92
  nsec: 567496233
}
iterations: 22628
real_time_factor: 1.0000712550769242
step_size {
  nsec: 4000000
}

sim_time {
  sec: 90
  nsec: 612000000
}
real_time {
  sec: 92
  nsec: 667496658
}
iterations: 22653
real_time_factor: 1.0000482523281748
step_size {
  nsec: 4000000
}

sim_time {
  sec: 90
  nsec: 716000000
}
real_time {
  sec: 92
  nsec: 771495455
}
iterations: 22679
real_time_factor: 1.0000762558145058
step_size {
  nsec: 4000000
}

sim_time {
  sec: 90
  nsec: 820000000
}
real_time {
  sec: 92
  nsec: 875495808
}
iterations: 22705
real_time_factor: 0.99997425066304546
step_size {
  nsec: 4000000
}

sim_time {
  sec: 90
  nsec: 920000000
}
real_time {
  sec: 92
  nsec: 975499159
}
iterations: 22730
real_time_factor: 1.0004144216741786
step_size {
  nsec: 4000000
}

sim_time {
  sec: 91
  nsec: 24000000
}
real_time {
  sec: 93
  nsec: 79496205
}
iterations: 22756
real_time_factor: 1.0000370013690507
step_size {
  nsec: 4000000
}

sim_time {
  sec: 91
  nsec: 124000000
}
real_time {
  sec: 93
  nsec: 179498927
}
iterations: 22781
real_time_factor: 0.9993911209595554
step_size {
  nsec: 4000000
}

sim_time {
  sec: 91
  nsec: 228000000
}
real_time {
  sec: 93
  nsec: 283496075
}
iterations: 22807
real_time_factor: 0.99996275138751078
step_size {
  nsec: 4000000
}

sim_time {
  sec: 91
  nsec: 328000000
}
real_time {
  sec: 93
  nsec: 383497780
}
iterations: 22832
real_time_factor: 0.99963663208423736
step_size {
  nsec: 4000000
}

sim_time {
  sec: 91
  nsec: 428000000
}
real_time {
  sec: 93
  nsec: 483498515
}
iterations: 22857
real_time_factor: 0.99932895060966564
step_size {
  nsec: 4000000
}

sim_time {
  sec: 91
  nsec: 532000000
}
real_time {
  sec: 93
  nsec: 587495908
}
iterations: 22883
real_time_factor: 1.0000112501265639
step_size {
  nsec: 4000000
}

sim_time {
  sec: 91
  nsec: 632000000
}
real_time {
  sec: 93
  nsec: 687497425
}
iterations: 22908
real_time_factor: 0.99976155686868684
step_size {
  nsec: 4000000
}

sim_time {
  sec: 91
  nsec: 736000000
}
real_time {
  sec: 93
  nsec: 791496304
}
iterations: 22934
real_time_factor: 1.0000505025503788
step_size {
  nsec: 4000000
}

sim_time {
  sec: 91
  nsec: 840000000
}
real_time {
  sec: 93
  nsec: 895497450
}
iterations: 22960
real_time_factor: 0.99970608641059533
step_size {
  nsec: 4000000
}

sim_time {
  sec: 91
  nsec: 944000000
}
real_time {
  sec: 93
  nsec: 999495977
}
iterations: 22986
real_time_factor: 1.0000255006502665
step_size {
  nsec: 4000000
}

sim_time {
  sec: 92
  nsec: 44000000
}
real_time {
  sec: 94
  nsec: 99496467
}
iterations: 23011
real_time_factor: 0.99981478431120629
step_size {
  nsec: 4000000
}

sim_time {
  sec: 92
  nsec: 144000000
}
real_time {
  sec: 94
  nsec: 199496790
}
iterations: 23036
real_time_factor: 1.0000325010562843
step_size {
  nsec: 4000000
}

sim_time {
  sec: 92
  nsec: 248000000
}
real_time {
  sec: 94
  nsec: 303496067
}
iterations: 23062
real_time_factor: 0.99999050009024915
step_size {
  nsec: 4000000
}

sim_time {
  sec: 92
  nsec: 348000000
}
real_time {
  sec: 94
  nsec: 403498352
}
iterations: 23087
real_time_factor: 1.0006464175857603
step_size {
  nsec: 4000000
}

sim_time {
  sec: 92
  nsec: 452000000
}
real_time {
  sec: 94
  nsec: 507495657
}
iterations: 23113
real_time_factor: 1.000141269954381
step_size {
  nsec: 4000000
}

sim_time {
  sec: 92
  nsec: 552000000
}
real_time {
  sec: 94
  nsec: 607501397
}
iterations: 23138
real_time_factor: 0.9988992130672
step_size {
  nsec: 4000000
}

sim_time {
  sec: 92
  nsec: 656000000
}
real_time {
  sec: 94
  nsec: 711496202
}
iterations: 23164
real_time_factor: 1.0000600036002161
step_size {
  nsec: 4000000
}

sim_time {
  sec: 92
  nsec: 756000000
}
real_time {
  sec: 94
  nsec: 811496613
}
iterations: 23189
real_time_factor: 0.99980328870294766
step_size {
  nsec: 4000000
}

sim_time {
  sec: 92
  nsec: 856000000
}
real_time {
  sec: 94
  nsec: 911503315
}
iterations: 23214
real_time_factor: 0.999137494557823
step_size {
  nsec: 4000000
}

sim_time {
  sec: 92
  nsec: 960000000
}
real_time {
  sec: 95
  nsec: 15496351
}
iterations: 23240
real_time_factor: 0.99987726506571317
step_size {
  nsec: 4000000
}

sim_time {
  sec: 93
  nsec: 60000000
}
real_time {
  sec: 95
  nsec: 115496534
}
iterations: 23265
real_time_factor: 1.0002665710411824
step_size {
  nsec: 4000000
}

sim_time {
  sec: 93
  nsec: 164000000
}
real_time {
  sec: 95
  nsec: 219496524
}
iterations: 23291
real_time_factor: 0.99983552705579937
step_size {
  nsec: 4000000
}

sim_time {
  sec: 93
  nsec: 268000000
}
real_time {
  sec: 95
  nsec: 323495781
}
iterations: 23317
real_time_factor: 1.0001227650694122
step_size {
  nsec: 4000000
}

sim_time {
  sec: 93
  nsec: 372000000
}
real_time {
  sec: 95
  nsec: 427496474
}
iterations: 23343
real_time_factor: 0.99991900656046862
step_size {
  nsec: 4000000
}

sim_time {
  sec: 93
  nsec: 476000000
}
real_time {
  sec: 95
  nsec: 531496379
}
iterations: 23369
real_time_factor: 0.99991000809927111
step_size {
  nsec: 4000000
}

sim_time {
  sec: 93
  nsec: 580000000
}
real_time {
  sec: 95
  nsec: 635497063
}
iterations: 23395
real_time_factor: 0.99975456025545728
step_size {
  nsec: 4000000
}

sim_time {
  sec: 93
  nsec: 684000000
}
real_time {
  sec: 95
  nsec: 739495784
}
iterations: 23421
real_time_factor: 0.99998600019599726
step_size {
  nsec: 4000000
}

sim_time {
  sec: 93
  nsec: 784000000
}
real_time {
  sec: 95
  nsec: 839495923
}
iterations: 23446
real_time_factor: 1.0000465021623506
step_size {
  nsec: 4000000
}

sim_time {
  sec: 93
  nsec: 888000000
}
real_time {
  sec: 95
  nsec: 943495745
}
iterations: 23472
real_time_factor: 1.0000187503515692
step_size {
  nsec: 4000000
}

sim_time {
  sec: 93
  nsec: 992000000
}
real_time {
  sec: 96
  nsec: 47496160
}
iterations: 23498
real_time_factor: 0.99991675692998561
step_size {
  nsec: 4000000
}

sim_time {
  sec: 94
  nsec: 92000000
}
real_time {
  sec: 96
  nsec: 147497250
}
iterations: 23523
real_time_factor: 1.042893424374453
step_size {
  nsec: 4000000
}

sim_time {
  sec: 94
  nsec: 196000000
}
real_time {
  sec: 96
  nsec: 251496766
}
iterations: 23549
real_time_factor: 0.99997700052898786
step_size {
  nsec: 4000000
}

sim_time {
  sec: 94
  nsec: 300000000
}
real_time {
  sec: 96
  nsec: 355496060
}
iterations: 23575
real_time_factor: 1.0000002500000624
step_size {
  nsec: 4000000
}

sim_time {
  sec: 94
  nsec: 400000000
}
real_time {
  sec: 96
  nsec: 455496030
}
iterations: 23600
real_time_factor: 0.99999775000506252
step_size {
  nsec: 4000000
}

sim_time {
  sec: 94
  nsec: 500000000
}
real_time {
  sec: 96
  nsec: 555496464
}
iterations: 23625
real_time_factor: 1.000058003364195
step_size {
  nsec: 4000000
}

sim_time {
  sec: 94
  nsec: 604000000
}
real_time {
  sec: 96
  nsec: 659497090
}
iterations: 23651
real_time_factor: 0.9997340707371839
step_size {
  nsec: 4000000
}

sim_time {
  sec: 94
  nsec: 708000000
}
real_time {
  sec: 96
  nsec: 763496477
}
iterations: 23677
real_time_factor: 1.0001320174263002
step_size {
  nsec: 4000000
}

sim_time {
  sec: 94
  nsec: 812000000
}
real_time {
  sec: 96
  nsec: 867496077
}
iterations: 23703
real_time_factor: 0.999970000899973
step_size {
  nsec: 4000000
}

sim_time {
  sec: 94
  nsec: 916000000
}
real_time {
  sec: 96
  nsec: 971495898
}
iterations: 23729
real_time_factor: 0.99998850013224849
step_size {
  nsec: 4000000
}

sim_time {
  sec: 95
  nsec: 20000000
}
real_time {
  sec: 97
  nsec: 75495801
}
iterations: 23755
real_time_factor: 1.0000330010890359
step_size {
  nsec: 4000000
}

sim_time {
  sec: 95
  nsec: 120000000
}
real_time {
  sec: 97
  nsec: 175495947
}
iterations: 23780
real_time_factor: 0.9999610015209407
step_size {
  nsec: 4000000
}

sim_time {
  sec: 95
  nsec: 224000000
}
real_time {
  sec: 97
  nsec: 279495843
}
iterations: 23806
real_time_factor: 1.0000510026011327
step_size {
  nsec: 4000000
}

sim_time {
  sec: 95
  nsec: 324000000
}
real_time {
  sec: 97
  nsec: 379496303
}
iterations: 23831
real_time_factor: 0.99988926226420427
step_size {
  nsec: 4000000
}

sim_time {
  sec: 95
  nsec: 424000000
}
real_time {
  sec: 97
  nsec: 479496431
}
iterations: 23856
real_time_factor: 0.99987751500441191
step_size {
  nsec: 4000000
}

sim_time {
  sec: 95
  nsec: 528000000
}
real_time {
  sec: 97
  nsec: 583496093
}
iterations: 23882
real_time_factor: 1.0000282507980851
step_size {
  nsec: 4000000
}

sim_time {
  sec: 95
  nsec: 628000000
}
real_time {
  sec: 97
  nsec: 683496249
}
iterations: 23907
real_time_factor: 0.99991900656046862
step_size {
  nsec: 4000000
}

sim_time {
  sec: 95
  nsec: 732000000
}
real_time {
  sec: 97
  nsec: 787496253
}
iterations: 23933
real_time_factor: 1.0000027500075626
step_size {
  nsec: 4000000
}

sim_time {
  sec: 95
  nsec: 836000000
}
real_time {
  sec: 97
  nsec: 891496083
}
iterations: 23959
real_time_factor: 0.99994950255012127
step_size {
  nsec: 4000000
}

sim_time {
  sec: 95
  nsec: 940000000
}
real_time {
  sec: 97
  nsec: 995496533
}
iterations: 23985
real_time_factor: 0.99977130231459554
step_size {
  nsec: 4000000
}

sim_time {
  sec: 96
  nsec: 40000000
}
real_time {
  sec: 98
  nsec: 95574144
}
iterations: 24010
real_time_factor: 0.980903765493375
step_size {
  nsec: 4000000
}

sim_time {
  sec: 96
  nsec: 144000000
}
real_time {
  sec: 98
  nsec: 199496350
}
iterations: 24036
real_time_factor: 0.99996325135051289
step_size {
  nsec: 4000000
}

sim_time {
  sec: 96
  nsec: 248000000
}
real_time {
  sec: 98
  nsec: 303495735
}
iterations: 24062
real_time_factor: 1.0000302509150902
step_size {
  nsec: 4000000
}

sim_time {
  sec: 96
  nsec: 348000000
}
real_time {
  sec: 98
  nsec: 403495945
}
iterations: 24087
real_time_factor: 1.0000465021623506
step_size {
  nsec: 4000000
}

sim_time {
  sec: 96
  nsec: 448000000
}
real_time {
  sec: 98
  nsec: 503496600
}
iterations: 24112
real_time_factor: 1.0001092619368666
step_size {
  nsec: 4000000
}

sim_time {
  sec: 96
  nsec: 552000000
}
real_time {
  sec: 98
  nsec: 607496068
}
iterations: 24138
real_time_factor: 1.0000557531082357
step_size {
  nsec: 4000000
}

sim_time {
  sec: 96
  nsec: 656000000
}
real_time {
  sec: 98
  nsec: 711496064
}
iterations: 24164
real_time_factor: 0.99996800102396721
step_size {
  nsec: 4000000
}

sim_time {
  sec: 96
  nsec: 756000000
}
real_time {
  sec: 98
  nsec: 811496253
}
iterations: 24189
real_time_factor: 1.0000002500000624
step_size {
  nsec: 4000000
}

sim_time {
  sec: 96
  nsec: 860000000
}
real_time {
  sec: 98
  nsec: 915496044
}
iterations: 24215
real_time_factor: 0.99998425024805859
step_size {
  nsec: 4000000
}

sim_time {
  sec: 96
  nsec: 960000000
}
real_time {
  sec: 99
  nsec: 15496217
}
iterations: 24240
real_time_factor: 0.99989401123480914
step_size {
  nsec: 4000000
}

sim_time {
  sec: 97
  nsec: 64000000
}
real_time {
  sec: 99
  nsec: 119496157
}
iterations: 24266
real_time_factor: 0.99993550415998167
step_size {
  nsec: 4000000
}

sim_time {
  sec: 97
  nsec: 164000000
}
real_time {
  sec: 99
  nsec: 219495940
}
iterations: 24291
real_time_factor: 1.0000167502805672
step_size {
  nsec: 4000000
}

sim_time {
  sec: 97
  nsec: 268000000
}
real_time {
  sec: 99
  nsec: 323495964
}
iterations: 24317
real_time_factor: 0.99994025356984917
step_size {
  nsec: 4000000
}

sim_time {
  sec: 97
  nsec: 368000000
}
real_time {
  sec: 99
  nsec: 423496682
}
iterations: 24342
real_time_factor: 1.0001462713921911
step_size {
  nsec: 4000000
}

sim_time {
  sec: 97
  nsec: 468000000
}
real_time {
  sec: 99
  nsec: 523498115
}
iterations: 24367
real_time_factor: 0.99975281111745118
step_size {
  nsec: 4000000
}

sim_time {
  sec: 97
  nsec: 572000000
}
real_time {
  sec: 99
  nsec: 627496110
}
iterations: 24393
real_time_factor: 1.0000862574397043
step_size {
  nsec: 4000000
}

sim_time {
  sec: 97
  nsec: 676000000
}
real_time {
  sec: 99
  nsec: 731496179
}
iterations: 24419
real_time_factor: 0.99997950042024142
step_size {
  nsec: 4000000
}

sim_time {
  sec: 97
  nsec: 780000000
}
real_time {
  sec: 99
  nsec: 835496335
}
iterations: 24445
real_time_factor: 0.99986851728997639
step_size {
  nsec: 4000000
}

sim_time {
  sec: 97
  nsec: 880000000
}
real_time {
  sec: 99
  nsec: 935497295
}
iterations: 24470
real_time_factor: 0.99978504621506381
step_size {
  nsec: 4000000
}

sim_time {
  sec: 97
  nsec: 984000000
}
real_time {
  sec: 100
  nsec: 39496253
}
iterations: 24496
real_time_factor: 1.0001530234125822
step_size {
  nsec: 4000000
}

sim_time {
  sec: 98
  nsec: 88000000
}
real_time {
  sec: 100
  nsec: 143496192
}
iterations: 24522
real_time_factor: 0.9999610015209407
step_size {
  nsec: 4000000
}

sim_time {
  sec: 98
  nsec: 188000000
}
real_time {
  sec: 100
  nsec: 243496457
}
iterations: 24547
real_time_factor: 1.0000375014063028
step_size {
  nsec: 4000000
}

sim_time {
  sec: 98
  nsec: 292000000
}
real_time {
  sec: 100
  nsec: 347496618
}
iterations: 24573
real_time_factor: 0.99984327456671163
step_size {
  nsec: 4000000
}

sim_time {
  sec: 98
  nsec: 392000000
}
real_time {
  sec: 100
  nsec: 447496634
}
iterations: 24598
real_time_factor: 0.99984527394385714
step_size {
  nsec: 4000000
}

sim_time {
  sec: 98
  nsec: 492000000
}
real_time {
  sec: 100
  nsec: 547497009
}
iterations: 24623
real_time_factor: 0.999915007224386
step_size {
  nsec: 4000000
}

sim_time {
  sec: 98
  nsec: 596000000
}
real_time {
  sec: 100
  nsec: 651497605
}
iterations: 24649
real_time_factor: 0.99988951220890088
step_size {
  nsec: 4000000
}

sim_time {
  sec: 98
  nsec: 700000000
}
real_time {
  sec: 100
  nsec: 755496545
}
iterations: 24675
real_time_factor: 0.99997500062498434
step_size {
  nsec: 4000000
}

sim_time {
  sec: 98
  nsec: 804000000
}
real_time {
  sec: 100
  nsec: 859496281
}
iterations: 24701
real_time_factor: 0.99995200230388936
step_size {
  nsec: 4000000
}

sim_time {
  sec: 98
  nsec: 908000000
}
real_time {
  sec: 100
  nsec: 963495941
}
iterations: 24727
real_time_factor: 0.9999430032488148
step_size {
  nsec: 4000000
}

sim_time {
  sec: 99
  nsec: 8000000
}
real_time {
  sec: 101
  nsec: 63496105
}
iterations: 24752
real_time_factor: 1.0000767558910146
step_size {
  nsec: 4000000
}

sim_time {
  sec: 99
  nsec: 112000000
}
real_time {
  sec: 101
  nsec: 167495950
}
iterations: 24778
real_time_factor: 1.0000862574397043
step_size {
  nsec: 4000000
}

