sim_time {
  nsec: 4000000
}
real_time {
  sec: 1
  nsec: 772450426
}
iterations: 1
real_time_factor: 0.0022567626949245912
step_size {
  nsec: 4000000
}

sim_time {
  nsec: 108000000
}
real_time {
  sec: 1
  nsec: 876433922
}
iterations: 27
real_time_factor: 1.0000112501265639
step_size {
  nsec: 4000000
}

sim_time {
  nsec: 212000000
}
real_time {
  sec: 1
  nsec: 980433910
}
iterations: 53
real_time_factor: 1.0000110001210014
step_size {
  nsec: 4000000
}

sim_time {
  nsec: 316000000
}
real_time {
  sec: 2
  nsec: 84433988
}
iterations: 79
real_time_factor: 0.99995575195797581
step_size {
  nsec: 4000000
}

sim_time {
  nsec: 420000000
}
real_time {
  sec: 2
  nsec: 188433845
}
iterations: 105
real_time_factor: 0.99998800014399825
step_size {
  nsec: 4000000
}

sim_time {
  nsec: 524000000
}
real_time {
  sec: 2
  nsec: 292433850
}
iterations: 131
real_time_factor: 0.99998350027224547
step_size {
  nsec: 4000000
}

sim_time {
  nsec: 628000000
}
real_time {
  sec: 2
  nsec: 396434096
}
iterations: 157
real_time_factor: 0.99990700864819571
step_size {
  nsec: 4000000
}

sim_time {
  nsec: 732000000
}
real_time {
  sec: 2
  nsec: 500434166
}
iterations: 183
real_time_factor: 0.99993950366002859
step_size {
  nsec: 4000000
}

sim_time {
  nsec: 836000000
}
real_time {
  sec: 2
  nsec: 604433977
}
iterations: 209
real_time_factor: 1.0000412517016326
step_size {
  nsec: 4000000
}

sim_time {
  nsec: 940000000
}
real_time {
  sec: 2
  nsec: 708434122
}
iterations: 235
real_time_factor: 0.99998300028899512
step_size {
  nsec: 4000000
}

sim_time {
  sec: 1
  nsec: 44000000
}
real_time {
  sec: 2
  nsec: 812433764
}
iterations: 261
real_time_factor: 1.0000785061627337
step_size {
  nsec: 4000000
}

sim_time {
  sec: 1
  nsec: 148000000
}
real_time {
  sec: 2
  nsec: 916433936
}
iterations: 287
real_time_factor: 0.99996275138751078
step_size {
  nsec: 4000000
}

sim_time {
  sec: 1
  nsec: 252000000
}
real_time {
  sec: 3
  nsec: 20433923
}
iterations: 313
real_time_factor: 1.0000317510080945
step_size {
  nsec: 4000000
}

sim_time {
  sec: 1
  nsec: 356000000
}
real_time {
  sec: 3
  nsec: 124433890
}
iterations: 339
real_time_factor: 1.0000062500390627
step_size {
  nsec: 4000000
}

sim_time {
  sec: 1
  nsec: 456000000
}
real_time {
  sec: 3
  nsec: 224434133
}
iterations: 364
real_time_factor: 0.99995300220889616
step_size {
  nsec: 4000000
}

sim_time {
  sec: 1
  nsec: 556000000
}
real_time {
  sec: 3
  nsec: 324435051
}
iterations: 389
real_time_factor: 0.99983302788434336
step_size {
  nsec: 4000000
}

sim_time {
  sec: 1
  nsec: 660000000
}
real_time {
  sec: 3
  nsec: 428434538
}
iterations: 415
real_time_factor: 0.99982603027073291
step_size {
  nsec: 4000000
}

sim_time {
  sec: 1
  nsec: 748000000
}
real_time {
  sec: 3
  nsec: 805964409
}
iterations: 437
real_time_factor: 0.013627299113161606
step_size {
  nsec: 4000000
}

sim_time {
  sec: 1
  nsec: 852000000
}
real_time {
  sec: 3
  nsec: 909959321
}
iterations: 463
real_time_factor: 1.000041001681069
step_size {
  nsec: 4000000
}

sim_time {
  sec: 1
  nsec: 952000000
}
real_time {
  sec: 4
  nsec: 9959471
}
iterations: 488
real_time_factor: 1.0000017500030625
step_size {
  nsec: 4000000
}

sim_time {
  sec: 2
  nsec: 56000000
}
real_time {
  sec: 4
  nsec: 113959391
}
iterations: 514
real_time_factor: 0.99994400313582443
step_size {
  nsec: 4000000
}

sim_time {
  sec: 2
  nsec: 160000000
}
real_time {
  sec: 4
  nsec: 217959339
}
iterations: 540
real_time_factor: 0.99998775015006069
step_size {
  nsec: 4000000
}

sim_time {
  sec: 2
  nsec: 264000000
}
real_time {
  sec: 4
  nsec: 321959379
}
iterations: 566
real_time_factor: 0.99999975000006247
step_size {
  nsec: 4000000
}

sim_time {
  sec: 2
  nsec: 368000000
}
real_time {
  sec: 4
  nsec: 425959328
}
iterations: 592
real_time_factor: 1.0000155002402538
step_size {
  nsec: 4000000
}

sim_time {
  sec: 2
  nsec: 468000000
}
real_time {
  sec: 4
  nsec: 525959533
}
iterations: 617
real_time_factor: 0.999960001599936
step_size {
  nsec: 4000000
}

sim_time {
  sec: 2
  nsec: 572000000
}
real_time {
  sec: 4
  nsec: 629959036
}
iterations: 643
real_time_factor: 1.0002010404091222
step_size {
  nsec: 4000000
}

sim_time {
  sec: 2
  nsec: 672000000
}
real_time {
  sec: 4
  nsec: 729960047
}
iterations: 668
real_time_factor: 0.99994650286209685
step_size {
  nsec: 4000000
}

sim_time {
  sec: 2
  nsec: 776000000
}
real_time {
  sec: 4
  nsec: 833959153
}
iterations: 694
real_time_factor: 1.0000412517016326
step_size {
  nsec: 4000000
}

sim_time {
  sec: 2
  nsec: 880000000
}
real_time {
  sec: 4
  nsec: 937959332
}
iterations: 720
real_time_factor: 1.0000112501265639
step_size {
  nsec: 4000000
}

sim_time {
  sec: 2
  nsec: 980000000
}
real_time {
  sec: 5
  nsec: 37959722
}
iterations: 745
real_time_factor: 0.99996725107252737
step_size {
  nsec: 4000000
}

sim_time {
  sec: 3
  nsec: 84000000
}
real_time {
  sec: 5
  nsec: 141959530
}
iterations: 771
real_time_factor: 0.9999717507980399
step_size {
  nsec: 4000000
}

sim_time {
  sec: 3
  nsec: 184000000
}
real_time {
  sec: 5
  nsec: 241959541
}
iterations: 796
real_time_factor: 0.99994625288890726
step_size {
  nsec: 4000000
}

sim_time {
  sec: 3
  nsec: 288000000
}
real_time {
  sec: 5
  nsec: 345959535
}
iterations: 822
real_time_factor: 0.99996450126020531
step_size {
  nsec: 4000000
}

sim_time {
  sec: 3
  nsec: 392000000
}
real_time {
  sec: 5
  nsec: 449959714
}
iterations: 848
real_time_factor: 0.99983727648325238
step_size {
  nsec: 4000000
}

sim_time {
  sec: 3
  nsec: 496000000
}
real_time {
  sec: 5
  nsec: 553959225
}
iterations: 874
real_time_factor: 1.0000182503330686
step_size {
  nsec: 4000000
}

sim_time {
  sec: 3
  nsec: 600000000
}
real_time {
  sec: 5
  nsec: 657959561
}
iterations: 900
real_time_factor: 1.00000450002025
step_size {
  nsec: 4000000
}

sim_time {
  sec: 3
  nsec: 704000000
}
real_time {
  sec: 5
  nsec: 761959148
}
iterations: 926
real_time_factor: 1.0000597535702758
step_size {
  nsec: 4000000
}

sim_time {
  sec: 3
  nsec: 804000000
}
real_time {
  sec: 5
  nsec: 861959806
}
iterations: 951
real_time_factor: 1.000168528397035
step_size {
  nsec: 4000000
}

sim_time {
  sec: 3
  nsec: 904000000
}
real_time {
  sec: 5
  nsec: 961959742
}
iterations: 976
real_time_factor: 0.99989301144777509
step_size {
  nsec: 4000000
}

sim_time {
  sec: 4
  nsec: 4000000
}
real_time {
  sec: 6
  nsec: 61961677
}
iterations: 1001
real_time_factor: 0.99957393161165053
step_size {
  nsec: 4000000
}

sim_time {
  sec: 4
  nsec: 108000000
}
real_time {
  sec: 6
  nsec: 165959624
}
iterations: 1027
real_time_factor: 0.99998575020305958
step_size {
  nsec: 4000000
}

sim_time {
  sec: 4
  nsec: 208000000
}
real_time {
  sec: 6
  nsec: 265964152
}
iterations: 1052
real_time_factor: 0.99891742324256083
step_size {
  nsec: 4000000
}

sim_time {
  sec: 4
  nsec: 312000000
}
real_time {
  sec: 6
  nsec: 369959960
}
iterations: 1078
real_time_factor: 0.99993700396875
step_size {
  nsec: 4000000
}

sim_time {
  sec: 4
  nsec: 412000000
}
real_time {
  sec: 6
  nsec: 469963229
}
iterations: 1103
real_time_factor: 0.99985127212327163
step_size {
  nsec: 4000000
}

sim_time {
  sec: 4
  nsec: 516000000
}
real_time {
  sec: 6
  nsec: 573962611
}
iterations: 1129
real_time_factor: 0.99994150342204979
step_size {
  nsec: 4000000
}

sim_time {
  sec: 4
  nsec: 620000000
}
real_time {
  sec: 6
  nsec: 677959265
}
iterations: 1155
real_time_factor: 0.99995750180617327
step_size {
  nsec: 4000000
}

sim_time {
  sec: 4
  nsec: 720000000
}
real_time {
  sec: 6
  nsec: 777960525
}
iterations: 1180
real_time_factor: 0.999921006240507
step_size {
  nsec: 4000000
}

sim_time {
  sec: 4
  nsec: 824000000
}
real_time {
  sec: 6
  nsec: 881959870
}
iterations: 1206
real_time_factor: 0.99999250005624962
step_size {
  nsec: 4000000
}

sim_time {
  sec: 4
  nsec: 928000000
}
real_time {
  sec: 6
  nsec: 985959566
}
iterations: 1232
real_time_factor: 0.99996950093022163
step_size {
  nsec: 4000000
}

sim_time {
  sec: 5
  nsec: 32000000
}
real_time {
  sec: 7
  nsec: 89959780
}
iterations: 1258
real_time_factor: 0.99993950366002859
step_size {
  nsec: 4000000
}

sim_time {
  sec: 5
  nsec: 136000000
}
real_time {
  sec: 7
  nsec: 193959513
}
iterations: 1284
real_time_factor: 1.0000180003240058
step_size {
  nsec: 4000000
}

sim_time {
  sec: 5
  nsec: 236000000
}
real_time {
  sec: 7
  nsec: 293960735
}
iterations: 1309
real_time_factor: 1.0004464492279679
step_size {
  nsec: 4000000
}

sim_time {
  sec: 5
  nsec: 340000000
}
real_time {
  sec: 7
  nsec: 397959245
}
iterations: 1335
real_time_factor: 1.0001755308056564
step_size {
  nsec: 4000000
}

sim_time {
  sec: 5
  nsec: 440000000
}
real_time {
  sec: 7
  nsec: 497959949
}
iterations: 1360
real_time_factor: 1.0002285522241832
step_size {
  nsec: 4000000
}

sim_time {
  sec: 5
  nsec: 544000000
}
real_time {
  sec: 7
  nsec: 601960274
}
iterations: 1386
real_time_factor: 0.99995775178498714
step_size {
  nsec: 4000000
}

sim_time {
  sec: 5
  nsec: 644000000
}
real_time {
  sec: 7
  nsec: 701960774
}
iterations: 1411
real_time_factor: 0.99997875045155293
step_size {
  nsec: 4000000
}

sim_time {
  sec: 5
  nsec: 744000000
}
real_time {
  sec: 7
  nsec: 801960505
}
iterations: 1436
real_time_factor: 1.0000942588839
step_size {
  nsec: 4000000
}

sim_time {
  sec: 5
  nsec: 848000000
}
real_time {
  sec: 7
  nsec: 905959821
}
iterations: 1462
real_time_factor: 0.99996025157999968
step_size {
  nsec: 4000000
}

sim_time {
  sec: 5
  nsec: 952000000
}
real_time {
  sec: 8
  nsec: 9959339
}
iterations: 1488
real_time_factor: 1.0000970094099129
step_size {
  nsec: 4000000
}

sim_time {
  sec: 6
  nsec: 52000000
}
real_time {
  sec: 8
  nsec: 109960598
}
iterations: 1513
real_time_factor: 1.0005297805187847
step_size {
  nsec: 4000000
}

sim_time {
  sec: 6
  nsec: 156000000
}
real_time {
  sec: 8
  nsec: 213961478
}
iterations: 1539
real_time_factor: 0.99978204751364208
step_size {
  nsec: 4000000
}

sim_time {
  sec: 6
  nsec: 260000000
}
real_time {
  sec: 8
  nsec: 317960072
}
iterations: 1565
real_time_factor: 1.00012451550218
step_size {
  nsec: 4000000
}

sim_time {
  sec: 6
  nsec: 364000000
}
real_time {
  sec: 8
  nsec: 421960451
}
iterations: 1591
real_time_factor: 0.99993950366002859
step_size {
  nsec: 4000000
}

sim_time {
  sec: 6
  nsec: 468000000
}
real_time {
  sec: 8
  nsec: 525959925
}
iterations: 1617
real_time_factor: 0.99999475002756233
step_size {
  nsec: 4000000
}

sim_time {
  sec: 6
  nsec: 568000000
}
real_time {
  sec: 8
  nsec: 625960044
}
iterations: 1642
real_time_factor: 0.99994175339286484
step_size {
  nsec: 4000000
}

sim_time {
  sec: 6
  nsec: 668000000
}
real_time {
  sec: 8
  nsec: 725960940
}
iterations: 1667
real_time_factor: 1.0004929929222623
step_size {
  nsec: 4000000
}

sim_time {
  sec: 6
  nsec: 772000000
}
real_time {
  sec: 8
  nsec: 829964228
}
iterations: 1693
real_time_factor: 0.99887127545873167
step_size {
  nsec: 4000000
}

sim_time {
  sec: 6
  nsec: 876000000
}
real_time {
  sec: 8
  nsec: 933960090
}
iterations: 1719
real_time_factor: 1.0000157502480664
step_size {
  nsec: 4000000
}

sim_time {
  sec: 6
  nsec: 980000000
}
real_time {
  sec: 9
  nsec: 37959275
}
iterations: 1745
real_time_factor: 1.0000967593614682
step_size {
  nsec: 4000000
}

sim_time {
  sec: 7
  nsec: 80000000
}
real_time {
  sec: 9
  nsec: 137959570
}
iterations: 1770
real_time_factor: 1.0004489514669708
step_size {
  nsec: 4000000
}

sim_time {
  sec: 7
  nsec: 184000000
}
real_time {
  sec: 9
  nsec: 241959986
}
iterations: 1796
real_time_factor: 0.99970558670471543
step_size {
  nsec: 4000000
}

sim_time {
  sec: 7
  nsec: 288000000
}
real_time {
  sec: 9
  nsec: 345959911
}
iterations: 1822
real_time_factor: 0.99998575020305958
step_size {
  nsec: 4000000
}

sim_time {
  sec: 7
  nsec: 388000000
}
real_time {
  sec: 9
  nsec: 445962567
}
iterations: 1847
real_time_factor: 0.99970133922490656
step_size {
  nsec: 4000000
}

sim_time {
  sec: 7
  nsec: 492000000
}
real_time {
  sec: 9
  nsec: 549960531
}
iterations: 1873
real_time_factor: 0.99980253899854776
step_size {
  nsec: 4000000
}

sim_time {
  sec: 7
  nsec: 596000000
}
real_time {
  sec: 9
  nsec: 653959299
}
iterations: 1899
real_time_factor: 1.0000387515016207
step_size {
  nsec: 4000000
}

sim_time {
  sec: 7
  nsec: 696000000
}
real_time {
  sec: 9
  nsec: 753960102
}
iterations: 1924
real_time_factor: 0.999770552658165
step_size {
  nsec: 4000000
}

sim_time {
  sec: 7
  nsec: 796000000
}
real_time {
  sec: 9
  nsec: 853960221
}
iterations: 1949
real_time_factor: 1.0000275007562709
step_size {
  nsec: 4000000
}

sim_time {
  sec: 7
  nsec: 896000000
}
real_time {
  sec: 9
  nsec: 953961571
}
iterations: 1974
real_time_factor: 0.9997543103782246
step_size {
  nsec: 4000000
}

sim_time {
  sec: 8
}
real_time {
  sec: 10
  nsec: 57960514
}
iterations: 2000
real_time_factor: 0.999895510919109
step_size {
  nsec: 4000000
}

sim_time {
  sec: 8
  nsec: 100000000
}
real_time {
  sec: 10
  nsec: 157964345
}
iterations: 2025
real_time_factor: 0.99879944306943058
step_size {
  nsec: 4000000
}

sim_time {
  sec: 8
  nsec: 204000000
}
real_time {
  sec: 10
  nsec: 261960511
}
iterations: 2051
real_time_factor: 1.0003631318168495
step_size {
  nsec: 4000000
}

sim_time {
  sec: 8
  nsec: 308000000
}
real_time {
  sec: 10
  nsec: 365959769
}
iterations: 2077
real_time_factor: 0.9999047590716984
step_size {
  nsec: 4000000
}

sim_time {
  sec: 8
  nsec: 412000000
}
real_time {
  sec: 10
  nsec: 469960000
}
iterations: 2103
real_time_factor: 1.0000202504100708
step_size {
  nsec: 4000000
}

sim_time {
  sec: 8
  nsec: 512000000
}
real_time {
  sec: 10
  nsec: 569962247
}
iterations: 2128
real_time_factor: 0.99932895060966564
step_size {
  nsec: 4000000
}

sim_time {
  sec: 8
  nsec: 616000000
}
real_time {
  sec: 10
  nsec: 673960404
}
iterations: 2154
real_time_factor: 0.99999725000756245
step_size {
  nsec: 4000000
}

sim_time {
  sec: 8
  nsec: 720000000
}
real_time {
  sec: 10
  nsec: 777960690
}
iterations: 2180
real_time_factor: 0.99975206148875084
step_size {
  nsec: 4000000
}

sim_time {
  sec: 8
  nsec: 824000000
}
real_time {
  sec: 10
  nsec: 881959985
}
iterations: 2206
real_time_factor: 0.99991175778737529
step_size {
  nsec: 4000000
}

sim_time {
  sec: 8
  nsec: 924000000
}
real_time {
  sec: 10
  nsec: 981960372
}
iterations: 2231
real_time_factor: 1.0000295008702758
step_size {
  nsec: 4000000
}

sim_time {
  sec: 9
  nsec: 24000000
}
real_time {
  sec: 11
  nsec: 81961785
}
iterations: 2256
real_time_factor: 0.99948601431713746
step_size {
  nsec: 4000000
}

sim_time {
  sec: 9
  nsec: 128000000
}
real_time {
  sec: 11
  nsec: 185960190
}
iterations: 2282
real_time_factor: 0.99998350027224547
step_size {
  nsec: 4000000
}

sim_time {
  sec: 9
  nsec: 228000000
}
real_time {
  sec: 11
  nsec: 285963280
}
iterations: 2307
real_time_factor: 0.99914847571157483
step_size {
  nsec: 4000000
}

sim_time {
  sec: 9
  nsec: 332000000
}
real_time {
  sec: 11
  nsec: 389960371
}
iterations: 2333
real_time_factor: 1.0000202504100708
step_size {
  nsec: 4000000
}

sim_time {
  sec: 9
  nsec: 436000000
}
real_time {
  sec: 11
  nsec: 493959879
}
iterations: 2359
real_time_factor: 0.99995325218546038
step_size {
  nsec: 4000000
}

sim_time {
  sec: 9
  nsec: 536000000
}
real_time {
  sec: 11
  nsec: 594507808
}
iterations: 2384
real_time_factor: 0.88026386789704081
step_size {
  nsec: 4000000
}

sim_time {
  sec: 9
  nsec: 640000000
}
real_time {
  sec: 11
  nsec: 697958800
}
iterations: 2410
real_time_factor: 1.000198539410073
step_size {
  nsec: 4000000
}

sim_time {
  sec: 9
  nsec: 740000000
}
real_time {
  sec: 11
  nsec: 797960910
}
iterations: 2435
real_time_factor: 1.011856171728182
step_size {
  nsec: 4000000
}

sim_time {
  sec: 9
  nsec: 844000000
}
real_time {
  sec: 11
  nsec: 901959430
}
iterations: 2461
real_time_factor: 1.0000157502480664
step_size {
  nsec: 4000000
}

sim_time {
  sec: 9
  nsec: 948000000
}
real_time {
  sec: 12
  nsec: 5959409
}
iterations: 2487
real_time_factor: 1.0000205004202587
step_size {
  nsec: 4000000
}

sim_time {
  sec: 10
  nsec: 48000000
}
real_time {
  sec: 12
  nsec: 105959886
}
iterations: 2512
real_time_factor: 0.99996500122495713
step_size {
  nsec: 4000000
}

sim_time {
  sec: 10
  nsec: 148000000
}
real_time {
  sec: 12
  nsec: 205961633
}
iterations: 2537
real_time_factor: 0.99953421705485246
step_size {
  nsec: 4000000
}

sim_time {
  sec: 10
  nsec: 252000000
}
real_time {
  sec: 12
  nsec: 309960019
}
iterations: 2563
real_time_factor: 1.000113012770443
step_size {
  nsec: 4000000
}

sim_time {
  sec: 10
  nsec: 356000000
}
real_time {
  sec: 12
  nsec: 413960609
}
iterations: 2589
real_time_factor: 0.99991625701347508
step_size {
  nsec: 4000000
}

sim_time {
  sec: 10
  nsec: 456000000
}
real_time {
  sec: 12
  nsec: 513961892
}
iterations: 2614
real_time_factor: 0.99965262071430183
step_size {
  nsec: 4000000
}

sim_time {
  sec: 10
  nsec: 560000000
}
real_time {
  sec: 12
  nsec: 617960927
}
iterations: 2640
real_time_factor: 0.99994400313582443
step_size {
  nsec: 4000000
}

sim_time {
  sec: 10
  nsec: 660000000
}
real_time {
  sec: 12
  nsec: 717960673
}
iterations: 2665
real_time_factor: 0.99990925823481525
step_size {
  nsec: 4000000
}

sim_time {
  sec: 10
  nsec: 764000000
}
real_time {
  sec: 12
  nsec: 821960013
}
iterations: 2691
real_time_factor: 1.0000692547958947
step_size {
  nsec: 4000000
}

sim_time {
  sec: 10
  nsec: 864000000
}
real_time {
  sec: 12
  nsec: 921960398
}
iterations: 2716
real_time_factor: 0.99978654557252022
step_size {
  nsec: 4000000
}

sim_time {
  sec: 10
  nsec: 964000000
}
real_time {
  sec: 13
  nsec: 21961477
}
iterations: 2741
real_time_factor: 0.9999047590716984
step_size {
  nsec: 4000000
}

sim_time {
  sec: 11
  nsec: 64000000
}
real_time {
  sec: 13
  nsec: 121961861
}
iterations: 2766
real_time_factor: 0.99945829360486615
step_size {
  nsec: 4000000
}

sim_time {
  sec: 11
  nsec: 168000000
}
real_time {
  sec: 13
  nsec: 225959942
}
iterations: 2792
real_time_factor: 1.0002423086992824
step_size {
  nsec: 4000000
}

sim_time {
  sec: 11
  nsec: 268000000
}
real_time {
  sec: 13
  nsec: 325959899
}
iterations: 2817
real_time_factor: 1.0000205004202587
step_size {
  nsec: 4000000
}

sim_time {
  sec: 11
  nsec: 372000000
}
real_time {
  sec: 13
  nsec: 429960072
}
iterations: 2843
real_time_factor: 0.99983302788434336
step_size {
  nsec: 4000000
}

sim_time {
  sec: 11
  nsec: 476000000
}
real_time {
  sec: 13
  nsec: 533959329
}
iterations: 2869
real_time_factor: 1.0000735054026471
step_size {
  nsec: 4000000
}

sim_time {
  sec: 11
  nsec: 580000000
}
real_time {
  sec: 13
  nsec: 637960585
}
iterations: 2895
real_time_factor: 0.9996201443451489
step_size {
  nsec: 4000000
}

sim_time {
  sec: 11
  nsec: 684000000
}
real_time {
  sec: 13
  nsec: 741960406
}
iterations: 2921
real_time_factor: 0.999914007395364
step_size {
  nsec: 4000000
}

sim_time {
  sec: 11
  nsec: 784000000
}
real_time {
  sec: 13
  nsec: 841966411
}
iterations: 2946
real_time_factor: 0.99854312557977909
step_size {
  nsec: 4000000
}

sim_time {
  sec: 11
  nsec: 888000000
}
real_time {
  sec: 13
  nsec: 945960777
}
iterations: 2972
real_time_factor: 0.99987251625417761
step_size {
  nsec: 4000000
}

sim_time {
  sec: 11
  nsec: 992000000
}
real_time {
  sec: 14
  nsec: 49959625
}
iterations: 2998
real_time_factor: 0.99993725393731547
step_size {
  nsec: 4000000
}

sim_time {
  sec: 12
  nsec: 92000000
}
real_time {
  sec: 14
  nsec: 149960222
}
iterations: 3023
real_time_factor: 0.99999725000756245
step_size {
  nsec: 4000000
}

sim_time {
  sec: 12
  nsec: 196000000
}
real_time {
  sec: 14
  nsec: 253960246
}
iterations: 3049
real_time_factor: 0.99987676518869051
step_size {
  nsec: 4000000
}

sim_time {
  sec: 12
  nsec: 300000000
}
real_time {
  sec: 14
  nsec: 357959576
}
iterations: 3075
real_time_factor: 0.99996950093022163
step_size {
  nsec: 4000000
}

sim_time {
  sec: 12
  nsec: 400000000
}
real_time {
  sec: 14
  nsec: 457960357
}
iterations: 3100
real_time_factor: 0.99990250950532322
step_size {
  nsec: 4000000
}

sim_time {
  sec: 12
  nsec: 504000000
}
real_time {
  sec: 14
  nsec: 561961289
}
iterations: 3126
real_time_factor: 0.999508991208069
step_size {
  nsec: 4000000
}

sim_time {
  sec: 12
  nsec: 608000000
}
real_time {
  sec: 14
  nsec: 665960526
}
iterations: 3152
real_time_factor: 0.99992775521968535
step_size {
  nsec: 4000000
}

sim_time {
  sec: 12
  nsec: 712000000
}
real_time {
  sec: 14
  nsec: 769960142
}
iterations: 3178
real_time_factor: 1.0000112501265639
step_size {
  nsec: 4000000
}

sim_time {
  sec: 12
  nsec: 816000000
}
real_time {
  sec: 14
  nsec: 873960482
}
iterations: 3204
real_time_factor: 0.99988826248666707
step_size {
  nsec: 4000000
}

sim_time {
  sec: 12
  nsec: 920000000
}
real_time {
  sec: 14
  nsec: 977960523
}
iterations: 3230
real_time_factor: 0.99985152204897576
step_size {
  nsec: 4000000
}

sim_time {
  sec: 13
  nsec: 24000000
}
real_time {
  sec: 15
  nsec: 81960194
}
iterations: 3256
real_time_factor: 0.99996500122495713
step_size {
  nsec: 4000000
}

sim_time {
  sec: 13
  nsec: 124000000
}
real_time {
  sec: 15
  nsec: 181960846
}
iterations: 3281
real_time_factor: 0.99994875262642791
step_size {
  nsec: 4000000
}

sim_time {
  sec: 13
  nsec: 228000000
}
real_time {
  sec: 15
  nsec: 285959536
}
iterations: 3307
real_time_factor: 0.99998100036099313
step_size {
  nsec: 4000000
}

sim_time {
  sec: 13
  nsec: 328000000
}
real_time {
  sec: 15
  nsec: 385960225
}
iterations: 3332
real_time_factor: 0.99987451574827357
step_size {
  nsec: 4000000
}

sim_time {
  sec: 13
  nsec: 428000000
}
real_time {
  sec: 15
  nsec: 485960153
}
iterations: 3357
real_time_factor: 1.0000227505175743
step_size {
  nsec: 4000000
}

sim_time {
  sec: 13
  nsec: 528000000
}
real_time {
  sec: 15
  nsec: 585960499
}
iterations: 3382
real_time_factor: 1.0000550030251665
step_size {
  nsec: 4000000
}

sim_time {
  sec: 13
  nsec: 632000000
}
real_time {
  sec: 15
  nsec: 689959291
}
iterations: 3408
real_time_factor: 0.99995100240088231
step_size {
  nsec: 4000000
}

sim_time {
  sec: 13
  nsec: 732000000
}
real_time {
  sec: 15
  nsec: 789965396
}
iterations: 3433
real_time_factor: 0.99903293611783794
step_size {
  nsec: 4000000
}

sim_time {
  sec: 13
  nsec: 836000000
}
real_time {
  sec: 15
  nsec: 893959596
}
iterations: 3459
real_time_factor: 0.99989776045399359
step_size {
  nsec: 4000000
}

sim_time {
  sec: 13
  nsec: 940000000
}
real_time {
  sec: 15
  nsec: 997959256
}
iterations: 3485
real_time_factor: 0.99999050009024915
step_size {
  nsec: 4000000
}

sim_time {
  sec: 14
  nsec: 40000000
}
real_time {
  sec: 16
  nsec: 97959528
}
iterations: 3510
real_time_factor: 1.00005750330644
step_size {
  nsec: 4000000
}

sim_time {
  sec: 14
  nsec: 144000000
}
real_time {
  sec: 16
  nsec: 201959680
}
iterations: 3536
real_time_factor: 1.0000505025503788
step_size {
  nsec: 4000000
}

sim_time {
  sec: 14
  nsec: 244000000
}
real_time {
  sec: 16
  nsec: 301961330
}
iterations: 3561
real_time_factor: 1.001286152062324
step_size {
  nsec: 4000000
}

sim_time {
  sec: 14
  nsec: 344000000
}
real_time {
  sec: 16
  nsec: 402373090
}
iterations: 3586
real_time_factor: 0.90653283824553266
step_size {
  nsec: 4000000
}

sim_time {
  sec: 14
  nsec: 448000000
}
real_time {
  sec: 16
  nsec: 505959837
}
iterations: 3612
real_time_factor: 1.00005750330644
step_size {
  nsec: 4000000
}

sim_time {
  sec: 14
  nsec: 548000000
}
real_time {
  sec: 16
  nsec: 605959811
}
iterations: 3637
real_time_factor: 1.0000922585108476
step_size {
  nsec: 4000000
}

sim_time {
  sec: 14
  nsec: 648000000
}
real_time {
  sec: 16
  nsec: 705960212
}
iterations: 3662
real_time_factor: 1.00005750330644
step_size {
  nsec: 4000000
}

sim_time {
  sec: 14
  nsec: 748000000
}
real_time {
  sec: 16
  nsec: 805960419
}
iterations: 3687
real_time_factor: 1.0000180003240058
step_size {
  nsec: 4000000
}

sim_time {
  sec: 14
  nsec: 852000000
}
real_time {
  sec: 16
  nsec: 909959533
}
iterations: 3713
real_time_factor: 0.99999500002499986
step_size {
  nsec: 4000000
}

sim_time {
  sec: 14
  nsec: 952000000
}
real_time {
  sec: 17
  nsec: 9960241
}
iterations: 3738
real_time_factor: 0.99977030277293788
step_size {
  nsec: 4000000
}

sim_time {
  sec: 15
  nsec: 56000000
}
real_time {
  sec: 17
  nsec: 113960007
}
iterations: 3764
real_time_factor: 0.99993925369033831
step_size {
  nsec: 4000000
}

sim_time {
  sec: 15
  nsec: 156000000
}
real_time {
  sec: 17
  nsec: 213959647
}
iterations: 3789
real_time_factor: 1.001587767007649
step_size {
  nsec: 4000000
}

sim_time {
  sec: 15
  nsec: 260000000
}
real_time {
  sec: 17
  nsec: 317959521
}
iterations: 3815
real_time_factor: 0.99996500122495713
step_size {
  nsec: 4000000
}

sim_time {
  sec: 15
  nsec: 364000000
}
real_time {
  sec: 17
  nsec: 421959432
}
iterations: 3841
real_time_factor: 0.99996250140619725
step_size {
  nsec: 4000000
}

sim_time {
  sec: 15
  nsec: 464000000
}
real_time {
  sec: 17
  nsec: 521959998
}
iterations: 3866
real_time_factor: 0.99997900044099075
step_size {
  nsec: 4000000
}

sim_time {
  sec: 15
  nsec: 568000000
}
real_time {
  sec: 17
  nsec: 625959243
}
iterations: 3892
real_time_factor: 1.0001175138078724
step_size {
  nsec: 4000000
}

sim_time {
  sec: 15
  nsec: 668000000
}
real_time {
  sec: 17
  nsec: 725965578
}
iterations: 3917
real_time_factor: 0.999895510919109
step_size {
  nsec: 4000000
}

sim_time {
  sec: 15
  nsec: 772000000
}
real_time {
  sec: 17
  nsec: 829961303
}
iterations: 3943
real_time_factor: 0.99971957865818639
step_size {
  nsec: 4000000
}

sim_time {
  sec: 15
  nsec: 872000000
}
real_time {
  sec: 17
  nsec: 929962722
}
iterations: 3968
real_time_factor: 0.999277771990294
step_size {
  nsec: 4000000
}

sim_time {
  sec: 15
  nsec: 976000000
}
real_time {
  sec: 18
  nsec: 33960641
}
iterations: 3994
real_time_factor: 1.000351623595694
step_size {
  nsec: 4000000
}

sim_time {
  sec: 16
  nsec: 80000000
}
real_time {
  sec: 18
  nsec: 137959560
}
iterations: 4020
real_time_factor: 0.99994400313582443
step_size {
  nsec: 4000000
}

sim_time {
  sec: 16
  nsec: 184000000
}
real_time {
  sec: 18
  nsec: 241960341
}
iterations: 4046
real_time_factor: 0.99982378105858838
step_size {
  nsec: 4000000
}

sim_time {
  sec: 16
  nsec: 288000000
}
real_time {
  sec: 18
  nsec: 345959769
}
iterations: 4072
real_time_factor: 1.0000760057764391
step_size {
  nsec: 4000000
}

sim_time {
  sec: 16
  nsec: 388000000
}
real_time {
  sec: 18
  nsec: 446456268
}
iterations: 4097
real_time_factor: 0.89009585887352138
step_size {
  nsec: 4000000
}

sim_time {
  sec: 16
  nsec: 492000000
}
real_time {
  sec: 18
  nsec: 549961245
}
iterations: 4123
real_time_factor: 0.99977030277293788
step_size {
  nsec: 4000000
}

sim_time {
  sec: 16
  nsec: 596000000
}
real_time {
  sec: 18
  nsec: 653959868
}
iterations: 4149
real_time_factor: 1.0001802824959198
step_size {
  nsec: 4000000
}

sim_time {
  sec: 16
  nsec: 700000000
}
real_time {
  sec: 18
  nsec: 757960889
}
iterations: 4175
real_time_factor: 0.999830778640715
step_size {
  nsec: 4000000
}

sim_time {
  sec: 16
  nsec: 804000000
}
real_time {
  sec: 18
  nsec: 861959993
}
iterations: 4201
real_time_factor: 0.999888512430864
step_size {
  nsec: 4000000
}

sim_time {
  sec: 16
  nsec: 908000000
}
real_time {
  sec: 18
  nsec: 965959885
}
iterations: 4227
real_time_factor: 0.99999250005624962
step_size {
  nsec: 4000000
}

sim_time {
  sec: 17
  nsec: 12000000
}
real_time {
  sec: 19
  nsec: 69959664
}
iterations: 4253
real_time_factor: 1.0000967593614682
step_size {
  nsec: 4000000
}

sim_time {
  sec: 17
  nsec: 116000000
}
real_time {
  sec: 19
  nsec: 173959379
}
iterations: 4279
real_time_factor: 1.0000042500180626
step_size {
  nsec: 4000000
}

sim_time {
  sec: 17
  nsec: 220000000
}
real_time {
  sec: 19
  nsec: 277959584
}
iterations: 4305
real_time_factor: 0.99998575020305958
step_size {
  nsec: 4000000
}

sim_time {
  sec: 17
  nsec: 320000000
}
real_time {
  sec: 19
  nsec: 377962326
}
iterations: 4330
real_time_factor: 0.99947652417046573
step_size {
  nsec: 4000000
}

sim_time {
  sec: 17
  nsec: 420000000
}
real_time {
  sec: 19
  nsec: 477963512
}
iterations: 4355
real_time_factor: 0.99940735144059578
step_size {
  nsec: 4000000
}

sim_time {
  sec: 17
  nsec: 524000000
}
real_time {
  sec: 19
  nsec: 581959411
}
iterations: 4381
real_time_factor: 1.0003283577834423
step_size {
  nsec: 4000000
}

sim_time {
  sec: 17
  nsec: 624000000
}
real_time {
  sec: 19
  nsec: 681960903
}
iterations: 4406
real_time_factor: 0.99988151404058623
step_size {
  nsec: 4000000
}

sim_time {
  sec: 17
  nsec: 728000000
}
real_time {
  sec: 19
  nsec: 785960024
}
iterations: 4432
real_time_factor: 1.0000367513506121
step_size {
  nsec: 4000000
}

sim_time {
  sec: 17
  nsec: 828000000
}
real_time {
  sec: 19
  nsec: 885960544
}
iterations: 4457
real_time_factor: 0.99996475124251871
step_size {
  nsec: 4000000
}

sim_time {
  sec: 17
  nsec: 932000000
}
real_time {
  sec: 19
  nsec: 989959360
}
iterations: 4483
real_time_factor: 1.0001200144017282
step_size {
  nsec: 4000000
}

sim_time {
  sec: 18
  nsec: 32000000
}
real_time {
  sec: 20
  nsec: 89960249
}
iterations: 4508
real_time_factor: 0.99981203533735663
step_size {
  nsec: 4000000
}

sim_time {
  sec: 18
  nsec: 136000000
}
real_time {
  sec: 20
  nsec: 193960499
}
iterations: 4534
real_time_factor: 0.99988626293759086
step_size {
  nsec: 4000000
}

sim_time {
  sec: 18
  nsec: 240000000
}
real_time {
  sec: 20
  nsec: 297960482
}
iterations: 4560
real_time_factor: 0.99996475124251871
step_size {
  nsec: 4000000
}

sim_time {
  sec: 18
  nsec: 340000000
}
real_time {
  sec: 20
  nsec: 397960630
}
iterations: 4585
real_time_factor: 0.999888512430864
step_size {
  nsec: 4000000
}

sim_time {
  sec: 18
  nsec: 440000000
}
real_time {
  sec: 20
  nsec: 497960991
}
iterations: 4610
real_time_factor: 1.000940133019939
step_size {
  nsec: 4000000
}

sim_time {
  sec: 18
  nsec: 544000000
}
real_time {
  sec: 20
  nsec: 601959899
}
iterations: 4636
real_time_factor: 1.0000415017223214
step_size {
  nsec: 4000000
}

sim_time {
  sec: 18
  nsec: 644000000
}
real_time {
  sec: 20
  nsec: 701960307
}
iterations: 4661
real_time_factor: 1.0000735054026471
step_size {
  nsec: 4000000
}

sim_time {
  sec: 18
  nsec: 748000000
}
real_time {
  sec: 20
  nsec: 805959974
}
iterations: 4687
real_time_factor: 1.0000435018923324
step_size {
  nsec: 4000000
}

sim_time {
  sec: 18
  nsec: 848000000
}
real_time {
  sec: 20
  nsec: 905962325
}
iterations: 4712
real_time_factor: 0.99960390695187029
step_size {
  nsec: 4000000
}

sim_time {
  sec: 18
  nsec: 952000000
}
real_time {
  sec: 21
  nsec: 9960048
}
iterations: 4738
real_time_factor: 1.0001200144017282
step_size {
  nsec: 4000000
}

sim_time {
  sec: 19
  nsec: 52000000
}
real_time {
  sec: 21
  nsec: 109960305
}
iterations: 4763
real_time_factor: 1.0000205004202587
step_size {
  nsec: 4000000
}

sim_time {
  sec: 19
  nsec: 156000000
}
real_time {
  sec: 21
  nsec: 213960182
}
iterations: 4789
real_time_factor: 0.99996250140619725
step_size {
  nsec: 4000000
}

sim_time {
  sec: 19
  nsec: 260000000
}
real_time {
  sec: 21
  nsec: 317960122
}
iterations: 4815
real_time_factor: 0.99987701512713933
step_size {
  nsec: 4000000
}

sim_time {
  sec: 19
  nsec: 364000000
}
real_time {
  sec: 21
  nsec: 421960766
}
iterations: 4841
real_time_factor: 0.99970808523911014
step_size {
  nsec: 4000000
}

sim_time {
  sec: 19
  nsec: 468000000
}
real_time {
  sec: 21
  nsec: 525959293
}
iterations: 4867
real_time_factor: 1.0001777816006796
step_size {
  nsec: 4000000
}

sim_time {
  sec: 19
  nsec: 568000000
}
real_time {
  sec: 21
  nsec: 625960060
}
iterations: 4892
real_time_factor: 0.99998575020305958
step_size {
  nsec: 4000000
}

sim_time {
  sec: 19
  nsec: 672000000
}
real_time {
  sec: 21
  nsec: 729964403
}
iterations: 4918
real_time_factor: 0.99875804437182358
step_size {
  nsec: 4000000
}

sim_time {
  sec: 19
  nsec: 776000000
}
real_time {
  sec: 21
  nsec: 833960274
}
iterations: 4944
real_time_factor: 1.00005750330644
step_size {
  nsec: 4000000
}

sim_time {
  sec: 19
  nsec: 880000000
}
real_time {
  sec: 21
  nsec: 937960204
}
iterations: 4970
real_time_factor: 0.99994175339286484
step_size {
  nsec: 4000000
}

sim_time {
  sec: 19
  nsec: 984000000
}
real_time {
  sec: 22
  nsec: 41960533
}
iterations: 4996
real_time_factor: 0.99998575020305958
step_size {
  nsec: 4000000
}

sim_time {
  sec: 20
  nsec: 84000000
}
real_time {
  sec: 22
  nsec: 141962459
}
iterations: 5021
real_time_factor: 0.99957143374778068
step_size {
  nsec: 4000000
}

sim_time {
  sec: 20
  nsec: 188000000
}
real_time {
  sec: 22
  nsec: 245960560
}
iterations: 5047
real_time_factor: 1.000161776167295
step_size {
  nsec: 4000000
}

sim_time {
  sec: 20
  nsec: 288000000
}
real_time {
  sec: 22
  nsec: 345960725
}
iterations: 5072
real_time_factor: 1.000933370367868
step_size {
  nsec: 4000000
}

sim_time {
  sec: 20
  nsec: 392000000
}
real_time {
  sec: 22
  nsec: 449959650
}
iterations: 5098
real_time_factor: 1.000085507310875
step_size {
  nsec: 4000000
}

sim_time {
  sec: 20
  nsec: 496000000
}
real_time {
  sec: 22
  nsec: 553959400
}
iterations: 5124
real_time_factor: 0.9998932613943462
step_size {
  nsec: 4000000
}

sim_time {
  sec: 20
  nsec: 596000000
}
real_time {
  sec: 22
  nsec: 653959991
}
iterations: 5149
real_time_factor: 1.0000297508850888
step_size {
  nsec: 4000000
}

sim_time {
  sec: 20
  nsec: 696000000
}
real_time {
  sec: 22
  nsec: 753960878
}
iterations: 5174
real_time_factor: 0.99977530050121233
step_size {
  nsec: 4000000
}

sim_time {
  sec: 20
  nsec: 800000000
}
real_time {
  sec: 22
  nsec: 857961943
}
iterations: 5200
real_time_factor: 0.99967110820540039
step_size {
  nsec: 4000000
}

sim_time {
  sec: 20
  nsec: 904000000
}
real_time {
  sec: 22
  nsec: 961962915
}
iterations: 5226
real_time_factor: 0.9993032358188253
step_size {
  nsec: 4000000
}

sim_time {
  sec: 21
  nsec: 8000000
}
real_time {
  sec: 23
  nsec: 65960228
}
iterations: 5252
real_time_factor: 0.99976580486021149
step_size {
  nsec: 4000000
}

sim_time {
  sec: 21
  nsec: 112000000
}
real_time {
  sec: 23
  nsec: 169961135
}
iterations: 5278
real_time_factor: 0.99967085836988168
step_size {
  nsec: 4000000
}

sim_time {
  sec: 21
  nsec: 212000000
}
real_time {
  sec: 23
  nsec: 269962234
}
iterations: 5303
real_time_factor: 0.99961789605923135
step_size {
  nsec: 4000000
}

sim_time {
  sec: 21
  nsec: 312000000
}
real_time {
  sec: 23
  nsec: 369962268
}
iterations: 5328
real_time_factor: 0.99974306603202978
step_size {
  nsec: 4000000
}

sim_time {
  sec: 21
  nsec: 416000000
}
real_time {
  sec: 23
  nsec: 473960564
}
iterations: 5354
real_time_factor: 0.9998445241764905
step_size {
  nsec: 4000000
}

sim_time {
  sec: 21
  nsec: 520000000
}
real_time {
  sec: 23
  nsec: 577959971
}
iterations: 5380
real_time_factor: 1.0001477718332883
step_size {
  nsec: 4000000
}

sim_time {
  sec: 21
  nsec: 620000000
}
real_time {
  sec: 23
  nsec: 677961746
}
iterations: 5405
real_time_factor: 0.99982603027073291
step_size {
  nsec: 4000000
}

sim_time {
  sec: 21
  nsec: 724000000
}
real_time {
  sec: 23
  nsec: 781959968
}
iterations: 5431
real_time_factor: 1.0001082617193311
step_size {
  nsec: 4000000
}

sim_time {
  sec: 21
  nsec: 824000000
}
real_time {
  sec: 23
  nsec: 881961103
}
iterations: 5456
real_time_factor: 1.0001455211733308
step_size {
  nsec: 4000000
}

sim_time {
  sec: 21
  nsec: 924000000
}
real_time {
  sec: 23
  nsec: 981960369
}
iterations: 5481
real_time_factor: 0.99996250140619725
step_size {
  nsec: 4000000
}

sim_time {
  sec: 22
  nsec: 28000000
}
real_time {
  sec: 24
  nsec: 85960312
}
iterations: 5507
real_time_factor: 1.0000715051126154
step_size {
  nsec: 4000000
}

sim_time {
  sec: 22
  nsec: 128000000
}
real_time {
  sec: 24
  nsec: 185960808
}
iterations: 5532
real_time_factor: 0.99983302788434336
step_size {
  nsec: 4000000
}

sim_time {
  sec: 22
  nsec: 232000000
}
real_time {
  sec: 24
  nsec: 289960075
}
iterations: 5558
real_time_factor: 1.000129516772422
step_size {
  nsec: 4000000
}

sim_time {
  sec: 22
  nsec: 336000000
}
real_time {
  sec: 24
  nsec: 393963250
}
iterations: 5584
real_time_factor: 0.99913449973960056
step_size {
  nsec: 4000000
}

sim_time {
  sec: 22
  nsec: 440000000
}
real_time {
  sec: 24
  nsec: 497960146
}
iterations: 5610
real_time_factor: 1.0000552530527311
step_size {
  nsec: 4000000
}

sim_time {
  sec: 22
  nsec: 540000000
}
real_time {
  sec: 24
  nsec: 597961116
}
iterations: 5635
real_time_factor: 1.0010423353316642
step_size {
  nsec: 4000000
}

sim_time {
  sec: 22
  nsec: 640000000
}
real_time {
  sec: 24
  nsec: 697961056
}
iterations: 5660
real_time_factor: 0.99975006248437892
step_size {
  nsec: 4000000
}

sim_time {
  sec: 22
  nsec: 744000000
}
real_time {
  sec: 24
  nsec: 801959620
}
iterations: 5686
real_time_factor: 0.99993950366002859
step_size {
  nsec: 4000000
}

sim_time {
  sec: 22
  nsec: 844000000
}
real_time {
  sec: 24
  nsec: 901959811
}
iterations: 5711
real_time_factor: 0.99993725393731547
step_size {
  nsec: 4000000
}

sim_time {
  sec: 22
  nsec: 948000000
}
real_time {
  sec: 25
  nsec: 5959540
}
iterations: 5737
real_time_factor: 1.0000735054026471
step_size {
  nsec: 4000000
}

sim_time {
  sec: 23
  nsec: 52000000
}
real_time {
  sec: 25
  nsec: 109959352
}
iterations: 5763
real_time_factor: 1.0000437519141463
step_size {
  nsec: 4000000
}

sim_time {
  sec: 23
  nsec: 152000000
}
real_time {
  sec: 25
  nsec: 209960293
}
iterations: 5788
real_time_factor: 0.99997875045155293
step_size {
  nsec: 4000000
}

sim_time {
  sec: 23
  nsec: 256000000
}
real_time {
  sec: 25
  nsec: 313959614
}
iterations: 5814
real_time_factor: 1.0000067500455627
step_size {
  nsec: 4000000
}

sim_time {
  sec: 23
  nsec: 360000000
}
real_time {
  sec: 25
  nsec: 417959565
}
iterations: 5840
real_time_factor: 1.0000762558145058
step_size {
  nsec: 4000000
}

sim_time {
  sec: 23
  nsec: 460000000
}
real_time {
  sec: 25
  nsec: 517962201
}
iterations: 5865
real_time_factor: 0.99953221892154476
step_size {
  nsec: 4000000
}

sim_time {
  sec: 23
  nsec: 564000000
}
real_time {
  sec: 25
  nsec: 621960291
}
iterations: 5891
real_time_factor: 1.0002450600397097
step_size {
  nsec: 4000000
}

sim_time {
  sec: 23
  nsec: 668000000
}
real_time {
  sec: 25
  nsec: 725960011
}
iterations: 5917
real_time_factor: 0.99998350027224547
step_size {
  nsec: 4000000
}

sim_time {
  sec: 23
  nsec: 768000000
}
real_time {
  sec: 25
  nsec: 825961480
}
iterations: 5942
real_time_factor: 0.99961539797562893
step_size {
  nsec: 4000000
}

sim_time {
  sec: 23
  nsec: 872000000
}
real_time {
  sec: 25
  nsec: 929959431
}
iterations: 5968
real_time_factor: 1.0001082617193311
step_size {
  nsec: 4000000
}

sim_time {
  sec: 23
  nsec: 972000000
}
real_time {
  sec: 26
  nsec: 29959926
}
iterations: 5993
real_time_factor: 1.0001432705235025
step_size {
  nsec: 4000000
}

sim_time {
  sec: 24
  nsec: 76000000
}
real_time {
  sec: 26
  nsec: 133960016
}
iterations: 6019
real_time_factor: 0.99996700108896408
step_size {
  nsec: 4000000
}

sim_time {
  sec: 24
  nsec: 180000000
}
real_time {
  sec: 26
  nsec: 237959624
}
iterations: 6045
real_time_factor: 1.0000230005290123
step_size {
  nsec: 4000000
}

sim_time {
  sec: 24
  nsec: 284000000
}
real_time {
  sec: 26
  nsec: 341960209
}
iterations: 6071
real_time_factor: 1.0011583401996109
step_size {
  nsec: 4000000
}

sim_time {
  sec: 24
  nsec: 388000000
}
real_time {
  sec: 26
  nsec: 445960038
}
iterations: 6097
real_time_factor: 0.99998375026405817
step_size {
  nsec: 4000000
}

sim_time {
  sec: 24
  nsec: 488000000
}
real_time {
  sec: 26
  nsec: 545961164
}
iterations: 6122
real_time_factor: 1.0001870349755404
step_size {
  nsec: 4000000
}

sim_time {
  sec: 24
  nsec: 592000000
}
real_time {
  sec: 26
  nsec: 649960226
}
iterations: 6148
real_time_factor: 0.99998125035155594
step_size {
  nsec: 4000000
}

sim_time {
  sec: 24
  nsec: 692000000
}
real_time {
  sec: 26
  nsec: 749960814
}
iterations: 6173
real_time_factor: 1.000002000004
step_size {
  nsec: 4000000
}

sim_time {
  sec: 24
  nsec: 796000000
}
real_time {
  sec: 26
  nsec: 853961190
}
iterations: 6199
real_time_factor: 0.99987701512713933
step_size {
  nsec: 4000000
}

sim_time {
  sec: 24
  nsec: 900000000
}
real_time {
  sec: 26
  nsec: 957959576
}
iterations: 6225
real_time_factor: 1.0000715051126154
step_size {
  nsec: 4000000
}

sim_time {
  sec: 25
}
real_time {
  sec: 27
  nsec: 57959987
}
iterations: 6250
real_time_factor: 1.0000622538753037
step_size {
  nsec: 4000000
}

sim_time {
  sec: 25
  nsec: 100000000
}
real_time {
  sec: 27
  nsec: 157960121
}
iterations: 6275
real_time_factor: 0.99984927272213708
step_size {
  nsec: 4000000
}

sim_time {
  sec: 25
  nsec: 204000000
}
real_time {
  sec: 27
  nsec: 261959469
}
iterations: 6301
real_time_factor: 1.0000715051126154
step_size {
  nsec: 4000000
}

sim_time {
  sec: 25
  nsec: 304000000
}
real_time {
  sec: 27
  nsec: 361960566
}
iterations: 6326
real_time_factor: 1.0000457520931583
step_size {
  nsec: 4000000
}

sim_time {
  sec: 25
  nsec: 404000000
}
real_time {
  sec: 27
  nsec: 461960727
}
iterations: 6351
real_time_factor: 1.0004234292164158
step_size {
  nsec: 4000000
}

sim_time {
  sec: 25
  nsec: 508000000
}
real_time {
  sec: 27
  nsec: 565959492
}
iterations: 6377
real_time_factor: 1.0000135001822525
step_size {
  nsec: 4000000
}

sim_time {
  sec: 25
  nsec: 608000000
}
real_time {
  sec: 27
  nsec: 665960144
}
iterations: 6402
real_time_factor: 1.0000507525756932
step_size {
  nsec: 4000000
}

sim_time {
  sec: 25
  nsec: 712000000
}
real_time {
  sec: 27
  nsec: 769959770
}
iterations: 6428
real_time_factor: 1.0001340179584064
step_size {
  nsec: 4000000
}

sim_time {
  sec: 25
  nsec: 816000000
}
real_time {
  sec: 27
  nsec: 873960767
}
iterations: 6454
real_time_factor: 0.99967085836988168
step_size {
  nsec: 4000000
}

sim_time {
  sec: 25
  nsec: 920000000
}
real_time {
  sec: 27
  nsec: 977959919
}
iterations: 6480
real_time_factor: 1.0000947589784133
step_size {
  nsec: 4000000
}

sim_time {
  sec: 26
  nsec: 24000000
}
real_time {
  sec: 28
  nsec: 81960378
}
iterations: 6506
real_time_factor: 0.99981428449665477
step_size {
  nsec: 4000000
}

sim_time {
  sec: 26
  nsec: 124000000
}
real_time {
  sec: 28
  nsec: 181960399
}
iterations: 6531
real_time_factor: 1.0002358055911682
step_size {
  nsec: 4000000
}

sim_time {
  sec: 26
  nsec: 228000000
}
real_time {
  sec: 28
  nsec: 285960098
}
iterations: 6557
real_time_factor: 1.0000255006502665
step_size {
  nsec: 4000000
}

sim_time {
  sec: 26
  nsec: 328000000
}
real_time {
  sec: 28
  nsec: 385960241
}
iterations: 6582
real_time_factor: 1.0000760057764391
step_size {
  nsec: 4000000
}

sim_time {
  sec: 26
  nsec: 432000000
}
real_time {
  sec: 28
  nsec: 489960876
}
iterations: 6608
real_time_factor: 0.99958067590645727
step_size {
  nsec: 4000000
}

sim_time {
  sec: 26
  nsec: 536000000
}
real_time {
  sec: 28
  nsec: 593959834
}
iterations: 6634
real_time_factor: 0.99999725000756245
step_size {
  nsec: 4000000
}

sim_time {
  sec: 26
  nsec: 640000000
}
real_time {
  sec: 28
  nsec: 697959977
}
iterations: 6660
real_time_factor: 0.99971283248886755
step_size {
  nsec: 4000000
}

sim_time {
  sec: 26
  nsec: 744000000
}
real_time {
  sec: 28
  nsec: 801959445
}
iterations: 6686
real_time_factor: 0.999976500552237
step_size {
  nsec: 4000000
}

sim_time {
  sec: 26
  nsec: 844000000
}
real_time {
  sec: 28
  nsec: 901960772
}
iterations: 6711
real_time_factor: 0.99985876994874479
step_size {
  nsec: 4000000
}

sim_time {
  sec: 26
  nsec: 948000000
}
real_time {
  sec: 29
  nsec: 5961138
}
iterations: 6737
real_time_factor: 1.0000390015210594
step_size {
  nsec: 4000000
}

sim_time {
  sec: 27
  nsec: 52000000
}
real_time {
  sec: 29
  nsec: 109959188
}
iterations: 6763
real_time_factor: 1.00038865099091
step_size {
  nsec: 4000000
}

sim_time {
  sec: 27
  nsec: 152000000
}
real_time {
  sec: 29
  nsec: 209959570
}
iterations: 6788
real_time_factor: 0.9999165069716679
step_size {
  nsec: 4000000
}

sim_time {
  sec: 27
  nsec: 252000000
}
real_time {
  sec: 29
  nsec: 309959499
}
iterations: 6813
real_time_factor: 1.0000552530527311
step_size {
  nsec: 4000000
}

sim_time {
  sec: 27
  nsec: 352000000
}
real_time {
  sec: 29
  nsec: 409959992
}
iterations: 6838
real_time_factor: 0.99980528792017753
step_size {
  nsec: 4000000
}

sim_time {
  sec: 27
  nsec: 452000000
}
real_time {
  sec: 29
  nsec: 509961856
}
iterations: 6863
real_time_factor: 0.99976130698795662
step_size {
  nsec: 4000000
}

sim_time {
  sec: 27
  nsec: 556000000
}
real_time {
  sec: 29
  nsec: 613960101
}
iterations: 6889
real_time_factor: 0.99998350027224547
step_size {
  nsec: 4000000
}

sim_time {
  sec: 27
  nsec: 660000000
}
real_time {
  sec: 29
  nsec: 717965910
}
iterations: 6915
real_time_factor: 0.99849975411943559
step_size {
  nsec: 4000000
}

sim_time {
  sec: 27
  nsec: 764000000
}
real_time {
  sec: 29
  nsec: 821961202
}
iterations: 6941
real_time_factor: 0.99995775178498714
step_size {
  nsec: 4000000
}

sim_time {
  sec: 27
  nsec: 868000000
}
real_time {
  sec: 29
  nsec: 925959048
}
iterations: 6967
real_time_factor: 1.0000230005290123
step_size {
  nsec: 4000000
}

sim_time {
  sec: 27
  nsec: 968000000
}
real_time {
  sec: 30
  nsec: 25961531
}
iterations: 6992
real_time_factor: 0.999611151262159
step_size {
  nsec: 4000000
}

sim_time {
  sec: 28
  nsec: 72000000
}
real_time {
  sec: 30
  nsec: 129960026
}
iterations: 7018
real_time_factor: 1.0003236046861159
step_size {
  nsec: 4000000
}

sim_time {
  sec: 28
  nsec: 176000000
}
real_time {
  sec: 30
  nsec: 233959778
}
iterations: 7044
real_time_factor: 1.0001480219072423
step_size {
  nsec: 4000000
}

sim_time {
  sec: 28
  nsec: 280000000
}
real_time {
  sec: 30
  nsec: 337960199
}
iterations: 7070
real_time_factor: 0.99983277796788483
step_size {
  nsec: 4000000
}

sim_time {
  sec: 28
  nsec: 380000000
}
real_time {
  sec: 30
  nsec: 437968191
}
iterations: 7095
real_time_factor: 0.99975680915617271
step_size {
  nsec: 4000000
}

sim_time {
  sec: 28
  nsec: 484000000
}
real_time {
  sec: 30
  nsec: 541960038
}
iterations: 7121
real_time_factor: 0.99998325028055779
step_size {
  nsec: 4000000
}

sim_time {
  sec: 28
  nsec: 588000000
}
real_time {
  sec: 30
  nsec: 645959643
}
iterations: 7147
real_time_factor: 1.000002000004
step_size {
  nsec: 4000000
}

sim_time {
  sec: 28
  nsec: 692000000
}
real_time {
  sec: 30
  nsec: 749959396
}
iterations: 7173
real_time_factor: 0.99997425066304546
step_size {
  nsec: 4000000
}

sim_time {
  sec: 28
  nsec: 792000000
}
real_time {
  sec: 30
  nsec: 849960351
}
iterations: 7198
real_time_factor: 0.99980103959312094
step_size {
  nsec: 4000000
}

sim_time {
  sec: 28
  nsec: 892000000
}
real_time {
  sec: 30
  nsec: 949960678
}
iterations: 7223
real_time_factor: 1.0189395386751239
step_size {
  nsec: 4000000
}

sim_time {
  sec: 28
  nsec: 996000000
}
real_time {
  sec: 31
  nsec: 53960245
}
iterations: 7249
real_time_factor: 0.99995575195797581
step_size {
  nsec: 4000000
}

sim_time {
  sec: 29
  nsec: 96000000
}
real_time {
  sec: 31
  nsec: 153961172
}
iterations: 7274
real_time_factor: 0.99984027551598631
step_size {
  nsec: 4000000
}

sim_time {
  sec: 29
  nsec: 200000000
}
real_time {
  sec: 31
  nsec: 257960665
}
iterations: 7300
real_time_factor: 0.99990975814432748
step_size {
  nsec: 4000000
}

sim_time {
  sec: 29
  nsec: 304000000
}
real_time {
  sec: 31
  nsec: 361959992
}
iterations: 7326
real_time_factor: 0.999814534403868
step_size {
  nsec: 4000000
}

sim_time {
  sec: 29
  nsec: 404000000
}
real_time {
  sec: 31
  nsec: 461960604
}
iterations: 7351
real_time_factor: 0.999900509899265
step_size {
  nsec: 4000000
}

sim_time {
  sec: 29
  nsec: 508000000
}
real_time {
  sec: 31
  nsec: 565959824
}
iterations: 7377
real_time_factor: 1.0000252506375786
step_size {
  nsec: 4000000
}

sim_time {
  sec: 29
  nsec: 608000000
}
real_time {
  sec: 31
  nsec: 665959771
}
iterations: 7402
real_time_factor: 1.0003656336390951
step_size {
  nsec: 4000000
}

sim_time {
  sec: 29
  nsec: 708000000
}
real_time {
  sec: 31
  nsec: 765964013
}
iterations: 7427
real_time_factor: 0.99885057270346145
step_size {
  nsec: 4000000
}

sim_time {
  sec: 29
  nsec: 812000000
}
real_time {
  sec: 31
  nsec: 869965414
}
iterations: 7453
real_time_factor: 0.99934043531269368
step_size {
  nsec: 4000000
}

sim_time {
  sec: 29
  nsec: 916000000
}
real_time {
  sec: 31
  nsec: 973961250
}
iterations: 7479
real_time_factor: 1.0003283577834423
step_size {
  nsec: 4000000
}

sim_time {
  sec: 30
  nsec: 20000000
}
real_time {
  sec: 32
  nsec: 77960446
}
iterations: 7505
real_time_factor: 1.000094508931094
step_size {
  nsec: 4000000
}

sim_time {
  sec: 30
  nsec: 124000000
}
real_time {
  sec: 32
  nsec: 181959512
}
iterations: 7531
real_time_factor: 1.0000135001822525
step_size {
  nsec: 4000000
}

sim_time {
  sec: 30
  nsec: 228000000
}
real_time {
  sec: 32
  nsec: 285959060
}
iterations: 7557
real_time_factor: 1.00000450002025
step_size {
  nsec: 4000000
}

sim_time {
  sec: 30
  nsec: 328000000
}
real_time {
  sec: 32
  nsec: 385959710
}
iterations: 7582
real_time_factor: 0.99996950093022163
step_size {
  nsec: 4000000
}

sim_time {
  sec: 30
  nsec: 432000000
}
real_time {
  sec: 32
  nsec: 489961424
}
iterations: 7608
real_time_factor: 0.9995764294880044
step_size {
  nsec: 4000000
}

sim_time {
  sec: 30
  nsec: 536000000
}
real_time {
  sec: 32
  nsec: 593961222
}
iterations: 7634
real_time_factor: 1.0000902581457976
step_size {
  nsec: 4000000
}

sim_time {
  sec: 30
  nsec: 636000000
}
real_time {
  sec: 32
  nsec: 693961186
}
iterations: 7659
real_time_factor: 1.0001177638666954
step_size {
  nsec: 4000000
}

sim_time {
  sec: 30
  nsec: 736000000
}
real_time {
  sec: 32
  nsec: 793962252
}
iterations: 7684
real_time_factor: 0.999689596380324
step_size {
  nsec: 4000000
}

sim_time {
  sec: 30
  nsec: 836000000
}
real_time {
  sec: 32
  nsec: 893962835
}
iterations: 7709
real_time_factor: 0.999627388890791
step_size {
  nsec: 4000000
}

sim_time {
  sec: 30
  nsec: 940000000
}
real_time {
  sec: 32
  nsec: 997961254
}
iterations: 7735
real_time_factor: 0.99968934653556407
step_size {
  nsec: 4000000
}

sim_time {
  sec: 31
  nsec: 44000000
}
real_time {
  sec: 33
  nsec: 101960635
}
iterations: 7761
real_time_factor: 1.0001015103032957
step_size {
  nsec: 4000000
}

sim_time {
  sec: 31
  nsec: 144000000
}
real_time {
  sec: 33
  nsec: 201960847
}
iterations: 7786
real_time_factor: 1.000106261290262
step_size {
  nsec: 4000000
}

sim_time {
  sec: 31
  nsec: 248000000
}
real_time {
  sec: 33
  nsec: 305959978
}
iterations: 7812
real_time_factor: 0.99985152204897576
step_size {
  nsec: 4000000
}

sim_time {
  sec: 31
  nsec: 348000000
}
real_time {
  sec: 33
  nsec: 405964275
}
iterations: 7837
real_time_factor: 0.99930123860890274
step_size {
  nsec: 4000000
}

sim_time {
  sec: 31
  nsec: 448000000
}
real_time {
  sec: 33
  nsec: 505966182
}
iterations: 7862
real_time_factor: 0.9991761792402164
step_size {
  nsec: 4000000
}

sim_time {
  sec: 31
  nsec: 548000000
}
real_time {
  sec: 33
  nsec: 605967460
}
iterations: 7887
real_time_factor: 0.99868872170839684
step_size {
  nsec: 4000000
}

sim_time {
  sec: 31
  nsec: 652000000
}
real_time {
  sec: 33
  nsec: 709959536
}
iterations: 7913
real_time_factor: 0.99996025157999968
step_size {
  nsec: 4000000
}

sim_time {
  sec: 31
  nsec: 752000000
}
real_time {
  sec: 33
  nsec: 809960035
}
iterations: 7938
real_time_factor: 1.0015880178022254
step_size {
  nsec: 4000000
}

sim_time {
  sec: 31
  nsec: 856000000
}
real_time {
  sec: 33
  nsec: 913960796
}
iterations: 7964
real_time_factor: 0.99981903275507134
step_size {
  nsec: 4000000
}

sim_time {
  sec: 31
  nsec: 960000000
}
real_time {
  sec: 34
  nsec: 17960528
}
iterations: 7990
real_time_factor: 0.99993925369033831
step_size {
  nsec: 4000000
}

sim_time {
  sec: 32
  nsec: 64000000
}
real_time {
  sec: 34
  nsec: 121961241
}
iterations: 8016
real_time_factor: 0.99968035220738172
step_size {
  nsec: 4000000
}

sim_time {
  sec: 32
  nsec: 168000000
}
real_time {
  sec: 34
  nsec: 225960602
}
iterations: 8042
real_time_factor: 1.0001155133417909
step_size {
  nsec: 4000000
}

sim_time {
  sec: 32
  nsec: 268000000
}
real_time {
  sec: 34
  nsec: 325968722
}
iterations: 8067
real_time_factor: 0.99807297061199085
step_size {
  nsec: 4000000
}

sim_time {
  sec: 32
  nsec: 372000000
}
real_time {
  sec: 34
  nsec: 429959899
}
iterations: 8093
real_time_factor: 1.000221799183969
step_size {
  nsec: 4000000
}

sim_time {
  sec: 32
  nsec: 472000000
}
real_time {
  sec: 34
  nsec: 529960454
}
iterations: 8118
real_time_factor: 1.0009934860348897
step_size {
  nsec: 4000000
}

sim_time {
  sec: 32
  nsec: 572000000
}
real_time {
  sec: 34
  nsec: 629961054
}
iterations: 8143
real_time_factor: 0.99954420784122444
step_size {
  nsec: 4000000
}

sim_time {
  sec: 32
  nsec: 672000000
}
real_time {
  sec: 34
  nsec: 729961831
}
iterations: 8168
real_time_factor: 0.99984952264684168
step_size {
  nsec: 4000000
}

sim_time {
  sec: 32
  nsec: 776000000
}
real_time {
  sec: 34
  nsec: 833960563
}
iterations: 8194
real_time_factor: 0.99983327780092668
step_size {
  nsec: 4000000
}

sim_time {
  sec: 32
  nsec: 880000000
}
real_time {
  sec: 34
  nsec: 937960221
}
iterations: 8220
real_time_factor: 0.99992600547559485
step_size {
  nsec: 4000000
}

sim_time {
  sec: 32
  nsec: 980000000
}
real_time {
  sec: 35
  nsec: 37964332
}
iterations: 8245
real_time_factor: 0.99961764625030924
step_size {
  nsec: 4000000
}

sim_time {
  sec: 33
  nsec: 84000000
}
real_time {
  sec: 35
  nsec: 141959702
}
iterations: 8271
real_time_factor: 1.0001592753646018
step_size {
  nsec: 4000000
}

sim_time {
  sec: 33
  nsec: 188000000
}
real_time {
  sec: 35
  nsec: 245963599
}
iterations: 8297
real_time_factor: 0.99901222666088907
step_size {
  nsec: 4000000
}

sim_time {
  sec: 33
  nsec: 288000000
}
real_time {
  sec: 35
  nsec: 345963931
}
iterations: 8322
real_time_factor: 1.0408080000666118
step_size {
  nsec: 4000000
}

sim_time {
  sec: 33
  nsec: 392000000
}
real_time {
  sec: 35
  nsec: 449960209
}
iterations: 8348
real_time_factor: 1.0001755308056564
step_size {
  nsec: 4000000
}

sim_time {
  sec: 33
  nsec: 492000000
}
real_time {
  sec: 35
  nsec: 549966041
}
iterations: 8373
real_time_factor: 0.99895908463381156
step_size {
  nsec: 4000000
}

sim_time {
  sec: 33
  nsec: 596000000
}
real_time {
  sec: 35
  nsec: 653960420
}
iterations: 8399
real_time_factor: 1.0004837338853336
step_size {
  nsec: 4000000
}

sim_time {
  sec: 33
  nsec: 700000000
}
real_time {
  sec: 35
  nsec: 757959819
}
iterations: 8425
real_time_factor: 1.0000387515016207
step_size {
  nsec: 4000000
}

sim_time {
  sec: 33
  nsec: 800000000
}
real_time {
  sec: 35
  nsec: 857960752
}
iterations: 8450
real_time_factor: 1.0014974891206077
step_size {
  nsec: 4000000
}

sim_time {
  sec: 33
  nsec: 904000000
}
real_time {
  sec: 35
  nsec: 961959381
}
iterations: 8476
real_time_factor: 1.0000645041605183
step_size {
  nsec: 4000000
}

sim_time {
  sec: 34
  nsec: 8000000
}
real_time {
  sec: 36
  nsec: 65959297
}
iterations: 8502
real_time_factor: 0.99999500002499986
step_size {
  nsec: 4000000
}

sim_time {
  sec: 34
  nsec: 108000000
}
real_time {
  sec: 36
  nsec: 165959989
}
iterations: 8527
real_time_factor: 1.0000947589784133
step_size {
  nsec: 4000000
}

sim_time {
  sec: 34
  nsec: 212000000
}
real_time {
  sec: 36
  nsec: 269962924
}
iterations: 8553
real_time_factor: 0.999229344368156
step_size {
  nsec: 4000000
}

sim_time {
  sec: 34
  nsec: 316000000
}
real_time {
  sec: 36
  nsec: 373959885
}
iterations: 8579
real_time_factor: 0.99987251625417761
step_size {
  nsec: 4000000
}

sim_time {
  sec: 34
  nsec: 420000000
}
real_time {
  sec: 36
  nsec: 477959700
}
iterations: 8605
real_time_factor: 1.000129266707722
step_size {
  nsec: 4000000
}

sim_time {
  sec: 34
  nsec: 520000000
}
real_time {
  sec: 36
  nsec: 577960800
}
iterations: 8630
real_time_factor: 1.0001175138078724
step_size {
  nsec: 4000000
}

sim_time {
  sec: 34
  nsec: 624000000
}
real_time {
  sec: 36
  nsec: 681959552
}
iterations: 8656
real_time_factor: 1.0000877577007383
step_size {
  nsec: 4000000
}

sim_time {
  sec: 34
  nsec: 728000000
}
real_time {
  sec: 36
  nsec: 785959700
}
iterations: 8682
real_time_factor: 1.0000300009000269
step_size {
  nsec: 4000000
}

sim_time {
  sec: 34
  nsec: 828000000
}
real_time {
  sec: 36
  nsec: 885960236
}
iterations: 8707
real_time_factor: 0.99990025994907006
step_size {
  nsec: 4000000
}

sim_time {
  sec: 34
  nsec: 928000000
}
real_time {
  sec: 36
  nsec: 985961946
}
iterations: 8732
real_time_factor: 0.9994308241456491
step_size {
  nsec: 4000000
}

sim_time {
  sec: 35
  nsec: 32000000
}
real_time {
  sec: 37
  nsec: 89960269
}
iterations: 8758
real_time_factor: 0.99993700396875
step_size {
  nsec: 4000000
}

sim_time {
  sec: 35
  nsec: 136000000
}
real_time {
  sec: 37
  nsec: 193959461
}
iterations: 8784
real_time_factor: 1.0000022500050625
step_size {
  nsec: 4000000
}

sim_time {
  sec: 35
  nsec: 236000000
}
real_time {
  sec: 37
  nsec: 293959700
}
iterations: 8809
real_time_factor: 0.999930004899657
step_size {
  nsec: 4000000
}

sim_time {
  sec: 35
  nsec: 336000000
}
real_time {
  sec: 37
  nsec: 393960262
}
iterations: 8834
real_time_factor: 1.0002588169688906
step_size {
  nsec: 4000000
}

sim_time {
  sec: 35
  nsec: 440000000
}
real_time {
  sec: 37
  nsec: 497960501
}
iterations: 8860
real_time_factor: 0.99980528792017753
step_size {
  nsec: 4000000
}

sim_time {
  sec: 35
  nsec: 544000000
}
real_time {
  sec: 37
  nsec: 601960656
}
iterations: 8886
real_time_factor: 1.0000740054764052
step_size {
  nsec: 4000000
}

sim_time {
  sec: 35
  nsec: 648000000
}
real_time {
  sec: 37
  nsec: 705960544
}
iterations: 8912
real_time_factor: 0.99984477409882111
step_size {
  nsec: 4000000
}

sim_time {
  sec: 35
  nsec: 752000000
}
real_time {
  sec: 37
  nsec: 809959403
}
iterations: 8938
real_time_factor: 1.00006675445586
step_size {
  nsec: 4000000
}

sim_time {
  sec: 35
  nsec: 852000000
}
real_time {
  sec: 37
  nsec: 909960234
}
iterations: 8963
real_time_factor: 0.99997675054054991
step_size {
  nsec: 4000000
}

sim_time {
  sec: 35
  nsec: 956000000
}
real_time {
  sec: 38
  nsec: 13959509
}
iterations: 8989
real_time_factor: 1.0001872850691291
step_size {
  nsec: 4000000
}

sim_time {
  sec: 36
  nsec: 56000000
}
real_time {
  sec: 38
  nsec: 113960395
}
iterations: 9014
real_time_factor: 0.99999275005256216
step_size {
  nsec: 4000000
}

sim_time {
  sec: 36
  nsec: 160000000
}
real_time {
  sec: 38
  nsec: 217959124
}
iterations: 9040
real_time_factor: 0.9999952500225624
step_size {
  nsec: 4000000
}

sim_time {
  sec: 36
  nsec: 260000000
}
real_time {
  sec: 38
  nsec: 317960537
}
iterations: 9065
real_time_factor: 0.99985177197480468
step_size {
  nsec: 4000000
}

sim_time {
  sec: 36
  nsec: 364000000
}
real_time {
  sec: 38
  nsec: 421959230
}
iterations: 9091
real_time_factor: 1.0000990098019704
step_size {
  nsec: 4000000
}

sim_time {
  sec: 36
  nsec: 464000000
}
real_time {
  sec: 38
  nsec: 521959874
}
iterations: 9116
real_time_factor: 0.99978454643024428
step_size {
  nsec: 4000000
}

sim_time {
  sec: 36
  nsec: 568000000
}
real_time {
  sec: 38
  nsec: 625959446
}
iterations: 9142
real_time_factor: 0.99999275005256216
step_size {
  nsec: 4000000
}

sim_time {
  sec: 36
  nsec: 668000000
}
real_time {
  sec: 38
  nsec: 725959804
}
iterations: 9167
real_time_factor: 0.999976500552237
step_size {
  nsec: 4000000
}

sim_time {
  sec: 36
  nsec: 772000000
}
real_time {
  sec: 38
  nsec: 829960403
}
iterations: 9193
real_time_factor: 0.99979829069485227
step_size {
  nsec: 4000000
}

sim_time {
  sec: 36
  nsec: 876000000
}
real_time {
  sec: 38
  nsec: 933958994
}
iterations: 9219
real_time_factor: 1.0002543146595022
step_size {
  nsec: 4000000
}

sim_time {
  sec: 36
  nsec: 976000000
}
real_time {
  sec: 39
  nsec: 33961777
}
iterations: 9244
real_time_factor: 0.999252309459447
step_size {
  nsec: 4000000
}

sim_time {
  sec: 37
  nsec: 80000000
}
real_time {
  sec: 39
  nsec: 137959755
}
iterations: 9270
real_time_factor: 1.0001757808934921
step_size {
  nsec: 4000000
}

sim_time {
  sec: 37
  nsec: 184000000
}
real_time {
  sec: 39
  nsec: 241959614
}
iterations: 9296
real_time_factor: 1.0000157502480664
step_size {
  nsec: 4000000
}

sim_time {
  sec: 37
  nsec: 284000000
}
real_time {
  sec: 39
  nsec: 341961090
}
iterations: 9321
real_time_factor: 1.0007968845192985
step_size {
  nsec: 4000000
}

sim_time {
  sec: 37
  nsec: 388000000
}
real_time {
  sec: 39
  nsec: 445959365
}
iterations: 9347
real_time_factor: 1.0001132628270151
step_size {
  nsec: 4000000
}

sim_time {
  sec: 37
  nsec: 488000000
}
real_time {
  sec: 39
  nsec: 545960129
}
iterations: 9372
real_time_factor: 1.0005743296652279
step_size {
  nsec: 4000000
}

sim_time {
  sec: 37
  nsec: 592000000
}
real_time {
  sec: 39
  nsec: 649960145
}
iterations: 9398
real_time_factor: 0.99985652058929542
step_size {
  nsec: 4000000
}

sim_time {
  sec: 37
  nsec: 692000000
}
real_time {
  sec: 39
  nsec: 749960280
}
iterations: 9423
real_time_factor: 0.999738318495134
step_size {
  nsec: 4000000
}

sim_time {
  sec: 37
  nsec: 796000000
}
real_time {
  sec: 39
  nsec: 853959443
}
iterations: 9449
real_time_factor: 0.99993750390600589
step_size {
  nsec: 4000000
}

sim_time {
  sec: 37
  nsec: 896000000
}
real_time {
  sec: 39
  nsec: 953959902
}
iterations: 9474
real_time_factor: 1.0001365186347937
step_size {
  nsec: 4000000
}

sim_time {
  sec: 38
}
real_time {
  sec: 40
  nsec: 57960066
}
iterations: 9500
real_time_factor: 0.99970333803443823
step_size {
  nsec: 4000000
}

sim_time {
  sec: 38
  nsec: 104000000
}
real_time {
  sec: 40
  nsec: 161960274
}
iterations: 9526
real_time_factor: 0.99995825174298969
step_size {
  nsec: 4000000
}

sim_time {
  sec: 38
  nsec: 208000000
}
real_time {
  sec: 40
  nsec: 265959854
}
iterations: 9552
real_time_factor: 1.0000970094099129
step_size {
  nsec: 4000000
}

sim_time {
  sec: 38
  nsec: 312000000
}
real_time {
  sec: 40
  nsec: 369959258
}
iterations: 9578
real_time_factor: 1.0000692547958947
step_size {
  nsec: 4000000
}

sim_time {
  sec: 38
  nsec: 412000000
}
real_time {
  sec: 40
  nsec: 469959679
}
iterations: 9603
real_time_factor: 0.99993250455594251
step_size {
  nsec: 4000000
}

sim_time {
  sec: 38
  nsec: 516000000
}
real_time {
  sec: 40
  nsec: 573959369
}
iterations: 9629
real_time_factor: 1.0000255006502665
step_size {
  nsec: 4000000
}

sim_time {
  sec: 38
  nsec: 620000000
}
real_time {
  sec: 40
  nsec: 677959579
}
iterations: 9655
real_time_factor: 0.99994650286209685
step_size {
  nsec: 4000000
}

sim_time {
  sec: 38
  nsec: 720000000
}
real_time {
  sec: 40
  nsec: 777965713
}
iterations: 9680
real_time_factor: 0.99859447827183234
step_size {
  nsec: 4000000
}

sim_time {
  sec: 38
  nsec: 824000000
}
real_time {
  sec: 40
  nsec: 881960080
}
iterations: 9706
real_time_factor: 0.99990950818950886
step_size {
  nsec: 4000000
}

sim_time {
  sec: 38
  nsec: 928000000
}
real_time {
  sec: 40
  nsec: 985959788
}
iterations: 9732
real_time_factor: 0.999900509899265
step_size {
  nsec: 4000000
}

sim_time {
  sec: 39
  nsec: 32000000
}
real_time {
  sec: 41
  nsec: 89959562
}
iterations: 9758
real_time_factor: 0.99994650286209685
step_size {
  nsec: 4000000
}

sim_time {
  sec: 39
  nsec: 132000000
}
real_time {
  sec: 41
  nsec: 189960529
}
iterations: 9783
real_time_factor: 0.99974506500842286
step_size {
  nsec: 4000000
}

sim_time {
  sec: 39
  nsec: 232000000
}
real_time {
  sec: 41
  nsec: 289961125
}
iterations: 9808
real_time_factor: 0.99964812386040114
step_size {
  nsec: 4000000
}

sim_time {
  sec: 39
  nsec: 336000000
}
real_time {
  sec: 41
  nsec: 393965195
}
iterations: 9834
real_time_factor: 0.99874208434476774
step_size {
  nsec: 4000000
}

sim_time {
  sec: 39
  nsec: 440000000
}
real_time {
  sec: 41
  nsec: 497960125
}
iterations: 9860
real_time_factor: 1.0000440019360852
step_size {
  nsec: 4000000
}

sim_time {
  sec: 39
  nsec: 540000000
}
real_time {
  sec: 41
  nsec: 597961121
}
iterations: 9885
real_time_factor: 0.99968934653556407
step_size {
  nsec: 4000000
}

sim_time {
  sec: 39
  nsec: 644000000
}
real_time {
  sec: 41
  nsec: 701959209
}
iterations: 9911
real_time_factor: 1.0000645041605183
step_size {
  nsec: 4000000
}

sim_time {
  sec: 39
  nsec: 748000000
}
real_time {
  sec: 41
  nsec: 805959677
}
iterations: 9937
real_time_factor: 0.99993925369033831
step_size {
  nsec: 4000000
}

sim_time {
  sec: 39
  nsec: 852000000
}
real_time {
  sec: 41
  nsec: 909958675
}
iterations: 9963
real_time_factor: 1.0001942877403935
step_size {
  nsec: 4000000
}

sim_time {
  sec: 39
  nsec: 952000000
}
real_time {
  sec: 42
  nsec: 9959690
}
iterations: 9988
real_time_factor: 0.99976380580087953
step_size {
  nsec: 4000000
}

sim_time {
  sec: 40
  nsec: 52000000
}
real_time {
  sec: 42
  nsec: 109959869
}
iterations: 10013
real_time_factor: 1.0385361832497095
step_size {
  nsec: 4000000
}

sim_time {
  sec: 40
  nsec: 156000000
}
real_time {
  sec: 42
  nsec: 213959003
}
iterations: 10039
real_time_factor: 1.0000830068895719
step_size {
  nsec: 4000000
}

sim_time {
  sec: 40
  nsec: 256000000
}
real_time {
  sec: 42
  nsec: 313959441
}
iterations: 10064
real_time_factor: 1.0000995099012351
step_size {
  nsec: 4000000
}

sim_time {
  sec: 40
  nsec: 360000000
}
real_time {
  sec: 42
  nsec: 417959399
}
iterations: 10090
real_time_factor: 0.99996050156018834
step_size {
  nsec: 4000000
}

sim_time {
  sec: 40
  nsec: 460000000
}
real_time {
  sec: 42
  nsec: 517965597
}
iterations: 10115
real_time_factor: 0.99878597564660154
step_size {
  nsec: 4000000
}

sim_time {
  sec: 40
  nsec: 564000000
}
real_time {
  sec: 42
  nsec: 621960240
}
iterations: 10141
real_time_factor: 0.99995800176392591
step_size {
  nsec: 4000000
}

sim_time {
  sec: 40
  nsec: 668000000
}
real_time {
  sec: 42
  nsec: 725959883
}
iterations: 10167
real_time_factor: 1.0000115001322516
step_size {
  nsec: 4000000
}

sim_time {
  sec: 40
  nsec: 768000000
}
real_time {
  sec: 42
  nsec: 825960248
}
iterations: 10192
real_time_factor: 1.0005367879867548
step_size {
  nsec: 4000000
}

sim_time {
  sec: 40
  nsec: 868000000
}
real_time {
  sec: 42
  nsec: 925960944
}
iterations: 10217
real_time_factor: 0.99979379253029066
step_size {
  nsec: 4000000
}

sim_time {
  sec: 40
  nsec: 972000000
}
real_time {
  sec: 43
  nsec: 29965744
}
iterations: 10243
real_time_factor: 0.99861267733800818
step_size {
  nsec: 4000000
}

sim_time {
  sec: 41
  nsec: 76000000
}
real_time {
  sec: 43
  nsec: 133959923
}
iterations: 10269
real_time_factor: 1.0009546605074591
step_size {
  nsec: 4000000
}

sim_time {
  sec: 41
  nsec: 180000000
}
real_time {
  sec: 43
  nsec: 237960001
}
iterations: 10295
real_time_factor: 0.99999050009024915
step_size {
  nsec: 4000000
}

sim_time {
  sec: 41
  nsec: 280000000
}
real_time {
  sec: 43
  nsec: 337960096
}
iterations: 10320
real_time_factor: 0.99985177197480468
step_size {
  nsec: 4000000
}

sim_time {
  sec: 41
  nsec: 384000000
}
real_time {
  sec: 43
  nsec: 441959914
}
iterations: 10346
real_time_factor: 1.0001132628270151
step_size {
  nsec: 4000000
}

sim_time {
  sec: 41
  nsec: 488000000
}
real_time {
  sec: 43
  nsec: 545959557
}
iterations: 10372
real_time_factor: 0.99996500122495713
step_size {
  nsec: 4000000
}

sim_time {
  sec: 41
  nsec: 588000000
}
real_time {
  sec: 43
  nsec: 645959726
}
iterations: 10397
real_time_factor: 0.99994875262642791
step_size {
  nsec: 4000000
}

sim_time {
  sec: 41
  nsec: 688000000
}
real_time {
  sec: 43
  nsec: 745959794
}
iterations: 10422
real_time_factor: 1.0002010404091222
step_size {
  nsec: 4000000
}

sim_time {
  sec: 41
  nsec: 792000000
}
real_time {
  sec: 43
  nsec: 849959649
}
iterations: 10448
real_time_factor: 1.0000692547958947
step_size {
  nsec: 4000000
}

sim_time {
  sec: 41
  nsec: 892000000
}
real_time {
  sec: 43
  nsec: 949963327
}
iterations: 10473
real_time_factor: 0.9989892726034435
step_size {
  nsec: 4000000
}

sim_time {
  sec: 41
  nsec: 996000000
}
real_time {
  sec: 44
  nsec: 53959700
}
iterations: 10499
real_time_factor: 0.99998825013806092
step_size {
  nsec: 4000000
}

sim_time {
  sec: 42
  nsec: 100000000
}
real_time {
  sec: 44
  nsec: 157959684
}
iterations: 10525
real_time_factor: 0.99996975091503482
step_size {
  nsec: 4000000
}

sim_time {
  sec: 42
  nsec: 200000000
}
real_time {
  sec: 44
  nsec: 257959974
}
iterations: 10550
real_time_factor: 0.99986526815511612
step_size {
  nsec: 4000000
}

sim_time {
  sec: 42
  nsec: 304000000
}
real_time {
  sec: 44
  nsec: 361959301
}
iterations: 10576
real_time_factor: 0.99996475124251871
step_size {
  nsec: 4000000
}

sim_time {
  sec: 42
  nsec: 404000000
}
real_time {
  sec: 44
  nsec: 461959922
}
iterations: 10601
real_time_factor: 1
step_size {
  nsec: 4000000
}

sim_time {
  sec: 42
  nsec: 508000000
}
real_time {
  sec: 44
  nsec: 565959647
}
iterations: 10627
real_time_factor: 1.0000185003422564
step_size {
  nsec: 4000000
}

sim_time {
  sec: 42
  nsec: 608000000
}
real_time {
  sec: 44
  nsec: 665959946
}
iterations: 10652
real_time_factor: 0.99998350027224547
step_size {
  nsec: 4000000
}

sim_time {
  sec: 42
  nsec: 712000000
}
real_time {
  sec: 44
  nsec: 769959310
}
iterations: 10678
real_time_factor: 0.99997425066304546
step_size {
  nsec: 4000000
}

sim_time {
  sec: 42
  nsec: 812000000
}
real_time {
  sec: 44
  nsec: 869960348
}
iterations: 10703
real_time_factor: 1.0014511026477366
step_size {
  nsec: 4000000
}

sim_time {
  sec: 42
  nsec: 916000000
}
real_time {
  sec: 44
  nsec: 973959842
}
iterations: 10729
real_time_factor: 1.0002638195824149
step_size {
  nsec: 4000000
}

sim_time {
  sec: 43
  nsec: 20000000
}
real_time {
  sec: 45
  nsec: 77962418
}
iterations: 10755
real_time_factor: 0.999321960050106
step_size {
  nsec: 4000000
}

sim_time {
  sec: 43
  nsec: 124000000
}
real_time {
  sec: 45
  nsec: 181960994
}
iterations: 10781
real_time_factor: 0.99983552705579937
step_size {
  nsec: 4000000
}

sim_time {
  sec: 43
  nsec: 228000000
}
real_time {
  sec: 45
  nsec: 285962607
}
iterations: 10807
real_time_factor: 0.99934043531269368
step_size {
  nsec: 4000000
}

sim_time {
  sec: 43
  nsec: 332000000
}
real_time {
  sec: 45
  nsec: 389959850
}
iterations: 10833
real_time_factor: 1.0000182503330686
step_size {
  nsec: 4000000
}

sim_time {
  sec: 43
  nsec: 436000000
}
real_time {
  sec: 45
  nsec: 493959649
}
iterations: 10859
real_time_factor: 0.99992350585180234
step_size {
  nsec: 4000000
}

sim_time {
  sec: 43
  nsec: 540000000
}
real_time {
  sec: 45
  nsec: 597959132
}
iterations: 10885
real_time_factor: 0.99994650286209685
step_size {
  nsec: 4000000
}

sim_time {
  sec: 43
  nsec: 640000000
}
real_time {
  sec: 45
  nsec: 697959596
}
iterations: 10910
real_time_factor: 1.0001387692542341
step_size {
  nsec: 4000000
}

sim_time {
  sec: 43
  nsec: 740000000
}
real_time {
  sec: 45
  nsec: 797960940
}
iterations: 10935
real_time_factor: 0.99976155686868684
step_size {
  nsec: 4000000
}

sim_time {
  sec: 43
  nsec: 844000000
}
real_time {
  sec: 45
  nsec: 901960627
}
iterations: 10961
real_time_factor: 0.99986101931831473
step_size {
  nsec: 4000000
}

sim_time {
  sec: 43
  nsec: 948000000
}
real_time {
  sec: 46
  nsec: 5959009
}
iterations: 10987
real_time_factor: 1.0002798282819618
step_size {
  nsec: 4000000
}

sim_time {
  sec: 44
  nsec: 48000000
}
real_time {
  sec: 46
  nsec: 105959713
}
iterations: 11012
real_time_factor: 0.99982852940720668
step_size {
  nsec: 4000000
}

sim_time {
  sec: 44
  nsec: 152000000
}
real_time {
  sec: 46
  nsec: 209959455
}
iterations: 11038
real_time_factor: 0.99997425066304546
step_size {
  nsec: 4000000
}

sim_time {
  sec: 44
  nsec: 256000000
}
real_time {
  sec: 46
  nsec: 313960743
}
iterations: 11064
real_time_factor: 0.99979154346318788
step_size {
  nsec: 4000000
}

sim_time {
  sec: 44
  nsec: 360000000
}
real_time {
  sec: 46
  nsec: 417959744
}
iterations: 11090
real_time_factor: 0.99995600193591483
step_size {
  nsec: 4000000
}

sim_time {
  sec: 44
  nsec: 460000000
}
real_time {
  sec: 46
  nsec: 517960069
}
iterations: 11115
real_time_factor: 1.0002708233254154
step_size {
  nsec: 4000000
}

sim_time {
  sec: 44
  nsec: 564000000
}
real_time {
  sec: 46
  nsec: 621959533
}
iterations: 11141
real_time_factor: 0.99992600547559485
step_size {
  nsec: 4000000
}

sim_time {
  sec: 44
  nsec: 668000000
}
real_time {
  sec: 46
  nsec: 725961174
}
iterations: 11167
real_time_factor: 0.99959016803110723
step_size {
  nsec: 4000000
}

sim_time {
  sec: 44
  nsec: 772000000
}
real_time {
  sec: 46
  nsec: 829959592
}
iterations: 11193
real_time_factor: 1.0003423671751657
step_size {
  nsec: 4000000
}

sim_time {
  sec: 44
  nsec: 872000000
}
real_time {
  sec: 46
  nsec: 929960111
}
iterations: 11218
real_time_factor: 1.0004026620714839
step_size {
  nsec: 4000000
}

sim_time {
  sec: 44
  nsec: 976000000
}
real_time {
  sec: 47
  nsec: 33960133
}
iterations: 11244
real_time_factor: 0.99992325589011044
step_size {
  nsec: 4000000
}

sim_time {
  sec: 45
  nsec: 76000000
}
real_time {
  sec: 47
  nsec: 133962487
}
iterations: 11269
real_time_factor: 0.99932445666729286
step_size {
  nsec: 4000000
}

sim_time {
  sec: 45
  nsec: 180000000
}
real_time {
  sec: 47
  nsec: 237960997
}
iterations: 11295
real_time_factor: 0.999863518629707
step_size {
  nsec: 4000000
}

sim_time {
  sec: 45
  nsec: 280000000
}
real_time {
  sec: 47
  nsec: 337964728
}
iterations: 11320
real_time_factor: 0.99974081719314267
step_size {
  nsec: 4000000
}

sim_time {
  sec: 45
  nsec: 384000000
}
real_time {
  sec: 47
  nsec: 441960294
}
iterations: 11346
real_time_factor: 1.0007317851178674
step_size {
  nsec: 4000000
}

sim_time {
  sec: 45
  nsec: 488000000
}
real_time {
  sec: 47
  nsec: 545959313
}
iterations: 11372
real_time_factor: 1.000064754192834
step_size {
  nsec: 4000000
}

sim_time {
  sec: 45
  nsec: 588000000
}
real_time {
  sec: 47
  nsec: 645960175
}
iterations: 11397
real_time_factor: 1.0001452711006273
step_size {
  nsec: 4000000
}

sim_time {
  sec: 45
  nsec: 692000000
}
real_time {
  sec: 47
  nsec: 749959398
}
iterations: 11423
real_time_factor: 0.999930004899657
step_size {
  nsec: 4000000
}

sim_time {
  sec: 45
  nsec: 792000000
}
real_time {
  sec: 47
  nsec: 849959842
}
iterations: 11448
real_time_factor: 1.0002890835451446
step_size {
  nsec: 4000000
}

sim_time {
  sec: 45
  nsec: 896000000
}
real_time {
  sec: 47
  nsec: 953959861
}
iterations: 11474
real_time_factor: 0.99995325218546038
step_size {
  nsec: 4000000
}

sim_time {
  sec: 45
  nsec: 996000000
}
real_time {
  sec: 48
  nsec: 53962573
}
iterations: 11499
real_time_factor: 0.999312972331522
step_size {
  nsec: 4000000
}

sim_time {
  sec: 46
  nsec: 100000000
}
real_time {
  sec: 48
  nsec: 157960527
}
iterations: 11525
real_time_factor: 0.99987251625417761
step_size {
  nsec: 4000000
}

sim_time {
  sec: 46
  nsec: 204000000
}
real_time {
  sec: 48
  nsec: 261965425
}
iterations: 11551
real_time_factor: 0.99871440488231522
step_size {
  nsec: 4000000
}

sim_time {
  sec: 46
  nsec: 304000000
}
real_time {
  sec: 48
  nsec: 361967850
}
iterations: 11576
real_time_factor: 0.99852069159540147
step_size {
  nsec: 4000000
}

sim_time {
  sec: 46
  nsec: 408000000
}
real_time {
  sec: 48
  nsec: 465964692
}
iterations: 11602
real_time_factor: 0.99989826035200924
step_size {
  nsec: 4000000
}

sim_time {
  sec: 46
  nsec: 512000000
}
real_time {
  sec: 48
  nsec: 569960388
}
iterations: 11628
real_time_factor: 0.99982827949299713
step_size {
  nsec: 4000000
}

sim_time {
  sec: 46
  nsec: 612000000
}
real_time {
  sec: 48
  nsec: 669960340
}
iterations: 11653
real_time_factor: 0.99976155686868684
step_size {
  nsec: 4000000
}

sim_time {
  sec: 46
  nsec: 716000000
}
real_time {
  sec: 48
  nsec: 773959563
}
iterations: 11679
real_time_factor: 1.0000087500765631
step_size {
  nsec: 4000000
}

sim_time {
  sec: 46
  nsec: 816000000
}
real_time {
  sec: 48
  nsec: 873961896
}
iterations: 11704
real_time_factor: 1.0007107548136063
step_size {
  nsec: 4000000
}

sim_time {
  sec: 46
  nsec: 920000000
}
real_time {
  sec: 48
  nsec: 977959552
}
iterations: 11730
real_time_factor: 0.99996050156018834
step_size {
  nsec: 4000000
}

sim_time {
  sec: 47
  nsec: 24000000
}
real_time {
  sec: 49
  nsec: 81960709
}
iterations: 11756
real_time_factor: 0.99965287054070473
step_size {
  nsec: 4000000
}

sim_time {
  sec: 47
  nsec: 128000000
}
real_time {
  sec: 49
  nsec: 185960060
}
iterations: 11782
real_time_factor: 0.99987951451850055
step_size {
  nsec: 4000000
}

sim_time {
  sec: 47
  nsec: 232000000
}
real_time {
  sec: 49
  nsec: 289959625
}
iterations: 11808
real_time_factor: 0.9999255055498365
step_size {
  nsec: 4000000
}

sim_time {
  sec: 47
  nsec: 332000000
}
real_time {
  sec: 49
  nsec: 389959919
}
iterations: 11833
real_time_factor: 0.99996300136894933
step_size {
  nsec: 4000000
}

sim_time {
  sec: 47
  nsec: 436000000
}
real_time {
  sec: 49
  nsec: 493959501
}
iterations: 11859
real_time_factor: 0.99996050156018834
step_size {
  nsec: 4000000
}

sim_time {
  sec: 47
  nsec: 540000000
}
real_time {
  sec: 49
  nsec: 597960529
}
iterations: 11885
real_time_factor: 0.99976855357984629
step_size {
  nsec: 4000000
}

sim_time {
  sec: 47
  nsec: 644000000
}
real_time {
  sec: 49
  nsec: 701960232
}
iterations: 11911
real_time_factor: 0.999895510919109
step_size {
  nsec: 4000000
}

sim_time {
  sec: 47
  nsec: 744000000
}
real_time {
  sec: 49
  nsec: 801961231
}
iterations: 11936
real_time_factor: 0.9997892944062039
step_size {
  nsec: 4000000
}

sim_time {
  sec: 47
  nsec: 844000000
}
real_time {
  sec: 49
  nsec: 901964914
}
iterations: 11961
real_time_factor: 0.9987747530716693
step_size {
  nsec: 4000000
}

sim_time {
  sec: 47
  nsec: 948000000
}
real_time {
  sec: 50
  nsec: 5959386
}
iterations: 11987
real_time_factor: 1.0000715051126154
step_size {
  nsec: 4000000
}

sim_time {
  sec: 48
  nsec: 48000000
}
real_time {
  sec: 50
  nsec: 105959846
}
iterations: 12012
real_time_factor: 1.0006461672625098
step_size {
  nsec: 4000000
}

sim_time {
  sec: 48
  nsec: 148000000
}
real_time {
  sec: 50
  nsec: 206046761
}
iterations: 12037
real_time_factor: 0.97869072223215869
step_size {
  nsec: 4000000
}

sim_time {
  sec: 48
  nsec: 252000000
}
real_time {
  sec: 50
  nsec: 309959621
}
iterations: 12063
real_time_factor: 1.0013443047290989
step_size {
  nsec: 4000000
}

sim_time {
  sec: 48
  nsec: 352000000
}
real_time {
  sec: 50
  nsec: 409963017
}
iterations: 12088
real_time_factor: 0.99919964108748893
step_size {
  nsec: 4000000
}

sim_time {
  sec: 48
  nsec: 456000000
}
real_time {
  sec: 50
  nsec: 513960811
}
iterations: 12114
real_time_factor: 1.0006624385343097
step_size {
  nsec: 4000000
}

sim_time {
  sec: 48
  nsec: 560000000
}
real_time {
  sec: 50
  nsec: 617965283
}
iterations: 12140
real_time_factor: 0.9985850050478472
step_size {
  nsec: 4000000
}

sim_time {
  sec: 48
  nsec: 664000000
}
real_time {
  sec: 50
  nsec: 721959652
}
iterations: 12166
real_time_factor: 0.99994900260086739
step_size {
  nsec: 4000000
}

sim_time {
  sec: 48
  nsec: 768000000
}
real_time {
  sec: 50
  nsec: 825959660
}
iterations: 12192
real_time_factor: 0.9999952500225624
step_size {
  nsec: 4000000
}

sim_time {
  sec: 48
  nsec: 868000000
}
real_time {
  sec: 50
  nsec: 925959834
}
iterations: 12217
real_time_factor: 1.0001965386198388
step_size {
  nsec: 4000000
}

sim_time {
  sec: 48
  nsec: 972000000
}
real_time {
  sec: 51
  nsec: 29959221
}
iterations: 12243
real_time_factor: 1.0000297508850888
step_size {
  nsec: 4000000
}

sim_time {
  sec: 49
  nsec: 72000000
}
real_time {
  sec: 51
  nsec: 129960385
}
iterations: 12268
real_time_factor: 0.99998575020305958
step_size {
  nsec: 4000000
}

sim_time {
  sec: 49
  nsec: 176000000
}
real_time {
  sec: 51
  nsec: 233959975
}
iterations: 12294
real_time_factor: 0.9998657680206432
step_size {
  nsec: 4000000
}

sim_time {
  sec: 49
  nsec: 280000000
}
real_time {
  sec: 51
  nsec: 337960325
}
iterations: 12320
real_time_factor: 0.99987501562304715
step_size {
  nsec: 4000000
}

sim_time {
  sec: 49
  nsec: 384000000
}
real_time {
  sec: 51
  nsec: 441960119
}
iterations: 12346
real_time_factor: 0.9999930000489996
step_size {
  nsec: 4000000
}

sim_time {
  sec: 49
  nsec: 488000000
}
real_time {
  sec: 51
  nsec: 545959969
}
iterations: 12372
real_time_factor: 0.99998825013806092
step_size {
  nsec: 4000000
}

sim_time {
  sec: 49
  nsec: 592000000
}
real_time {
  sec: 51
  nsec: 649960365
}
iterations: 12398
real_time_factor: 0.99987726506571317
step_size {
  nsec: 4000000
}

sim_time {
  sec: 49
  nsec: 696000000
}
real_time {
  sec: 51
  nsec: 753959122
}
iterations: 12424
real_time_factor: 1.0001202644618015
step_size {
  nsec: 4000000
}

sim_time {
  sec: 49
  nsec: 796000000
}
real_time {
  sec: 51
  nsec: 853959638
}
iterations: 12449
real_time_factor: 1.0001272661946232
step_size {
  nsec: 4000000
}

sim_time {
  sec: 49
  nsec: 896000000
}
real_time {
  sec: 51
  nsec: 953959922
}
iterations: 12474
real_time_factor: 1.0001135128837122
step_size {
  nsec: 4000000
}

sim_time {
  sec: 50
}
real_time {
  sec: 52
  nsec: 57959827
}
iterations: 12500
real_time_factor: 0.99996525120752056
step_size {
  nsec: 4000000
}

sim_time {
  sec: 50
  nsec: 104000000
}
real_time {
  sec: 52
  nsec: 161959436
}
iterations: 12526
real_time_factor: 0.9999952500225624
step_size {
  nsec: 4000000
}

sim_time {
  sec: 50
  nsec: 204000000
}
real_time {
  sec: 52
  nsec: 261959749
}
iterations: 12551
real_time_factor: 0.99992575551265317
step_size {
  nsec: 4000000
}

sim_time {
  sec: 50
  nsec: 304000000
}
real_time {
  sec: 52
  nsec: 361960120
}
iterations: 12576
real_time_factor: 1.0001550240287245
step_size {
  nsec: 4000000
}

sim_time {
  sec: 50
  nsec: 408000000
}
real_time {
  sec: 52
  nsec: 465959589
}
iterations: 12602
real_time_factor: 1.0001132628270151
step_size {
  nsec: 4000000
}

sim_time {
  sec: 50
  nsec: 508000000
}
real_time {
  sec: 52
  nsec: 565959789
}
iterations: 12627
real_time_factor: 1.0000252506375786
step_size {
  nsec: 4000000
}

sim_time {
  sec: 50
  nsec: 608000000
}
real_time {
  sec: 52
  nsec: 665959693
}
iterations: 12652
real_time_factor: 1.0002663209079417
step_size {
  nsec: 4000000
}

sim_time {
  sec: 50
  nsec: 708000000
}
real_time {
  sec: 52
  nsec: 765960319
}
iterations: 12677
real_time_factor: 0.99995150235213592
step_size {
  nsec: 4000000
}

sim_time {
  sec: 50
  nsec: 812000000
}
real_time {
  sec: 52
  nsec: 869959336
}
iterations: 12703
real_time_factor: 1.0000460021160973
step_size {
  nsec: 4000000
}

sim_time {
  sec: 50
  nsec: 912000000
}
real_time {
  sec: 52
  nsec: 969959368
}
iterations: 12728
real_time_factor: 1.0001480219072423
step_size {
  nsec: 4000000
}

sim_time {
  sec: 51
  nsec: 12000000
}
real_time {
  sec: 53
  nsec: 69960078
}
iterations: 12753
real_time_factor: 0.99989801040293891
step_size {
  nsec: 4000000
}

sim_time {
  sec: 51
  nsec: 116000000
}
real_time {
  sec: 53
  nsec: 173959713
}
iterations: 12779
real_time_factor: 0.99997675054054991
step_size {
  nsec: 4000000
}

sim_time {
  sec: 51
  nsec: 220000000
}
real_time {
  sec: 53
  nsec: 277965155
}
iterations: 12805
real_time_factor: 0.99858276141586055
step_size {
  nsec: 4000000
}

sim_time {
  sec: 51
  nsec: 324000000
}
real_time {
  sec: 53
  nsec: 381959502
}
iterations: 12831
real_time_factor: 1.0000442519581492
step_size {
  nsec: 4000000
}

sim_time {
  sec: 51
  nsec: 424000000
}
real_time {
  sec: 53
  nsec: 481960804
}
iterations: 12856
real_time_factor: 1.000222299406043
step_size {
  nsec: 4000000
}

sim_time {
  sec: 51
  nsec: 528000000
}
real_time {
  sec: 53
  nsec: 585961597
}
iterations: 12882
real_time_factor: 0.99982403097054917
step_size {
  nsec: 4000000
}

sim_time {
  sec: 51
  nsec: 632000000
}
real_time {
  sec: 53
  nsec: 689959446
}
iterations: 12908
real_time_factor: 0.99993750390600589
step_size {
  nsec: 4000000
}

sim_time {
  sec: 51
  nsec: 732000000
}
real_time {
  sec: 53
  nsec: 789959710
}
iterations: 12933
real_time_factor: 0.99995825174298969
step_size {
  nsec: 4000000
}

sim_time {
  sec: 51
  nsec: 832000000
}
real_time {
  sec: 53
  nsec: 889960003
}
iterations: 12958
real_time_factor: 1.0000737554394636
step_size {
  nsec: 4000000
}

sim_time {
  sec: 51
  nsec: 932000000
}
real_time {
  sec: 53
  nsec: 989960813
}
iterations: 12983
real_time_factor: 1.0007991381117822
step_size {
  nsec: 4000000
}

sim_time {
  sec: 52
  nsec: 36000000
}
real_time {
  sec: 54
  nsec: 93960365
}
iterations: 13009
real_time_factor: 0.99995575195797581
step_size {
  nsec: 4000000
}

sim_time {
  sec: 52
  nsec: 140000000
}
real_time {
  sec: 54
  nsec: 197959213
}
iterations: 13035
real_time_factor: 1.0000297508850888
step_size {
  nsec: 4000000
}

sim_time {
  sec: 52
  nsec: 244000000
}
real_time {
  sec: 54
  nsec: 301959375
}
iterations: 13061
real_time_factor: 0.99993275452225838
step_size {
  nsec: 4000000
}

sim_time {
  sec: 52
  nsec: 344000000
}
real_time {
  sec: 54
  nsec: 401959806
}
iterations: 13086
real_time_factor: 0.9999050090241427
step_size {
  nsec: 4000000
}

sim_time {
  sec: 52
  nsec: 448000000
}
real_time {
  sec: 54
  nsec: 505959978
}
iterations: 13112
real_time_factor: 0.9999165069716679
step_size {
  nsec: 4000000
}

sim_time {
  sec: 52
  nsec: 552000000
}
real_time {
  sec: 54
  nsec: 609959400
}
iterations: 13138
real_time_factor: 1.0000552530527311
step_size {
  nsec: 4000000
}

sim_time {
  sec: 52
  nsec: 652000000
}
real_time {
  sec: 54
  nsec: 709959821
}
iterations: 13163
real_time_factor: 0.99993725393731547
step_size {
  nsec: 4000000
}

sim_time {
  sec: 52
  nsec: 756000000
}
real_time {
  sec: 54
  nsec: 813959817
}
iterations: 13189
real_time_factor: 1.0000645041605183
step_size {
  nsec: 4000000
}

sim_time {
  sec: 52
  nsec: 856000000
}
real_time {
  sec: 54
  nsec: 913959969
}
iterations: 13214
real_time_factor: 1.0000185003422564
step_size {
  nsec: 4000000
}

sim_time {
  sec: 52
  nsec: 960000000
}
real_time {
  sec: 55
  nsec: 17959354
}
iterations: 13240
real_time_factor: 0.99999725000756245
step_size {
  nsec: 4000000
}

sim_time {
  sec: 53
  nsec: 60000000
}
real_time {
  sec: 55
  nsec: 117959858
}
iterations: 13265
real_time_factor: 1.0000252506375786
step_size {
  nsec: 4000000
}

sim_time {
  sec: 53
  nsec: 164000000
}
real_time {
  sec: 55
  nsec: 221960954
}
iterations: 13291
real_time_factor: 0.999687597625742
step_size {
  nsec: 4000000
}

sim_time {
  sec: 53
  nsec: 268000000
}
real_time {
  sec: 55
  nsec: 325962941
}
iterations: 13317
real_time_factor: 0.99905863699928743
step_size {
  nsec: 4000000
}

sim_time {
  sec: 53
  nsec: 372000000
}
real_time {
  sec: 55
  nsec: 429959140
}
iterations: 13343
real_time_factor: 0.99999275005256216
step_size {
  nsec: 4000000
}

sim_time {
  sec: 53
  nsec: 472000000
}
real_time {
  sec: 55
  nsec: 529959320
}
iterations: 13368
real_time_factor: 0.99997200078397808
step_size {
  nsec: 4000000
}

sim_time {
  sec: 53
  nsec: 576000000
}
real_time {
  sec: 55
  nsec: 633959491
}
iterations: 13394
real_time_factor: 0.99994650286209685
step_size {
  nsec: 4000000
}

sim_time {
  sec: 53
  nsec: 680000000
}
real_time {
  sec: 55
  nsec: 737959458
}
iterations: 13420
real_time_factor: 0.99998825013806092
step_size {
  nsec: 4000000
}

sim_time {
  sec: 53
  nsec: 780000000
}
real_time {
  sec: 55
  nsec: 837959527
}
iterations: 13445
real_time_factor: 0.99995825174298969
step_size {
  nsec: 4000000
}

sim_time {
  sec: 53
  nsec: 884000000
}
real_time {
  sec: 55
  nsec: 941959643
}
iterations: 13471
real_time_factor: 0.99999750000625
step_size {
  nsec: 4000000
}

sim_time {
  sec: 53
  nsec: 984000000
}
real_time {
  sec: 56
  nsec: 41959887
}
iterations: 13496
real_time_factor: 1.0002708233254154
step_size {
  nsec: 4000000
}

sim_time {
  sec: 54
  nsec: 84000000
}
real_time {
  sec: 56
  nsec: 141967252
}
iterations: 13521
real_time_factor: 0.99819725575610452
step_size {
  nsec: 4000000
}

sim_time {
  sec: 54
  nsec: 188000000
}
real_time {
  sec: 56
  nsec: 245959301
}
iterations: 13547
real_time_factor: 0.99998600019599726
step_size {
  nsec: 4000000
}

sim_time {
  sec: 54
  nsec: 288000000
}
real_time {
  sec: 56
  nsec: 345961527
}
iterations: 13572
real_time_factor: 0.999543958069131
step_size {
  nsec: 4000000
}

sim_time {
  sec: 54
  nsec: 392000000
}
real_time {
  sec: 56
  nsec: 449959327
}
iterations: 13598
real_time_factor: 1.000442195450389
step_size {
  nsec: 4000000
}

sim_time {
  sec: 54
  nsec: 492000000
}
real_time {
  sec: 56
  nsec: 549959923
}
iterations: 13623
real_time_factor: 0.99993950366002859
step_size {
  nsec: 4000000
}

sim_time {
  sec: 54
  nsec: 596000000
}
real_time {
  sec: 56
  nsec: 653960001
}
iterations: 13649
real_time_factor: 0.99998125035155594
step_size {
  nsec: 4000000
}

sim_time {
  sec: 54
  nsec: 696000000
}
real_time {
  sec: 56
  nsec: 753964930
}
iterations: 13674
real_time_factor: 0.99851844825240554
step_size {
  nsec: 4000000
}

sim_time {
  sec: 54
  nsec: 800000000
}
real_time {
  sec: 56
  nsec: 857959508
}
iterations: 13700
real_time_factor: 1.0000532528357136
step_size {
  nsec: 4000000
}

sim_time {
  sec: 54
  nsec: 900000000
}
real_time {
  sec: 56
  nsec: 957959761
}
iterations: 13725
real_time_factor: 1.0001342680254823
step_size {
  nsec: 4000000
}

sim_time {
  sec: 55
  nsec: 4000000
}
real_time {
  sec: 57
  nsec: 61960088
}
iterations: 13751
real_time_factor: 0.999831028556174
step_size {
  nsec: 4000000
}

sim_time {
  sec: 55
  nsec: 104000000
}
real_time {
  sec: 57
  nsec: 161961035
}
iterations: 13776
real_time_factor: 1.0008454642058879
step_size {
  nsec: 4000000
}

sim_time {
  sec: 55
  nsec: 208000000
}
real_time {
  sec: 57
  nsec: 265959705
}
iterations: 13802
real_time_factor: 1.0000557531082357
step_size {
  nsec: 4000000
}

sim_time {
  sec: 55
  nsec: 312000000
}
real_time {
  sec: 57
  nsec: 369959746
}
iterations: 13828
real_time_factor: 0.99996750105621568
step_size {
  nsec: 4000000
}

sim_time {
  sec: 55
  nsec: 416000000
}
real_time {
  sec: 57
  nsec: 473959690
}
iterations: 13854
real_time_factor: 1.0000600036002161
step_size {
  nsec: 4000000
}

sim_time {
  sec: 55
  nsec: 520000000
}
real_time {
  sec: 57
  nsec: 577959711
}
iterations: 13880
real_time_factor: 0.99998600019599726
step_size {
  nsec: 4000000
}

sim_time {
  sec: 55
  nsec: 620000000
}
real_time {
  sec: 57
  nsec: 677959779
}
iterations: 13905
real_time_factor: 1.0007480591742328
step_size {
  nsec: 4000000
}

sim_time {
  sec: 55
  nsec: 720000000
}
real_time {
  sec: 57
  nsec: 777961587
}
iterations: 13930
real_time_factor: 1.0232429639255693
step_size {
  nsec: 4000000
}

sim_time {
  sec: 55
  nsec: 824000000
}
real_time {
  sec: 57
  nsec: 881960599
}
iterations: 13956
real_time_factor: 1.0000717551484319
step_size {
  nsec: 4000000
}

sim_time {
  sec: 55
  nsec: 928000000
}
real_time {
  sec: 57
  nsec: 985960093
}
iterations: 13982
real_time_factor: 0.99991625701347508
step_size {
  nsec: 4000000
}

sim_time {
  sec: 56
  nsec: 32000000
}
real_time {
  sec: 58
  nsec: 89959753
}
iterations: 14008
real_time_factor: 0.99993275452225838
step_size {
  nsec: 4000000
}

sim_time {
  sec: 56
  nsec: 132000000
}
real_time {
  sec: 58
  nsec: 189960662
}
iterations: 14033
real_time_factor: 1.0002363058272516
step_size {
  nsec: 4000000
}

sim_time {
  sec: 56
  nsec: 236000000
}
real_time {
  sec: 58
  nsec: 293960850
}
iterations: 14059
real_time_factor: 0.99986326869800557
step_size {
  nsec: 4000000
}

sim_time {
  sec: 56
  nsec: 336000000
}
real_time {
  sec: 58
  nsec: 393963166
}
iterations: 14084
real_time_factor: 0.9992435726155301
step_size {
  nsec: 4000000
}

sim_time {
  sec: 56
  nsec: 440000000
}
real_time {
  sec: 58
  nsec: 497960039
}
iterations: 14110
real_time_factor: 0.99998625018906
step_size {
  nsec: 4000000
}

sim_time {
  sec: 56
  nsec: 544000000
}
real_time {
  sec: 58
  nsec: 601959672
}
iterations: 14136
real_time_factor: 0.99999975000006247
step_size {
  nsec: 4000000
}

sim_time {
  sec: 56
  nsec: 648000000
}
real_time {
  sec: 58
  nsec: 705959462
}
iterations: 14162
real_time_factor: 1.0000137501890651
step_size {
  nsec: 4000000
}

sim_time {
  sec: 56
  nsec: 748000000
}
real_time {
  sec: 58
  nsec: 805959815
}
iterations: 14187
real_time_factor: 1.0001757808934921
step_size {
  nsec: 4000000
}

sim_time {
  sec: 56
  nsec: 848000000
}
real_time {
  sec: 58
  nsec: 905959854
}
iterations: 14212
real_time_factor: 1.0001367687031202
step_size {
  nsec: 4000000
}

sim_time {
  sec: 56
  nsec: 948000000
}
real_time {
  sec: 59
  nsec: 5960735
}
iterations: 14237
real_time_factor: 0.999840525436193
step_size {
  nsec: 4000000
}

sim_time {
  sec: 57
  nsec: 52000000
}
real_time {
  sec: 59
  nsec: 109959774
}
iterations: 14263
real_time_factor: 1.00000450002025
step_size {
  nsec: 4000000
}

sim_time {
  sec: 57
  nsec: 156000000
}
real_time {
  sec: 59
  nsec: 213960267
}
iterations: 14289
real_time_factor: 0.99986101931831473
step_size {
  nsec: 4000000
}

sim_time {
  sec: 57
  nsec: 260000000
}
real_time {
  sec: 59
  nsec: 317959500
}
iterations: 14315
real_time_factor: 0.99997925043055358
step_size {
  nsec: 4000000
}

sim_time {
  sec: 57
  nsec: 364000000
}
real_time {
  sec: 59
  nsec: 421959382
}
iterations: 14341
real_time_factor: 0.99996975091503482
step_size {
  nsec: 4000000
}

sim_time {
  sec: 57
  nsec: 464000000
}
real_time {
  sec: 59
  nsec: 521960818
}
iterations: 14366
real_time_factor: 0.99976630462629357
step_size {
  nsec: 4000000
}

sim_time {
  sec: 57
  nsec: 568000000
}
real_time {
  sec: 59
  nsec: 625959913
}
iterations: 14392
real_time_factor: 1.000053002809149
step_size {
  nsec: 4000000
}

sim_time {
  sec: 57
  nsec: 672000000
}
real_time {
  sec: 59
  nsec: 729959979
}
iterations: 14418
real_time_factor: 0.99992150616176634
step_size {
  nsec: 4000000
}

sim_time {
  sec: 57
  nsec: 776000000
}
real_time {
  sec: 59
  nsec: 833960018
}
iterations: 14444
real_time_factor: 1.0000440019360852
step_size {
  nsec: 4000000
}

sim_time {
  sec: 57
  nsec: 880000000
}
real_time {
  sec: 59
  nsec: 937959891
}
iterations: 14470
real_time_factor: 0.99996725107252737
step_size {
  nsec: 4000000
}

sim_time {
  sec: 57
  nsec: 980000000
}
real_time {
  sec: 60
  nsec: 37961058
}
iterations: 14495
real_time_factor: 0.999830778640715
step_size {
  nsec: 4000000
}

sim_time {
  sec: 58
  nsec: 84000000
}
real_time {
  sec: 60
  nsec: 141960513
}
iterations: 14521
real_time_factor: 0.99982153185656364
step_size {
  nsec: 4000000
}

sim_time {
  sec: 58
  nsec: 188000000
}
real_time {
  sec: 60
  nsec: 245961310
}
iterations: 14547
real_time_factor: 0.99964362704695775
step_size {
  nsec: 4000000
}

sim_time {
  sec: 58
  nsec: 292000000
}
real_time {
  sec: 60
  nsec: 349959802
}
iterations: 14573
real_time_factor: 1.0000925085570416
step_size {
  nsec: 4000000
}

sim_time {
  sec: 58
  nsec: 392000000
}
real_time {
  sec: 60
  nsec: 449963358
}
iterations: 14598
real_time_factor: 1.0001317673603498
step_size {
  nsec: 4000000
}

sim_time {
  sec: 58
  nsec: 496000000
}
real_time {
  sec: 60
  nsec: 553960138
}
iterations: 14624
real_time_factor: 1.0000230005290123
step_size {
  nsec: 4000000
}

sim_time {
  sec: 58
  nsec: 596000000
}
real_time {
  sec: 60
  nsec: 653959935
}
iterations: 14649
real_time_factor: 1.0003471204507963
step_size {
  nsec: 4000000
}

sim_time {
  sec: 58
  nsec: 700000000
}
real_time {
  sec: 60
  nsec: 757960935
}
iterations: 14675
real_time_factor: 0.99974781361401588
step_size {
  nsec: 4000000
}

sim_time {
  sec: 58
  nsec: 800000000
}
real_time {
  sec: 60
  nsec: 857962955
}
iterations: 14700
real_time_factor: 0.9998217817674
step_size {
  nsec: 4000000
}

sim_time {
  sec: 58
  nsec: 904000000
}
real_time {
  sec: 60
  nsec: 961959742
}
iterations: 14726
real_time_factor: 1.0000230005290123
step_size {
  nsec: 4000000
}

sim_time {
  sec: 59
  nsec: 8000000
}
real_time {
  sec: 61
  nsec: 65959891
}
iterations: 14752
real_time_factor: 1.0001015103032957
step_size {
  nsec: 4000000
}

sim_time {
  sec: 59
  nsec: 112000000
}
real_time {
  sec: 61
  nsec: 169959281
}
iterations: 14778
real_time_factor: 1.0000367513506121
step_size {
  nsec: 4000000
}

sim_time {
  sec: 59
  nsec: 212000000
}
real_time {
  sec: 61
  nsec: 269959475
}
iterations: 14803
real_time_factor: 1.0000232505405751
step_size {
  nsec: 4000000
}

sim_time {
  sec: 59
  nsec: 316000000
}
real_time {
  sec: 61
  nsec: 373959633
}
iterations: 14829
real_time_factor: 1.0000462521391615
step_size {
  nsec: 4000000
}

sim_time {
  sec: 59
  nsec: 416000000
}
real_time {
  sec: 61
  nsec: 473960475
}
iterations: 14854
real_time_factor: 1.0004494519162734
step_size {
  nsec: 4000000
}

sim_time {
  sec: 59
  nsec: 520000000
}
real_time {
  sec: 61
  nsec: 577961643
}
iterations: 14880
real_time_factor: 0.99962264245247423
step_size {
  nsec: 4000000
}

sim_time {
  sec: 59
  nsec: 624000000
}
real_time {
  sec: 61
  nsec: 681959884
}
iterations: 14906
real_time_factor: 1.0002755759211663
step_size {
  nsec: 4000000
}

sim_time {
  sec: 59
  nsec: 728000000
}
real_time {
  sec: 61
  nsec: 785959802
}
iterations: 14932
real_time_factor: 1.0000252506375786
step_size {
  nsec: 4000000
}

sim_time {
  sec: 59
  nsec: 832000000
}
real_time {
  sec: 61
  nsec: 889959404
}
iterations: 14958
real_time_factor: 0.99997675054054991
step_size {
  nsec: 4000000
}

sim_time {
  sec: 59
  nsec: 932000000
}
real_time {
  sec: 61
  nsec: 989959616
}
iterations: 14983
real_time_factor: 1.0000695048305857
step_size {
  nsec: 4000000
}

sim_time {
  sec: 60
  nsec: 32000000
}
real_time {
  sec: 62
  nsec: 89961264
}
iterations: 15008
real_time_factor: 0.99961814586827835
step_size {
  nsec: 4000000
}

sim_time {
  sec: 60
  nsec: 136000000
}
real_time {
  sec: 62
  nsec: 193961023
}
iterations: 15034
real_time_factor: 0.99956968525049961
step_size {
  nsec: 4000000
}

sim_time {
  sec: 60
  nsec: 240000000
}
real_time {
  sec: 62
  nsec: 297959189
}
iterations: 15060
real_time_factor: 1.0000462521391615
step_size {
  nsec: 4000000
}

sim_time {
  sec: 60
  nsec: 340000000
}
real_time {
  sec: 62
  nsec: 397960381
}
iterations: 15085
real_time_factor: 0.999886512880788
step_size {
  nsec: 4000000
}

sim_time {
  sec: 60
  nsec: 440000000
}
real_time {
  sec: 62
  nsec: 497961849
}
iterations: 15110
real_time_factor: 1.000085507310875
step_size {
  nsec: 4000000
}

sim_time {
  sec: 60
  nsec: 544000000
}
real_time {
  sec: 62
  nsec: 601960576
}
iterations: 15136
real_time_factor: 1.0000437519141463
step_size {
  nsec: 4000000
}

sim_time {
  sec: 60
  nsec: 644000000
}
real_time {
  sec: 62
  nsec: 701960831
}
iterations: 15161
real_time_factor: 0.99996975091503482
step_size {
  nsec: 4000000
}

sim_time {
  sec: 60
  nsec: 748000000
}
real_time {
  sec: 62
  nsec: 805959256
}
iterations: 15187
real_time_factor: 1.0001202644618015
step_size {
  nsec: 4000000
}

sim_time {
  sec: 60
  nsec: 852000000
}
real_time {
  sec: 62
  nsec: 909959422
}
iterations: 15213
real_time_factor: 0.99996275138751078
step_size {
  nsec: 4000000
}

sim_time {
  sec: 60
  nsec: 952000000
}
real_time {
  sec: 63
  nsec: 9959709
}
iterations: 15238
real_time_factor: 1.0005232736721306
step_size {
  nsec: 4000000
}

sim_time {
  sec: 61
  nsec: 56000000
}
real_time {
  sec: 63
  nsec: 113960967
}
iterations: 15264
real_time_factor: 0.99977305151730556
step_size {
  nsec: 4000000
}

sim_time {
  sec: 61
  nsec: 160000000
}
real_time {
  sec: 63
  nsec: 217959623
}
iterations: 15290
real_time_factor: 1.0000092500855633
step_size {
  nsec: 4000000
}

sim_time {
  sec: 61
  nsec: 260000000
}
real_time {
  sec: 63
  nsec: 317960168
}
iterations: 15315
real_time_factor: 1.0000902581457976
step_size {
  nsec: 4000000
}

sim_time {
  sec: 61
  nsec: 364000000
}
real_time {
  sec: 63
  nsec: 422231318
}
iterations: 15341
real_time_factor: 0.93632761541466791
step_size {
  nsec: 4000000
}

sim_time {
  sec: 61
  nsec: 468000000
}
real_time {
  sec: 63
  nsec: 525960156
}
iterations: 15367
real_time_factor: 1.0000552530527311
step_size {
  nsec: 4000000
}

sim_time {
  sec: 61
  nsec: 572000000
}
real_time {
  sec: 63
  nsec: 629960752
}
iterations: 15393
real_time_factor: 0.99973581980961534
step_size {
  nsec: 4000000
}

sim_time {
  sec: 61
  nsec: 676000000
}
real_time {
  sec: 63
  nsec: 733960069
}
iterations: 15419
real_time_factor: 0.99987251625417761
step_size {
  nsec: 4000000
}

sim_time {
  sec: 61
  nsec: 780000000
}
real_time {
  sec: 63
  nsec: 837959883
}
iterations: 15445
real_time_factor: 0.99982203167836126
step_size {
  nsec: 4000000
}

sim_time {
  sec: 61
  nsec: 884000000
}
real_time {
  sec: 63
  nsec: 941963243
}
iterations: 15471
real_time_factor: 0.99916045542732723
step_size {
  nsec: 4000000
}

sim_time {
  sec: 61
  nsec: 984000000
}
real_time {
  sec: 64
  nsec: 42241954
}
iterations: 15496
real_time_factor: 0.93400158033067393
step_size {
  nsec: 4000000
}

sim_time {
  sec: 62
  nsec: 88000000
}
real_time {
  sec: 64
  nsec: 145959620
}
iterations: 15522
real_time_factor: 1.0000460021160973
step_size {
  nsec: 4000000
}

sim_time {
  sec: 62
  nsec: 192000000
}
real_time {
  sec: 64
  nsec: 249959276
}
iterations: 15548
real_time_factor: 1.0000462521391615
step_size {
  nsec: 4000000
}

sim_time {
  sec: 62
  nsec: 292000000
}
real_time {
  sec: 64
  nsec: 349962033
}
iterations: 15573
real_time_factor: 0.99946328821422892
step_size {
  nsec: 4000000
}

sim_time {
  sec: 62
  nsec: 396000000
}
real_time {
  sec: 64
  nsec: 453959847
}
iterations: 15599
real_time_factor: 0.99992125620107419
step_size {
  nsec: 4000000
}

sim_time {
  sec: 62
  nsec: 500000000
}
real_time {
  sec: 64
  nsec: 557960632
}
iterations: 15625
real_time_factor: 0.999738318495134
step_size {
  nsec: 4000000
}

sim_time {
  sec: 62
  nsec: 604000000
}
real_time {
  sec: 64
  nsec: 661959695
}
iterations: 15651
real_time_factor: 1.0000535028624031
step_size {
  nsec: 4000000
}

sim_time {
  sec: 62
  nsec: 708000000
}
real_time {
  sec: 64
  nsec: 765959305
}
iterations: 15677
real_time_factor: 1.0001157633996136
step_size {
  nsec: 4000000
}

sim_time {
  sec: 62
  nsec: 812000000
}
real_time {
  sec: 64
  nsec: 869959822
}
iterations: 15703
real_time_factor: 1.0000140001960027
step_size {
  nsec: 4000000
}

sim_time {
  sec: 62
  nsec: 912000000
}
real_time {
  sec: 64
  nsec: 969959839
}
iterations: 15728
real_time_factor: 1.0007758514788589
step_size {
  nsec: 4000000
}

sim_time {
  sec: 63
  nsec: 16000000
}
real_time {
  sec: 65
  nsec: 73961225
}
iterations: 15754
real_time_factor: 0.99952347718225332
step_size {
  nsec: 4000000
}

sim_time {
  sec: 63
  nsec: 120000000
}
real_time {
  sec: 65
  nsec: 177959427
}
iterations: 15780
real_time_factor: 1.0000462521391615
step_size {
  nsec: 4000000
}

sim_time {
  sec: 63
  nsec: 224000000
}
real_time {
  sec: 65
  nsec: 281959110
}
iterations: 15806
real_time_factor: 1.0000740054764052
step_size {
  nsec: 4000000
}

sim_time {
  sec: 63
  nsec: 328000000
}
real_time {
  sec: 65
  nsec: 385959294
}
iterations: 15832
real_time_factor: 1.0000390015210594
step_size {
  nsec: 4000000
}

sim_time {
  sec: 63
  nsec: 428000000
}
real_time {
  sec: 65
  nsec: 485962106
}
iterations: 15857
real_time_factor: 1.0009499014564822
step_size {
  nsec: 4000000
}

sim_time {
  sec: 63
  nsec: 532000000
}
real_time {
  sec: 65
  nsec: 589959427
}
iterations: 15883
real_time_factor: 1.0000950090258574
step_size {
  nsec: 4000000
}

sim_time {
  sec: 63
  nsec: 632000000
}
real_time {
  sec: 65
  nsec: 689960193
}
iterations: 15908
real_time_factor: 0.99983827615883136
step_size {
  nsec: 4000000
}

sim_time {
  sec: 63
  nsec: 736000000
}
real_time {
  sec: 65
  nsec: 793960182
}
iterations: 15934
real_time_factor: 1.0000255006502665
step_size {
  nsec: 4000000
}

sim_time {
  sec: 63
  nsec: 840000000
}
real_time {
  sec: 65
  nsec: 897959578
}
iterations: 15960
real_time_factor: 0.99996750105621568
step_size {
  nsec: 4000000
}

sim_time {
  sec: 63
  nsec: 944000000
}
real_time {
  sec: 66
  nsec: 1959631
}
iterations: 15986
real_time_factor: 0.99995125237644666
step_size {
  nsec: 4000000
}

sim_time {
  sec: 64
  nsec: 44000000
}
real_time {
  sec: 66
  nsec: 101960396
}
iterations: 16011
real_time_factor: 0.99985177197480468
step_size {
  nsec: 4000000
}

sim_time {
  sec: 64
  nsec: 148000000
}
real_time {
  sec: 66
  nsec: 205960616
}
iterations: 16037
real_time_factor: 0.99994450308007909
step_size {
  nsec: 4000000
}

sim_time {
  sec: 64
  nsec: 252000000
}
real_time {
  sec: 66
  nsec: 309960465
}
iterations: 16063
real_time_factor: 0.99993975362984377
step_size {
  nsec: 4000000
}

sim_time {
  sec: 64
  nsec: 356000000
}
real_time {
  sec: 66
  nsec: 413962713
}
iterations: 16089
real_time_factor: 0.9994907594580561
step_size {
  nsec: 4000000
}

sim_time {
  sec: 64
  nsec: 460000000
}
real_time {
  sec: 66
  nsec: 517960126
}
iterations: 16115
real_time_factor: 0.99985177197480468
step_size {
  nsec: 4000000
}

sim_time {
  sec: 64
  nsec: 564000000
}
real_time {
  sec: 66
  nsec: 621959531
}
iterations: 16141
real_time_factor: 1.0000622538753037
step_size {
  nsec: 4000000
}

sim_time {
  sec: 64
  nsec: 664000000
}
real_time {
  sec: 66
  nsec: 721959389
}
iterations: 16166
real_time_factor: 1.0002360557091474
step_size {
  nsec: 4000000
}

sim_time {
  sec: 64
  nsec: 764000000
}
real_time {
  sec: 66
  nsec: 821960368
}
iterations: 16191
real_time_factor: 0.99978679546586691
step_size {
  nsec: 4000000
}

sim_time {
  sec: 64
  nsec: 868000000
}
real_time {
  sec: 66
  nsec: 925959995
}
iterations: 16217
real_time_factor: 0.99992325589011044
step_size {
  nsec: 4000000
}

sim_time {
  sec: 64
  nsec: 972000000
}
real_time {
  sec: 67
  nsec: 29959704
}
iterations: 16243
real_time_factor: 1.0000552530527311
step_size {
  nsec: 4000000
}

sim_time {
  sec: 65
  nsec: 76000000
}
real_time {
  sec: 67
  nsec: 133959218
}
iterations: 16269
real_time_factor: 1.0000372513876141
step_size {
  nsec: 4000000
}

sim_time {
  sec: 65
  nsec: 176000000
}
real_time {
  sec: 67
  nsec: 233960113
}
iterations: 16294
real_time_factor: 0.99989801040293891
step_size {
  nsec: 4000000
}

sim_time {
  sec: 65
  nsec: 280000000
}
real_time {
  sec: 67
  nsec: 337959129
}
iterations: 16320
real_time_factor: 1.00000450002025
step_size {
  nsec: 4000000
}

sim_time {
  sec: 65
  nsec: 384000000
}
real_time {
  sec: 67
  nsec: 441959273
}
iterations: 16346
real_time_factor: 1.0000322510400961
step_size {
  nsec: 4000000
}

sim_time {
  sec: 65
  nsec: 484000000
}
real_time {
  sec: 67
  nsec: 541959529
}
iterations: 16371
real_time_factor: 0.99996050156018834
step_size {
  nsec: 4000000
}

sim_time {
  sec: 65
  nsec: 584000000
}
real_time {
  sec: 67
  nsec: 641959904
}
iterations: 16396
real_time_factor: 1.000308094893227
step_size {
  nsec: 4000000
}

sim_time {
  sec: 65
  nsec: 688000000
}
real_time {
  sec: 67
  nsec: 745959086
}
iterations: 16422
real_time_factor: 1.0001342680254823
step_size {
  nsec: 4000000
}

sim_time {
  sec: 65
  nsec: 788000000
}
real_time {
  sec: 67
  nsec: 845960174
}
iterations: 16447
real_time_factor: 0.99987751500441191
step_size {
  nsec: 4000000
}

sim_time {
  sec: 65
  nsec: 892000000
}
real_time {
  sec: 67
  nsec: 949959199
}
iterations: 16473
real_time_factor: 1.0000115001322516
step_size {
  nsec: 4000000
}

sim_time {
  sec: 65
  nsec: 992000000
}
real_time {
  sec: 68
  nsec: 49963501
}
iterations: 16498
real_time_factor: 1.0011400482299218
step_size {
  nsec: 4000000
}

sim_time {
  sec: 66
  nsec: 96000000
}
real_time {
  sec: 68
  nsec: 153959302
}
iterations: 16524
real_time_factor: 1.0000440019360852
step_size {
  nsec: 4000000
}

sim_time {
  sec: 66
  nsec: 196000000
}
real_time {
  sec: 68
  nsec: 253959585
}
iterations: 16549
real_time_factor: 1.0000485023523642
step_size {
  nsec: 4000000
}

sim_time {
  sec: 66
  nsec: 296000000
}
real_time {
  sec: 68
  nsec: 353959858
}
iterations: 16574
real_time_factor: 1.0007202684131904
step_size {
  nsec: 4000000
}

sim_time {
  sec: 66
  nsec: 396000000
}
real_time {
  sec: 68
  nsec: 453960159
}
iterations: 16599
real_time_factor: 0.9998657680206432
step_size {
  nsec: 4000000
}

sim_time {
  sec: 66
  nsec: 500000000
}
real_time {
  sec: 68
  nsec: 557960628
}
iterations: 16625
real_time_factor: 0.99981478431120629
step_size {
  nsec: 4000000
}

sim_time {
  sec: 66
  nsec: 604000000
}
real_time {
  sec: 68
  nsec: 661959391
}
iterations: 16651
real_time_factor: 1.0000465021623506
step_size {
  nsec: 4000000
}

sim_time {
  sec: 66
  nsec: 704000000
}
real_time {
  sec: 68
  nsec: 761960258
}
iterations: 16676
real_time_factor: 0.99975456025545728
step_size {
  nsec: 4000000
}

sim_time {
  sec: 66
  nsec: 808000000
}
real_time {
  sec: 68
  nsec: 865959679
}
iterations: 16702
real_time_factor: 1.0001390193236861
step_size {
  nsec: 4000000
}

sim_time {
  sec: 66
  nsec: 908000000
}
real_time {
  sec: 68
  nsec: 965961314
}
iterations: 16727
real_time_factor: 0.99996050156018834
step_size {
  nsec: 4000000
}

sim_time {
  sec: 67
  nsec: 12000000
}
real_time {
  sec: 69
  nsec: 69960226
}
iterations: 16753
real_time_factor: 1.000058003364195
step_size {
  nsec: 4000000
}

sim_time {
  sec: 67
  nsec: 116000000
}
real_time {
  sec: 69
  nsec: 173959989
}
iterations: 16779
real_time_factor: 0.99994925257543177
step_size {
  nsec: 4000000
}

sim_time {
  sec: 67
  nsec: 216000000
}
real_time {
  sec: 69
  nsec: 273962105
}
iterations: 16804
real_time_factor: 0.99938238168811677
step_size {
  nsec: 4000000
}

sim_time {
  sec: 67
  nsec: 320000000
}
real_time {
  sec: 69
  nsec: 377960878
}
iterations: 16830
real_time_factor: 0.99985876994874479
step_size {
  nsec: 4000000
}

sim_time {
  sec: 67
  nsec: 424000000
}
real_time {
  sec: 69
  nsec: 481961392
}
iterations: 16856
real_time_factor: 0.99964112883474832
step_size {
  nsec: 4000000
}

sim_time {
  sec: 67
  nsec: 524000000
}
real_time {
  sec: 69
  nsec: 581965119
}
iterations: 16881
real_time_factor: 0.99880692512793467
step_size {
  nsec: 4000000
}

sim_time {
  sec: 67
  nsec: 628000000
}
real_time {
  sec: 69
  nsec: 685962808
}
iterations: 16907
real_time_factor: 0.9994308241456491
step_size {
  nsec: 4000000
}

sim_time {
  sec: 67
  nsec: 732000000
}
real_time {
  sec: 69
  nsec: 789959915
}
iterations: 16933
real_time_factor: 0.99999275005256216
step_size {
  nsec: 4000000
}

sim_time {
  sec: 67
  nsec: 832000000
}
real_time {
  sec: 69
  nsec: 889960224
}
iterations: 16958
real_time_factor: 1.0002778271664956
step_size {
  nsec: 4000000
}

sim_time {
  sec: 67
  nsec: 936000000
}
real_time {
  sec: 69
  nsec: 993959414
}
iterations: 16984
real_time_factor: 0.99998125035155594
step_size {
  nsec: 4000000
}

sim_time {
  sec: 68
  nsec: 40000000
}
real_time {
  sec: 70
  nsec: 97959102
}
iterations: 17010
real_time_factor: 1.0000510026011327
step_size {
  nsec: 4000000
}

sim_time {
  sec: 68
  nsec: 144000000
}
real_time {
  sec: 70
  nsec: 201959236
}
iterations: 17036
real_time_factor: 0.99997675054054991
step_size {
  nsec: 4000000
}

sim_time {
  sec: 68
  nsec: 244000000
}
real_time {
  sec: 70
  nsec: 301959925
}
iterations: 17061
real_time_factor: 0.99996975091503482
step_size {
  nsec: 4000000
}

sim_time {
  sec: 68
  nsec: 344000000
}
real_time {
  sec: 70
  nsec: 401964447
}
iterations: 17086
real_time_factor: 0.999000999000999
step_size {
  nsec: 4000000
}

sim_time {
  sec: 68
  nsec: 448000000
}
real_time {
  sec: 70
  nsec: 505960090
}
iterations: 17112
real_time_factor: 1.0001920368710793
step_size {
  nsec: 4000000
}

sim_time {
  sec: 68
  nsec: 552000000
}
real_time {
  sec: 70
  nsec: 609959334
}
iterations: 17138
real_time_factor: 1.0001690285658276
step_size {
  nsec: 4000000
}

sim_time {
  sec: 68
  nsec: 652000000
}
real_time {
  sec: 70
  nsec: 709960393
}
iterations: 17163
real_time_factor: 0.99982203167836126
step_size {
  nsec: 4000000
}

sim_time {
  sec: 68
  nsec: 756000000
}
real_time {
  sec: 70
  nsec: 813959861
}
iterations: 17189
real_time_factor: 0.9999050090241427
step_size {
  nsec: 4000000
}

sim_time {
  sec: 68
  nsec: 856000000
}
real_time {
  sec: 70
  nsec: 913960217
}
iterations: 17214
real_time_factor: 0.99987701512713933
step_size {
  nsec: 4000000
}

sim_time {
  sec: 68
  nsec: 960000000
}
real_time {
  sec: 71
  nsec: 17959960
}
iterations: 17240
real_time_factor: 0.99987501562304715
step_size {
  nsec: 4000000
}

sim_time {
  sec: 69
  nsec: 60000000
}
real_time {
  sec: 71
  nsec: 117963416
}
iterations: 17265
real_time_factor: 0.999137494557823
step_size {
  nsec: 4000000
}

sim_time {
  sec: 69
  nsec: 164000000
}
real_time {
  sec: 71
  nsec: 221961012
}
iterations: 17291
real_time_factor: 0.99963913027397111
step_size {
  nsec: 4000000
}

sim_time {
  sec: 69
  nsec: 268000000
}
real_time {
  sec: 71
  nsec: 325959895
}
iterations: 17317
real_time_factor: 1.0001457712461592
step_size {
  nsec: 4000000
}

sim_time {
  sec: 69
  nsec: 368000000
}
real_time {
  sec: 71
  nsec: 425961713
}
iterations: 17342
real_time_factor: 0.99980328870294766
step_size {
  nsec: 4000000
}

sim_time {
  sec: 69
  nsec: 472000000
}
real_time {
  sec: 71
  nsec: 529960170
}
iterations: 17368
real_time_factor: 1.000085507310875
step_size {
  nsec: 4000000
}

sim_time {
  sec: 69
  nsec: 576000000
}
real_time {
  sec: 71
  nsec: 633959451
}
iterations: 17394
real_time_factor: 1.0000762558145058
step_size {
  nsec: 4000000
}

sim_time {
  sec: 69
  nsec: 676000000
}
real_time {
  sec: 71
  nsec: 733960260
}
iterations: 17419
real_time_factor: 0.99999275005256216
step_size {
  nsec: 4000000
}

sim_time {
  sec: 69
  nsec: 780000000
}
real_time {
  sec: 71
  nsec: 837960930
}
iterations: 17445
real_time_factor: 0.99991175778737529
step_size {
  nsec: 4000000
}

sim_time {
  sec: 69
  nsec: 884000000
}
real_time {
  sec: 71
  nsec: 941959539
}
iterations: 17471
real_time_factor: 0.99993975362984377
step_size {
  nsec: 4000000
}

sim_time {
  sec: 69
  nsec: 984000000
}
real_time {
  sec: 72
  nsec: 41959829
}
iterations: 17496
real_time_factor: 1.0000302509150902
step_size {
  nsec: 4000000
}

sim_time {
  sec: 70
  nsec: 88000000
}
real_time {
  sec: 72
  nsec: 145959739
}
iterations: 17522
real_time_factor: 0.99997225077004115
step_size {
  nsec: 4000000
}

sim_time {
  sec: 70
  nsec: 192000000
}
real_time {
  sec: 72
  nsec: 249959362
}
iterations: 17548
real_time_factor: 1.0000137501890651
step_size {
  nsec: 4000000
}

sim_time {
  sec: 70
  nsec: 292000000
}
real_time {
  sec: 72
  nsec: 349960262
}
iterations: 17573
real_time_factor: 0.99991200774331856
step_size {
  nsec: 4000000
}

sim_time {
  sec: 70
  nsec: 396000000
}
real_time {
  sec: 72
  nsec: 453959913
}
iterations: 17599
real_time_factor: 0.99992825514769312
step_size {
  nsec: 4000000
}

sim_time {
  sec: 70
  nsec: 496000000
}
real_time {
  sec: 72
  nsec: 553960657
}
iterations: 17624
real_time_factor: 0.999895510919109
step_size {
  nsec: 4000000
}

sim_time {
  sec: 70
  nsec: 600000000
}
real_time {
  sec: 72
  nsec: 657959844
}
iterations: 17650
real_time_factor: 0.99997675054054991
step_size {
  nsec: 4000000
}

sim_time {
  sec: 70
  nsec: 704000000
}
real_time {
  sec: 72
  nsec: 761960819
}
iterations: 17676
real_time_factor: 0.99975231136485931
step_size {
  nsec: 4000000
}

sim_time {
  sec: 70
  nsec: 808000000
}
real_time {
  sec: 72
  nsec: 865961303
}
iterations: 17702
real_time_factor: 0.99985177197480468
step_size {
  nsec: 4000000
}

sim_time {
  sec: 70
  nsec: 912000000
}
real_time {
  sec: 72
  nsec: 969964685
}
iterations: 17728
real_time_factor: 0.99891068789485071
step_size {
  nsec: 4000000
}

sim_time {
  sec: 71
  nsec: 16000000
}
real_time {
  sec: 73
  nsec: 73960372
}
iterations: 17754
real_time_factor: 1.00100551003483
step_size {
  nsec: 4000000
}

sim_time {
  sec: 71
  nsec: 120000000
}
real_time {
  sec: 73
  nsec: 177959133
}
iterations: 17780
real_time_factor: 1.0001132628270151
step_size {
  nsec: 4000000
}

sim_time {
  sec: 71
  nsec: 220000000
}
real_time {
  sec: 73
  nsec: 277962598
}
iterations: 17805
real_time_factor: 1.0006899757382715
step_size {
  nsec: 4000000
}

sim_time {
  sec: 71
  nsec: 324000000
}
real_time {
  sec: 73
  nsec: 381960312
}
iterations: 17831
real_time_factor: 0.99979404242726
step_size {
  nsec: 4000000
}

sim_time {
  sec: 71
  nsec: 428000000
}
real_time {
  sec: 73
  nsec: 485959277
}
iterations: 17857
real_time_factor: 1.0001712793315856
step_size {
  nsec: 4000000
}

sim_time {
  sec: 71
  nsec: 528000000
}
real_time {
  sec: 73
  nsec: 585964261
}
iterations: 17882
real_time_factor: 0.99996750105621568
step_size {
  nsec: 4000000
}

sim_time {
  sec: 71
  nsec: 632000000
}
real_time {
  sec: 73
  nsec: 689960058
}
iterations: 17908
real_time_factor: 0.99993075479523041
step_size {
  nsec: 4000000
}

sim_time {
  sec: 71
  nsec: 736000000
}
real_time {
  sec: 73
  nsec: 793960450
}
iterations: 17934
real_time_factor: 0.99974056732277972
step_size {
  nsec: 4000000
}

sim_time {
  sec: 71
  nsec: 840000000
}
real_time {
  sec: 73
  nsec: 897959655
}
iterations: 17960
real_time_factor: 1.0000487523766783
step_size {
  nsec: 4000000
}

sim_time {
  sec: 71
  nsec: 940000000
}
real_time {
  sec: 73
  nsec: 997959860
}
iterations: 17985
real_time_factor: 1.0000440019360852
step_size {
  nsec: 4000000
}

sim_time {
  sec: 72
  nsec: 44000000
}
real_time {
  sec: 74
  nsec: 101960630
}
iterations: 18011
real_time_factor: 0.99975456025545728
step_size {
  nsec: 4000000
}

sim_time {
  sec: 72
  nsec: 148000000
}
real_time {
  sec: 74
  nsec: 205959131
}
iterations: 18037
real_time_factor: 1.0001620262482522
step_size {
  nsec: 4000000
}

sim_time {
  sec: 72
  nsec: 248000000
}
real_time {
  sec: 74
  nsec: 305959364
}
iterations: 18062
real_time_factor: 1.0000507525756932
step_size {
  nsec: 4000000
}

sim_time {
  sec: 72
  nsec: 348000000
}
real_time {
  sec: 74
  nsec: 405961596
}
iterations: 18087
real_time_factor: 0.99970158907566087
step_size {
  nsec: 4000000
}

sim_time {
  sec: 72
  nsec: 452000000
}
real_time {
  sec: 74
  nsec: 509959311
}
iterations: 18113
real_time_factor: 1.0001065113434582
step_size {
  nsec: 4000000
}

sim_time {
  sec: 72
  nsec: 552000000
}
real_time {
  sec: 74
  nsec: 609960544
}
iterations: 18138
real_time_factor: 1.0002057923417744
step_size {
  nsec: 4000000
}

sim_time {
  sec: 72
  nsec: 656000000
}
real_time {
  sec: 74
  nsec: 713959785
}
iterations: 18164
real_time_factor: 0.99990975814432748
step_size {
  nsec: 4000000
}

sim_time {
  sec: 72
  nsec: 760000000
}
real_time {
  sec: 74
  nsec: 817959305
}
iterations: 18190
real_time_factor: 0.99994925257543177
step_size {
  nsec: 4000000
}

sim_time {
  sec: 72
  nsec: 864000000
}
real_time {
  sec: 74
  nsec: 921959529
}
iterations: 18216
real_time_factor: 0.99985652058929542
step_size {
  nsec: 4000000
}

sim_time {
  sec: 72
  nsec: 964000000
}
real_time {
  sec: 75
  nsec: 21962353
}
iterations: 18241
real_time_factor: 0.99947952103941873
step_size {
  nsec: 4000000
}

sim_time {
  sec: 73
  nsec: 68000000
}
real_time {
  sec: 75
  nsec: 125959520
}
iterations: 18267
real_time_factor: 1.0000695048305857
step_size {
  nsec: 4000000
}

sim_time {
  sec: 73
  nsec: 172000000
}
real_time {
  sec: 75
  nsec: 229961539
}
iterations: 18293
real_time_factor: 0.99953271845412273
step_size {
  nsec: 4000000
}

sim_time {
  sec: 73
  nsec: 276000000
}
real_time {
  sec: 75
  nsec: 333960003
}
iterations: 18319
real_time_factor: 1.0000417517431353
step_size {
  nsec: 4000000
}

sim_time {
  sec: 73
  nsec: 376000000
}
real_time {
  sec: 75
  nsec: 433959967
}
iterations: 18344
real_time_factor: 1.000222299406043
step_size {
  nsec: 4000000
}

sim_time {
  sec: 73
  nsec: 480000000
}
real_time {
  sec: 75
  nsec: 537964587
}
iterations: 18370
real_time_factor: 0.99890195702374163
step_size {
  nsec: 4000000
}

sim_time {
  sec: 73
  nsec: 584000000
}
real_time {
  sec: 75
  nsec: 641959088
}
iterations: 18396
real_time_factor: 1.0001390193236861
step_size {
  nsec: 4000000
}

sim_time {
  sec: 73
  nsec: 684000000
}
real_time {
  sec: 75
  nsec: 741959366
}
iterations: 18421
real_time_factor: 0.99998850013224849
step_size {
  nsec: 4000000
}

sim_time {
  sec: 73
  nsec: 784000000
}
real_time {
  sec: 75
  nsec: 841959765
}
iterations: 18446
real_time_factor: 1.000055503080421
step_size {
  nsec: 4000000
}

sim_time {
  sec: 73
  nsec: 884000000
}
real_time {
  sec: 75
  nsec: 941979626
}
iterations: 18471
real_time_factor: 0.99513726177035911
step_size {
  nsec: 4000000
}

sim_time {
  sec: 73
  nsec: 988000000
}
real_time {
  sec: 76
  nsec: 45960247
}
iterations: 18497
real_time_factor: 0.99999550002025
step_size {
  nsec: 4000000
}

sim_time {
  sec: 74
  nsec: 92000000
}
real_time {
  sec: 76
  nsec: 149965246
}
iterations: 18523
real_time_factor: 0.99856929983566045
step_size {
  nsec: 4000000
}

sim_time {
  sec: 74
  nsec: 196000000
}
real_time {
  sec: 76
  nsec: 253959682
}
iterations: 18549
real_time_factor: 0.99997675054054991
step_size {
  nsec: 4000000
}

sim_time {
  sec: 74
  nsec: 300000000
}
real_time {
  sec: 76
  nsec: 357960673
}
iterations: 18575
real_time_factor: 0.99981003609314234
step_size {
  nsec: 4000000
}

sim_time {
  sec: 74
  nsec: 404000000
}
real_time {
  sec: 76
  nsec: 461966413
}
iterations: 18601
real_time_factor: 0.998283202462565
step_size {
  nsec: 4000000
}

sim_time {
  sec: 74
  nsec: 508000000
}
real_time {
  sec: 76
  nsec: 565959367
}
iterations: 18627
real_time_factor: 1.0001875351628431
step_size {
  nsec: 4000000
}

sim_time {
  sec: 74
  nsec: 608000000
}
real_time {
  sec: 76
  nsec: 665959784
}
iterations: 18652
real_time_factor: 0.99987726506571317
step_size {
  nsec: 4000000
}

sim_time {
  sec: 74
  nsec: 712000000
}
real_time {
  sec: 76
  nsec: 769959709
}
iterations: 18678
real_time_factor: 1.0000302509150902
step_size {
  nsec: 4000000
}

sim_time {
  sec: 74
  nsec: 812000000
}
real_time {
  sec: 76
  nsec: 869960053
}
iterations: 18703
real_time_factor: 0.99987476568559785
step_size {
  nsec: 4000000
}

sim_time {
  sec: 74
  nsec: 916000000
}
real_time {
  sec: 76
  nsec: 973959450
}
iterations: 18729
real_time_factor: 1.000078756202051
step_size {
  nsec: 4000000
}

sim_time {
  sec: 75
  nsec: 20000000
}
real_time {
  sec: 77
  nsec: 77959519
}
iterations: 18755
real_time_factor: 0.99999275005256216
step_size {
  nsec: 4000000
}

sim_time {
  sec: 75
  nsec: 120000000
}
real_time {
  sec: 77
  nsec: 177963583
}
iterations: 18780
real_time_factor: 1.0003591289272848
step_size {
  nsec: 4000000
}

sim_time {
  sec: 75
  nsec: 220000000
}
real_time {
  sec: 77
  nsec: 277968693
}
iterations: 18805
real_time_factor: 0.99782897361066658
step_size {
  nsec: 4000000
}

sim_time {
  sec: 75
  nsec: 324000000
}
real_time {
  sec: 77
  nsec: 381959785
}
iterations: 18831
real_time_factor: 1.0002200484106503
step_size {
  nsec: 4000000
}

sim_time {
  sec: 75
  nsec: 428000000
}
real_time {
  sec: 77
  nsec: 485959914
}
iterations: 18857
real_time_factor: 1.0000395015603116
step_size {
  nsec: 4000000
}

sim_time {
  sec: 75
  nsec: 532000000
}
real_time {
  sec: 77
  nsec: 589959617
}
iterations: 18883
real_time_factor: 0.99997250075622923
step_size {
  nsec: 4000000
}

sim_time {
  sec: 75
  nsec: 636000000
}
real_time {
  sec: 77
  nsec: 693960385
}
iterations: 18909
real_time_factor: 0.99975031235948819
step_size {
  nsec: 4000000
}

sim_time {
  sec: 75
  nsec: 740000000
}
real_time {
  sec: 77
  nsec: 797959801
}
iterations: 18935
real_time_factor: 0.99997925043055358
step_size {
  nsec: 4000000
}

sim_time {
  sec: 75
  nsec: 840000000
}
real_time {
  sec: 77
  nsec: 897960199
}
iterations: 18960
real_time_factor: 0.9999305048299143
step_size {
  nsec: 4000000
}

sim_time {
  sec: 75
  nsec: 944000000
}
real_time {
  sec: 78
  nsec: 1959457
}
iterations: 18986
real_time_factor: 1.0000300009000269
step_size {
  nsec: 4000000
}

sim_time {
  sec: 76
  nsec: 44000000
}
real_time {
  sec: 78
  nsec: 101959539
}
iterations: 19011
real_time_factor: 1.0000415017223214
step_size {
  nsec: 4000000
}

sim_time {
  sec: 76
  nsec: 144000000
}
real_time {
  sec: 78
  nsec: 201959871
}
iterations: 19036
real_time_factor: 1.0000115001322516
step_size {
  nsec: 4000000
}

sim_time {
  sec: 76
  nsec: 248000000
}
real_time {
  sec: 78
  nsec: 305960046
}
iterations: 19062
real_time_factor: 0.99996050156018834
step_size {
  nsec: 4000000
}

sim_time {
  sec: 76
  nsec: 352000000
}
real_time {
  sec: 78
  nsec: 409959312
}
iterations: 19088
real_time_factor: 1.0001460213191127
step_size {
  nsec: 4000000
}

sim_time {
  sec: 76
  nsec: 452000000
}
real_time {
  sec: 78
  nsec: 509960839
}
iterations: 19113
real_time_factor: 0.99967160787681242
step_size {
  nsec: 4000000
}

sim_time {
  sec: 76
  nsec: 556000000
}
real_time {
  sec: 78
  nsec: 613959661
}
iterations: 19139
real_time_factor: 0.99999325004556217
step_size {
  nsec: 4000000
}

sim_time {
  sec: 76
  nsec: 656000000
}
real_time {
  sec: 78
  nsec: 713961299
}
iterations: 19164
real_time_factor: 1.0005838406710315
step_size {
  nsec: 4000000
}

sim_time {
  sec: 76
  nsec: 760000000
}
real_time {
  sec: 78
  nsec: 817959882
}
iterations: 19190
real_time_factor: 1.000106261290262
step_size {
  nsec: 4000000
}

sim_time {
  sec: 76
  nsec: 860000000
}
real_time {
  sec: 78
  nsec: 917960121
}
iterations: 19215
real_time_factor: 0.999847273328999
step_size {
  nsec: 4000000
}

sim_time {
  sec: 76
  nsec: 964000000
}
real_time {
  sec: 79
  nsec: 21959721
}
iterations: 19241
real_time_factor: 1.0000622538753037
step_size {
  nsec: 4000000
}

sim_time {
  sec: 77
  nsec: 68000000
}
real_time {
  sec: 79
  nsec: 125959599
}
iterations: 19267
real_time_factor: 1.0000207504305714
step_size {
  nsec: 4000000
}

sim_time {
  sec: 77
  nsec: 172000000
}
real_time {
  sec: 79
  nsec: 229959911
}
iterations: 19293
real_time_factor: 0.99989126182527654
step_size {
  nsec: 4000000
}

sim_time {
  sec: 77
  nsec: 272000000
}
real_time {
  sec: 79
  nsec: 329965205
}
iterations: 19318
real_time_factor: 0.99873560072947654
step_size {
  nsec: 4000000
}

sim_time {
  sec: 77
  nsec: 376000000
}
real_time {
  sec: 79
  nsec: 433959324
}
iterations: 19344
real_time_factor: 1.00000250000625
step_size {
  nsec: 4000000
}

sim_time {
  sec: 77
  nsec: 476000000
}
real_time {
  sec: 79
  nsec: 533959720
}
iterations: 19369
real_time_factor: 1.000058003364195
step_size {
  nsec: 4000000
}

sim_time {
  sec: 77
  nsec: 580000000
}
real_time {
  sec: 79
  nsec: 637959607
}
iterations: 19395
real_time_factor: 0.99998150034224365
step_size {
  nsec: 4000000
}

sim_time {
  sec: 77
  nsec: 680000000
}
real_time {
  sec: 79
  nsec: 737960114
}
iterations: 19420
real_time_factor: 1.0000210004410093
step_size {
  nsec: 4000000
}

sim_time {
  sec: 77
  nsec: 784000000
}
real_time {
  sec: 79
  nsec: 841959687
}
iterations: 19446
real_time_factor: 1.0000207504305714
step_size {
  nsec: 4000000
}

sim_time {
  sec: 77
  nsec: 888000000
}
real_time {
  sec: 79
  nsec: 945959471
}
iterations: 19472
real_time_factor: 1.000064754192834
step_size {
  nsec: 4000000
}

sim_time {
  sec: 77
  nsec: 988000000
}
real_time {
  sec: 80
  nsec: 45959811
}
iterations: 19497
real_time_factor: 1.000268572111612
step_size {
  nsec: 4000000
}

sim_time {
  sec: 78
  nsec: 88000000
}
real_time {
  sec: 80
  nsec: 145963420
}
iterations: 19522
real_time_factor: 0.99913250320409308
step_size {
  nsec: 4000000
}

sim_time {
  sec: 78
  nsec: 188000000
}
real_time {
  sec: 80
  nsec: 245977629
}
iterations: 19547
real_time_factor: 0.99558012204816715
step_size {
  nsec: 4000000
}

sim_time {
  sec: 78
  nsec: 292000000
}
real_time {
  sec: 80
  nsec: 349959895
}
iterations: 19573
real_time_factor: 0.99999100008099928
step_size {
  nsec: 4000000
}

sim_time {
  sec: 78
  nsec: 396000000
}
real_time {
  sec: 80
  nsec: 453959903
}
iterations: 19599
real_time_factor: 0.99995125237644666
step_size {
  nsec: 4000000
}

sim_time {
  sec: 78
  nsec: 496000000
}
real_time {
  sec: 80
  nsec: 553960196
}
iterations: 19624
real_time_factor: 0.99994925257543177
step_size {
  nsec: 4000000
}

sim_time {
  sec: 78
  nsec: 596000000
}
real_time {
  sec: 80
  nsec: 653960129
}
iterations: 19649
real_time_factor: 1.000057753335255
step_size {
  nsec: 4000000
}

sim_time {
  sec: 78
  nsec: 696000000
}
real_time {
  sec: 80
  nsec: 753965256
}
iterations: 19674
real_time_factor: 0.99869844624992477
step_size {
  nsec: 4000000
}

sim_time {
  sec: 78
  nsec: 800000000
}
real_time {
  sec: 80
  nsec: 857958910
}
iterations: 19700
real_time_factor: 1.00000250000625
step_size {
  nsec: 4000000
}

sim_time {
  sec: 78
  nsec: 900000000
}
real_time {
  sec: 80
  nsec: 957976250
}
iterations: 19725
real_time_factor: 1.0904046300761403
step_size {
  nsec: 4000000
}

sim_time {
  sec: 79
  nsec: 4000000
}
real_time {
  sec: 81
  nsec: 61959219
}
iterations: 19751
real_time_factor: 1.0000142502030653
step_size {
  nsec: 4000000
}

sim_time {
  sec: 79
  nsec: 104000000
}
real_time {
  sec: 81
  nsec: 161961402
}
iterations: 19776
real_time_factor: 1.0005765822555248
step_size {
  nsec: 4000000
}

sim_time {
  sec: 79
  nsec: 208000000
}
real_time {
  sec: 81
  nsec: 265961296
}
iterations: 19802
real_time_factor: 0.99954420784122444
step_size {
  nsec: 4000000
}

sim_time {
  sec: 79
  nsec: 312000000
}
real_time {
  sec: 81
  nsec: 369959988
}
iterations: 19828
real_time_factor: 1.0001872850691291
step_size {
  nsec: 4000000
}

sim_time {
  sec: 79
  nsec: 416000000
}
real_time {
  sec: 81
  nsec: 473959392
}
iterations: 19854
real_time_factor: 1.0000437519141463
step_size {
  nsec: 4000000
}

sim_time {
  sec: 79
  nsec: 520000000
}
real_time {
  sec: 81
  nsec: 577959832
}
iterations: 19880
real_time_factor: 0.99988676282411015
step_size {
  nsec: 4000000
}

sim_time {
  sec: 79
  nsec: 620000000
}
real_time {
  sec: 81
  nsec: 677960089
}
iterations: 19905
real_time_factor: 0.99984502402127673
step_size {
  nsec: 4000000
}

sim_time {
  sec: 79
  nsec: 724000000
}
real_time {
  sec: 81
  nsec: 781959965
}
iterations: 19931
real_time_factor: 1.0001135128837122
step_size {
  nsec: 4000000
}

sim_time {
  sec: 79
  nsec: 828000000
}
real_time {
  sec: 81
  nsec: 885959573
}
iterations: 19957
real_time_factor: 1.000085757353693
step_size {
  nsec: 4000000
}

sim_time {
  sec: 79
  nsec: 928000000
}
real_time {
  sec: 81
  nsec: 985959819
}
iterations: 19982
real_time_factor: 1.0000905081909912
step_size {
  nsec: 4000000
}

sim_time {
  sec: 80
  nsec: 32000000
}
real_time {
  sec: 82
  nsec: 89959917
}
iterations: 20008
real_time_factor: 0.99995375213896354
step_size {
  nsec: 4000000
}

sim_time {
  sec: 80
  nsec: 136000000
}
real_time {
  sec: 82
  nsec: 193959682
}
iterations: 20034
real_time_factor: 0.99994675283541157
step_size {
  nsec: 4000000
}

sim_time {
  sec: 80
  nsec: 236000000
}
real_time {
  sec: 82
  nsec: 293960394
}
iterations: 20059
real_time_factor: 1.0000095000902509
step_size {
  nsec: 4000000
}

sim_time {
  sec: 80
  nsec: 340000000
}
real_time {
  sec: 82
  nsec: 397959504
}
iterations: 20085
real_time_factor: 1.0000902581457976
step_size {
  nsec: 4000000
}

sim_time {
  sec: 80
  nsec: 440000000
}
real_time {
  sec: 82
  nsec: 497959935
}
iterations: 20110
real_time_factor: 1.0003173506795031
step_size {
  nsec: 4000000
}

sim_time {
  sec: 80
  nsec: 540000000
}
real_time {
  sec: 82
  nsec: 597960607
}
iterations: 20135
real_time_factor: 1.0006369053902808
step_size {
  nsec: 4000000
}

sim_time {
  sec: 80
  nsec: 644000000
}
real_time {
  sec: 82
  nsec: 701960269
}
iterations: 20161
real_time_factor: 1.0000487523766783
step_size {
  nsec: 4000000
}

sim_time {
  sec: 80
  nsec: 748000000
}
real_time {
  sec: 82
  nsec: 805960007
}
iterations: 20187
real_time_factor: 1.0000462521391615
step_size {
  nsec: 4000000
}

sim_time {
  sec: 80
  nsec: 848000000
}
real_time {
  sec: 82
  nsec: 905960031
}
iterations: 20212
real_time_factor: 1.0000600036002161
step_size {
  nsec: 4000000
}

sim_time {
  sec: 80
  nsec: 952000000
}
real_time {
  sec: 83
  nsec: 10636837
}
iterations: 20238
real_time_factor: 0.85531419539310671
step_size {
  nsec: 4000000
}

sim_time {
  sec: 81
  nsec: 52000000
}
real_time {
  sec: 83
  nsec: 110753472
}
iterations: 20263
real_time_factor: 0.83442051372767767
step_size {
  nsec: 4000000
}

sim_time {
  sec: 81
  nsec: 156000000
}
real_time {
  sec: 83
  nsec: 213963120
}
iterations: 20289
real_time_factor: 0.9997892944062039
step_size {
  nsec: 4000000
}

sim_time {
  sec: 81
  nsec: 260000000
}
real_time {
  sec: 83
  nsec: 317961058
}
iterations: 20315
real_time_factor: 1.0004146718814948
step_size {
  nsec: 4000000
}

sim_time {
  sec: 81
  nsec: 360000000
}
real_time {
  sec: 83
  nsec: 417961415
}
iterations: 20340
real_time_factor: 1.0010754052540942
step_size {
  nsec: 4000000
}

sim_time {
  sec: 81
  nsec: 464000000
}
real_time {
  sec: 83
  nsec: 521960096
}
iterations: 20366
real_time_factor: 1.0000880077446814
step_size {
  nsec: 4000000
}

sim_time {
  sec: 81
  nsec: 568000000
}
real_time {
  sec: 83
  nsec: 625960500
}
iterations: 20392
real_time_factor: 0.99996500122495713
step_size {
  nsec: 4000000
}

sim_time {
  sec: 81
  nsec: 672000000
}
real_time {
  sec: 83
  nsec: 729963402
}
iterations: 20418
real_time_factor: 0.99911877723847564
step_size {
  nsec: 4000000
}

sim_time {
  sec: 81
  nsec: 772000000
}
real_time {
  sec: 83
  nsec: 829966138
}
iterations: 20443
real_time_factor: 0.998527920213625
step_size {
  nsec: 4000000
}

sim_time {
  sec: 81
  nsec: 872000000
}
real_time {
  sec: 83
  nsec: 930334975
}
iterations: 20468
real_time_factor: 0.91436367031977817
step_size {
  nsec: 4000000
}

sim_time {
  sec: 81
  nsec: 976000000
}
real_time {
  sec: 84
  nsec: 33960082
}
iterations: 20494
real_time_factor: 1.0002037915225228
step_size {
  nsec: 4000000
}

sim_time {
  sec: 82
  nsec: 76000000
}
real_time {
  sec: 84
  nsec: 133962762
}
iterations: 20519
real_time_factor: 1.2312208046766691
step_size {
  nsec: 4000000
}

sim_time {
  sec: 82
  nsec: 180000000
}
real_time {
  sec: 84
  nsec: 237959545
}
iterations: 20545
real_time_factor: 1.0000115001322516
step_size {
  nsec: 4000000
}

sim_time {
  sec: 82
  nsec: 280000000
}
real_time {
  sec: 84
  nsec: 337959734
}
iterations: 20570
real_time_factor: 1.00000250000625
step_size {
  nsec: 4000000
}

sim_time {
  sec: 82
  nsec: 384000000
}
real_time {
  sec: 84
  nsec: 441959339
}
iterations: 20596
real_time_factor: 1.000085757353693
step_size {
  nsec: 4000000
}

sim_time {
  sec: 82
  nsec: 484000000
}
real_time {
  sec: 84
  nsec: 541959854
}
iterations: 20621
real_time_factor: 0.99990950818950886
step_size {
  nsec: 4000000
}

sim_time {
  sec: 82
  nsec: 588000000
}
real_time {
  sec: 84
  nsec: 645961469
}
iterations: 20647
real_time_factor: 0.99958592153200532
step_size {
  nsec: 4000000
}

sim_time {
  sec: 82
  nsec: 692000000
}
real_time {
  sec: 84
  nsec: 749959759
}
iterations: 20673
real_time_factor: 1.0000395015603116
step_size {
  nsec: 4000000
}

sim_time {
  sec: 82
  nsec: 796000000
}
real_time {
  sec: 84
  nsec: 853959338
}
iterations: 20699
real_time_factor: 1.0000465021623506
step_size {
  nsec: 4000000
}

sim_time {
  sec: 82
  nsec: 896000000
}
real_time {
  sec: 84
  nsec: 953959787
}
iterations: 20724
real_time_factor: 0.99994425310788926
step_size {
  nsec: 4000000
}

sim_time {
  sec: 83
}
real_time {
  sec: 85
  nsec: 57959298
}
iterations: 20750
real_time_factor: 1.0000765058526977
step_size {
  nsec: 4000000
}

sim_time {
  sec: 83
  nsec: 104000000
}
real_time {
  sec: 85
  nsec: 161959728
}
iterations: 20776
real_time_factor: 0.999967751040029
step_size {
  nsec: 4000000
}

sim_time {
  sec: 83
  nsec: 208000000
}
real_time {
  sec: 85
  nsec: 265961556
}
iterations: 20802
real_time_factor: 0.99954895353471751
step_size {
  nsec: 4000000
}

sim_time {
  sec: 83
  nsec: 312000000
}
real_time {
  sec: 85
  nsec: 369959207
}
iterations: 20828
real_time_factor: 0.999998000004
step_size {
  nsec: 4000000
}

sim_time {
  sec: 83
  nsec: 412000000
}
real_time {
  sec: 85
  nsec: 469959517
}
iterations: 20853
real_time_factor: 1.0000300009000269
step_size {
  nsec: 4000000
}

sim_time {
  sec: 83
  nsec: 516000000
}
real_time {
  sec: 85
  nsec: 573959140
}
iterations: 20879
real_time_factor: 1.0000280007840219
step_size {
  nsec: 4000000
}

sim_time {
  sec: 83
  nsec: 616000000
}
real_time {
  sec: 85
  nsec: 673959061
}
iterations: 20904
real_time_factor: 1.0000092500855633
step_size {
  nsec: 4000000
}

sim_time {
  sec: 83
  nsec: 716000000
}
real_time {
  sec: 85
  nsec: 773960120
}
iterations: 20929
real_time_factor: 1.0000950090258574
step_size {
  nsec: 4000000
}

sim_time {
  sec: 83
  nsec: 820000000
}
real_time {
  sec: 85
  nsec: 877959818
}
iterations: 20955
real_time_factor: 1.0000232505405751
step_size {
  nsec: 4000000
}

sim_time {
  sec: 83
  nsec: 924000000
}
real_time {
  sec: 85
  nsec: 981959942
}
iterations: 20981
real_time_factor: 0.99992575551265317
step_size {
  nsec: 4000000
}

sim_time {
  sec: 84
  nsec: 24000000
}
real_time {
  sec: 86
  nsec: 81959851
}
iterations: 21006
real_time_factor: 1.0000905081909912
step_size {
  nsec: 4000000
}

sim_time {
  sec: 84
  nsec: 128000000
}
real_time {
  sec: 86
  nsec: 185959577
}
iterations: 21032
real_time_factor: 1.000055503080421
step_size {
  nsec: 4000000
}

sim_time {
  sec: 84
  nsec: 228000000
}
real_time {
  sec: 86
  nsec: 285960459
}
iterations: 21057
real_time_factor: 0.999935254192291
step_size {
  nsec: 4000000
}

sim_time {
  sec: 84
  nsec: 332000000
}
real_time {
  sec: 86
  nsec: 389960472
}
iterations: 21083
real_time_factor: 0.99984952264684168
step_size {
  nsec: 4000000
}

sim_time {
  sec: 84
  nsec: 432000000
}
real_time {
  sec: 86
  nsec: 489960512
}
iterations: 21108
real_time_factor: 1.0007923773647787
step_size {
  nsec: 4000000
}

sim_time {
  sec: 84
  nsec: 536000000
}
real_time {
  sec: 86
  nsec: 593960348
}
iterations: 21134
real_time_factor: 0.99998850013224849
step_size {
  nsec: 4000000
}

sim_time {
  sec: 84
  nsec: 636000000
}
real_time {
  sec: 86
  nsec: 693980638
}
iterations: 21159
real_time_factor: 0.99495854505222037
step_size {
  nsec: 4000000
}

sim_time {
  sec: 84
  nsec: 740000000
}
real_time {
  sec: 86
  nsec: 797959493
}
iterations: 21185
real_time_factor: 1.0001042608691957
step_size {
  nsec: 4000000
}

sim_time {
  sec: 84
  nsec: 840000000
}
real_time {
  sec: 86
  nsec: 897960560
}
iterations: 21210
real_time_factor: 1.000058003364195
step_size {
  nsec: 4000000
}

sim_time {
  sec: 84
  nsec: 944000000
}
real_time {
  sec: 87
  nsec: 1959989
}
iterations: 21236
real_time_factor: 1.0000345011902911
step_size {
  nsec: 4000000
}

sim_time {
  sec: 85
  nsec: 44000000
}
real_time {
  sec: 87
  nsec: 101960362
}
iterations: 21261
real_time_factor: 1.000458460089336
step_size {
  nsec: 4000000
}

sim_time {
  sec: 85
  nsec: 148000000
}
real_time {
  sec: 87
  nsec: 205960280
}
iterations: 21287
real_time_factor: 1.0000047500225626
step_size {
  nsec: 4000000
}

sim_time {
  sec: 85
  nsec: 248000000
}
real_time {
  sec: 87
  nsec: 305960246
}
iterations: 21312
real_time_factor: 0.99978479632259154
step_size {
  nsec: 4000000
}

sim_time {
  sec: 85
  nsec: 348000000
}
real_time {
  sec: 87
  nsec: 405971899
}
iterations: 21337
real_time_factor: 0.9973657078242093
step_size {
  nsec: 4000000
}

sim_time {
  sec: 85
  nsec: 452000000
}
real_time {
  sec: 87
  nsec: 509964125
}
iterations: 21363
real_time_factor: 0.99935716350457571
step_size {
  nsec: 4000000
}

sim_time {
  sec: 85
  nsec: 556000000
}
real_time {
  sec: 87
  nsec: 613959656
}
iterations: 21389
real_time_factor: 0.99989826035200924
step_size {
  nsec: 4000000
}

sim_time {
  sec: 85
  nsec: 660000000
}
real_time {
  sec: 87
  nsec: 717959398
}
iterations: 21415
real_time_factor: 1.0000325010562843
step_size {
  nsec: 4000000
}

sim_time {
  sec: 85
  nsec: 760000000
}
real_time {
  sec: 87
  nsec: 817959790
}
iterations: 21440
real_time_factor: 1.000058003364195
step_size {
  nsec: 4000000
}

sim_time {
  sec: 85
  nsec: 864000000
}
real_time {
  sec: 87
  nsec: 921959458
}
iterations: 21466
real_time_factor: 1.0000487523766783
step_size {
  nsec: 4000000
}

sim_time {
  sec: 85
  nsec: 968000000
}
real_time {
  sec: 88
  nsec: 25959201
}
iterations: 21492
real_time_factor: 1.0000532528357136
step_size {
  nsec: 4000000
}

sim_time {
  sec: 86
  nsec: 64000000
}
real_time {
  sec: 88
  nsec: 128497450
}
iterations: 21516
real_time_factor: 1.0001297668372471
step_size {
  nsec: 4000000
}

sim_time {
  sec: 86
  nsec: 168000000
}
real_time {
  sec: 88
  nsec: 232495776
}
iterations: 21542
real_time_factor: 1.0001922869671693
step_size {
  nsec: 4000000
}

sim_time {
  sec: 86
  nsec: 268000000
}
real_time {
  sec: 88
  nsec: 332496380
}
iterations: 21567
real_time_factor: 0.99997200078397808
step_size {
  nsec: 4000000
}

sim_time {
  sec: 86
  nsec: 372000000
}
real_time {
  sec: 88
  nsec: 436496270
}
iterations: 21593
real_time_factor: 0.99987951451850055
step_size {
  nsec: 4000000
}

sim_time {
  sec: 86
  nsec: 472000000
}
real_time {
  sec: 88
  nsec: 536496522
}
iterations: 21618
real_time_factor: 1.0003078447392184
step_size {
  nsec: 4000000
}

sim_time {
  sec: 86
  nsec: 576000000
}
real_time {
  sec: 88
  nsec: 640496468
}
iterations: 21644
real_time_factor: 0.99992350585180234
step_size {
  nsec: 4000000
}

sim_time {
  sec: 86
  nsec: 680000000
}
real_time {
  sec: 88
  nsec: 744496923
}
iterations: 21670
real_time_factor: 1.0000510026011327
step_size {
  nsec: 4000000
}

sim_time {
  sec: 86
  nsec: 784000000
}
real_time {
  sec: 88
  nsec: 848496786
}
iterations: 21696
real_time_factor: 0.99995375213896354
step_size {
  nsec: 4000000
}

sim_time {
  sec: 86
  nsec: 888000000
}
real_time {
  sec: 88
  nsec: 952497093
}
iterations: 21722
real_time_factor: 0.99992375581361925
step_size {
  nsec: 4000000
}

sim_time {
  sec: 86
  nsec: 992000000
}
real_time {
  sec: 89
  nsec: 56496362
}
iterations: 21748
real_time_factor: 1.0000625039064941
step_size {
  nsec: 4000000
}

