sim_time {
  nsec: 4000000
}
real_time {
  sec: 1
  nsec: 768594504
}
iterations: 1
real_time_factor: 0.0022616829301195206
step_size {
  nsec: 4000000
}

sim_time {
  nsec: 108000000
}
real_time {
  sec: 1
  nsec: 872579375
}
iterations: 27
real_time_factor: 0.99919539790583634
step_size {
  nsec: 4000000
}

sim_time {
  nsec: 212000000
}
real_time {
  sec: 1
  nsec: 976572913
}
iterations: 53
real_time_factor: 1.0000192503705696
step_size {
  nsec: 4000000
}

sim_time {
  nsec: 316000000
}
real_time {
  sec: 2
  nsec: 80572897
}
iterations: 79
real_time_factor: 0.99997725051755071
step_size {
  nsec: 4000000
}

sim_time {
  nsec: 420000000
}
real_time {
  sec: 2
  nsec: 184573232
}
iterations: 105
real_time_factor: 0.99988451333870942
step_size {
  nsec: 4000000
}

sim_time {
  nsec: 520000000
}
real_time {
  sec: 2
  nsec: 284573198
}
iterations: 130
real_time_factor: 1.001790951774034
step_size {
  nsec: 4000000
}

sim_time {
  nsec: 620000000
}
real_time {
  sec: 2
  nsec: 384574276
}
iterations: 155
real_time_factor: 0.99972757423602066
step_size {
  nsec: 4000000
}

sim_time {
  nsec: 720000000
}
real_time {
  sec: 2
  nsec: 484575502
}
iterations: 180
real_time_factor: 0.99936889854057165
step_size {
  nsec: 4000000
}

sim_time {
  nsec: 824000000
}
real_time {
  sec: 2
  nsec: 588573750
}
iterations: 206
real_time_factor: 1.0004499523660766
step_size {
  nsec: 4000000
}

sim_time {
  nsec: 928000000
}
real_time {
  sec: 2
  nsec: 692572885
}
iterations: 232
real_time_factor: 1.0000910082817536
step_size {
  nsec: 4000000
}

sim_time {
  sec: 1
  nsec: 28000000
}
real_time {
  sec: 2
  nsec: 792576819
}
iterations: 257
real_time_factor: 0.99915870836755449
step_size {
  nsec: 4000000
}

sim_time {
  sec: 1
  nsec: 132000000
}
real_time {
  sec: 2
  nsec: 896573055
}
iterations: 283
real_time_factor: 1.0002438094285482
step_size {
  nsec: 4000000
}

sim_time {
  sec: 1
  nsec: 236000000
}
real_time {
  sec: 3
  nsec: 572801
}
iterations: 309
real_time_factor: 0.99991975643954578
step_size {
  nsec: 4000000
}

sim_time {
  sec: 1
  nsec: 340000000
}
real_time {
  sec: 3
  nsec: 104572982
}
iterations: 335
real_time_factor: 0.99998900012099867
step_size {
  nsec: 4000000
}

sim_time {
  sec: 1
  nsec: 444000000
}
real_time {
  sec: 3
  nsec: 208572876
}
iterations: 361
real_time_factor: 1.0000237505640759
step_size {
  nsec: 4000000
}

sim_time {
  sec: 1
  nsec: 548000000
}
real_time {
  sec: 3
  nsec: 312572871
}
iterations: 387
real_time_factor: 1.0000265007022686
step_size {
  nsec: 4000000
}

sim_time {
  sec: 1
  nsec: 652000000
}
real_time {
  sec: 3
  nsec: 416572886
}
iterations: 413
real_time_factor: 1.0000097500950633
step_size {
  nsec: 4000000
}

sim_time {
  sec: 1
  nsec: 756000000
}
real_time {
  sec: 3
  nsec: 520575944
}
iterations: 439
real_time_factor: 0.99927227996211754
step_size {
  nsec: 4000000
}

sim_time {
  sec: 1
  nsec: 816000000
}
real_time {
  sec: 3
  nsec: 871787440
}
iterations: 454
real_time_factor: 0.013549489743322497
step_size {
  nsec: 4000000
}

sim_time {
  sec: 1
  nsec: 920000000
}
real_time {
  sec: 3
  nsec: 975791533
}
iterations: 480
real_time_factor: 0.99834125600315071
step_size {
  nsec: 4000000
}

sim_time {
  sec: 2
  nsec: 24000000
}
real_time {
  sec: 4
  nsec: 79784846
}
iterations: 506
real_time_factor: 0.999991750068062
step_size {
  nsec: 4000000
}

sim_time {
  sec: 2
  nsec: 124000000
}
real_time {
  sec: 4
  nsec: 179784913
}
iterations: 531
real_time_factor: 1.0002810789831942
step_size {
  nsec: 4000000
}

sim_time {
  sec: 2
  nsec: 228000000
}
real_time {
  sec: 4
  nsec: 283784700
}
iterations: 557
real_time_factor: 1.000010000100001
step_size {
  nsec: 4000000
}

sim_time {
  sec: 2
  nsec: 328000000
}
real_time {
  sec: 4
  nsec: 383784776
}
iterations: 582
real_time_factor: 1.0002440595505304
step_size {
  nsec: 4000000
}

sim_time {
  sec: 2
  nsec: 432000000
}
real_time {
  sec: 4
  nsec: 487784923
}
iterations: 608
real_time_factor: 0.99996850099221879
step_size {
  nsec: 4000000
}

sim_time {
  sec: 2
  nsec: 536000000
}
real_time {
  sec: 4
  nsec: 591784725
}
iterations: 634
real_time_factor: 0.99998225031505694
step_size {
  nsec: 4000000
}

sim_time {
  sec: 2
  nsec: 640000000
}
real_time {
  sec: 4
  nsec: 695784940
}
iterations: 660
real_time_factor: 0.99991325752490967
step_size {
  nsec: 4000000
}

sim_time {
  sec: 2
  nsec: 744000000
}
real_time {
  sec: 4
  nsec: 799784379
}
iterations: 686
real_time_factor: 0.999961501482193
step_size {
  nsec: 4000000
}

sim_time {
  sec: 2
  nsec: 844000000
}
real_time {
  sec: 4
  nsec: 899785051
}
iterations: 711
real_time_factor: 1.0000335011222876
step_size {
  nsec: 4000000
}

sim_time {
  sec: 2
  nsec: 948000000
}
real_time {
  sec: 5
  nsec: 3784591
}
iterations: 737
real_time_factor: 1.0000565031924304
step_size {
  nsec: 4000000
}

sim_time {
  sec: 3
  nsec: 48000000
}
real_time {
  sec: 5
  nsec: 103785699
}
iterations: 762
real_time_factor: 1.0019329792001219
step_size {
  nsec: 4000000
}

sim_time {
  sec: 3
  nsec: 148000000
}
real_time {
  sec: 5
  nsec: 203786169
}
iterations: 787
real_time_factor: 0.99963763135863248
step_size {
  nsec: 4000000
}

sim_time {
  sec: 3
  nsec: 252000000
}
real_time {
  sec: 5
  nsec: 307785468
}
iterations: 813
real_time_factor: 0.99990150970129443
step_size {
  nsec: 4000000
}

sim_time {
  sec: 3
  nsec: 356000000
}
real_time {
  sec: 5
  nsec: 411785767
}
iterations: 839
real_time_factor: 0.9998642684255612
step_size {
  nsec: 4000000
}

sim_time {
  sec: 3
  nsec: 456000000
}
real_time {
  sec: 5
  nsec: 511785605
}
iterations: 864
real_time_factor: 1.0001377689776767
step_size {
  nsec: 4000000
}

sim_time {
  sec: 3
  nsec: 560000000
}
real_time {
  sec: 5
  nsec: 615785037
}
iterations: 890
real_time_factor: 1.0000820067245515
step_size {
  nsec: 4000000
}

sim_time {
  sec: 3
  nsec: 660000000
}
real_time {
  sec: 5
  nsec: 715785661
}
iterations: 915
real_time_factor: 0.99988051427854374
step_size {
  nsec: 4000000
}

sim_time {
  sec: 3
  nsec: 764000000
}
real_time {
  sec: 5
  nsec: 819784735
}
iterations: 941
real_time_factor: 1.0000335011222876
step_size {
  nsec: 4000000
}

sim_time {
  sec: 3
  nsec: 864000000
}
real_time {
  sec: 5
  nsec: 919785708
}
iterations: 966
real_time_factor: 0.99999650001224993
step_size {
  nsec: 4000000
}

sim_time {
  sec: 3
  nsec: 964000000
}
real_time {
  sec: 6
  nsec: 19786525
}
iterations: 991
real_time_factor: 0.99978104795049882
step_size {
  nsec: 4000000
}

sim_time {
  sec: 4
  nsec: 68000000
}
real_time {
  sec: 6
  nsec: 123785901
}
iterations: 1017
real_time_factor: 1.00000350001225
step_size {
  nsec: 4000000
}

sim_time {
  sec: 4
  nsec: 172000000
}
real_time {
  sec: 6
  nsec: 227785824
}
iterations: 1043
real_time_factor: 0.99991300756834156
step_size {
  nsec: 4000000
}

sim_time {
  sec: 4
  nsec: 276000000
}
real_time {
  sec: 6
  nsec: 331785238
}
iterations: 1069
real_time_factor: 1.00000350001225
step_size {
  nsec: 4000000
}

sim_time {
  sec: 4
  nsec: 376000000
}
real_time {
  sec: 6
  nsec: 431787109
}
iterations: 1094
real_time_factor: 0.99955694638351555
step_size {
  nsec: 4000000
}

sim_time {
  sec: 4
  nsec: 480000000
}
real_time {
  sec: 6
  nsec: 535785639
}
iterations: 1120
real_time_factor: 1.0000497524751857
step_size {
  nsec: 4000000
}

sim_time {
  sec: 4
  nsec: 580000000
}
real_time {
  sec: 6
  nsec: 635785931
}
iterations: 1145
real_time_factor: 0.99994100348079462
step_size {
  nsec: 4000000
}

sim_time {
  sec: 4
  nsec: 684000000
}
real_time {
  sec: 6
  nsec: 739785725
}
iterations: 1171
real_time_factor: 0.99996650112221241
step_size {
  nsec: 4000000
}

sim_time {
  sec: 4
  nsec: 788000000
}
real_time {
  sec: 6
  nsec: 843785980
}
iterations: 1197
real_time_factor: 0.999712082920119
step_size {
  nsec: 4000000
}

sim_time {
  sec: 4
  nsec: 892000000
}
real_time {
  sec: 6
  nsec: 947785171
}
iterations: 1223
real_time_factor: 1.0000012500015625
step_size {
  nsec: 4000000
}

sim_time {
  sec: 4
  nsec: 992000000
}
real_time {
  sec: 7
  nsec: 47787774
}
iterations: 1248
real_time_factor: 0.99935591511270983
step_size {
  nsec: 4000000
}

sim_time {
  sec: 5
  nsec: 96000000
}
real_time {
  sec: 7
  nsec: 151785228
}
iterations: 1274
real_time_factor: 1.0005803365952253
step_size {
  nsec: 4000000
}

sim_time {
  sec: 5
  nsec: 196000000
}
real_time {
  sec: 7
  nsec: 251786234
}
iterations: 1299
real_time_factor: 1.0008932972678115
step_size {
  nsec: 4000000
}

sim_time {
  sec: 5
  nsec: 300000000
}
real_time {
  sec: 7
  nsec: 355784734
}
iterations: 1325
real_time_factor: 1.0003856486675613
step_size {
  nsec: 4000000
}

sim_time {
  sec: 5
  nsec: 400000000
}
real_time {
  sec: 7
  nsec: 455785202
}
iterations: 1350
real_time_factor: 1.0001195142819568
step_size {
  nsec: 4000000
}

sim_time {
  sec: 5
  nsec: 504000000
}
real_time {
  sec: 7
  nsec: 559785214
}
iterations: 1376
real_time_factor: 0.99996650112221241
step_size {
  nsec: 4000000
}

sim_time {
  sec: 5
  nsec: 608000000
}
real_time {
  sec: 7
  nsec: 663784982
}
iterations: 1402
real_time_factor: 1.0000267507155816
step_size {
  nsec: 4000000
}

sim_time {
  sec: 5
  nsec: 712000000
}
real_time {
  sec: 7
  nsec: 767784934
}
iterations: 1428
real_time_factor: 1.0000105001102511
step_size {
  nsec: 4000000
}

sim_time {
  sec: 5
  nsec: 816000000
}
real_time {
  sec: 7
  nsec: 871785022
}
iterations: 1454
real_time_factor: 0.99995500202490883
step_size {
  nsec: 4000000
}

sim_time {
  sec: 5
  nsec: 916000000
}
real_time {
  sec: 7
  nsec: 971785152
}
iterations: 1479
real_time_factor: 0.99995975161999728
step_size {
  nsec: 4000000
}

sim_time {
  sec: 6
  nsec: 20000000
}
real_time {
  sec: 8
  nsec: 75785082
}
iterations: 1505
real_time_factor: 1.0000197503900703
step_size {
  nsec: 4000000
}

sim_time {
  sec: 6
  nsec: 120000000
}
real_time {
  sec: 8
  nsec: 175785398
}
iterations: 1530
real_time_factor: 1.0328463204720728
step_size {
  nsec: 4000000
}

sim_time {
  sec: 6
  nsec: 224000000
}
real_time {
  sec: 8
  nsec: 279785170
}
iterations: 1556
real_time_factor: 1.0000175003062555
step_size {
  nsec: 4000000
}

sim_time {
  sec: 6
  nsec: 328000000
}
real_time {
  sec: 8
  nsec: 383785276
}
iterations: 1582
real_time_factor: 1.0000500025001251
step_size {
  nsec: 4000000
}

sim_time {
  sec: 6
  nsec: 428000000
}
real_time {
  sec: 8
  nsec: 483785637
}
iterations: 1607
real_time_factor: 1.0000730053293891
step_size {
  nsec: 4000000
}

sim_time {
  sec: 6
  nsec: 528000000
}
real_time {
  sec: 8
  nsec: 583790413
}
iterations: 1632
real_time_factor: 0.99902570018589376
step_size {
  nsec: 4000000
}

sim_time {
  sec: 6
  nsec: 632000000
}
real_time {
  sec: 8
  nsec: 687793291
}
iterations: 1658
real_time_factor: 0.99833527592739113
step_size {
  nsec: 4000000
}

sim_time {
  sec: 6
  nsec: 736000000
}
real_time {
  sec: 8
  nsec: 791785706
}
iterations: 1684
real_time_factor: 0.99981153552555346
step_size {
  nsec: 4000000
}

sim_time {
  sec: 6
  nsec: 840000000
}
real_time {
  sec: 8
  nsec: 895785473
}
iterations: 1710
real_time_factor: 0.99991100792029508
step_size {
  nsec: 4000000
}

sim_time {
  sec: 6
  nsec: 944000000
}
real_time {
  sec: 8
  nsec: 999785480
}
iterations: 1736
real_time_factor: 0.99982553044493738
step_size {
  nsec: 4000000
}

sim_time {
  sec: 7
  nsec: 48000000
}
real_time {
  sec: 9
  nsec: 103784876
}
iterations: 1762
real_time_factor: 1.0000340011560394
step_size {
  nsec: 4000000
}

sim_time {
  sec: 7
  nsec: 148000000
}
real_time {
  sec: 9
  nsec: 203787418
}
iterations: 1787
real_time_factor: 0.999427827568717
step_size {
  nsec: 4000000
}

sim_time {
  sec: 7
  nsec: 252000000
}
real_time {
  sec: 9
  nsec: 307785027
}
iterations: 1813
real_time_factor: 0.99998775015006069
step_size {
  nsec: 4000000
}

sim_time {
  sec: 7
  nsec: 352000000
}
real_time {
  sec: 9
  nsec: 407785273
}
iterations: 1838
real_time_factor: 1.0003951560866542
step_size {
  nsec: 4000000
}

sim_time {
  sec: 7
  nsec: 456000000
}
real_time {
  sec: 9
  nsec: 511785038
}
iterations: 1864
real_time_factor: 0.999992250060062
step_size {
  nsec: 4000000
}

sim_time {
  sec: 7
  nsec: 556000000
}
real_time {
  sec: 9
  nsec: 611785500
}
iterations: 1889
real_time_factor: 1.0000850072256142
step_size {
  nsec: 4000000
}

sim_time {
  sec: 7
  nsec: 660000000
}
real_time {
  sec: 9
  nsec: 715785243
}
iterations: 1915
real_time_factor: 1.0000110001210014
step_size {
  nsec: 4000000
}

sim_time {
  sec: 7
  nsec: 764000000
}
real_time {
  sec: 9
  nsec: 819785328
}
iterations: 1941
real_time_factor: 0.99994150342204979
step_size {
  nsec: 4000000
}

sim_time {
  sec: 7
  nsec: 868000000
}
real_time {
  sec: 9
  nsec: 923784969
}
iterations: 1967
real_time_factor: 1.0000295008702758
step_size {
  nsec: 4000000
}

sim_time {
  sec: 7
  nsec: 972000000
}
real_time {
  sec: 10
  nsec: 27784786
}
iterations: 1993
real_time_factor: 0.999990000099999
step_size {
  nsec: 4000000
}

sim_time {
  sec: 8
  nsec: 72000000
}
real_time {
  sec: 10
  nsec: 127785035
}
iterations: 2018
real_time_factor: 1.0000180003240058
step_size {
  nsec: 4000000
}

sim_time {
  sec: 8
  nsec: 176000000
}
real_time {
  sec: 10
  nsec: 231785546
}
iterations: 2044
real_time_factor: 0.99989776045399359
step_size {
  nsec: 4000000
}

sim_time {
  sec: 8
  nsec: 280000000
}
real_time {
  sec: 10
  nsec: 335784974
}
iterations: 2070
real_time_factor: 1.0000272507425827
step_size {
  nsec: 4000000
}

sim_time {
  sec: 8
  nsec: 380000000
}
real_time {
  sec: 10
  nsec: 435785094
}
iterations: 2095
real_time_factor: 0.99994600291584257
step_size {
  nsec: 4000000
}

sim_time {
  sec: 8
  nsec: 480000000
}
real_time {
  sec: 10
  nsec: 535785782
}
iterations: 2120
real_time_factor: 1.0002658206418356
step_size {
  nsec: 4000000
}

sim_time {
  sec: 8
  nsec: 584000000
}
real_time {
  sec: 10
  nsec: 639785390
}
iterations: 2146
real_time_factor: 0.99996250140619725
step_size {
  nsec: 4000000
}

sim_time {
  sec: 8
  nsec: 684000000
}
real_time {
  sec: 10
  nsec: 739786764
}
iterations: 2171
real_time_factor: 1.0001592753646018
step_size {
  nsec: 4000000
}

sim_time {
  sec: 8
  nsec: 784000000
}
real_time {
  sec: 10
  nsec: 839789212
}
iterations: 2196
real_time_factor: 1.0008775193651034
step_size {
  nsec: 4000000
}

sim_time {
  sec: 8
  nsec: 888000000
}
real_time {
  sec: 10
  nsec: 943788171
}
iterations: 2222
real_time_factor: 0.99930548268953079
step_size {
  nsec: 4000000
}

sim_time {
  sec: 8
  nsec: 992000000
}
real_time {
  sec: 11
  nsec: 47784797
}
iterations: 2248
real_time_factor: 1.0001592753646018
step_size {
  nsec: 4000000
}

sim_time {
  sec: 9
  nsec: 92000000
}
real_time {
  sec: 11
  nsec: 147785588
}
iterations: 2273
real_time_factor: 0.99988601299451862
step_size {
  nsec: 4000000
}

sim_time {
  sec: 9
  nsec: 196000000
}
real_time {
  sec: 11
  nsec: 251784983
}
iterations: 2299
real_time_factor: 1.0001287665786971
step_size {
  nsec: 4000000
}

sim_time {
  sec: 9
  nsec: 296000000
}
real_time {
  sec: 11
  nsec: 351785032
}
iterations: 2324
real_time_factor: 1.0003213532347266
step_size {
  nsec: 4000000
}

sim_time {
  sec: 9
  nsec: 400000000
}
real_time {
  sec: 11
  nsec: 455785158
}
iterations: 2350
real_time_factor: 1.0000597535702758
step_size {
  nsec: 4000000
}

sim_time {
  sec: 9
  nsec: 500000000
}
real_time {
  sec: 11
  nsec: 555785145
}
iterations: 2375
real_time_factor: 1.0001015103032957
step_size {
  nsec: 4000000
}

sim_time {
  sec: 9
  nsec: 600000000
}
real_time {
  sec: 11
  nsec: 655785736
}
iterations: 2400
real_time_factor: 0.99999500002499986
step_size {
  nsec: 4000000
}

sim_time {
  sec: 9
  nsec: 704000000
}
real_time {
  sec: 11
  nsec: 759785773
}
iterations: 2426
real_time_factor: 0.99984227488113753
step_size {
  nsec: 4000000
}

sim_time {
  sec: 9
  nsec: 804000000
}
real_time {
  sec: 11
  nsec: 859786133
}
iterations: 2451
real_time_factor: 0.999863018766429
step_size {
  nsec: 4000000
}

sim_time {
  sec: 9
  nsec: 908000000
}
real_time {
  sec: 11
  nsec: 963785827
}
iterations: 2477
real_time_factor: 0.99984002559590468
step_size {
  nsec: 4000000
}

sim_time {
  sec: 10
  nsec: 8000000
}
real_time {
  sec: 12
  nsec: 63786409
}
iterations: 2502
real_time_factor: 0.99977979849938048
step_size {
  nsec: 4000000
}

sim_time {
  sec: 10
  nsec: 112000000
}
real_time {
  sec: 12
  nsec: 167784779
}
iterations: 2528
real_time_factor: 0.99999275005256216
step_size {
  nsec: 4000000
}

sim_time {
  sec: 10
  nsec: 212000000
}
real_time {
  sec: 12
  nsec: 267786500
}
iterations: 2553
real_time_factor: 1.0000112501265639
step_size {
  nsec: 4000000
}

sim_time {
  sec: 10
  nsec: 316000000
}
real_time {
  sec: 12
  nsec: 371785695
}
iterations: 2579
real_time_factor: 0.99994850265211344
step_size {
  nsec: 4000000
}

sim_time {
  sec: 10
  nsec: 416000000
}
real_time {
  sec: 12
  nsec: 471786054
}
iterations: 2604
real_time_factor: 1.0003098459747908
step_size {
  nsec: 4000000
}

sim_time {
  sec: 10
  nsec: 520000000
}
real_time {
  sec: 12
  nsec: 575786599
}
iterations: 2630
real_time_factor: 0.99975680915617271
step_size {
  nsec: 4000000
}

sim_time {
  sec: 10
  nsec: 624000000
}
real_time {
  sec: 12
  nsec: 679785269
}
iterations: 2656
real_time_factor: 0.9999305048299143
step_size {
  nsec: 4000000
}

sim_time {
  sec: 10
  nsec: 728000000
}
real_time {
  sec: 12
  nsec: 783784875
}
iterations: 2682
real_time_factor: 1.0000760057764391
step_size {
  nsec: 4000000
}

sim_time {
  sec: 10
  nsec: 828000000
}
real_time {
  sec: 12
  nsec: 883790914
}
iterations: 2707
real_time_factor: 1.0046586019371828
step_size {
  nsec: 4000000
}

sim_time {
  sec: 10
  nsec: 932000000
}
real_time {
  sec: 12
  nsec: 987784687
}
iterations: 2733
real_time_factor: 1.0000785061627337
step_size {
  nsec: 4000000
}

sim_time {
  sec: 11
  nsec: 32000000
}
real_time {
  sec: 13
  nsec: 87785227
}
iterations: 2758
real_time_factor: 1.0001270161310487
step_size {
  nsec: 4000000
}

sim_time {
  sec: 11
  nsec: 132000000
}
real_time {
  sec: 13
  nsec: 187784859
}
iterations: 2783
real_time_factor: 1.0008269332536008
step_size {
  nsec: 4000000
}

sim_time {
  sec: 11
  nsec: 236000000
}
real_time {
  sec: 13
  nsec: 291786141
}
iterations: 2809
real_time_factor: 0.999830778640715
step_size {
  nsec: 4000000
}

sim_time {
  sec: 11
  nsec: 340000000
}
real_time {
  sec: 13
  nsec: 395785126
}
iterations: 2835
real_time_factor: 1.0000275007562709
step_size {
  nsec: 4000000
}

sim_time {
  sec: 11
  nsec: 440000000
}
real_time {
  sec: 13
  nsec: 495785842
}
iterations: 2860
real_time_factor: 0.99992325589011044
step_size {
  nsec: 4000000
}

sim_time {
  sec: 11
  nsec: 544000000
}
real_time {
  sec: 13
  nsec: 599785192
}
iterations: 2886
real_time_factor: 1.0000137501890651
step_size {
  nsec: 4000000
}

sim_time {
  sec: 11
  nsec: 644000000
}
real_time {
  sec: 13
  nsec: 699785718
}
iterations: 2911
real_time_factor: 0.99982403097054917
step_size {
  nsec: 4000000
}

sim_time {
  sec: 11
  nsec: 744000000
}
real_time {
  sec: 13
  nsec: 799790328
}
iterations: 2936
real_time_factor: 0.99889896361735275
step_size {
  nsec: 4000000
}

sim_time {
  sec: 11
  nsec: 848000000
}
real_time {
  sec: 13
  nsec: 903785353
}
iterations: 2962
real_time_factor: 1.0000182503330686
step_size {
  nsec: 4000000
}

sim_time {
  sec: 11
  nsec: 952000000
}
real_time {
  sec: 14
  nsec: 7784897
}
iterations: 2988
real_time_factor: 1
step_size {
  nsec: 4000000
}

sim_time {
  sec: 12
  nsec: 56000000
}
real_time {
  sec: 14
  nsec: 111786451
}
iterations: 3014
real_time_factor: 0.99959516395859682
step_size {
  nsec: 4000000
}

sim_time {
  sec: 12
  nsec: 156000000
}
real_time {
  sec: 14
  nsec: 211786153
}
iterations: 3039
real_time_factor: 0.9998700168978033
step_size {
  nsec: 4000000
}

sim_time {
  sec: 12
  nsec: 256000000
}
real_time {
  sec: 14
  nsec: 311787919
}
iterations: 3064
real_time_factor: 0.99966211420539852
step_size {
  nsec: 4000000
}

sim_time {
  sec: 12
  nsec: 356000000
}
real_time {
  sec: 14
  nsec: 411788649
}
iterations: 3089
real_time_factor: 0.99900549003467054
step_size {
  nsec: 4000000
}

sim_time {
  sec: 12
  nsec: 460000000
}
real_time {
  sec: 14
  nsec: 515784849
}
iterations: 3115
real_time_factor: 1.0000275007562709
step_size {
  nsec: 4000000
}

sim_time {
  sec: 12
  nsec: 564000000
}
real_time {
  sec: 14
  nsec: 619785137
}
iterations: 3141
real_time_factor: 1.0000325010562843
step_size {
  nsec: 4000000
}

sim_time {
  sec: 12
  nsec: 668000000
}
real_time {
  sec: 14
  nsec: 723785380
}
iterations: 3167
real_time_factor: 0.99989101187970508
step_size {
  nsec: 4000000
}

sim_time {
  sec: 12
  nsec: 768000000
}
real_time {
  sec: 14
  nsec: 823786373
}
iterations: 3192
real_time_factor: 0.99987951451850055
step_size {
  nsec: 4000000
}

sim_time {
  sec: 12
  nsec: 868000000
}
real_time {
  sec: 14
  nsec: 923785810
}
iterations: 3217
real_time_factor: 0.99989601081487522
step_size {
  nsec: 4000000
}

sim_time {
  sec: 12
  nsec: 972000000
}
real_time {
  sec: 15
  nsec: 27785159
}
iterations: 3243
real_time_factor: 1.0000395015603116
step_size {
  nsec: 4000000
}

sim_time {
  sec: 13
  nsec: 72000000
}
real_time {
  sec: 15
  nsec: 127785467
}
iterations: 3268
real_time_factor: 0.99999100008099928
step_size {
  nsec: 4000000
}

sim_time {
  sec: 13
  nsec: 172000000
}
real_time {
  sec: 15
  nsec: 227785933
}
iterations: 3293
real_time_factor: 0.99989351134104221
step_size {
  nsec: 4000000
}

sim_time {
  sec: 13
  nsec: 276000000
}
real_time {
  sec: 15
  nsec: 331785878
}
iterations: 3319
real_time_factor: 0.99988701276755731
step_size {
  nsec: 4000000
}

sim_time {
  sec: 13
  nsec: 380000000
}
real_time {
  sec: 15
  nsec: 435784872
}
iterations: 3345
real_time_factor: 1.0000832569311395
step_size {
  nsec: 4000000
}

sim_time {
  sec: 13
  nsec: 480000000
}
real_time {
  sec: 15
  nsec: 535790277
}
iterations: 3370
real_time_factor: 0.99873759567906162
step_size {
  nsec: 4000000
}

sim_time {
  sec: 13
  nsec: 584000000
}
real_time {
  sec: 15
  nsec: 639785309
}
iterations: 3396
real_time_factor: 1.0000097500950633
step_size {
  nsec: 4000000
}

sim_time {
  sec: 13
  nsec: 688000000
}
real_time {
  sec: 15
  nsec: 743785195
}
iterations: 3422
real_time_factor: 0.99999550002025
step_size {
  nsec: 4000000
}

sim_time {
  sec: 13
  nsec: 788000000
}
real_time {
  sec: 15
  nsec: 843785183
}
iterations: 3447
real_time_factor: 0.999998000004
step_size {
  nsec: 4000000
}

sim_time {
  sec: 13
  nsec: 888000000
}
real_time {
  sec: 15
  nsec: 943785522
}
iterations: 3472
real_time_factor: 1.0004449478905744
step_size {
  nsec: 4000000
}

sim_time {
  sec: 13
  nsec: 988000000
}
real_time {
  sec: 16
  nsec: 43786613
}
iterations: 3497
real_time_factor: 0.99985427123996673
step_size {
  nsec: 4000000
}

sim_time {
  sec: 14
  nsec: 92000000
}
real_time {
  sec: 16
  nsec: 147788303
}
iterations: 3523
real_time_factor: 0.99918815962030849
step_size {
  nsec: 4000000
}

sim_time {
  sec: 14
  nsec: 196000000
}
real_time {
  sec: 16
  nsec: 251784985
}
iterations: 3549
real_time_factor: 0.99996050156018834
step_size {
  nsec: 4000000
}

sim_time {
  sec: 14
  nsec: 296000000
}
real_time {
  sec: 16
  nsec: 351785546
}
iterations: 3574
real_time_factor: 1.0000120001440018
step_size {
  nsec: 4000000
}

sim_time {
  sec: 14
  nsec: 400000000
}
real_time {
  sec: 16
  nsec: 455785293
}
iterations: 3600
real_time_factor: 0.99997225077004115
step_size {
  nsec: 4000000
}

sim_time {
  sec: 14
  nsec: 504000000
}
real_time {
  sec: 16
  nsec: 559785300
}
iterations: 3626
real_time_factor: 0.9999610015209407
step_size {
  nsec: 4000000
}

sim_time {
  sec: 14
  nsec: 604000000
}
real_time {
  sec: 16
  nsec: 659785765
}
iterations: 3651
real_time_factor: 0.99981278505599824
step_size {
  nsec: 4000000
}

sim_time {
  sec: 14
  nsec: 708000000
}
real_time {
  sec: 16
  nsec: 763785302
}
iterations: 3677
real_time_factor: 1.0001345180926835
step_size {
  nsec: 4000000
}

sim_time {
  sec: 14
  nsec: 808000000
}
real_time {
  sec: 16
  nsec: 863785868
}
iterations: 3702
real_time_factor: 1.0002132954852623
step_size {
  nsec: 4000000
}

sim_time {
  sec: 14
  nsec: 908000000
}
real_time {
  sec: 16
  nsec: 963786305
}
iterations: 3727
real_time_factor: 0.99986151917959365
step_size {
  nsec: 4000000
}

sim_time {
  sec: 15
  nsec: 12000000
}
real_time {
  sec: 17
  nsec: 67785658
}
iterations: 3753
real_time_factor: 1.0000742555134718
step_size {
  nsec: 4000000
}

sim_time {
  sec: 15
  nsec: 116000000
}
real_time {
  sec: 17
  nsec: 171785991
}
iterations: 3779
real_time_factor: 0.99970658611697472
step_size {
  nsec: 4000000
}

sim_time {
  sec: 15
  nsec: 220000000
}
real_time {
  sec: 17
  nsec: 275785407
}
iterations: 3805
real_time_factor: 1.0000885078329431
step_size {
  nsec: 4000000
}

sim_time {
  sec: 15
  nsec: 324000000
}
real_time {
  sec: 17
  nsec: 379786668
}
iterations: 3831
real_time_factor: 0.99960690458477208
step_size {
  nsec: 4000000
}

sim_time {
  sec: 15
  nsec: 428000000
}
real_time {
  sec: 17
  nsec: 483785140
}
iterations: 3857
real_time_factor: 0.99995400211590268
step_size {
  nsec: 4000000
}

sim_time {
  sec: 15
  nsec: 528000000
}
real_time {
  sec: 17
  nsec: 583789223
}
iterations: 3882
real_time_factor: 0.9990222070148842
step_size {
  nsec: 4000000
}

sim_time {
  sec: 15
  nsec: 632000000
}
real_time {
  sec: 17
  nsec: 687785560
}
iterations: 3908
real_time_factor: 0.99998675017556016
step_size {
  nsec: 4000000
}

sim_time {
  sec: 15
  nsec: 736000000
}
real_time {
  sec: 17
  nsec: 791785204
}
iterations: 3934
real_time_factor: 0.99991450730962506
step_size {
  nsec: 4000000
}

sim_time {
  sec: 15
  nsec: 836000000
}
real_time {
  sec: 17
  nsec: 891785385
}
iterations: 3959
real_time_factor: 1.00000050000025
step_size {
  nsec: 4000000
}

sim_time {
  sec: 15
  nsec: 940000000
}
real_time {
  sec: 17
  nsec: 995785602
}
iterations: 3985
real_time_factor: 0.99987801488218442
step_size {
  nsec: 4000000
}

sim_time {
  sec: 16
  nsec: 44000000
}
real_time {
  sec: 18
  nsec: 99785171
}
iterations: 4011
real_time_factor: 0.99994500302483369
step_size {
  nsec: 4000000
}

sim_time {
  sec: 16
  nsec: 144000000
}
real_time {
  sec: 18
  nsec: 199786001
}
iterations: 4036
real_time_factor: 1.0088353802603198
step_size {
  nsec: 4000000
}

sim_time {
  sec: 16
  nsec: 248000000
}
real_time {
  sec: 18
  nsec: 303786061
}
iterations: 4062
real_time_factor: 1.0001230151308611
step_size {
  nsec: 4000000
}

sim_time {
  sec: 16
  nsec: 352000000
}
real_time {
  sec: 18
  nsec: 407785333
}
iterations: 4088
real_time_factor: 0.99989176171679417
step_size {
  nsec: 4000000
}

sim_time {
  sec: 16
  nsec: 452000000
}
real_time {
  sec: 18
  nsec: 507786043
}
iterations: 4113
real_time_factor: 0.9998987602505246
step_size {
  nsec: 4000000
}

sim_time {
  sec: 16
  nsec: 556000000
}
real_time {
  sec: 18
  nsec: 611785940
}
iterations: 4139
real_time_factor: 0.9998987602505246
step_size {
  nsec: 4000000
}

sim_time {
  sec: 16
  nsec: 660000000
}
real_time {
  sec: 18
  nsec: 715785410
}
iterations: 4165
real_time_factor: 1.0001282664501723
step_size {
  nsec: 4000000
}

sim_time {
  sec: 16
  nsec: 760000000
}
real_time {
  sec: 18
  nsec: 815785838
}
iterations: 4190
real_time_factor: 1.0000447520026521
step_size {
  nsec: 4000000
}

sim_time {
  sec: 16
  nsec: 864000000
}
real_time {
  sec: 18
  nsec: 919785633
}
iterations: 4216
real_time_factor: 0.99994275327737492
step_size {
  nsec: 4000000
}

sim_time {
  sec: 16
  nsec: 964000000
}
real_time {
  sec: 19
  nsec: 19786477
}
iterations: 4241
real_time_factor: 0.99967660461840591
step_size {
  nsec: 4000000
}

sim_time {
  sec: 17
  nsec: 64000000
}
real_time {
  sec: 19
  nsec: 119787108
}
iterations: 4266
real_time_factor: 0.99976680439287535
step_size {
  nsec: 4000000
}

sim_time {
  sec: 17
  nsec: 168000000
}
real_time {
  sec: 19
  nsec: 223785310
}
iterations: 4292
real_time_factor: 1.0000352512426063
step_size {
  nsec: 4000000
}

sim_time {
  sec: 17
  nsec: 272000000
}
real_time {
  sec: 19
  nsec: 327785336
}
iterations: 4318
real_time_factor: 0.99998450024024632
step_size {
  nsec: 4000000
}

sim_time {
  sec: 17
  nsec: 372000000
}
real_time {
  sec: 19
  nsec: 427786004
}
iterations: 4343
real_time_factor: 0.99992450569981961
step_size {
  nsec: 4000000
}

sim_time {
  sec: 17
  nsec: 476000000
}
real_time {
  sec: 19
  nsec: 531785619
}
iterations: 4369
real_time_factor: 1.0000587534517653
step_size {
  nsec: 4000000
}

sim_time {
  sec: 17
  nsec: 576000000
}
real_time {
  sec: 19
  nsec: 631789709
}
iterations: 4394
real_time_factor: 0.99896008255406121
step_size {
  nsec: 4000000
}

sim_time {
  sec: 17
  nsec: 680000000
}
real_time {
  sec: 19
  nsec: 735786164
}
iterations: 4420
real_time_factor: 0.99967460591577439
step_size {
  nsec: 4000000
}

sim_time {
  sec: 17
  nsec: 784000000
}
real_time {
  sec: 19
  nsec: 839785324
}
iterations: 4446
real_time_factor: 0.99995450207015579
step_size {
  nsec: 4000000
}

sim_time {
  sec: 17
  nsec: 884000000
}
real_time {
  sec: 19
  nsec: 939786285
}
iterations: 4471
real_time_factor: 0.99982453079484546
step_size {
  nsec: 4000000
}

sim_time {
  sec: 17
  nsec: 988000000
}
real_time {
  sec: 20
  nsec: 43785268
}
iterations: 4497
real_time_factor: 1.00007475558798
step_size {
  nsec: 4000000
}

sim_time {
  sec: 18
  nsec: 88000000
}
real_time {
  sec: 20
  nsec: 143785496
}
iterations: 4522
real_time_factor: 0.99989201166274044
step_size {
  nsec: 4000000
}

sim_time {
  sec: 18
  nsec: 192000000
}
real_time {
  sec: 20
  nsec: 247785345
}
iterations: 4548
real_time_factor: 1.0000492524256819
step_size {
  nsec: 4000000
}

sim_time {
  sec: 18
  nsec: 296000000
}
real_time {
  sec: 20
  nsec: 351785007
}
iterations: 4574
real_time_factor: 1.000112012545405
step_size {
  nsec: 4000000
}

sim_time {
  sec: 18
  nsec: 396000000
}
real_time {
  sec: 20
  nsec: 451786031
}
iterations: 4599
real_time_factor: 0.99996125150150428
step_size {
  nsec: 4000000
}

sim_time {
  sec: 18
  nsec: 500000000
}
real_time {
  sec: 20
  nsec: 555785286
}
iterations: 4625
real_time_factor: 1.0000817566836089
step_size {
  nsec: 4000000
}

sim_time {
  sec: 18
  nsec: 600000000
}
real_time {
  sec: 20
  nsec: 655785786
}
iterations: 4650
real_time_factor: 0.99976730415995674
step_size {
  nsec: 4000000
}

sim_time {
  sec: 18
  nsec: 700000000
}
real_time {
  sec: 20
  nsec: 755788862
}
iterations: 4675
real_time_factor: 0.99944106258574894
step_size {
  nsec: 4000000
}

sim_time {
  sec: 18
  nsec: 804000000
}
real_time {
  sec: 20
  nsec: 859785525
}
iterations: 4701
real_time_factor: 0.99999850000225
step_size {
  nsec: 4000000
}

sim_time {
  sec: 18
  nsec: 908000000
}
real_time {
  sec: 20
  nsec: 963785087
}
iterations: 4727
real_time_factor: 0.99998250030624469
step_size {
  nsec: 4000000
}

sim_time {
  sec: 19
  nsec: 12000000
}
real_time {
  sec: 21
  nsec: 67784890
}
iterations: 4753
real_time_factor: 1.0000380014440549
step_size {
  nsec: 4000000
}

sim_time {
  sec: 19
  nsec: 116000000
}
real_time {
  sec: 21
  nsec: 171785350
}
iterations: 4779
real_time_factor: 0.999908508371484
step_size {
  nsec: 4000000
}

sim_time {
  sec: 19
  nsec: 220000000
}
real_time {
  sec: 21
  nsec: 275785052
}
iterations: 4805
real_time_factor: 1.0000910082817536
step_size {
  nsec: 4000000
}

sim_time {
  sec: 19
  nsec: 324000000
}
real_time {
  sec: 21
  nsec: 379785493
}
iterations: 4831
real_time_factor: 1.0000402516201277
step_size {
  nsec: 4000000
}

sim_time {
  sec: 19
  nsec: 424000000
}
real_time {
  sec: 21
  nsec: 479786207
}
iterations: 4856
real_time_factor: 0.99999875000156246
step_size {
  nsec: 4000000
}

sim_time {
  sec: 19
  nsec: 528000000
}
real_time {
  sec: 21
  nsec: 583785841
}
iterations: 4882
real_time_factor: 0.99983902591682738
step_size {
  nsec: 4000000
}

sim_time {
  sec: 19
  nsec: 632000000
}
real_time {
  sec: 21
  nsec: 687785018
}
iterations: 4908
real_time_factor: 1.0000195003802574
step_size {
  nsec: 4000000
}

sim_time {
  sec: 19
  nsec: 732000000
}
real_time {
  sec: 21
  nsec: 787786218
}
iterations: 4933
real_time_factor: 1.0002210488517962
step_size {
  nsec: 4000000
}

sim_time {
  sec: 19
  nsec: 836000000
}
real_time {
  sec: 21
  nsec: 891785265
}
iterations: 4959
real_time_factor: 1.0000405016403164
step_size {
  nsec: 4000000
}

sim_time {
  sec: 19
  nsec: 936000000
}
real_time {
  sec: 21
  nsec: 991785799
}
iterations: 4984
real_time_factor: 0.999927005328611
step_size {
  nsec: 4000000
}

sim_time {
  sec: 20
  nsec: 36000000
}
real_time {
  sec: 22
  nsec: 91785952
}
iterations: 5009
real_time_factor: 1.0000450020250911
step_size {
  nsec: 4000000
}

sim_time {
  sec: 20
  nsec: 140000000
}
real_time {
  sec: 22
  nsec: 195784731
}
iterations: 5035
real_time_factor: 1.0000265007022686
step_size {
  nsec: 4000000
}

sim_time {
  sec: 20
  nsec: 240000000
}
real_time {
  sec: 22
  nsec: 295785301
}
iterations: 5060
real_time_factor: 0.99989926014953989
step_size {
  nsec: 4000000
}

sim_time {
  sec: 20
  nsec: 344000000
}
real_time {
  sec: 22
  nsec: 399785200
}
iterations: 5086
real_time_factor: 0.99994100348079462
step_size {
  nsec: 4000000
}

sim_time {
  sec: 20
  nsec: 444000000
}
real_time {
  sec: 22
  nsec: 499785067
}
iterations: 5111
real_time_factor: 1.0001027605586474
step_size {
  nsec: 4000000
}

sim_time {
  sec: 20
  nsec: 548000000
}
real_time {
  sec: 22
  nsec: 603785675
}
iterations: 5137
real_time_factor: 0.99988301368739863
step_size {
  nsec: 4000000
}

sim_time {
  sec: 20
  nsec: 648000000
}
real_time {
  sec: 22
  nsec: 703785435
}
iterations: 5162
real_time_factor: 1.0000705049706005
step_size {
  nsec: 4000000
}

sim_time {
  sec: 20
  nsec: 748000000
}
real_time {
  sec: 22
  nsec: 803786288
}
iterations: 5187
real_time_factor: 0.99997550060023532
step_size {
  nsec: 4000000
}

sim_time {
  sec: 20
  nsec: 852000000
}
real_time {
  sec: 22
  nsec: 907785904
}
iterations: 5213
real_time_factor: 1.0001955382277234
step_size {
  nsec: 4000000
}

sim_time {
  sec: 20
  nsec: 956000000
}
real_time {
  sec: 23
  nsec: 11784964
}
iterations: 5239
real_time_factor: 0.99996900096097019
step_size {
  nsec: 4000000
}

sim_time {
  sec: 21
  nsec: 56000000
}
real_time {
  sec: 23
  nsec: 111785604
}
iterations: 5264
real_time_factor: 1.0000407516606302
step_size {
  nsec: 4000000
}

sim_time {
  sec: 21
  nsec: 160000000
}
real_time {
  sec: 23
  nsec: 215785489
}
iterations: 5290
real_time_factor: 0.99995475204746986
step_size {
  nsec: 4000000
}

sim_time {
  sec: 21
  nsec: 264000000
}
real_time {
  sec: 23
  nsec: 319788818
}
iterations: 5316
real_time_factor: 0.99911079139565784
step_size {
  nsec: 4000000
}

sim_time {
  sec: 21
  nsec: 368000000
}
real_time {
  sec: 23
  nsec: 423785564
}
iterations: 5342
real_time_factor: 1.0001077616113137
step_size {
  nsec: 4000000
}

sim_time {
  sec: 21
  nsec: 472000000
}
real_time {
  sec: 23
  nsec: 527785317
}
iterations: 5368
real_time_factor: 1.0001052610787284
step_size {
  nsec: 4000000
}

sim_time {
  sec: 21
  nsec: 572000000
}
real_time {
  sec: 23
  nsec: 627785581
}
iterations: 5393
real_time_factor: 1.0000430018490796
step_size {
  nsec: 4000000
}

sim_time {
  sec: 21
  nsec: 672000000
}
real_time {
  sec: 23
  nsec: 727786198
}
iterations: 5418
real_time_factor: 0.99998275029755734
step_size {
  nsec: 4000000
}

sim_time {
  sec: 21
  nsec: 776000000
}
real_time {
  sec: 23
  nsec: 831785012
}
iterations: 5444
real_time_factor: 1.0000362513141101
step_size {
  nsec: 4000000
}

sim_time {
  sec: 21
  nsec: 876000000
}
real_time {
  sec: 23
  nsec: 931785657
}
iterations: 5469
real_time_factor: 0.99989001209866912
step_size {
  nsec: 4000000
}

sim_time {
  sec: 21
  nsec: 980000000
}
real_time {
  sec: 24
  nsec: 35784961
}
iterations: 5495
real_time_factor: 1.0001170136906019
step_size {
  nsec: 4000000
}

sim_time {
  sec: 22
  nsec: 84000000
}
real_time {
  sec: 24
  nsec: 139785146
}
iterations: 5521
real_time_factor: 1.0000060000360003
step_size {
  nsec: 4000000
}

sim_time {
  sec: 22
  nsec: 188000000
}
real_time {
  sec: 24
  nsec: 243785100
}
iterations: 5547
real_time_factor: 1.0000315009922813
step_size {
  nsec: 4000000
}

sim_time {
  sec: 22
  nsec: 292000000
}
real_time {
  sec: 24
  nsec: 347784822
}
iterations: 5573
real_time_factor: 1.0000037500140626
step_size {
  nsec: 4000000
}

sim_time {
  sec: 22
  nsec: 392000000
}
real_time {
  sec: 24
  nsec: 447784948
}
iterations: 5598
real_time_factor: 0.99998275029755734
step_size {
  nsec: 4000000
}

sim_time {
  sec: 22
  nsec: 492000000
}
real_time {
  sec: 24
  nsec: 547785559
}
iterations: 5623
real_time_factor: 0.9999250056245782
step_size {
  nsec: 4000000
}

sim_time {
  sec: 22
  nsec: 596000000
}
real_time {
  sec: 24
  nsec: 651784747
}
iterations: 5649
real_time_factor: 1.0000455020703443
step_size {
  nsec: 4000000
}

sim_time {
  sec: 22
  nsec: 700000000
}
real_time {
  sec: 24
  nsec: 755786076
}
iterations: 5675
real_time_factor: 0.99968684809483432
step_size {
  nsec: 4000000
}

sim_time {
  sec: 22
  nsec: 804000000
}
real_time {
  sec: 24
  nsec: 859787488
}
iterations: 5701
real_time_factor: 0.99943207272467416
step_size {
  nsec: 4000000
}

sim_time {
  sec: 22
  nsec: 908000000
}
real_time {
  sec: 24
  nsec: 963785251
}
iterations: 5727
real_time_factor: 0.9999872501625604
step_size {
  nsec: 4000000
}

sim_time {
  sec: 23
  nsec: 8000000
}
real_time {
  sec: 25
  nsec: 63784974
}
iterations: 5752
real_time_factor: 1.0000057500330626
step_size {
  nsec: 4000000
}

sim_time {
  sec: 23
  nsec: 112000000
}
real_time {
  sec: 25
  nsec: 167785449
}
iterations: 5778
real_time_factor: 0.99986276883497738
step_size {
  nsec: 4000000
}

sim_time {
  sec: 23
  nsec: 216000000
}
real_time {
  sec: 25
  nsec: 271785286
}
iterations: 5804
real_time_factor: 0.999934504289969
step_size {
  nsec: 4000000
}

sim_time {
  sec: 23
  nsec: 320000000
}
real_time {
  sec: 25
  nsec: 375786090
}
iterations: 5830
real_time_factor: 0.99980728714540268
step_size {
  nsec: 4000000
}

sim_time {
  sec: 23
  nsec: 424000000
}
real_time {
  sec: 25
  nsec: 479785401
}
iterations: 5856
real_time_factor: 0.99987901463922868
step_size {
  nsec: 4000000
}

sim_time {
  sec: 23
  nsec: 528000000
}
real_time {
  sec: 25
  nsec: 583784895
}
iterations: 5882
real_time_factor: 1.0000917584188349
step_size {
  nsec: 4000000
}

sim_time {
  sec: 23
  nsec: 632000000
}
real_time {
  sec: 25
  nsec: 687784894
}
iterations: 5908
real_time_factor: 1.0000525027563947
step_size {
  nsec: 4000000
}

sim_time {
  sec: 23
  nsec: 732000000
}
real_time {
  sec: 25
  nsec: 787785528
}
iterations: 5933
real_time_factor: 0.99995075242544307
step_size {
  nsec: 4000000
}

sim_time {
  sec: 23
  nsec: 836000000
}
real_time {
  sec: 25
  nsec: 891785407
}
iterations: 5959
real_time_factor: 0.9998857630515714
step_size {
  nsec: 4000000
}

sim_time {
  sec: 23
  nsec: 940000000
}
real_time {
  sec: 25
  nsec: 995784841
}
iterations: 5985
real_time_factor: 1.0001682783128261
step_size {
  nsec: 4000000
}

sim_time {
  sec: 24
  nsec: 40000000
}
real_time {
  sec: 26
  nsec: 95785281
}
iterations: 6010
real_time_factor: 1.000017750315068
step_size {
  nsec: 4000000
}

sim_time {
  sec: 24
  nsec: 140000000
}
real_time {
  sec: 26
  nsec: 195785277
}
iterations: 6035
real_time_factor: 1.000017750315068
step_size {
  nsec: 4000000
}

sim_time {
  sec: 24
  nsec: 240000000
}
real_time {
  sec: 26
  nsec: 295786189
}
iterations: 6060
real_time_factor: 0.99988826248666707
step_size {
  nsec: 4000000
}

sim_time {
  sec: 24
  nsec: 344000000
}
real_time {
  sec: 26
  nsec: 399785114
}
iterations: 6086
real_time_factor: 1.0000297508850888
step_size {
  nsec: 4000000
}

sim_time {
  sec: 24
  nsec: 444000000
}
real_time {
  sec: 26
  nsec: 499785740
}
iterations: 6111
real_time_factor: 0.99995325218546038
step_size {
  nsec: 4000000
}

sim_time {
  sec: 24
  nsec: 548000000
}
real_time {
  sec: 26
  nsec: 603785771
}
iterations: 6137
real_time_factor: 0.99998100036099313
step_size {
  nsec: 4000000
}

sim_time {
  sec: 24
  nsec: 648000000
}
real_time {
  sec: 26
  nsec: 703786688
}
iterations: 6162
real_time_factor: 0.99978179762266883
step_size {
  nsec: 4000000
}

sim_time {
  sec: 24
  nsec: 752000000
}
real_time {
  sec: 26
  nsec: 807785589
}
iterations: 6188
real_time_factor: 0.99999725000756245
step_size {
  nsec: 4000000
}

sim_time {
  sec: 24
  nsec: 852000000
}
real_time {
  sec: 26
  nsec: 907786989
}
iterations: 6213
real_time_factor: 1.0001265160042745
step_size {
  nsec: 4000000
}

sim_time {
  sec: 24
  nsec: 956000000
}
real_time {
  sec: 27
  nsec: 11785778
}
iterations: 6239
real_time_factor: 1.0000365013322987
step_size {
  nsec: 4000000
}

sim_time {
  sec: 25
  nsec: 56000000
}
real_time {
  sec: 27
  nsec: 111787130
}
iterations: 6264
real_time_factor: 1.000161776167295
step_size {
  nsec: 4000000
}

sim_time {
  sec: 25
  nsec: 160000000
}
real_time {
  sec: 27
  nsec: 215785291
}
iterations: 6290
real_time_factor: 1.0000897580557855
step_size {
  nsec: 4000000
}

sim_time {
  sec: 25
  nsec: 264000000
}
real_time {
  sec: 27
  nsec: 319785469
}
iterations: 6316
real_time_factor: 0.99986076938786272
step_size {
  nsec: 4000000
}

sim_time {
  sec: 25
  nsec: 368000000
}
real_time {
  sec: 27
  nsec: 423785334
}
iterations: 6342
real_time_factor: 1.0000295008702758
step_size {
  nsec: 4000000
}

sim_time {
  sec: 25
  nsec: 468000000
}
real_time {
  sec: 27
  nsec: 523785895
}
iterations: 6367
real_time_factor: 0.99994875262642791
step_size {
  nsec: 4000000
}

sim_time {
  sec: 25
  nsec: 572000000
}
real_time {
  sec: 27
  nsec: 627785125
}
iterations: 6393
real_time_factor: 1.000113012770443
step_size {
  nsec: 4000000
}

sim_time {
  sec: 25
  nsec: 672000000
}
real_time {
  sec: 27
  nsec: 727786445
}
iterations: 6418
real_time_factor: 0.9998235311467526
step_size {
  nsec: 4000000
}

sim_time {
  sec: 25
  nsec: 776000000
}
real_time {
  sec: 27
  nsec: 831787248
}
iterations: 6444
real_time_factor: 0.999661614543477
step_size {
  nsec: 4000000
}

sim_time {
  sec: 25
  nsec: 880000000
}
real_time {
  sec: 27
  nsec: 935785736
}
iterations: 6470
real_time_factor: 0.99985852001941722
step_size {
  nsec: 4000000
}

sim_time {
  sec: 25
  nsec: 984000000
}
real_time {
  sec: 28
  nsec: 39785827
}
iterations: 6496
real_time_factor: 0.99988626293759086
step_size {
  nsec: 4000000
}

sim_time {
  sec: 26
  nsec: 88000000
}
real_time {
  sec: 28
  nsec: 143785492
}
iterations: 6522
real_time_factor: 1.0003050930533812
step_size {
  nsec: 4000000
}

sim_time {
  sec: 26
  nsec: 192000000
}
real_time {
  sec: 28
  nsec: 247784869
}
iterations: 6548
real_time_factor: 1.0000597535702758
step_size {
  nsec: 4000000
}

sim_time {
  sec: 26
  nsec: 292000000
}
real_time {
  sec: 28
  nsec: 347785726
}
iterations: 6573
real_time_factor: 1.0010448405523265
step_size {
  nsec: 4000000
}

sim_time {
  sec: 26
  nsec: 396000000
}
real_time {
  sec: 28
  nsec: 451785214
}
iterations: 6599
real_time_factor: 0.9999952500225624
step_size {
  nsec: 4000000
}

sim_time {
  sec: 26
  nsec: 496000000
}
real_time {
  sec: 28
  nsec: 551785176
}
iterations: 6624
real_time_factor: 0.99995800176392591
step_size {
  nsec: 4000000
}

sim_time {
  sec: 26
  nsec: 596000000
}
real_time {
  sec: 28
  nsec: 651787001
}
iterations: 6649
real_time_factor: 1.0001337678914555
step_size {
  nsec: 4000000
}

sim_time {
  sec: 26
  nsec: 700000000
}
real_time {
  sec: 28
  nsec: 755786466
}
iterations: 6675
real_time_factor: 0.99972182740152549
step_size {
  nsec: 4000000
}

sim_time {
  sec: 26
  nsec: 800000000
}
real_time {
  sec: 28
  nsec: 855790605
}
iterations: 6700
real_time_factor: 0.99899625850926277
step_size {
  nsec: 4000000
}

sim_time {
  sec: 26
  nsec: 904000000
}
real_time {
  sec: 28
  nsec: 959785052
}
iterations: 6726
real_time_factor: 1.0000900081007291
step_size {
  nsec: 4000000
}

sim_time {
  sec: 27
  nsec: 4000000
}
real_time {
  sec: 29
  nsec: 59786117
}
iterations: 6751
real_time_factor: 0.99984227488113753
step_size {
  nsec: 4000000
}

sim_time {
  sec: 27
  nsec: 104000000
}
real_time {
  sec: 29
  nsec: 159786433
}
iterations: 6776
real_time_factor: 0.99986551808781721
step_size {
  nsec: 4000000
}

sim_time {
  sec: 27
  nsec: 208000000
}
real_time {
  sec: 29
  nsec: 263785499
}
iterations: 6802
real_time_factor: 1.0000090000810007
step_size {
  nsec: 4000000
}

sim_time {
  sec: 27
  nsec: 308000000
}
real_time {
  sec: 29
  nsec: 363785907
}
iterations: 6827
real_time_factor: 1.000002000004
step_size {
  nsec: 4000000
}

sim_time {
  sec: 27
  nsec: 412000000
}
real_time {
  sec: 29
  nsec: 467784835
}
iterations: 6853
real_time_factor: 1.0000947589784133
step_size {
  nsec: 4000000
}

sim_time {
  sec: 27
  nsec: 512000000
}
real_time {
  sec: 29
  nsec: 567785401
}
iterations: 6878
real_time_factor: 1.0001177638666954
step_size {
  nsec: 4000000
}

sim_time {
  sec: 27
  nsec: 616000000
}
real_time {
  sec: 29
  nsec: 671785157
}
iterations: 6904
real_time_factor: 0.99992800518362679
step_size {
  nsec: 4000000
}

sim_time {
  sec: 27
  nsec: 720000000
}
real_time {
  sec: 29
  nsec: 775784977
}
iterations: 6930
real_time_factor: 1.0001367687031202
step_size {
  nsec: 4000000
}

sim_time {
  sec: 27
  nsec: 820000000
}
real_time {
  sec: 29
  nsec: 875786279
}
iterations: 6955
real_time_factor: 0.9996691095247473
step_size {
  nsec: 4000000
}

sim_time {
  sec: 27
  nsec: 924000000
}
real_time {
  sec: 29
  nsec: 979784990
}
iterations: 6981
real_time_factor: 1.0000275007562709
step_size {
  nsec: 4000000
}

sim_time {
  sec: 28
  nsec: 24000000
}
real_time {
  sec: 30
  nsec: 79785338
}
iterations: 7006
real_time_factor: 1.0002590670983784
step_size {
  nsec: 4000000
}

sim_time {
  sec: 28
  nsec: 124000000
}
real_time {
  sec: 30
  nsec: 179786231
}
iterations: 7031
real_time_factor: 0.99984277472367467
step_size {
  nsec: 4000000
}

sim_time {
  sec: 28
  nsec: 228000000
}
real_time {
  sec: 30
  nsec: 283785182
}
iterations: 7057
real_time_factor: 1.0001202644618015
step_size {
  nsec: 4000000
}

sim_time {
  sec: 28
  nsec: 332000000
}
real_time {
  sec: 30
  nsec: 387785068
}
iterations: 7083
real_time_factor: 1.00000450002025
step_size {
  nsec: 4000000
}

sim_time {
  sec: 28
  nsec: 436000000
}
real_time {
  sec: 30
  nsec: 491785315
}
iterations: 7109
real_time_factor: 0.99995350216214951
step_size {
  nsec: 4000000
}

sim_time {
  sec: 28
  nsec: 536000000
}
real_time {
  sec: 30
  nsec: 591785578
}
iterations: 7134
real_time_factor: 0.99995150235213592
step_size {
  nsec: 4000000
}

sim_time {
  sec: 28
  nsec: 636000000
}
real_time {
  sec: 30
  nsec: 691785953
}
iterations: 7159
real_time_factor: 0.99981703348287265
step_size {
  nsec: 4000000
}

sim_time {
  sec: 28
  nsec: 740000000
}
real_time {
  sec: 30
  nsec: 795785194
}
iterations: 7185
real_time_factor: 1.0000465021623506
step_size {
  nsec: 4000000
}

sim_time {
  sec: 28
  nsec: 840000000
}
real_time {
  sec: 30
  nsec: 895785242
}
iterations: 7210
real_time_factor: 1.0001572747314516
step_size {
  nsec: 4000000
}

sim_time {
  sec: 28
  nsec: 940000000
}
real_time {
  sec: 30
  nsec: 995785909
}
iterations: 7235
real_time_factor: 1.0012773796170464
step_size {
  nsec: 4000000
}

sim_time {
  sec: 29
  nsec: 44000000
}
real_time {
  sec: 31
  nsec: 99785355
}
iterations: 7261
real_time_factor: 1.0000140001960027
step_size {
  nsec: 4000000
}

sim_time {
  sec: 29
  nsec: 148000000
}
real_time {
  sec: 31
  nsec: 203784995
}
iterations: 7287
real_time_factor: 1.0000140001960027
step_size {
  nsec: 4000000
}

sim_time {
  sec: 29
  nsec: 252000000
}
real_time {
  sec: 31
  nsec: 307785154
}
iterations: 7313
real_time_factor: 0.99994425310788926
step_size {
  nsec: 4000000
}

sim_time {
  sec: 29
  nsec: 356000000
}
real_time {
  sec: 31
  nsec: 411786025
}
iterations: 7339
real_time_factor: 0.99972457587934527
step_size {
  nsec: 4000000
}

sim_time {
  sec: 29
  nsec: 456000000
}
real_time {
  sec: 31
  nsec: 511785784
}
iterations: 7364
real_time_factor: 0.9998055378228935
step_size {
  nsec: 4000000
}

sim_time {
  sec: 29
  nsec: 560000000
}
real_time {
  sec: 31
  nsec: 615786076
}
iterations: 7390
real_time_factor: 0.9998312784717579
step_size {
  nsec: 4000000
}

sim_time {
  sec: 29
  nsec: 664000000
}
real_time {
  sec: 31
  nsec: 719786350
}
iterations: 7416
real_time_factor: 0.99990275945664286
step_size {
  nsec: 4000000
}

sim_time {
  sec: 29
  nsec: 768000000
}
real_time {
  sec: 31
  nsec: 823785846
}
iterations: 7442
real_time_factor: 1.0000650042252746
step_size {
  nsec: 4000000
}

sim_time {
  sec: 29
  nsec: 868000000
}
real_time {
  sec: 31
  nsec: 923786195
}
iterations: 7467
real_time_factor: 0.99990275945664286
step_size {
  nsec: 4000000
}

sim_time {
  sec: 29
  nsec: 968000000
}
real_time {
  sec: 32
  nsec: 23789580
}
iterations: 7492
real_time_factor: 0.99890395263796794
step_size {
  nsec: 4000000
}

sim_time {
  sec: 30
  nsec: 72000000
}
real_time {
  sec: 32
  nsec: 127785168
}
iterations: 7518
real_time_factor: 1.0000532528357136
step_size {
  nsec: 4000000
}

sim_time {
  sec: 30
  nsec: 176000000
}
real_time {
  sec: 32
  nsec: 231784850
}
iterations: 7544
real_time_factor: 0.99999750000625
step_size {
  nsec: 4000000
}

sim_time {
  sec: 30
  nsec: 276000000
}
real_time {
  sec: 32
  nsec: 331785809
}
iterations: 7569
real_time_factor: 0.99988901231963256
step_size {
  nsec: 4000000
}

sim_time {
  sec: 30
  nsec: 376000000
}
real_time {
  sec: 32
  nsec: 431786453
}
iterations: 7594
real_time_factor: 0.99965786709498672
step_size {
  nsec: 4000000
}

sim_time {
  sec: 30
  nsec: 480000000
}
real_time {
  sec: 32
  nsec: 535784889
}
iterations: 7620
real_time_factor: 1.0002202985207491
step_size {
  nsec: 4000000
}

sim_time {
  sec: 30
  nsec: 584000000
}
real_time {
  sec: 32
  nsec: 639784889
}
iterations: 7646
real_time_factor: 0.99998650018224755
step_size {
  nsec: 4000000
}

sim_time {
  sec: 30
  nsec: 684000000
}
real_time {
  sec: 32
  nsec: 739790141
}
iterations: 7671
real_time_factor: 0.99886503959875594
step_size {
  nsec: 4000000
}

sim_time {
  sec: 30
  nsec: 788000000
}
real_time {
  sec: 32
  nsec: 843785363
}
iterations: 7697
real_time_factor: 0.99998400025599588
step_size {
  nsec: 4000000
}

sim_time {
  sec: 30
  nsec: 888000000
}
real_time {
  sec: 32
  nsec: 943786365
}
iterations: 7722
real_time_factor: 0.999940003599784
step_size {
  nsec: 4000000
}

sim_time {
  sec: 30
  nsec: 992000000
}
real_time {
  sec: 33
  nsec: 47785679
}
iterations: 7748
real_time_factor: 0.99992175612258338
step_size {
  nsec: 4000000
}

sim_time {
  sec: 31
  nsec: 92000000
}
real_time {
  sec: 33
  nsec: 147785273
}
iterations: 7773
real_time_factor: 0.99998875012656108
step_size {
  nsec: 4000000
}

sim_time {
  sec: 31
  nsec: 192000000
}
real_time {
  sec: 33
  nsec: 247789155
}
iterations: 7798
real_time_factor: 0.999116780765803
step_size {
  nsec: 4000000
}

sim_time {
  sec: 31
  nsec: 296000000
}
real_time {
  sec: 33
  nsec: 351784895
}
iterations: 7824
real_time_factor: 0.99999100008099928
step_size {
  nsec: 4000000
}

sim_time {
  sec: 31
  nsec: 400000000
}
real_time {
  sec: 33
  nsec: 455789970
}
iterations: 7850
real_time_factor: 0.99870093975261676
step_size {
  nsec: 4000000
}

sim_time {
  sec: 31
  nsec: 500000000
}
real_time {
  sec: 33
  nsec: 555934389
}
iterations: 7875
real_time_factor: 0.96410957490962679
step_size {
  nsec: 4000000
}

sim_time {
  sec: 31
  nsec: 604000000
}
real_time {
  sec: 33
  nsec: 659785227
}
iterations: 7901
real_time_factor: 0.99997975041005416
step_size {
  nsec: 4000000
}

sim_time {
  sec: 31
  nsec: 708000000
}
real_time {
  sec: 33
  nsec: 763784740
}
iterations: 7927
real_time_factor: 1.000003000009
step_size {
  nsec: 4000000
}

sim_time {
  sec: 31
  nsec: 808000000
}
real_time {
  sec: 33
  nsec: 863784950
}
iterations: 7952
real_time_factor: 0.99997975041005416
step_size {
  nsec: 4000000
}

sim_time {
  sec: 31
  nsec: 912000000
}
real_time {
  sec: 33
  nsec: 967785048
}
iterations: 7978
real_time_factor: 0.99999100008099928
step_size {
  nsec: 4000000
}

sim_time {
  sec: 32
  nsec: 12000000
}
real_time {
  sec: 34
  nsec: 67786036
}
iterations: 8003
real_time_factor: 0.99989826035200924
step_size {
  nsec: 4000000
}

sim_time {
  sec: 32
  nsec: 116000000
}
real_time {
  sec: 34
  nsec: 171785836
}
iterations: 8029
real_time_factor: 0.99999825000306253
step_size {
  nsec: 4000000
}

sim_time {
  sec: 32
  nsec: 220000000
}
real_time {
  sec: 34
  nsec: 275786387
}
iterations: 8055
real_time_factor: 0.99966960919416137
step_size {
  nsec: 4000000
}

sim_time {
  sec: 32
  nsec: 324000000
}
real_time {
  sec: 34
  nsec: 379785559
}
iterations: 8081
real_time_factor: 0.99992600547559485
step_size {
  nsec: 4000000
}

sim_time {
  sec: 32
  nsec: 428000000
}
real_time {
  sec: 34
  nsec: 483784942
}
iterations: 8107
real_time_factor: 0.9999820003239942
step_size {
  nsec: 4000000
}

sim_time {
  sec: 32
  nsec: 528000000
}
real_time {
  sec: 34
  nsec: 583787502
}
iterations: 8132
real_time_factor: 1.0004266819798644
step_size {
  nsec: 4000000
}

sim_time {
  sec: 32
  nsec: 632000000
}
real_time {
  sec: 34
  nsec: 687785178
}
iterations: 8158
real_time_factor: 1.0000260006760175
step_size {
  nsec: 4000000
}

sim_time {
  sec: 32
  nsec: 732000000
}
real_time {
  sec: 34
  nsec: 787785040
}
iterations: 8183
real_time_factor: 1.0001975390139553
step_size {
  nsec: 4000000
}

sim_time {
  sec: 32
  nsec: 836000000
}
real_time {
  sec: 34
  nsec: 891785012
}
iterations: 8209
real_time_factor: 0.99995675187048161
step_size {
  nsec: 4000000
}

sim_time {
  sec: 32
  nsec: 936000000
}
real_time {
  sec: 34
  nsec: 991785561
}
iterations: 8234
real_time_factor: 1.0002250506363932
step_size {
  nsec: 4000000
}

sim_time {
  sec: 33
  nsec: 40000000
}
real_time {
  sec: 35
  nsec: 95785292
}
iterations: 8260
real_time_factor: 0.99988926226420427
step_size {
  nsec: 4000000
}

sim_time {
  sec: 33
  nsec: 140000000
}
real_time {
  sec: 35
  nsec: 195789896
}
iterations: 8285
real_time_factor: 0.99961165087363557
step_size {
  nsec: 4000000
}

sim_time {
  sec: 33
  nsec: 244000000
}
real_time {
  sec: 35
  nsec: 299785432
}
iterations: 8311
real_time_factor: 0.99984302464513075
step_size {
  nsec: 4000000
}

sim_time {
  sec: 33
  nsec: 348000000
}
real_time {
  sec: 35
  nsec: 403784737
}
iterations: 8337
real_time_factor: 0.99998900012099867
step_size {
  nsec: 4000000
}

sim_time {
  sec: 33
  nsec: 448000000
}
real_time {
  sec: 35
  nsec: 503785378
}
iterations: 8362
real_time_factor: 1.0000397515801254
step_size {
  nsec: 4000000
}

sim_time {
  sec: 33
  nsec: 552000000
}
real_time {
  sec: 35
  nsec: 607785270
}
iterations: 8388
real_time_factor: 1.0000007500005625
step_size {
  nsec: 4000000
}

sim_time {
  sec: 33
  nsec: 656000000
}
real_time {
  sec: 35
  nsec: 711786814
}
iterations: 8414
real_time_factor: 0.9994682828735113
step_size {
  nsec: 4000000
}

sim_time {
  sec: 33
  nsec: 760000000
}
real_time {
  sec: 35
  nsec: 815785857
}
iterations: 8440
real_time_factor: 1.0000585034224503
step_size {
  nsec: 4000000
}

sim_time {
  sec: 33
  nsec: 864000000
}
real_time {
  sec: 35
  nsec: 919785084
}
iterations: 8466
real_time_factor: 0.99993100476067154
step_size {
  nsec: 4000000
}

sim_time {
  sec: 33
  nsec: 968000000
}
real_time {
  sec: 36
  nsec: 23784763
}
iterations: 8492
real_time_factor: 1.0000055000302501
step_size {
  nsec: 4000000
}

sim_time {
  sec: 34
  nsec: 72000000
}
real_time {
  sec: 36
  nsec: 127784935
}
iterations: 8518
real_time_factor: 0.99994475305239383
step_size {
  nsec: 4000000
}

sim_time {
  sec: 34
  nsec: 172000000
}
real_time {
  sec: 36
  nsec: 227785200
}
iterations: 8543
real_time_factor: 0.99996375131401483
step_size {
  nsec: 4000000
}

sim_time {
  sec: 34
  nsec: 272000000
}
real_time {
  sec: 36
  nsec: 327785679
}
iterations: 8568
real_time_factor: 0.999827279837408
step_size {
  nsec: 4000000
}

sim_time {
  sec: 34
  nsec: 376000000
}
real_time {
  sec: 36
  nsec: 431784961
}
iterations: 8594
real_time_factor: 0.9999610015209407
step_size {
  nsec: 4000000
}

sim_time {
  sec: 34
  nsec: 476000000
}
real_time {
  sec: 36
  nsec: 531785500
}
iterations: 8619
real_time_factor: 0.99990825841729025
step_size {
  nsec: 4000000
}

sim_time {
  sec: 34
  nsec: 580000000
}
real_time {
  sec: 36
  nsec: 635785045
}
iterations: 8645
real_time_factor: 1.0000982596540111
step_size {
  nsec: 4000000
}

sim_time {
  sec: 34
  nsec: 684000000
}
real_time {
  sec: 36
  nsec: 739784924
}
iterations: 8671
real_time_factor: 0.99995675187048161
step_size {
  nsec: 4000000
}

sim_time {
  sec: 34
  nsec: 784000000
}
real_time {
  sec: 36
  nsec: 839785630
}
iterations: 8696
real_time_factor: 0.99992675536516951
step_size {
  nsec: 4000000
}

sim_time {
  sec: 34
  nsec: 888000000
}
real_time {
  sec: 36
  nsec: 943785528
}
iterations: 8722
real_time_factor: 0.99981078580878568
step_size {
  nsec: 4000000
}

sim_time {
  sec: 34
  nsec: 988000000
}
real_time {
  sec: 37
  nsec: 43791253
}
iterations: 8747
real_time_factor: 0.99837115745660954
step_size {
  nsec: 4000000
}

sim_time {
  sec: 35
  nsec: 92000000
}
real_time {
  sec: 37
  nsec: 147785011
}
iterations: 8773
real_time_factor: 0.99996600115596068
step_size {
  nsec: 4000000
}

sim_time {
  sec: 35
  nsec: 196000000
}
real_time {
  sec: 37
  nsec: 251784991
}
iterations: 8799
real_time_factor: 0.99996850099221879
step_size {
  nsec: 4000000
}

sim_time {
  sec: 35
  nsec: 296000000
}
real_time {
  sec: 37
  nsec: 351785299
}
iterations: 8824
real_time_factor: 1.0011247636719856
step_size {
  nsec: 4000000
}

sim_time {
  sec: 35
  nsec: 396000000
}
real_time {
  sec: 37
  nsec: 451785644
}
iterations: 8849
real_time_factor: 1.0003596292867285
step_size {
  nsec: 4000000
}

sim_time {
  sec: 35
  nsec: 496000000
}
real_time {
  sec: 37
  nsec: 552084528
}
iterations: 8874
real_time_factor: 0.9304337914944395
step_size {
  nsec: 4000000
}

sim_time {
  sec: 35
  nsec: 600000000
}
real_time {
  sec: 37
  nsec: 655785208
}
iterations: 8900
real_time_factor: 1.0000310009610298
step_size {
  nsec: 4000000
}

sim_time {
  sec: 35
  nsec: 704000000
}
real_time {
  sec: 37
  nsec: 759784647
}
iterations: 8926
real_time_factor: 1.0001117624894582
step_size {
  nsec: 4000000
}

sim_time {
  sec: 35
  nsec: 804000000
}
real_time {
  sec: 37
  nsec: 859785200
}
iterations: 8951
real_time_factor: 1.0008326928004099
step_size {
  nsec: 4000000
}

sim_time {
  sec: 35
  nsec: 908000000
}
real_time {
  sec: 37
  nsec: 963787870
}
iterations: 8977
real_time_factor: 0.99921911026532761
step_size {
  nsec: 4000000
}

sim_time {
  sec: 36
  nsec: 12000000
}
real_time {
  sec: 38
  nsec: 67786355
}
iterations: 9003
real_time_factor: 0.99953346775392582
step_size {
  nsec: 4000000
}

sim_time {
  sec: 36
  nsec: 116000000
}
real_time {
  sec: 38
  nsec: 171785191
}
iterations: 9029
real_time_factor: 1.0000195003802574
step_size {
  nsec: 4000000
}

sim_time {
  sec: 36
  nsec: 216000000
}
real_time {
  sec: 38
  nsec: 271786051
}
iterations: 9054
real_time_factor: 1.0000657543233467
step_size {
  nsec: 4000000
}

sim_time {
  sec: 36
  nsec: 320000000
}
real_time {
  sec: 38
  nsec: 375785499
}
iterations: 9080
real_time_factor: 0.99978329697038171
step_size {
  nsec: 4000000
}

sim_time {
  sec: 36
  nsec: 424000000
}
real_time {
  sec: 38
  nsec: 479785530
}
iterations: 9106
real_time_factor: 0.99995225227995366
step_size {
  nsec: 4000000
}

sim_time {
  sec: 36
  nsec: 524000000
}
real_time {
  sec: 38
  nsec: 579789259
}
iterations: 9131
real_time_factor: 0.99990375926317088
step_size {
  nsec: 4000000
}

sim_time {
  sec: 36
  nsec: 628000000
}
real_time {
  sec: 38
  nsec: 683785312
}
iterations: 9157
real_time_factor: 1.0000682546583803
step_size {
  nsec: 4000000
}

sim_time {
  sec: 36
  nsec: 728000000
}
real_time {
  sec: 38
  nsec: 783786103
}
iterations: 9182
real_time_factor: 1.0000262506890807
step_size {
  nsec: 4000000
}

sim_time {
  sec: 36
  nsec: 832000000
}
real_time {
  sec: 38
  nsec: 887786397
}
iterations: 9208
real_time_factor: 0.99977430095156017
step_size {
  nsec: 4000000
}

sim_time {
  sec: 36
  nsec: 936000000
}
real_time {
  sec: 38
  nsec: 991784933
}
iterations: 9234
real_time_factor: 1.0000985097032058
step_size {
  nsec: 4000000
}

sim_time {
  sec: 37
  nsec: 40000000
}
real_time {
  sec: 39
  nsec: 95785163
}
iterations: 9260
real_time_factor: 0.99988076421886685
step_size {
  nsec: 4000000
}

sim_time {
  sec: 37
  nsec: 140000000
}
real_time {
  sec: 39
  nsec: 195785268
}
iterations: 9285
real_time_factor: 1.0000705049706005
step_size {
  nsec: 4000000
}

sim_time {
  sec: 37
  nsec: 240000000
}
real_time {
  sec: 39
  nsec: 295786966
}
iterations: 9310
real_time_factor: 0.99955444860453457
step_size {
  nsec: 4000000
}

sim_time {
  sec: 37
  nsec: 344000000
}
real_time {
  sec: 39
  nsec: 399785288
}
iterations: 9336
real_time_factor: 0.99990625878823858
step_size {
  nsec: 4000000
}

sim_time {
  sec: 37
  nsec: 444000000
}
real_time {
  sec: 39
  nsec: 499785291
}
iterations: 9361
real_time_factor: 1.0000820067245515
step_size {
  nsec: 4000000
}

sim_time {
  sec: 37
  nsec: 548000000
}
real_time {
  sec: 39
  nsec: 603785044
}
iterations: 9387
real_time_factor: 0.99996200144394509
step_size {
  nsec: 4000000
}

sim_time {
  sec: 37
  nsec: 652000000
}
real_time {
  sec: 39
  nsec: 707784918
}
iterations: 9413
real_time_factor: 0.99997825047305222
step_size {
  nsec: 4000000
}

sim_time {
  sec: 37
  nsec: 756000000
}
real_time {
  sec: 39
  nsec: 811785041
}
iterations: 9439
real_time_factor: 0.99994350319206959
step_size {
  nsec: 4000000
}

sim_time {
  sec: 37
  nsec: 860000000
}
real_time {
  sec: 39
  nsec: 915785452
}
iterations: 9465
real_time_factor: 0.99987851476045664
step_size {
  nsec: 4000000
}

sim_time {
  sec: 37
  nsec: 964000000
}
real_time {
  sec: 40
  nsec: 19785224
}
iterations: 9491
real_time_factor: 0.9999895001102489
step_size {
  nsec: 4000000
}

sim_time {
  sec: 38
  nsec: 68000000
}
real_time {
  sec: 40
  nsec: 123785403
}
iterations: 9517
real_time_factor: 0.99995025247493941
step_size {
  nsec: 4000000
}

sim_time {
  sec: 38
  nsec: 172000000
}
real_time {
  sec: 40
  nsec: 227784971
}
iterations: 9543
real_time_factor: 0.9999642512780168
step_size {
  nsec: 4000000
}

sim_time {
  sec: 38
  nsec: 276000000
}
real_time {
  sec: 40
  nsec: 331784946
}
iterations: 9569
real_time_factor: 0.9999895001102489
step_size {
  nsec: 4000000
}

sim_time {
  sec: 38
  nsec: 380000000
}
real_time {
  sec: 40
  nsec: 435784727
}
iterations: 9595
real_time_factor: 1.0000452520476553
step_size {
  nsec: 4000000
}

sim_time {
  sec: 38
  nsec: 480000000
}
real_time {
  sec: 40
  nsec: 535790211
}
iterations: 9620
real_time_factor: 0.99895359610807677
step_size {
  nsec: 4000000
}

sim_time {
  sec: 38
  nsec: 584000000
}
real_time {
  sec: 40
  nsec: 639785284
}
iterations: 9646
real_time_factor: 1.0001677781447837
step_size {
  nsec: 4000000
}

sim_time {
  sec: 38
  nsec: 684000000
}
real_time {
  sec: 40
  nsec: 739787028
}
iterations: 9671
real_time_factor: 0.99955944417497988
step_size {
  nsec: 4000000
}

sim_time {
  sec: 38
  nsec: 788000000
}
real_time {
  sec: 40
  nsec: 843785582
}
iterations: 9697
real_time_factor: 0.999936504031994
step_size {
  nsec: 4000000
}

sim_time {
  sec: 38
  nsec: 892000000
}
real_time {
  sec: 40
  nsec: 947785137
}
iterations: 9723
real_time_factor: 0.99998500022499659
step_size {
  nsec: 4000000
}

sim_time {
  sec: 38
  nsec: 996000000
}
real_time {
  sec: 41
  nsec: 51785907
}
iterations: 9749
real_time_factor: 0.99984202496005636
step_size {
  nsec: 4000000
}

sim_time {
  sec: 39
  nsec: 96000000
}
real_time {
  sec: 41
  nsec: 151785884
}
iterations: 9774
real_time_factor: 0.99986251890365074
step_size {
  nsec: 4000000
}

sim_time {
  sec: 39
  nsec: 200000000
}
real_time {
  sec: 41
  nsec: 255785503
}
iterations: 9800
real_time_factor: 1.0001585251262326
step_size {
  nsec: 4000000
}

sim_time {
  sec: 39
  nsec: 304000000
}
real_time {
  sec: 41
  nsec: 359788704
}
iterations: 9826
real_time_factor: 0.99921736300043
step_size {
  nsec: 4000000
}

sim_time {
  sec: 39
  nsec: 408000000
}
real_time {
  sec: 41
  nsec: 463785453
}
iterations: 9852
real_time_factor: 0.99996875097653193
step_size {
  nsec: 4000000
}

sim_time {
  sec: 39
  nsec: 512000000
}
real_time {
  sec: 41
  nsec: 567785832
}
iterations: 9878
real_time_factor: 0.99972332656937191
step_size {
  nsec: 4000000
}

sim_time {
  sec: 39
  nsec: 612000000
}
real_time {
  sec: 41
  nsec: 667785451
}
iterations: 9903
real_time_factor: 1.0006268927483069
step_size {
  nsec: 4000000
}

sim_time {
  sec: 39
  nsec: 716000000
}
real_time {
  sec: 41
  nsec: 771786982
}
iterations: 9929
real_time_factor: 0.99947852208110421
step_size {
  nsec: 4000000
}

sim_time {
  sec: 39
  nsec: 820000000
}
real_time {
  sec: 41
  nsec: 875784873
}
iterations: 9955
real_time_factor: 1.0001057611842452
step_size {
  nsec: 4000000
}

sim_time {
  sec: 39
  nsec: 920000000
}
real_time {
  sec: 41
  nsec: 975785327
}
iterations: 9980
real_time_factor: 1.0000500025001251
step_size {
  nsec: 4000000
}

sim_time {
  sec: 40
  nsec: 24000000
}
real_time {
  sec: 42
  nsec: 79785144
}
iterations: 10006
real_time_factor: 0.99998525021755924
step_size {
  nsec: 4000000
}

sim_time {
  sec: 40
  nsec: 128000000
}
real_time {
  sec: 42
  nsec: 183784952
}
iterations: 10032
real_time_factor: 1.00005725327775
step_size {
  nsec: 4000000
}

sim_time {
  sec: 40
  nsec: 228000000
}
real_time {
  sec: 42
  nsec: 283785609
}
iterations: 10057
real_time_factor: 1.0000110001210014
step_size {
  nsec: 4000000
}

sim_time {
  sec: 40
  nsec: 332000000
}
real_time {
  sec: 42
  nsec: 387792316
}
iterations: 10083
real_time_factor: 0.99837888228988181
step_size {
  nsec: 4000000
}

sim_time {
  sec: 40
  nsec: 436000000
}
real_time {
  sec: 42
  nsec: 491784698
}
iterations: 10109
real_time_factor: 0.999992250060062
step_size {
  nsec: 4000000
}

sim_time {
  sec: 40
  nsec: 536000000
}
real_time {
  sec: 42
  nsec: 591785010
}
iterations: 10134
real_time_factor: 0.99997375068904437
step_size {
  nsec: 4000000
}

sim_time {
  sec: 40
  nsec: 636000000
}
real_time {
  sec: 42
  nsec: 691785098
}
iterations: 10159
real_time_factor: 0.99996225142500872
step_size {
  nsec: 4000000
}

sim_time {
  sec: 40
  nsec: 736000000
}
real_time {
  sec: 42
  nsec: 791785538
}
iterations: 10184
real_time_factor: 0.99995300220889616
step_size {
  nsec: 4000000
}

sim_time {
  sec: 40
  nsec: 840000000
}
real_time {
  sec: 42
  nsec: 895787851
}
iterations: 10210
real_time_factor: 0.99941858823629348
step_size {
  nsec: 4000000
}

sim_time {
  sec: 40
  nsec: 940000000
}
real_time {
  sec: 42
  nsec: 995786874
}
iterations: 10235
real_time_factor: 1.0002378065385045
step_size {
  nsec: 4000000
}

sim_time {
  sec: 41
  nsec: 44000000
}
real_time {
  sec: 43
  nsec: 99789807
}
iterations: 10261
real_time_factor: 0.99876702211120372
step_size {
  nsec: 4000000
}

sim_time {
  sec: 41
  nsec: 148000000
}
real_time {
  sec: 43
  nsec: 203786703
}
iterations: 10287
real_time_factor: 0.99978179762266883
step_size {
  nsec: 4000000
}

sim_time {
  sec: 41
  nsec: 252000000
}
real_time {
  sec: 43
  nsec: 307784702
}
iterations: 10313
real_time_factor: 1.0000780060844745
step_size {
  nsec: 4000000
}

sim_time {
  sec: 41
  nsec: 352000000
}
real_time {
  sec: 43
  nsec: 407785419
}
iterations: 10338
real_time_factor: 1.0048844922959275
step_size {
  nsec: 4000000
}

sim_time {
  sec: 41
  nsec: 452000000
}
real_time {
  sec: 43
  nsec: 507787747
}
iterations: 10363
real_time_factor: 0.99951823221207381
step_size {
  nsec: 4000000
}

sim_time {
  sec: 41
  nsec: 556000000
}
real_time {
  sec: 43
  nsec: 611786000
}
iterations: 10389
real_time_factor: 0.9997725517444781
step_size {
  nsec: 4000000
}

sim_time {
  sec: 41
  nsec: 660000000
}
real_time {
  sec: 43
  nsec: 715789531
}
iterations: 10415
real_time_factor: 0.99890769443613414
step_size {
  nsec: 4000000
}

sim_time {
  sec: 41
  nsec: 764000000
}
real_time {
  sec: 43
  nsec: 819785348
}
iterations: 10441
real_time_factor: 0.999990000099999
step_size {
  nsec: 4000000
}

sim_time {
  sec: 41
  nsec: 864000000
}
real_time {
  sec: 43
  nsec: 919789941
}
iterations: 10466
real_time_factor: 0.99867475859534394
step_size {
  nsec: 4000000
}

sim_time {
  sec: 41
  nsec: 968000000
}
real_time {
  sec: 44
  nsec: 23785101
}
iterations: 10492
real_time_factor: 1.0003188516339583
step_size {
  nsec: 4000000
}

sim_time {
  sec: 42
  nsec: 68000000
}
real_time {
  sec: 44
  nsec: 123786407
}
iterations: 10517
real_time_factor: 1.0012718655872621
step_size {
  nsec: 4000000
}

sim_time {
  sec: 42
  nsec: 172000000
}
real_time {
  sec: 44
  nsec: 227785465
}
iterations: 10543
real_time_factor: 0.99985577080506138
step_size {
  nsec: 4000000
}

sim_time {
  sec: 42
  nsec: 272000000
}
real_time {
  sec: 44
  nsec: 327788049
}
iterations: 10568
real_time_factor: 0.99931921378560851
step_size {
  nsec: 4000000
}

sim_time {
  sec: 42
  nsec: 372000000
}
real_time {
  sec: 44
  nsec: 427864489
}
iterations: 10593
real_time_factor: 0.98093166928084952
step_size {
  nsec: 4000000
}

sim_time {
  sec: 42
  nsec: 476000000
}
real_time {
  sec: 44
  nsec: 531784816
}
iterations: 10619
real_time_factor: 1.0000900081007291
step_size {
  nsec: 4000000
}

sim_time {
  sec: 42
  nsec: 580000000
}
real_time {
  sec: 44
  nsec: 635785565
}
iterations: 10645
real_time_factor: 0.999809536283338
step_size {
  nsec: 4000000
}

sim_time {
  sec: 42
  nsec: 680000000
}
real_time {
  sec: 44
  nsec: 735786153
}
iterations: 10670
real_time_factor: 0.99964112883474832
step_size {
  nsec: 4000000
}

sim_time {
  sec: 42
  nsec: 780000000
}
real_time {
  sec: 44
  nsec: 835792243
}
iterations: 10695
real_time_factor: 0.99818554821972361
step_size {
  nsec: 4000000
}

sim_time {
  sec: 42
  nsec: 884000000
}
real_time {
  sec: 44
  nsec: 939785370
}
iterations: 10721
real_time_factor: 0.99987701512713933
step_size {
  nsec: 4000000
}

sim_time {
  sec: 42
  nsec: 984000000
}
real_time {
  sec: 45
  nsec: 39785597
}
iterations: 10746
real_time_factor: 0.99995575195797581
step_size {
  nsec: 4000000
}

sim_time {
  sec: 43
  nsec: 88000000
}
real_time {
  sec: 45
  nsec: 143784985
}
iterations: 10772
real_time_factor: 1.0000297508850888
step_size {
  nsec: 4000000
}

sim_time {
  sec: 43
  nsec: 188000000
}
real_time {
  sec: 45
  nsec: 243785120
}
iterations: 10797
real_time_factor: 1.0002032913189607
step_size {
  nsec: 4000000
}

sim_time {
  sec: 43
  nsec: 292000000
}
real_time {
  sec: 45
  nsec: 347784905
}
iterations: 10823
real_time_factor: 0.99993725393731547
step_size {
  nsec: 4000000
}

sim_time {
  sec: 43
  nsec: 396000000
}
real_time {
  sec: 45
  nsec: 451785163
}
iterations: 10849
real_time_factor: 0.99996700108896408
step_size {
  nsec: 4000000
}

sim_time {
  sec: 43
  nsec: 496000000
}
real_time {
  sec: 45
  nsec: 551785402
}
iterations: 10874
real_time_factor: 0.99985377138593479
step_size {
  nsec: 4000000
}

sim_time {
  sec: 43
  nsec: 600000000
}
real_time {
  sec: 45
  nsec: 655785006
}
iterations: 10900
real_time_factor: 0.99998825013806092
step_size {
  nsec: 4000000
}

sim_time {
  sec: 43
  nsec: 704000000
}
real_time {
  sec: 45
  nsec: 759784806
}
iterations: 10926
real_time_factor: 1.0000135001822525
step_size {
  nsec: 4000000
}

sim_time {
  sec: 43
  nsec: 804000000
}
real_time {
  sec: 45
  nsec: 859785215
}
iterations: 10951
real_time_factor: 0.9999717507980399
step_size {
  nsec: 4000000
}

sim_time {
  sec: 43
  nsec: 904000000
}
real_time {
  sec: 45
  nsec: 959785633
}
iterations: 10976
real_time_factor: 0.999976500552237
step_size {
  nsec: 4000000
}

sim_time {
  sec: 44
  nsec: 8000000
}
real_time {
  sec: 46
  nsec: 63785811
}
iterations: 11002
real_time_factor: 0.999914007395364
step_size {
  nsec: 4000000
}

sim_time {
  sec: 44
  nsec: 112000000
}
real_time {
  sec: 46
  nsec: 167811996
}
iterations: 11028
real_time_factor: 0.99331745680931538
step_size {
  nsec: 4000000
}

sim_time {
  sec: 44
  nsec: 216000000
}
real_time {
  sec: 46
  nsec: 271784868
}
iterations: 11054
real_time_factor: 0.99996500122495713
step_size {
  nsec: 4000000
}

sim_time {
  sec: 44
  nsec: 316000000
}
real_time {
  sec: 46
  nsec: 371785249
}
iterations: 11079
real_time_factor: 1.0000320010240327
step_size {
  nsec: 4000000
}

sim_time {
  sec: 44
  nsec: 416000000
}
real_time {
  sec: 46
  nsec: 471786353
}
iterations: 11104
real_time_factor: 0.99965936607101136
step_size {
  nsec: 4000000
}

sim_time {
  sec: 44
  nsec: 520000000
}
real_time {
  sec: 46
  nsec: 575785160
}
iterations: 11130
real_time_factor: 0.99995575195797581
step_size {
  nsec: 4000000
}

sim_time {
  sec: 44
  nsec: 624000000
}
real_time {
  sec: 46
  nsec: 679785009
}
iterations: 11156
real_time_factor: 1.0000510026011327
step_size {
  nsec: 4000000
}

sim_time {
  sec: 44
  nsec: 728000000
}
real_time {
  sec: 46
  nsec: 783784896
}
iterations: 11182
real_time_factor: 1.0000070000490004
step_size {
  nsec: 4000000
}

sim_time {
  sec: 44
  nsec: 828000000
}
real_time {
  sec: 46
  nsec: 883785588
}
iterations: 11207
real_time_factor: 1.0001645270647022
step_size {
  nsec: 4000000
}

sim_time {
  sec: 44
  nsec: 932000000
}
real_time {
  sec: 46
  nsec: 987785485
}
iterations: 11233
real_time_factor: 0.99995350216214951
step_size {
  nsec: 4000000
}

sim_time {
  sec: 45
  nsec: 36000000
}
real_time {
  sec: 47
  nsec: 91784705
}
iterations: 11259
real_time_factor: 1.0000692547958947
step_size {
  nsec: 4000000
}

sim_time {
  sec: 45
  nsec: 140000000
}
real_time {
  sec: 47
  nsec: 195784740
}
iterations: 11285
real_time_factor: 0.99998350027224547
step_size {
  nsec: 4000000
}

sim_time {
  sec: 45
  nsec: 240000000
}
real_time {
  sec: 47
  nsec: 295785487
}
iterations: 11310
real_time_factor: 1.0000347512076044
step_size {
  nsec: 4000000
}

sim_time {
  sec: 45
  nsec: 344000000
}
real_time {
  sec: 47
  nsec: 399785819
}
iterations: 11336
real_time_factor: 0.99991875660102614
step_size {
  nsec: 4000000
}

sim_time {
  sec: 45
  nsec: 444000000
}
real_time {
  sec: 47
  nsec: 499786585
}
iterations: 11361
real_time_factor: 0.99974056732277972
step_size {
  nsec: 4000000
}

sim_time {
  sec: 45
  nsec: 548000000
}
real_time {
  sec: 47
  nsec: 603785421
}
iterations: 11387
real_time_factor: 1.0000022500050625
step_size {
  nsec: 4000000
}

sim_time {
  sec: 45
  nsec: 652000000
}
real_time {
  sec: 47
  nsec: 707785609
}
iterations: 11413
real_time_factor: 0.99982852940720668
step_size {
  nsec: 4000000
}

sim_time {
  sec: 45
  nsec: 752000000
}
real_time {
  sec: 47
  nsec: 807785555
}
iterations: 11438
real_time_factor: 1.0001272661946232
step_size {
  nsec: 4000000
}

sim_time {
  sec: 45
  nsec: 856000000
}
real_time {
  sec: 47
  nsec: 911784942
}
iterations: 11464
real_time_factor: 1.000141269954381
step_size {
  nsec: 4000000
}

sim_time {
  sec: 45
  nsec: 960000000
}
real_time {
  sec: 48
  nsec: 15786053
}
iterations: 11490
real_time_factor: 0.99975930794661183
step_size {
  nsec: 4000000
}

sim_time {
  sec: 46
  nsec: 64000000
}
real_time {
  sec: 48
  nsec: 119837193
}
iterations: 11516
real_time_factor: 0.98717048557682219
step_size {
  nsec: 4000000
}

sim_time {
  sec: 46
  nsec: 168000000
}
real_time {
  sec: 48
  nsec: 223787135
}
iterations: 11542
real_time_factor: 0.99962514057228535
step_size {
  nsec: 4000000
}

sim_time {
  sec: 46
  nsec: 272000000
}
real_time {
  sec: 48
  nsec: 327785295
}
iterations: 11568
real_time_factor: 1.0000370013690507
step_size {
  nsec: 4000000
}

sim_time {
  sec: 46
  nsec: 376000000
}
real_time {
  sec: 48
  nsec: 431784622
}
iterations: 11594
real_time_factor: 1.0000300009000269
step_size {
  nsec: 4000000
}

sim_time {
  sec: 46
  nsec: 476000000
}
real_time {
  sec: 48
  nsec: 531789259
}
iterations: 11619
real_time_factor: 0.99947277810954727
step_size {
  nsec: 4000000
}

sim_time {
  sec: 46
  nsec: 580000000
}
real_time {
  sec: 48
  nsec: 635785025
}
iterations: 11645
real_time_factor: 1.000005000025
step_size {
  nsec: 4000000
}

sim_time {
  sec: 46
  nsec: 684000000
}
real_time {
  sec: 48
  nsec: 739784968
}
iterations: 11671
real_time_factor: 0.999970000899973
step_size {
  nsec: 4000000
}

sim_time {
  sec: 46
  nsec: 788000000
}
real_time {
  sec: 48
  nsec: 843784707
}
iterations: 11697
real_time_factor: 1.0000187503515692
step_size {
  nsec: 4000000
}

sim_time {
  sec: 46
  nsec: 888000000
}
real_time {
  sec: 48
  nsec: 943785113
}
iterations: 11722
real_time_factor: 1.0000465021623506
step_size {
  nsec: 4000000
}

sim_time {
  sec: 46
  nsec: 988000000
}
real_time {
  sec: 49
  nsec: 43785418
}
iterations: 11747
real_time_factor: 1.0000622538753037
step_size {
  nsec: 4000000
}

sim_time {
  sec: 47
  nsec: 92000000
}
real_time {
  sec: 49
  nsec: 147785160
}
iterations: 11773
real_time_factor: 0.99994250330605994
step_size {
  nsec: 4000000
}

sim_time {
  sec: 47
  nsec: 196000000
}
real_time {
  sec: 49
  nsec: 251784857
}
iterations: 11799
real_time_factor: 1.0000187503515692
step_size {
  nsec: 4000000
}

sim_time {
  sec: 47
  nsec: 296000000
}
real_time {
  sec: 49
  nsec: 351785793
}
iterations: 11824
real_time_factor: 0.99992600547559485
step_size {
  nsec: 4000000
}

sim_time {
  sec: 47
  nsec: 400000000
}
real_time {
  sec: 49
  nsec: 455784920
}
iterations: 11850
real_time_factor: 1.0000002500000624
step_size {
  nsec: 4000000
}

sim_time {
  sec: 47
  nsec: 504000000
}
real_time {
  sec: 49
  nsec: 559786827
}
iterations: 11876
real_time_factor: 0.999514485838504
step_size {
  nsec: 4000000
}

sim_time {
  sec: 47
  nsec: 604000000
}
real_time {
  sec: 49
  nsec: 659787738
}
iterations: 11901
real_time_factor: 0.99966736068573181
step_size {
  nsec: 4000000
}

sim_time {
  sec: 47
  nsec: 708000000
}
real_time {
  sec: 49
  nsec: 763785195
}
iterations: 11927
real_time_factor: 1.0003823961709364
step_size {
  nsec: 4000000
}

sim_time {
  sec: 47
  nsec: 812000000
}
real_time {
  sec: 49
  nsec: 867785059
}
iterations: 11953
real_time_factor: 1.0000465021623506
step_size {
  nsec: 4000000
}

sim_time {
  sec: 47
  nsec: 912000000
}
real_time {
  sec: 49
  nsec: 967785054
}
iterations: 11978
real_time_factor: 1.0002850812481556
step_size {
  nsec: 4000000
}

sim_time {
  sec: 48
  nsec: 12000000
}
real_time {
  sec: 50
  nsec: 67784882
}
iterations: 12003
real_time_factor: 1.0000140001960027
step_size {
  nsec: 4000000
}

sim_time {
  sec: 48
  nsec: 116000000
}
real_time {
  sec: 50
  nsec: 171785403
}
iterations: 12029
real_time_factor: 0.999998000004
step_size {
  nsec: 4000000
}

sim_time {
  sec: 48
  nsec: 216000000
}
real_time {
  sec: 50
  nsec: 271785620
}
iterations: 12054
real_time_factor: 1.0004471998983546
step_size {
  nsec: 4000000
}

sim_time {
  sec: 48
  nsec: 316000000
}
real_time {
  sec: 50
  nsec: 371787688
}
iterations: 12079
real_time_factor: 1.0003130979996739
step_size {
  nsec: 4000000
}

sim_time {
  sec: 48
  nsec: 420000000
}
real_time {
  sec: 50
  nsec: 475785080
}
iterations: 12105
real_time_factor: 0.99997250075622923
step_size {
  nsec: 4000000
}

sim_time {
  sec: 48
  nsec: 524000000
}
real_time {
  sec: 50
  nsec: 579784777
}
iterations: 12131
real_time_factor: 0.99997025088503622
step_size {
  nsec: 4000000
}

sim_time {
  sec: 48
  nsec: 624000000
}
real_time {
  sec: 50
  nsec: 679785064
}
iterations: 12156
real_time_factor: 1.0002040416244915
step_size {
  nsec: 4000000
}

sim_time {
  sec: 48
  nsec: 728000000
}
real_time {
  sec: 50
  nsec: 783784793
}
iterations: 12182
real_time_factor: 1.0000352512426063
step_size {
  nsec: 4000000
}

sim_time {
  sec: 48
  nsec: 828000000
}
real_time {
  sec: 50
  nsec: 883785266
}
iterations: 12207
real_time_factor: 1.0016489646079858
step_size {
  nsec: 4000000
}

sim_time {
  sec: 48
  nsec: 932000000
}
real_time {
  sec: 50
  nsec: 987784717
}
iterations: 12233
real_time_factor: 1.0001022604561316
step_size {
  nsec: 4000000
}

sim_time {
  sec: 49
  nsec: 32000000
}
real_time {
  sec: 51
  nsec: 87785134
}
iterations: 12258
real_time_factor: 1.0000187503515692
step_size {
  nsec: 4000000
}

sim_time {
  sec: 49
  nsec: 132000000
}
real_time {
  sec: 51
  nsec: 187785226
}
iterations: 12283
real_time_factor: 1.0001117624894582
step_size {
  nsec: 4000000
}

sim_time {
  sec: 49
  nsec: 236000000
}
real_time {
  sec: 51
  nsec: 291785058
}
iterations: 12309
real_time_factor: 0.99993350442195594
step_size {
  nsec: 4000000
}

sim_time {
  sec: 49
  nsec: 340000000
}
real_time {
  sec: 51
  nsec: 395785196
}
iterations: 12335
real_time_factor: 0.99993300448869926
step_size {
  nsec: 4000000
}

sim_time {
  sec: 49
  nsec: 444000000
}
real_time {
  sec: 51
  nsec: 499785147
}
iterations: 12361
real_time_factor: 1.000014500210253
step_size {
  nsec: 4000000
}

sim_time {
  sec: 49
  nsec: 544000000
}
real_time {
  sec: 51
  nsec: 599785431
}
iterations: 12386
real_time_factor: 1.000100010001
step_size {
  nsec: 4000000
}

sim_time {
  sec: 49
  nsec: 648000000
}
real_time {
  sec: 51
  nsec: 703785119
}
iterations: 12412
real_time_factor: 1.0000190003610068
step_size {
  nsec: 4000000
}

sim_time {
  sec: 49
  nsec: 752000000
}
real_time {
  sec: 51
  nsec: 807784743
}
iterations: 12438
real_time_factor: 1.0000420017640741
step_size {
  nsec: 4000000
}

sim_time {
  sec: 49
  nsec: 852000000
}
real_time {
  sec: 51
  nsec: 907785146
}
iterations: 12463
real_time_factor: 1.0000652542578403
step_size {
  nsec: 4000000
}

sim_time {
  sec: 49
  nsec: 952000000
}
real_time {
  sec: 52
  nsec: 7785234
}
iterations: 12488
real_time_factor: 1.0001650272294929
step_size {
  nsec: 4000000
}

sim_time {
  sec: 50
  nsec: 56000000
}
real_time {
  sec: 52
  nsec: 111785367
}
iterations: 12514
real_time_factor: 0.99993100476067154
step_size {
  nsec: 4000000
}

sim_time {
  sec: 50
  nsec: 160000000
}
real_time {
  sec: 52
  nsec: 215785444
}
iterations: 12540
real_time_factor: 0.99986401849348494
step_size {
  nsec: 4000000
}

sim_time {
  sec: 50
  nsec: 260000000
}
real_time {
  sec: 52
  nsec: 315785514
}
iterations: 12565
real_time_factor: 1.0003666343714972
step_size {
  nsec: 4000000
}

sim_time {
  sec: 50
  nsec: 364000000
}
real_time {
  sec: 52
  nsec: 419785685
}
iterations: 12591
real_time_factor: 0.99990550892940622
step_size {
  nsec: 4000000
}

sim_time {
  sec: 50
  nsec: 468000000
}
real_time {
  sec: 52
  nsec: 523784582
}
iterations: 12617
real_time_factor: 1.0000285008122731
step_size {
  nsec: 4000000
}

sim_time {
  sec: 50
  nsec: 568000000
}
real_time {
  sec: 52
  nsec: 623784770
}
iterations: 12642
real_time_factor: 1.0014749221916577
step_size {
  nsec: 4000000
}

sim_time {
  sec: 50
  nsec: 668000000
}
real_time {
  sec: 52
  nsec: 723785688
}
iterations: 12667
real_time_factor: 1.0002343048859195
step_size {
  nsec: 4000000
}

sim_time {
  sec: 50
  nsec: 772000000
}
real_time {
  sec: 52
  nsec: 827785279
}
iterations: 12693
real_time_factor: 0.99993575412779734
step_size {
  nsec: 4000000
}

sim_time {
  sec: 50
  nsec: 876000000
}
real_time {
  sec: 52
  nsec: 931784897
}
iterations: 12719
real_time_factor: 1.0000122501500643
step_size {
  nsec: 4000000
}

sim_time {
  sec: 50
  nsec: 976000000
}
real_time {
  sec: 53
  nsec: 31785528
}
iterations: 12744
real_time_factor: 1.0002530640251983
step_size {
  nsec: 4000000
}

sim_time {
  sec: 51
  nsec: 80000000
}
real_time {
  sec: 53
  nsec: 135784860
}
iterations: 12770
real_time_factor: 1.0000052500275627
step_size {
  nsec: 4000000
}

sim_time {
  sec: 51
  nsec: 180000000
}
real_time {
  sec: 53
  nsec: 235784880
}
iterations: 12795
real_time_factor: 1.0000352512426063
step_size {
  nsec: 4000000
}

sim_time {
  sec: 51
  nsec: 284000000
}
real_time {
  sec: 53
  nsec: 339784787
}
iterations: 12821
real_time_factor: 1.0000722552204397
step_size {
  nsec: 4000000
}

sim_time {
  sec: 51
  nsec: 388000000
}
real_time {
  sec: 53
  nsec: 443784841
}
iterations: 12847
real_time_factor: 0.99997750050623857
step_size {
  nsec: 4000000
}

sim_time {
  sec: 51
  nsec: 492000000
}
real_time {
  sec: 53
  nsec: 547784787
}
iterations: 12873
real_time_factor: 0.99998925011556128
step_size {
  nsec: 4000000
}

sim_time {
  sec: 51
  nsec: 592000000
}
real_time {
  sec: 53
  nsec: 647786266
}
iterations: 12898
real_time_factor: 0.99956593849121023
step_size {
  nsec: 4000000
}

sim_time {
  sec: 51
  nsec: 692000000
}
real_time {
  sec: 53
  nsec: 747791458
}
iterations: 12923
real_time_factor: 0.99888599239697928
step_size {
  nsec: 4000000
}

sim_time {
  sec: 51
  nsec: 796000000
}
real_time {
  sec: 53
  nsec: 851786175
}
iterations: 12949
real_time_factor: 0.99996825100803044
step_size {
  nsec: 4000000
}

sim_time {
  sec: 51
  nsec: 900000000
}
real_time {
  sec: 53
  nsec: 955784955
}
iterations: 12975
real_time_factor: 1.0002000400080016
step_size {
  nsec: 4000000
}

sim_time {
  sec: 52
}
real_time {
  sec: 54
  nsec: 55786082
}
iterations: 13000
real_time_factor: 1.0003298587709297
step_size {
  nsec: 4000000
}

sim_time {
  sec: 52
  nsec: 104000000
}
real_time {
  sec: 54
  nsec: 159784660
}
iterations: 13026
real_time_factor: 1.000007750060063
step_size {
  nsec: 4000000
}

sim_time {
  sec: 52
  nsec: 204000000
}
real_time {
  sec: 54
  nsec: 259784917
}
iterations: 13051
real_time_factor: 0.99999375003906221
step_size {
  nsec: 4000000
}

sim_time {
  sec: 52
  nsec: 304000000
}
real_time {
  sec: 54
  nsec: 359785035
}
iterations: 13076
real_time_factor: 0.99995200230388936
step_size {
  nsec: 4000000
}

sim_time {
  sec: 52
  nsec: 408000000
}
real_time {
  sec: 54
  nsec: 463784695
}
iterations: 13102
real_time_factor: 0.99999625001406245
step_size {
  nsec: 4000000
}

sim_time {
  sec: 52
  nsec: 508000000
}
real_time {
  sec: 54
  nsec: 563786018
}
iterations: 13127
real_time_factor: 0.99991300756834156
step_size {
  nsec: 4000000
}

sim_time {
  sec: 52
  nsec: 612000000
}
real_time {
  sec: 54
  nsec: 667785860
}
iterations: 13153
real_time_factor: 0.99988751265482634
step_size {
  nsec: 4000000
}

sim_time {
  sec: 52
  nsec: 712000000
}
real_time {
  sec: 54
  nsec: 767786039
}
iterations: 13178
real_time_factor: 0.99992425573762789
step_size {
  nsec: 4000000
}

sim_time {
  sec: 52
  nsec: 812000000
}
real_time {
  sec: 54
  nsec: 867786013
}
iterations: 13203
real_time_factor: 1.0000265007022686
step_size {
  nsec: 4000000
}

sim_time {
  sec: 52
  nsec: 916000000
}
real_time {
  sec: 54
  nsec: 971785244
}
iterations: 13229
real_time_factor: 1.0000540029161575
step_size {
  nsec: 4000000
}

sim_time {
  sec: 53
  nsec: 20000000
}
real_time {
  sec: 55
  nsec: 75785021
}
iterations: 13255
real_time_factor: 0.99998700016899777
step_size {
  nsec: 4000000
}

sim_time {
  sec: 53
  nsec: 124000000
}
real_time {
  sec: 55
  nsec: 179786372
}
iterations: 13281
real_time_factor: 0.99965137158416006
step_size {
  nsec: 4000000
}

sim_time {
  sec: 53
  nsec: 228000000
}
real_time {
  sec: 55
  nsec: 283785538
}
iterations: 13307
real_time_factor: 1.0000195003802574
step_size {
  nsec: 4000000
}

sim_time {
  sec: 53
  nsec: 332000000
}
real_time {
  sec: 55
  nsec: 387786139
}
iterations: 13333
real_time_factor: 0.99987601537409365
step_size {
  nsec: 4000000
}

sim_time {
  sec: 53
  nsec: 436000000
}
real_time {
  sec: 55
  nsec: 491785048
}
iterations: 13359
real_time_factor: 0.99998025039005478
step_size {
  nsec: 4000000
}

sim_time {
  sec: 53
  nsec: 540000000
}
real_time {
  sec: 55
  nsec: 595787556
}
iterations: 13385
real_time_factor: 0.99933244592612136
step_size {
  nsec: 4000000
}

sim_time {
  sec: 53
  nsec: 644000000
}
real_time {
  sec: 55
  nsec: 699785551
}
iterations: 13411
real_time_factor: 0.99994775272991987
step_size {
  nsec: 4000000
}

sim_time {
  sec: 53
  nsec: 744000000
}
real_time {
  sec: 55
  nsec: 799786106
}
iterations: 13436
real_time_factor: 0.999709334510991
step_size {
  nsec: 4000000
}

sim_time {
  sec: 53
  nsec: 848000000
}
real_time {
  sec: 55
  nsec: 903785137
}
iterations: 13462
real_time_factor: 1.000001000001
step_size {
  nsec: 4000000
}

sim_time {
  sec: 53
  nsec: 952000000
}
real_time {
  sec: 56
  nsec: 7785382
}
iterations: 13488
real_time_factor: 0.9998480231004887
step_size {
  nsec: 4000000
}

sim_time {
  sec: 54
  nsec: 56000000
}
real_time {
  sec: 56
  nsec: 111788053
}
iterations: 13514
real_time_factor: 0.99927003324071761
step_size {
  nsec: 4000000
}

sim_time {
  sec: 54
  nsec: 160000000
}
real_time {
  sec: 56
  nsec: 215790464
}
iterations: 13540
real_time_factor: 0.99878946716579509
step_size {
  nsec: 4000000
}

sim_time {
  sec: 54
  nsec: 264000000
}
real_time {
  sec: 56
  nsec: 319786292
}
iterations: 13566
real_time_factor: 1.0008514743918389
step_size {
  nsec: 4000000
}

sim_time {
  sec: 54
  nsec: 368000000
}
real_time {
  sec: 56
  nsec: 423790815
}
iterations: 13592
real_time_factor: 0.99856107349309642
step_size {
  nsec: 4000000
}

sim_time {
  sec: 54
  nsec: 472000000
}
real_time {
  sec: 56
  nsec: 527785926
}
iterations: 13618
real_time_factor: 1.0005247752446158
step_size {
  nsec: 4000000
}

sim_time {
  sec: 54
  nsec: 572000000
}
real_time {
  sec: 56
  nsec: 627786579
}
iterations: 13643
real_time_factor: 0.99972107781928843
step_size {
  nsec: 4000000
}

sim_time {
  sec: 54
  nsec: 676000000
}
real_time {
  sec: 56
  nsec: 731785616
}
iterations: 13669
real_time_factor: 1.0002117948475591
step_size {
  nsec: 4000000
}

sim_time {
  sec: 54
  nsec: 780000000
}
real_time {
  sec: 56
  nsec: 835785606
}
iterations: 13695
real_time_factor: 0.99999200006399946
step_size {
  nsec: 4000000
}

sim_time {
  sec: 54
  nsec: 884000000
}
real_time {
  sec: 56
  nsec: 939784643
}
iterations: 13721
real_time_factor: 1.0000360012960468
step_size {
  nsec: 4000000
}

sim_time {
  sec: 54
  nsec: 984000000
}
real_time {
  sec: 57
  nsec: 39785037
}
iterations: 13746
real_time_factor: 0.99997300072898032
step_size {
  nsec: 4000000
}

sim_time {
  sec: 55
  nsec: 84000000
}
real_time {
  sec: 57
  nsec: 139785429
}
iterations: 13771
real_time_factor: 1.0000615037824827
step_size {
  nsec: 4000000
}

sim_time {
  sec: 55
  nsec: 188000000
}
real_time {
  sec: 57
  nsec: 243785188
}
iterations: 13797
real_time_factor: 0.999999000001
step_size {
  nsec: 4000000
}

sim_time {
  sec: 55
  nsec: 288000000
}
real_time {
  sec: 57
  nsec: 343785554
}
iterations: 13822
real_time_factor: 1.0000382514631185
step_size {
  nsec: 4000000
}

sim_time {
  sec: 55
  nsec: 392000000
}
real_time {
  sec: 57
  nsec: 447789229
}
iterations: 13848
real_time_factor: 0.99889148017987039
step_size {
  nsec: 4000000
}

sim_time {
  sec: 55
  nsec: 496000000
}
real_time {
  sec: 57
  nsec: 551786316
}
iterations: 13874
real_time_factor: 1.0002790778627237
step_size {
  nsec: 4000000
}

sim_time {
  sec: 55
  nsec: 600000000
}
real_time {
  sec: 57
  nsec: 655785228
}
iterations: 13900
real_time_factor: 1.0000520027041406
step_size {
  nsec: 4000000
}

sim_time {
  sec: 55
  nsec: 704000000
}
real_time {
  sec: 57
  nsec: 759785121
}
iterations: 13926
real_time_factor: 0.99993175465774464
step_size {
  nsec: 4000000
}

sim_time {
  sec: 55
  nsec: 808000000
}
real_time {
  sec: 57
  nsec: 863785144
}
iterations: 13952
real_time_factor: 0.99995950164018355
step_size {
  nsec: 4000000
}

sim_time {
  sec: 55
  nsec: 908000000
}
real_time {
  sec: 57
  nsec: 963785783
}
iterations: 13977
real_time_factor: 0.9998857630515714
step_size {
  nsec: 4000000
}

sim_time {
  sec: 56
  nsec: 12000000
}
real_time {
  sec: 58
  nsec: 67786390
}
iterations: 14003
real_time_factor: 0.99967035869921894
step_size {
  nsec: 4000000
}

sim_time {
  sec: 56
  nsec: 116000000
}
real_time {
  sec: 58
  nsec: 171784922
}
iterations: 14029
real_time_factor: 0.99997600057598612
step_size {
  nsec: 4000000
}

sim_time {
  sec: 56
  nsec: 216000000
}
real_time {
  sec: 58
  nsec: 271785275
}
iterations: 14054
real_time_factor: 0.9999872501625604
step_size {
  nsec: 4000000
}

sim_time {
  sec: 56
  nsec: 320000000
}
real_time {
  sec: 58
  nsec: 375784761
}
iterations: 14080
real_time_factor: 1.0001217648248675
step_size {
  nsec: 4000000
}

sim_time {
  sec: 56
  nsec: 420000000
}
real_time {
  sec: 58
  nsec: 475785447
}
iterations: 14105
real_time_factor: 1.0002650702436147
step_size {
  nsec: 4000000
}

sim_time {
  sec: 56
  nsec: 524000000
}
real_time {
  sec: 58
  nsec: 579785144
}
iterations: 14131
real_time_factor: 1.0000107501155637
step_size {
  nsec: 4000000
}

sim_time {
  sec: 56
  nsec: 628000000
}
real_time {
  sec: 58
  nsec: 683784580
}
iterations: 14157
real_time_factor: 1.0001890357277525
step_size {
  nsec: 4000000
}

sim_time {
  sec: 56
  nsec: 728000000
}
real_time {
  sec: 58
  nsec: 783784697
}
iterations: 14182
real_time_factor: 1.0000962592649543
step_size {
  nsec: 4000000
}

sim_time {
  sec: 56
  nsec: 828000000
}
real_time {
  sec: 58
  nsec: 883785138
}
iterations: 14207
real_time_factor: 1.0006709498718891
step_size {
  nsec: 4000000
}

sim_time {
  sec: 56
  nsec: 932000000
}
real_time {
  sec: 58
  nsec: 987784731
}
iterations: 14233
real_time_factor: 1.0000640040962621
step_size {
  nsec: 4000000
}

sim_time {
  sec: 57
  nsec: 36000000
}
real_time {
  sec: 59
  nsec: 91784806
}
iterations: 14259
real_time_factor: 0.99996200144394509
step_size {
  nsec: 4000000
}

sim_time {
  sec: 57
  nsec: 136000000
}
real_time {
  sec: 59
  nsec: 191784979
}
iterations: 14284
real_time_factor: 1.0001657774776169
step_size {
  nsec: 4000000
}

sim_time {
  sec: 57
  nsec: 236000000
}
real_time {
  sec: 59
  nsec: 291785568
}
iterations: 14309
real_time_factor: 0.99999200006399946
step_size {
  nsec: 4000000
}

sim_time {
  sec: 57
  nsec: 340000000
}
real_time {
  sec: 59
  nsec: 395785550
}
iterations: 14335
real_time_factor: 0.9998742658110743
step_size {
  nsec: 4000000
}

sim_time {
  sec: 57
  nsec: 440000000
}
real_time {
  sec: 59
  nsec: 495785574
}
iterations: 14360
real_time_factor: 1.0000617538132979
step_size {
  nsec: 4000000
}

sim_time {
  sec: 57
  nsec: 544000000
}
real_time {
  sec: 59
  nsec: 599785451
}
iterations: 14386
real_time_factor: 1.00000150000225
step_size {
  nsec: 4000000
}

sim_time {
  sec: 57
  nsec: 648000000
}
real_time {
  sec: 59
  nsec: 703785725
}
iterations: 14412
real_time_factor: 0.99994150342204979
step_size {
  nsec: 4000000
}

sim_time {
  sec: 57
  nsec: 752000000
}
real_time {
  sec: 59
  nsec: 807784924
}
iterations: 14438
real_time_factor: 1.0000805064807716
step_size {
  nsec: 4000000
}

sim_time {
  sec: 57
  nsec: 852000000
}
real_time {
  sec: 59
  nsec: 907785344
}
iterations: 14463
real_time_factor: 0.9998787646997801
step_size {
  nsec: 4000000
}

sim_time {
  sec: 57
  nsec: 952000000
}
real_time {
  sec: 60
  nsec: 7788847
}
iterations: 14488
real_time_factor: 0.99894236976601025
step_size {
  nsec: 4000000
}

sim_time {
  sec: 58
  nsec: 56000000
}
real_time {
  sec: 60
  nsec: 111786777
}
iterations: 14514
real_time_factor: 0.99978179762266883
step_size {
  nsec: 4000000
}

sim_time {
  sec: 58
  nsec: 160000000
}
real_time {
  sec: 60
  nsec: 215785023
}
iterations: 14540
real_time_factor: 1.0001082617193311
step_size {
  nsec: 4000000
}

sim_time {
  sec: 58
  nsec: 264000000
}
real_time {
  sec: 60
  nsec: 319785047
}
iterations: 14566
real_time_factor: 1.0000617538132979
step_size {
  nsec: 4000000
}

sim_time {
  sec: 58
  nsec: 364000000
}
real_time {
  sec: 60
  nsec: 419785170
}
iterations: 14591
real_time_factor: 1.0001010102020305
step_size {
  nsec: 4000000
}

sim_time {
  sec: 58
  nsec: 464000000
}
real_time {
  sec: 60
  nsec: 519786281
}
iterations: 14616
real_time_factor: 1.0004276828344116
step_size {
  nsec: 4000000
}

sim_time {
  sec: 58
  nsec: 568000000
}
real_time {
  sec: 60
  nsec: 623785406
}
iterations: 14642
real_time_factor: 1.0001290166431469
step_size {
  nsec: 4000000
}

sim_time {
  sec: 58
  nsec: 668000000
}
real_time {
  sec: 60
  nsec: 723786656
}
iterations: 14667
real_time_factor: 0.99951348681029506
step_size {
  nsec: 4000000
}

sim_time {
  sec: 58
  nsec: 772000000
}
real_time {
  sec: 60
  nsec: 827784713
}
iterations: 14693
real_time_factor: 1.0001147631690737
step_size {
  nsec: 4000000
}

sim_time {
  sec: 58
  nsec: 872000000
}
real_time {
  sec: 60
  nsec: 927785415
}
iterations: 14718
real_time_factor: 1.0003488716689946
step_size {
  nsec: 4000000
}

sim_time {
  sec: 58
  nsec: 976000000
}
real_time {
  sec: 61
  nsec: 31785277
}
iterations: 14744
real_time_factor: 1.0000320010240327
step_size {
  nsec: 4000000
}

sim_time {
  sec: 59
  nsec: 80000000
}
real_time {
  sec: 61
  nsec: 135786482
}
iterations: 14770
real_time_factor: 0.99959666274658177
step_size {
  nsec: 4000000
}

sim_time {
  sec: 59
  nsec: 184000000
}
real_time {
  sec: 61
  nsec: 239785854
}
iterations: 14796
real_time_factor: 1.0000547529977266
step_size {
  nsec: 4000000
}

sim_time {
  sec: 59
  nsec: 288000000
}
real_time {
  sec: 61
  nsec: 343784919
}
iterations: 14822
real_time_factor: 1.0001082617193311
step_size {
  nsec: 4000000
}

sim_time {
  sec: 59
  nsec: 388000000
}
real_time {
  sec: 61
  nsec: 443785381
}
iterations: 14847
real_time_factor: 1.0000225005062613
step_size {
  nsec: 4000000
}

sim_time {
  sec: 59
  nsec: 488000000
}
real_time {
  sec: 61
  nsec: 543785309
}
iterations: 14872
real_time_factor: 1.0000390015210594
step_size {
  nsec: 4000000
}

sim_time {
  sec: 59
  nsec: 592000000
}
real_time {
  sec: 61
  nsec: 647786426
}
iterations: 14898
real_time_factor: 0.99960865321226744
step_size {
  nsec: 4000000
}

sim_time {
  sec: 59
  nsec: 692000000
}
real_time {
  sec: 61
  nsec: 747787042
}
iterations: 14923
real_time_factor: 0.99969634223604575
step_size {
  nsec: 4000000
}

sim_time {
  sec: 59
  nsec: 796000000
}
real_time {
  sec: 61
  nsec: 851784974
}
iterations: 14949
real_time_factor: 1.0000595035404607
step_size {
  nsec: 4000000
}

sim_time {
  sec: 59
  nsec: 896000000
}
real_time {
  sec: 61
  nsec: 951785700
}
iterations: 14974
real_time_factor: 1.0001085117735273
step_size {
  nsec: 4000000
}

sim_time {
  sec: 60
}
real_time {
  sec: 62
  nsec: 55785206
}
iterations: 15000
real_time_factor: 0.99988151404058623
step_size {
  nsec: 4000000
}

sim_time {
  sec: 60
  nsec: 100000000
}
real_time {
  sec: 62
  nsec: 155787572
}
iterations: 15025
real_time_factor: 0.99925929904458322
step_size {
  nsec: 4000000
}

sim_time {
  sec: 60
  nsec: 204000000
}
real_time {
  sec: 62
  nsec: 259786022
}
iterations: 15051
real_time_factor: 0.99990950818950886
step_size {
  nsec: 4000000
}

sim_time {
  sec: 60
  nsec: 308000000
}
real_time {
  sec: 62
  nsec: 363785167
}
iterations: 15077
real_time_factor: 1.0000877577007383
step_size {
  nsec: 4000000
}

sim_time {
  sec: 60
  nsec: 412000000
}
real_time {
  sec: 62
  nsec: 467785951
}
iterations: 15103
real_time_factor: 0.99973581980961534
step_size {
  nsec: 4000000
}

sim_time {
  sec: 60
  nsec: 516000000
}
real_time {
  sec: 62
  nsec: 571785653
}
iterations: 15129
real_time_factor: 0.99998075037055534
step_size {
  nsec: 4000000
}

sim_time {
  sec: 60
  nsec: 620000000
}
real_time {
  sec: 62
  nsec: 675785404
}
iterations: 15155
real_time_factor: 0.999895510919109
step_size {
  nsec: 4000000
}

sim_time {
  sec: 60
  nsec: 724000000
}
real_time {
  sec: 62
  nsec: 779784721
}
iterations: 15181
real_time_factor: 1.0000460021160973
step_size {
  nsec: 4000000
}

sim_time {
  sec: 60
  nsec: 824000000
}
real_time {
  sec: 62
  nsec: 879786741
}
iterations: 15206
real_time_factor: 0.99969384376034842
step_size {
  nsec: 4000000
}

sim_time {
  sec: 60
  nsec: 928000000
}
real_time {
  sec: 62
  nsec: 983785973
}
iterations: 15232
real_time_factor: 0.999847023405419
step_size {
  nsec: 4000000
}

sim_time {
  sec: 61
  nsec: 32000000
}
real_time {
  sec: 63
  nsec: 87785031
}
iterations: 15258
real_time_factor: 1.000002000004
step_size {
  nsec: 4000000
}

sim_time {
  sec: 61
  nsec: 132000000
}
real_time {
  sec: 63
  nsec: 187785244
}
iterations: 15283
real_time_factor: 1.0000112501265639
step_size {
  nsec: 4000000
}

sim_time {
  sec: 61
  nsec: 236000000
}
real_time {
  sec: 63
  nsec: 291785089
}
iterations: 15309
real_time_factor: 1.0000690047613285
step_size {
  nsec: 4000000
}

sim_time {
  sec: 61
  nsec: 340000000
}
real_time {
  sec: 63
  nsec: 395785193
}
iterations: 15335
real_time_factor: 0.99991875660102614
step_size {
  nsec: 4000000
}

sim_time {
  sec: 61
  nsec: 444000000
}
real_time {
  sec: 63
  nsec: 499785158
}
iterations: 15361
real_time_factor: 0.99998325028055779
step_size {
  nsec: 4000000
}

sim_time {
  sec: 61
  nsec: 544000000
}
real_time {
  sec: 63
  nsec: 599788443
}
iterations: 15386
real_time_factor: 0.99922460170907379
step_size {
  nsec: 4000000
}

sim_time {
  sec: 61
  nsec: 648000000
}
real_time {
  sec: 63
  nsec: 703786033
}
iterations: 15412
real_time_factor: 0.99986776748774975
step_size {
  nsec: 4000000
}

sim_time {
  sec: 61
  nsec: 752000000
}
real_time {
  sec: 63
  nsec: 807785605
}
iterations: 15438
real_time_factor: 1.0000620038442383
step_size {
  nsec: 4000000
}

sim_time {
  sec: 61
  nsec: 852000000
}
real_time {
  sec: 63
  nsec: 907784972
}
iterations: 15463
real_time_factor: 1.0000090000810007
step_size {
  nsec: 4000000
}

sim_time {
  sec: 61
  nsec: 956000000
}
real_time {
  sec: 64
  nsec: 11785247
}
iterations: 15489
real_time_factor: 0.99998350027224547
step_size {
  nsec: 4000000
}

sim_time {
  sec: 62
  nsec: 56000000
}
real_time {
  sec: 64
  nsec: 111785948
}
iterations: 15514
real_time_factor: 0.99996950093022163
step_size {
  nsec: 4000000
}

sim_time {
  sec: 62
  nsec: 160000000
}
real_time {
  sec: 64
  nsec: 215785594
}
iterations: 15540
real_time_factor: 0.99994175339286484
step_size {
  nsec: 4000000
}

sim_time {
  sec: 62
  nsec: 264000000
}
real_time {
  sec: 64
  nsec: 319785629
}
iterations: 15566
real_time_factor: 0.999888512430864
step_size {
  nsec: 4000000
}

sim_time {
  sec: 62
  nsec: 368000000
}
real_time {
  sec: 64
  nsec: 423784987
}
iterations: 15592
real_time_factor: 1.0001132628270151
step_size {
  nsec: 4000000
}

sim_time {
  sec: 62
  nsec: 468000000
}
real_time {
  sec: 64
  nsec: 523785528
}
iterations: 15617
real_time_factor: 1.0003216033954916
step_size {
  nsec: 4000000
}

sim_time {
  sec: 62
  nsec: 568000000
}
real_time {
  sec: 64
  nsec: 623786243
}
iterations: 15642
real_time_factor: 1.0008038957292444
step_size {
  nsec: 4000000
}

sim_time {
  sec: 62
  nsec: 672000000
}
real_time {
  sec: 64
  nsec: 727785228
}
iterations: 15668
real_time_factor: 1.0000415017223214
step_size {
  nsec: 4000000
}

sim_time {
  sec: 62
  nsec: 776000000
}
real_time {
  sec: 64
  nsec: 831784990
}
iterations: 15694
real_time_factor: 0.99994900260086739
step_size {
  nsec: 4000000
}

sim_time {
  sec: 62
  nsec: 880000000
}
real_time {
  sec: 64
  nsec: 935784845
}
iterations: 15720
real_time_factor: 1
step_size {
  nsec: 4000000
}

sim_time {
  sec: 62
  nsec: 980000000
}
real_time {
  sec: 65
  nsec: 35784838
}
iterations: 15745
real_time_factor: 1.0000485023523642
step_size {
  nsec: 4000000
}

sim_time {
  sec: 63
  nsec: 80000000
}
real_time {
  sec: 65
  nsec: 135791350
}
iterations: 15770
real_time_factor: 0.99914198681881938
step_size {
  nsec: 4000000
}

sim_time {
  sec: 63
  nsec: 184000000
}
real_time {
  sec: 65
  nsec: 239784991
}
iterations: 15796
real_time_factor: 0.99994450308007909
step_size {
  nsec: 4000000
}

sim_time {
  sec: 63
  nsec: 284000000
}
real_time {
  sec: 65
  nsec: 339793856
}
iterations: 15821
real_time_factor: 0.99791610170062373
step_size {
  nsec: 4000000
}

sim_time {
  sec: 63
  nsec: 388000000
}
real_time {
  sec: 65
  nsec: 443786812
}
iterations: 15847
real_time_factor: 0.99957418139872412
step_size {
  nsec: 4000000
}

sim_time {
  sec: 63
  nsec: 492000000
}
real_time {
  sec: 65
  nsec: 547785346
}
iterations: 15873
real_time_factor: 0.99996550119020888
step_size {
  nsec: 4000000
}

sim_time {
  sec: 63
  nsec: 596000000
}
real_time {
  sec: 65
  nsec: 651784993
}
iterations: 15899
real_time_factor: 1.0000347512076044
step_size {
  nsec: 4000000
}

sim_time {
  sec: 63
  nsec: 700000000
}
real_time {
  sec: 65
  nsec: 755785362
}
iterations: 15925
real_time_factor: 0.99993275452225838
step_size {
  nsec: 4000000
}

sim_time {
  sec: 63
  nsec: 800000000
}
real_time {
  sec: 65
  nsec: 855785429
}
iterations: 15950
real_time_factor: 1.0000067500455627
step_size {
  nsec: 4000000
}

sim_time {
  sec: 63
  nsec: 900000000
}
real_time {
  sec: 65
  nsec: 955806579
}
iterations: 15975
real_time_factor: 0.99463963832913471
step_size {
  nsec: 4000000
}

sim_time {
  sec: 64
  nsec: 4000000
}
real_time {
  sec: 66
  nsec: 59784688
}
iterations: 16001
real_time_factor: 1.0000022500050625
step_size {
  nsec: 4000000
}

sim_time {
  sec: 64
  nsec: 108000000
}
real_time {
  sec: 66
  nsec: 163784678
}
iterations: 16027
real_time_factor: 1.0000417517431353
step_size {
  nsec: 4000000
}

sim_time {
  sec: 64
  nsec: 208000000
}
real_time {
  sec: 66
  nsec: 263784816
}
iterations: 16052
real_time_factor: 0.99998600019599726
step_size {
  nsec: 4000000
}

sim_time {
  sec: 64
  nsec: 308000000
}
real_time {
  sec: 66
  nsec: 363785083
}
iterations: 16077
real_time_factor: 0.99996050156018834
step_size {
  nsec: 4000000
}

sim_time {
  sec: 64
  nsec: 412000000
}
real_time {
  sec: 66
  nsec: 467785174
}
iterations: 16103
real_time_factor: 0.99994925257543177
step_size {
  nsec: 4000000
}

sim_time {
  sec: 64
  nsec: 516000000
}
real_time {
  sec: 66
  nsec: 571784840
}
iterations: 16129
real_time_factor: 1.0000302509150902
step_size {
  nsec: 4000000
}

sim_time {
  sec: 64
  nsec: 620000000
}
real_time {
  sec: 66
  nsec: 675784918
}
iterations: 16155
real_time_factor: 1.0000187503515692
step_size {
  nsec: 4000000
}

sim_time {
  sec: 64
  nsec: 724000000
}
real_time {
  sec: 66
  nsec: 779785015
}
iterations: 16181
real_time_factor: 1.0000462521391615
step_size {
  nsec: 4000000
}

sim_time {
  sec: 64
  nsec: 824000000
}
real_time {
  sec: 66
  nsec: 879785602
}
iterations: 16206
real_time_factor: 0.99997025088503622
step_size {
  nsec: 4000000
}

sim_time {
  sec: 64
  nsec: 928000000
}
real_time {
  sec: 66
  nsec: 983786153
}
iterations: 16232
real_time_factor: 0.99968085188803479
step_size {
  nsec: 4000000
}

sim_time {
  sec: 65
  nsec: 32000000
}
real_time {
  sec: 67
  nsec: 87785417
}
iterations: 16258
real_time_factor: 0.999831028556174
step_size {
  nsec: 4000000
}

sim_time {
  sec: 65
  nsec: 136000000
}
real_time {
  sec: 67
  nsec: 191785226
}
iterations: 16284
real_time_factor: 1.0001067613967791
step_size {
  nsec: 4000000
}

sim_time {
  sec: 65
  nsec: 236000000
}
real_time {
  sec: 67
  nsec: 291786342
}
iterations: 16309
real_time_factor: 0.99971533105948085
step_size {
  nsec: 4000000
}

sim_time {
  sec: 65
  nsec: 340000000
}
real_time {
  sec: 67
  nsec: 395785531
}
iterations: 16335
real_time_factor: 1.0000047500225626
step_size {
  nsec: 4000000
}

sim_time {
  sec: 65
  nsec: 444000000
}
real_time {
  sec: 67
  nsec: 499785535
}
iterations: 16361
real_time_factor: 0.99990750855545862
step_size {
  nsec: 4000000
}

sim_time {
  sec: 65
  nsec: 544000000
}
real_time {
  sec: 67
  nsec: 599785786
}
iterations: 16386
real_time_factor: 0.99996575117302233
step_size {
  nsec: 4000000
}

sim_time {
  sec: 65
  nsec: 648000000
}
real_time {
  sec: 67
  nsec: 703784879
}
iterations: 16412
real_time_factor: 0.99999100008099928
step_size {
  nsec: 4000000
}

sim_time {
  sec: 65
  nsec: 748000000
}
real_time {
  sec: 67
  nsec: 803785176
}
iterations: 16437
real_time_factor: 0.99998425024805859
step_size {
  nsec: 4000000
}

sim_time {
  sec: 65
  nsec: 852000000
}
real_time {
  sec: 67
  nsec: 907785398
}
iterations: 16463
real_time_factor: 0.99995175232795019
step_size {
  nsec: 4000000
}

sim_time {
  sec: 65
  nsec: 956000000
}
real_time {
  sec: 68
  nsec: 11784954
}
iterations: 16489
real_time_factor: 1.0001300169021974
step_size {
  nsec: 4000000
}

sim_time {
  sec: 66
  nsec: 60000000
}
real_time {
  sec: 68
  nsec: 115785102
}
iterations: 16515
real_time_factor: 1.0000187503515692
step_size {
  nsec: 4000000
}

sim_time {
  sec: 66
  nsec: 160000000
}
real_time {
  sec: 68
  nsec: 215785242
}
iterations: 16540
real_time_factor: 0.99986851728997639
step_size {
  nsec: 4000000
}

sim_time {
  sec: 66
  nsec: 260000000
}
real_time {
  sec: 68
  nsec: 315785216
}
iterations: 16565
real_time_factor: 1.0000510026011327
step_size {
  nsec: 4000000
}

sim_time {
  sec: 66
  nsec: 364000000
}
real_time {
  sec: 68
  nsec: 419785196
}
iterations: 16591
real_time_factor: 1.0000075000562505
step_size {
  nsec: 4000000
}

sim_time {
  sec: 66
  nsec: 464000000
}
real_time {
  sec: 68
  nsec: 519785519
}
iterations: 16616
real_time_factor: 0.99997050087022432
step_size {
  nsec: 4000000
}

sim_time {
  sec: 66
  nsec: 568000000
}
real_time {
  sec: 68
  nsec: 623785238
}
iterations: 16642
real_time_factor: 1.0000882577887498
step_size {
  nsec: 4000000
}

sim_time {
  sec: 66
  nsec: 672000000
}
real_time {
  sec: 68
  nsec: 727785104
}
iterations: 16668
real_time_factor: 1.0000167502805672
step_size {
  nsec: 4000000
}

sim_time {
  sec: 66
  nsec: 776000000
}
real_time {
  sec: 68
  nsec: 831785044
}
iterations: 16694
real_time_factor: 1.0000930086498043
step_size {
  nsec: 4000000
}

sim_time {
  sec: 66
  nsec: 880000000
}
real_time {
  sec: 68
  nsec: 935784790
}
iterations: 16720
real_time_factor: 1.0000815066427915
step_size {
  nsec: 4000000
}

sim_time {
  sec: 66
  nsec: 980000000
}
real_time {
  sec: 69
  nsec: 35785427
}
iterations: 16745
real_time_factor: 1.0000117501380641
step_size {
  nsec: 4000000
}

sim_time {
  sec: 67
  nsec: 84000000
}
real_time {
  sec: 69
  nsec: 139786034
}
iterations: 16771
real_time_factor: 0.99989176171679417
step_size {
  nsec: 4000000
}

sim_time {
  sec: 67
  nsec: 188000000
}
real_time {
  sec: 69
  nsec: 243784974
}
iterations: 16797
real_time_factor: 1.0000142502030653
step_size {
  nsec: 4000000
}

sim_time {
  sec: 67
  nsec: 288000000
}
real_time {
  sec: 69
  nsec: 343787657
}
iterations: 16822
real_time_factor: 0.99949375641237714
step_size {
  nsec: 4000000
}

sim_time {
  sec: 67
  nsec: 392000000
}
real_time {
  sec: 69
  nsec: 447785237
}
iterations: 16848
real_time_factor: 1.0002017907112759
step_size {
  nsec: 4000000
}

sim_time {
  sec: 67
  nsec: 492000000
}
real_time {
  sec: 69
  nsec: 547785765
}
iterations: 16873
real_time_factor: 0.99995200230388936
step_size {
  nsec: 4000000
}

sim_time {
  sec: 67
  nsec: 596000000
}
real_time {
  sec: 69
  nsec: 651786054
}
iterations: 16899
real_time_factor: 0.99990550892940622
step_size {
  nsec: 4000000
}

sim_time {
  sec: 67
  nsec: 700000000
}
real_time {
  sec: 69
  nsec: 755785795
}
iterations: 16925
real_time_factor: 1.000017000289005
step_size {
  nsec: 4000000
}

sim_time {
  sec: 67
  nsec: 804000000
}
real_time {
  sec: 69
  nsec: 859785408
}
iterations: 16951
real_time_factor: 0.99996575117302233
step_size {
  nsec: 4000000
}

sim_time {
  sec: 67
  nsec: 908000000
}
real_time {
  sec: 69
  nsec: 963786038
}
iterations: 16977
real_time_factor: 0.99973232167087267
step_size {
  nsec: 4000000
}

sim_time {
  sec: 68
  nsec: 8000000
}
real_time {
  sec: 70
  nsec: 63789024
}
iterations: 17002
real_time_factor: 0.99896207840054185
step_size {
  nsec: 4000000
}

sim_time {
  sec: 68
  nsec: 112000000
}
real_time {
  sec: 70
  nsec: 167785479
}
iterations: 17028
real_time_factor: 0.99998175033305647
step_size {
  nsec: 4000000
}

sim_time {
  sec: 68
  nsec: 216000000
}
real_time {
  sec: 70
  nsec: 271786943
}
iterations: 17054
real_time_factor: 0.99958367340002885
step_size {
  nsec: 4000000
}

sim_time {
  sec: 68
  nsec: 320000000
}
real_time {
  sec: 70
  nsec: 375785925
}
iterations: 17080
real_time_factor: 0.9998525217530414
step_size {
  nsec: 4000000
}

