sim_time {
  nsec: 4000000
}
real_time {
  sec: 1
  nsec: 764821126
}
iterations: 1
real_time_factor: 0.0022665186522704849
step_size {
  nsec: 4000000
}

sim_time {
  nsec: 108000000
}
real_time {
  sec: 1
  nsec: 868804369
}
iterations: 27
real_time_factor: 0.99998975010506141
step_size {
  nsec: 4000000
}

sim_time {
  nsec: 208000000
}
real_time {
  sec: 1
  nsec: 968804108
}
iterations: 52
real_time_factor: 1.0000362513141101
step_size {
  nsec: 4000000
}

sim_time {
  nsec: 308000000
}
real_time {
  sec: 2
  nsec: 68805037
}
iterations: 77
real_time_factor: 0.99979979009203412
step_size {
  nsec: 4000000
}

sim_time {
  nsec: 408000000
}
real_time {
  sec: 2
  nsec: 168813841
}
iterations: 102
real_time_factor: 0.99766620931984851
step_size {
  nsec: 4000000
}

sim_time {
  nsec: 512000000
}
real_time {
  sec: 2
  nsec: 272805611
}
iterations: 128
real_time_factor: 1.0011017124345343
step_size {
  nsec: 4000000
}

sim_time {
  nsec: 616000000
}
real_time {
  sec: 2
  nsec: 376804390
}
iterations: 154
real_time_factor: 1.0000172502975677
step_size {
  nsec: 4000000
}

sim_time {
  nsec: 720000000
}
real_time {
  sec: 2
  nsec: 480804280
}
iterations: 180
real_time_factor: 1.0000082500680632
step_size {
  nsec: 4000000
}

sim_time {
  nsec: 820000000
}
real_time {
  sec: 2
  nsec: 580806713
}
iterations: 205
real_time_factor: 0.99949450565376563
step_size {
  nsec: 4000000
}

sim_time {
  nsec: 924000000
}
real_time {
  sec: 2
  nsec: 684804482
}
iterations: 231
real_time_factor: 0.99999200006399946
step_size {
  nsec: 4000000
}

sim_time {
  sec: 1
  nsec: 24000000
}
real_time {
  sec: 2
  nsec: 784804803
}
iterations: 256
real_time_factor: 1.0002353053555848
step_size {
  nsec: 4000000
}

sim_time {
  sec: 1
  nsec: 124000000
}
real_time {
  sec: 2
  nsec: 884805653
}
iterations: 281
real_time_factor: 1.0006334009427968
step_size {
  nsec: 4000000
}

sim_time {
  sec: 1
  nsec: 228000000
}
real_time {
  sec: 2
  nsec: 988804765
}
iterations: 307
real_time_factor: 1.0002745753709392
step_size {
  nsec: 4000000
}

sim_time {
  sec: 1
  nsec: 332000000
}
real_time {
  sec: 3
  nsec: 92804655
}
iterations: 333
real_time_factor: 0.99997375068904437
step_size {
  nsec: 4000000
}

sim_time {
  sec: 1
  nsec: 436000000
}
real_time {
  sec: 3
  nsec: 196804046
}
iterations: 359
real_time_factor: 1.0000775060067155
step_size {
  nsec: 4000000
}

sim_time {
  sec: 1
  nsec: 540000000
}
real_time {
  sec: 3
  nsec: 300804481
}
iterations: 385
real_time_factor: 0.99998050038024255
step_size {
  nsec: 4000000
}

sim_time {
  sec: 1
  nsec: 644000000
}
real_time {
  sec: 3
  nsec: 404804621
}
iterations: 411
real_time_factor: 0.99990875832580273
step_size {
  nsec: 4000000
}

sim_time {
  sec: 1
  nsec: 748000000
}
real_time {
  sec: 3
  nsec: 508804307
}
iterations: 437
real_time_factor: 1.0000335011222876
step_size {
  nsec: 4000000
}

sim_time {
  sec: 1
  nsec: 824000000
}
real_time {
  sec: 3
  nsec: 863031177
}
iterations: 456
real_time_factor: 0.014173000211372582
step_size {
  nsec: 4000000
}

sim_time {
  sec: 1
  nsec: 928000000
}
real_time {
  sec: 3
  nsec: 967027464
}
iterations: 482
real_time_factor: 1.0000732553659555
step_size {
  nsec: 4000000
}

sim_time {
  sec: 2
  nsec: 32000000
}
real_time {
  sec: 4
  nsec: 71027327
}
iterations: 508
real_time_factor: 1.0000265007022686
step_size {
  nsec: 4000000
}

sim_time {
  sec: 2
  nsec: 136000000
}
real_time {
  sec: 4
  nsec: 175027540
}
iterations: 534
real_time_factor: 1.0000172502975677
step_size {
  nsec: 4000000
}

sim_time {
  sec: 2
  nsec: 240000000
}
real_time {
  sec: 4
  nsec: 279027456
}
iterations: 560
real_time_factor: 0.99995050245012873
step_size {
  nsec: 4000000
}

sim_time {
  sec: 2
  nsec: 344000000
}
real_time {
  sec: 4
  nsec: 383027178
}
iterations: 586
real_time_factor: 1.0000175003062555
step_size {
  nsec: 4000000
}

sim_time {
  sec: 2
  nsec: 448000000
}
real_time {
  sec: 4
  nsec: 487027455
}
iterations: 612
real_time_factor: 1.0000155002402538
step_size {
  nsec: 4000000
}

sim_time {
  sec: 2
  nsec: 548000000
}
real_time {
  sec: 4
  nsec: 587027858
}
iterations: 637
real_time_factor: 1.0000475022563571
step_size {
  nsec: 4000000
}

sim_time {
  sec: 2
  nsec: 652000000
}
real_time {
  sec: 4
  nsec: 691027553
}
iterations: 663
real_time_factor: 1.0000012500015625
step_size {
  nsec: 4000000
}

sim_time {
  sec: 2
  nsec: 752000000
}
real_time {
  sec: 4
  nsec: 791028066
}
iterations: 688
real_time_factor: 0.99995725182748441
step_size {
  nsec: 4000000
}

sim_time {
  sec: 2
  nsec: 856000000
}
real_time {
  sec: 4
  nsec: 895028030
}
iterations: 714
real_time_factor: 0.99998500022499659
step_size {
  nsec: 4000000
}

sim_time {
  sec: 2
  nsec: 960000000
}
real_time {
  sec: 4
  nsec: 999028510
}
iterations: 740
real_time_factor: 0.9998507722722384
step_size {
  nsec: 4000000
}

sim_time {
  sec: 3
  nsec: 64000000
}
real_time {
  sec: 5
  nsec: 103027584
}
iterations: 766
real_time_factor: 1.0000940088368306
step_size {
  nsec: 4000000
}

sim_time {
  sec: 3
  nsec: 164000000
}
real_time {
  sec: 5
  nsec: 203027376
}
iterations: 791
real_time_factor: 1.0000335011222876
step_size {
  nsec: 4000000
}

sim_time {
  sec: 3
  nsec: 268000000
}
real_time {
  sec: 5
  nsec: 307027902
}
iterations: 817
real_time_factor: 1.0000337511391009
step_size {
  nsec: 4000000
}

sim_time {
  sec: 3
  nsec: 372000000
}
real_time {
  sec: 5
  nsec: 411027725
}
iterations: 843
real_time_factor: 0.99999200006399946
step_size {
  nsec: 4000000
}

sim_time {
  sec: 3
  nsec: 472000000
}
real_time {
  sec: 5
  nsec: 511027618
}
iterations: 868
real_time_factor: 1.0000570032491851
step_size {
  nsec: 4000000
}

sim_time {
  sec: 3
  nsec: 572000000
}
real_time {
  sec: 5
  nsec: 611027826
}
iterations: 893
real_time_factor: 0.99997100084097557
step_size {
  nsec: 4000000
}

sim_time {
  sec: 3
  nsec: 672000000
}
real_time {
  sec: 5
  nsec: 711028061
}
iterations: 918
real_time_factor: 1.0001007601515852
step_size {
  nsec: 4000000
}

sim_time {
  sec: 3
  nsec: 772000000
}
real_time {
  sec: 5
  nsec: 811031963
}
iterations: 943
real_time_factor: 0.99897929290747178
step_size {
  nsec: 4000000
}

sim_time {
  sec: 3
  nsec: 876000000
}
real_time {
  sec: 5
  nsec: 915028156
}
iterations: 969
real_time_factor: 1.0002167969907478
step_size {
  nsec: 4000000
}

sim_time {
  sec: 3
  nsec: 976000000
}
real_time {
  sec: 6
  nsec: 15028688
}
iterations: 994
real_time_factor: 0.99999200006399946
step_size {
  nsec: 4000000
}

sim_time {
  sec: 4
  nsec: 80000000
}
real_time {
  sec: 6
  nsec: 119027789
}
iterations: 1020
real_time_factor: 1.0000730053293891
step_size {
  nsec: 4000000
}

sim_time {
  sec: 4
  nsec: 184000000
}
real_time {
  sec: 6
  nsec: 223030666
}
iterations: 1046
real_time_factor: 0.99924956357775307
step_size {
  nsec: 4000000
}

sim_time {
  sec: 4
  nsec: 288000000
}
real_time {
  sec: 6
  nsec: 327028433
}
iterations: 1072
real_time_factor: 1.000112512657674
step_size {
  nsec: 4000000
}

sim_time {
  sec: 4
  nsec: 392000000
}
real_time {
  sec: 6
  nsec: 431027440
}
iterations: 1098
real_time_factor: 1.000031250976593
step_size {
  nsec: 4000000
}

sim_time {
  sec: 4
  nsec: 492000000
}
real_time {
  sec: 6
  nsec: 531034462
}
iterations: 1123
real_time_factor: 0.99991550713964672
step_size {
  nsec: 4000000
}

sim_time {
  sec: 4
  nsec: 596000000
}
real_time {
  sec: 6
  nsec: 635028701
}
iterations: 1149
real_time_factor: 0.9996840998244555
step_size {
  nsec: 4000000
}

sim_time {
  sec: 4
  nsec: 696000000
}
real_time {
  sec: 6
  nsec: 735032889
}
iterations: 1174
real_time_factor: 0.99910380388791253
step_size {
  nsec: 4000000
}

sim_time {
  sec: 4
  nsec: 800000000
}
real_time {
  sec: 6
  nsec: 839029571
}
iterations: 1200
real_time_factor: 1.0000965093131486
step_size {
  nsec: 4000000
}

sim_time {
  sec: 4
  nsec: 904000000
}
real_time {
  sec: 6
  nsec: 943028116
}
iterations: 1226
real_time_factor: 1.0000685046925715
step_size {
  nsec: 4000000
}

sim_time {
  sec: 5
  nsec: 4000000
}
real_time {
  sec: 7
  nsec: 43028351
}
iterations: 1251
real_time_factor: 1.0000707550059167
step_size {
  nsec: 4000000
}

sim_time {
  sec: 5
  nsec: 108000000
}
real_time {
  sec: 7
  nsec: 147027756
}
iterations: 1277
real_time_factor: 1.0000592535107704
step_size {
  nsec: 4000000
}

sim_time {
  sec: 5
  nsec: 212000000
}
real_time {
  sec: 7
  nsec: 251027866
}
iterations: 1303
real_time_factor: 1.0000290008410244
step_size {
  nsec: 4000000
}

sim_time {
  sec: 5
  nsec: 316000000
}
real_time {
  sec: 7
  nsec: 355027811
}
iterations: 1329
real_time_factor: 1.0000012500015625
step_size {
  nsec: 4000000
}

sim_time {
  sec: 5
  nsec: 416000000
}
real_time {
  sec: 7
  nsec: 455028508
}
iterations: 1354
real_time_factor: 1.0001145131117513
step_size {
  nsec: 4000000
}

sim_time {
  sec: 5
  nsec: 516000000
}
real_time {
  sec: 7
  nsec: 555029085
}
iterations: 1379
real_time_factor: 0.99990625878823858
step_size {
  nsec: 4000000
}

sim_time {
  sec: 5
  nsec: 616000000
}
real_time {
  sec: 7
  nsec: 655029022
}
iterations: 1404
real_time_factor: 1.0004134208461646
step_size {
  nsec: 4000000
}

sim_time {
  sec: 5
  nsec: 716000000
}
real_time {
  sec: 7
  nsec: 755030580
}
iterations: 1429
real_time_factor: 0.99945279959222322
step_size {
  nsec: 4000000
}

sim_time {
  sec: 5
  nsec: 820000000
}
real_time {
  sec: 7
  nsec: 859027966
}
iterations: 1455
real_time_factor: 0.99996650112221241
step_size {
  nsec: 4000000
}

sim_time {
  sec: 5
  nsec: 920000000
}
real_time {
  sec: 7
  nsec: 959027986
}
iterations: 1480
real_time_factor: 0.99995525200247293
step_size {
  nsec: 4000000
}

sim_time {
  sec: 6
  nsec: 20000000
}
real_time {
  sec: 8
  nsec: 59029053
}
iterations: 1505
real_time_factor: 0.99980478811512052
step_size {
  nsec: 4000000
}

sim_time {
  sec: 6
  nsec: 124000000
}
real_time {
  sec: 8
  nsec: 163028106
}
iterations: 1531
real_time_factor: 0.99999675001056243
step_size {
  nsec: 4000000
}

sim_time {
  sec: 6
  nsec: 224000000
}
real_time {
  sec: 8
  nsec: 263029274
}
iterations: 1556
real_time_factor: 1.000080006400512
step_size {
  nsec: 4000000
}

sim_time {
  sec: 6
  nsec: 328000000
}
real_time {
  sec: 8
  nsec: 367028549
}
iterations: 1582
real_time_factor: 0.99993625406380349
step_size {
  nsec: 4000000
}

sim_time {
  sec: 6
  nsec: 432000000
}
real_time {
  sec: 8
  nsec: 471028110
}
iterations: 1608
real_time_factor: 0.99996400129595331
step_size {
  nsec: 4000000
}

sim_time {
  sec: 6
  nsec: 536000000
}
real_time {
  sec: 8
  nsec: 575027977
}
iterations: 1634
real_time_factor: 0.99995475204746986
step_size {
  nsec: 4000000
}

sim_time {
  sec: 6
  nsec: 640000000
}
real_time {
  sec: 8
  nsec: 679028251
}
iterations: 1660
real_time_factor: 0.99996875097653193
step_size {
  nsec: 4000000
}

sim_time {
  sec: 6
  nsec: 744000000
}
real_time {
  sec: 8
  nsec: 783027580
}
iterations: 1686
real_time_factor: 1.0001215147640439
step_size {
  nsec: 4000000
}

sim_time {
  sec: 6
  nsec: 844000000
}
real_time {
  sec: 8
  nsec: 883030007
}
iterations: 1711
real_time_factor: 0.999633634273039
step_size {
  nsec: 4000000
}

sim_time {
  sec: 6
  nsec: 948000000
}
real_time {
  sec: 8
  nsec: 987028744
}
iterations: 1737
real_time_factor: 0.99994125345135976
step_size {
  nsec: 4000000
}

sim_time {
  sec: 7
  nsec: 52000000
}
real_time {
  sec: 9
  nsec: 91028268
}
iterations: 1763
real_time_factor: 0.99984877287310292
step_size {
  nsec: 4000000
}

sim_time {
  sec: 7
  nsec: 156000000
}
real_time {
  sec: 9
  nsec: 195028033
}
iterations: 1789
real_time_factor: 0.99996650112221241
step_size {
  nsec: 4000000
}

sim_time {
  sec: 7
  nsec: 260000000
}
real_time {
  sec: 9
  nsec: 299027815
}
iterations: 1815
real_time_factor: 1.0000455020703443
step_size {
  nsec: 4000000
}

sim_time {
  sec: 7
  nsec: 360000000
}
real_time {
  sec: 9
  nsec: 399027992
}
iterations: 1840
real_time_factor: 1.0000707550059167
step_size {
  nsec: 4000000
}

sim_time {
  sec: 7
  nsec: 460000000
}
real_time {
  sec: 9
  nsec: 499028400
}
iterations: 1865
real_time_factor: 1.0002838305369148
step_size {
  nsec: 4000000
}

sim_time {
  sec: 7
  nsec: 564000000
}
real_time {
  sec: 9
  nsec: 603028728
}
iterations: 1891
real_time_factor: 0.99993425432277827
step_size {
  nsec: 4000000
}

sim_time {
  sec: 7
  nsec: 668000000
}
real_time {
  sec: 9
  nsec: 707028419
}
iterations: 1917
real_time_factor: 0.99995950164018355
step_size {
  nsec: 4000000
}

sim_time {
  sec: 7
  nsec: 768000000
}
real_time {
  sec: 9
  nsec: 807028678
}
iterations: 1942
real_time_factor: 0.999990000099999
step_size {
  nsec: 4000000
}

sim_time {
  sec: 7
  nsec: 872000000
}
real_time {
  sec: 9
  nsec: 911029073
}
iterations: 1968
real_time_factor: 0.99997100084097557
step_size {
  nsec: 4000000
}

sim_time {
  sec: 7
  nsec: 976000000
}
real_time {
  sec: 10
  nsec: 15027846
}
iterations: 1994
real_time_factor: 0.99999875000156246
step_size {
  nsec: 4000000
}

sim_time {
  sec: 8
  nsec: 76000000
}
real_time {
  sec: 10
  nsec: 115028160
}
iterations: 2019
real_time_factor: 0.99989501102384248
step_size {
  nsec: 4000000
}

sim_time {
  sec: 8
  nsec: 180000000
}
real_time {
  sec: 10
  nsec: 219027887
}
iterations: 2045
real_time_factor: 1.000054502970412
step_size {
  nsec: 4000000
}

sim_time {
  sec: 8
  nsec: 284000000
}
real_time {
  sec: 10
  nsec: 323027928
}
iterations: 2071
real_time_factor: 0.9998185329362721
step_size {
  nsec: 4000000
}

sim_time {
  sec: 8
  nsec: 388000000
}
real_time {
  sec: 10
  nsec: 427027312
}
iterations: 2097
real_time_factor: 1.0001307670977981
step_size {
  nsec: 4000000
}

sim_time {
  sec: 8
  nsec: 488000000
}
real_time {
  sec: 10
  nsec: 527028237
}
iterations: 2122
real_time_factor: 0.99997600057598612
step_size {
  nsec: 4000000
}

sim_time {
  sec: 8
  nsec: 592000000
}
real_time {
  sec: 10
  nsec: 631028103
}
iterations: 2148
real_time_factor: 0.9999872501625604
step_size {
  nsec: 4000000
}

sim_time {
  sec: 8
  nsec: 692000000
}
real_time {
  sec: 10
  nsec: 731027777
}
iterations: 2173
real_time_factor: 1.0002770767502598
step_size {
  nsec: 4000000
}

sim_time {
  sec: 8
  nsec: 792000000
}
real_time {
  sec: 10
  nsec: 831028861
}
iterations: 2198
real_time_factor: 1.0000570032491851
step_size {
  nsec: 4000000
}

sim_time {
  sec: 8
  nsec: 892000000
}
real_time {
  sec: 10
  nsec: 931031037
}
iterations: 2223
real_time_factor: 0.99929324984904422
step_size {
  nsec: 4000000
}

sim_time {
  sec: 8
  nsec: 996000000
}
real_time {
  sec: 11
  nsec: 35027605
}
iterations: 2249
real_time_factor: 1.0000315009922813
step_size {
  nsec: 4000000
}

sim_time {
  sec: 9
  nsec: 96000000
}
real_time {
  sec: 11
  nsec: 135027827
}
iterations: 2274
real_time_factor: 1.0000062500390627
step_size {
  nsec: 4000000
}

sim_time {
  sec: 9
  nsec: 200000000
}
real_time {
  sec: 11
  nsec: 239027942
}
iterations: 2300
real_time_factor: 0.99999200006399946
step_size {
  nsec: 4000000
}

sim_time {
  sec: 9
  nsec: 304000000
}
real_time {
  sec: 11
  nsec: 343028046
}
iterations: 2326
real_time_factor: 0.99998075037055534
step_size {
  nsec: 4000000
}

sim_time {
  sec: 9
  nsec: 408000000
}
real_time {
  sec: 11
  nsec: 447028152
}
iterations: 2352
real_time_factor: 0.99995025247493941
step_size {
  nsec: 4000000
}

sim_time {
  sec: 9
  nsec: 508000000
}
real_time {
  sec: 11
  nsec: 547028261
}
iterations: 2377
real_time_factor: 1.0001657774776169
step_size {
  nsec: 4000000
}

sim_time {
  sec: 9
  nsec: 612000000
}
real_time {
  sec: 11
  nsec: 651027551
}
iterations: 2403
real_time_factor: 1.0001520231075123
step_size {
  nsec: 4000000
}

sim_time {
  sec: 9
  nsec: 712000000
}
real_time {
  sec: 11
  nsec: 751035319
}
iterations: 2428
real_time_factor: 0.99851495862778084
step_size {
  nsec: 4000000
}

sim_time {
  sec: 9
  nsec: 816000000
}
real_time {
  sec: 11
  nsec: 855028321
}
iterations: 2454
real_time_factor: 0.99991825668251622
step_size {
  nsec: 4000000
}

sim_time {
  sec: 9
  nsec: 920000000
}
real_time {
  sec: 11
  nsec: 959027973
}
iterations: 2480
real_time_factor: 1.0001170136906019
step_size {
  nsec: 4000000
}

sim_time {
  sec: 10
  nsec: 20000000
}
real_time {
  sec: 12
  nsec: 59028574
}
iterations: 2505
real_time_factor: 1.00033461192769
step_size {
  nsec: 4000000
}

sim_time {
  sec: 10
  nsec: 124000000
}
real_time {
  sec: 12
  nsec: 163027762
}
iterations: 2531
real_time_factor: 0.999936504031994
step_size {
  nsec: 4000000
}

sim_time {
  sec: 10
  nsec: 224000000
}
real_time {
  sec: 12
  nsec: 263034102
}
iterations: 2556
real_time_factor: 0.99849925561880493
step_size {
  nsec: 4000000
}

sim_time {
  sec: 10
  nsec: 328000000
}
real_time {
  sec: 12
  nsec: 367028597
}
iterations: 2582
real_time_factor: 1.0000477522801714
step_size {
  nsec: 4000000
}

sim_time {
  sec: 10
  nsec: 432000000
}
real_time {
  sec: 12
  nsec: 471027687
}
iterations: 2608
real_time_factor: 1.0000775060067155
step_size {
  nsec: 4000000
}

sim_time {
  sec: 10
  nsec: 536000000
}
real_time {
  sec: 12
  nsec: 575028568
}
iterations: 2634
real_time_factor: 0.99978604578620178
step_size {
  nsec: 4000000
}

sim_time {
  sec: 10
  nsec: 640000000
}
real_time {
  sec: 12
  nsec: 679027802
}
iterations: 2660
real_time_factor: 0.99984852294877324
step_size {
  nsec: 4000000
}

sim_time {
  sec: 10
  nsec: 744000000
}
real_time {
  sec: 12
  nsec: 783028452
}
iterations: 2686
real_time_factor: 0.99984402433220421
step_size {
  nsec: 4000000
}

sim_time {
  sec: 10
  nsec: 844000000
}
real_time {
  sec: 12
  nsec: 883028765
}
iterations: 2711
real_time_factor: 0.99992475566213646
step_size {
  nsec: 4000000
}

sim_time {
  sec: 10
  nsec: 948000000
}
real_time {
  sec: 12
  nsec: 987027822
}
iterations: 2737
real_time_factor: 1.0001172637491746
step_size {
  nsec: 4000000
}

sim_time {
  sec: 11
  nsec: 48000000
}
real_time {
  sec: 13
  nsec: 87027783
}
iterations: 2762
real_time_factor: 1.0000477522801714
step_size {
  nsec: 4000000
}

sim_time {
  sec: 11
  nsec: 152000000
}
real_time {
  sec: 13
  nsec: 191027730
}
iterations: 2788
real_time_factor: 1.0000082500680632
step_size {
  nsec: 4000000
}

sim_time {
  sec: 11
  nsec: 252000000
}
real_time {
  sec: 13
  nsec: 291028709
}
iterations: 2813
real_time_factor: 0.99992025635955528
step_size {
  nsec: 4000000
}

sim_time {
  sec: 11
  nsec: 352000000
}
real_time {
  sec: 13
  nsec: 391029882
}
iterations: 2838
real_time_factor: 1.0007913757803983
step_size {
  nsec: 4000000
}

sim_time {
  sec: 11
  nsec: 456000000
}
real_time {
  sec: 13
  nsec: 495027911
}
iterations: 2864
real_time_factor: 1.0001265160042745
step_size {
  nsec: 4000000
}

sim_time {
  sec: 11
  nsec: 560000000
}
real_time {
  sec: 13
  nsec: 599028422
}
iterations: 2890
real_time_factor: 0.99991325752490967
step_size {
  nsec: 4000000
}

sim_time {
  sec: 11
  nsec: 664000000
}
real_time {
  sec: 13
  nsec: 703035081
}
iterations: 2916
real_time_factor: 0.9981987503549844
step_size {
  nsec: 4000000
}

sim_time {
  sec: 11
  nsec: 768000000
}
real_time {
  sec: 13
  nsec: 807028388
}
iterations: 2942
real_time_factor: 1.000702993853182
step_size {
  nsec: 4000000
}

sim_time {
  sec: 11
  nsec: 872000000
}
real_time {
  sec: 13
  nsec: 911027907
}
iterations: 2968
real_time_factor: 0.99991350748160279
step_size {
  nsec: 4000000
}

sim_time {
  sec: 11
  nsec: 976000000
}
real_time {
  sec: 14
  nsec: 15028131
}
iterations: 2994
real_time_factor: 0.99980453821277937
step_size {
  nsec: 4000000
}

sim_time {
  sec: 12
  nsec: 76000000
}
real_time {
  sec: 14
  nsec: 115028192
}
iterations: 3019
real_time_factor: 0.99999450003024981
step_size {
  nsec: 4000000
}

sim_time {
  sec: 12
  nsec: 180000000
}
real_time {
  sec: 14
  nsec: 219027574
}
iterations: 3045
real_time_factor: 1.00000350001225
step_size {
  nsec: 4000000
}

sim_time {
  sec: 12
  nsec: 284000000
}
real_time {
  sec: 14
  nsec: 323028083
}
iterations: 3071
real_time_factor: 0.99994350319206959
step_size {
  nsec: 4000000
}

sim_time {
  sec: 12
  nsec: 384000000
}
real_time {
  sec: 14
  nsec: 423028542
}
iterations: 3096
real_time_factor: 1.0000710050413579
step_size {
  nsec: 4000000
}

sim_time {
  sec: 12
  nsec: 488000000
}
real_time {
  sec: 14
  nsec: 527027756
}
iterations: 3122
real_time_factor: 1.0000660043562875
step_size {
  nsec: 4000000
}

sim_time {
  sec: 12
  nsec: 588000000
}
real_time {
  sec: 14
  nsec: 627028632
}
iterations: 3147
real_time_factor: 0.999952752232457
step_size {
  nsec: 4000000
}

sim_time {
  sec: 12
  nsec: 692000000
}
real_time {
  sec: 14
  nsec: 731033317
}
iterations: 3173
real_time_factor: 0.998665283848137
step_size {
  nsec: 4000000
}

sim_time {
  sec: 12
  nsec: 796000000
}
real_time {
  sec: 14
  nsec: 835030753
}
iterations: 3199
real_time_factor: 0.99929599597083851
step_size {
  nsec: 4000000
}

sim_time {
  sec: 12
  nsec: 900000000
}
real_time {
  sec: 14
  nsec: 939029221
}
iterations: 3225
real_time_factor: 1.0000222504950735
step_size {
  nsec: 4000000
}

sim_time {
  sec: 13
}
real_time {
  sec: 15
  nsec: 39031112
}
iterations: 3250
real_time_factor: 0.99945529686320955
step_size {
  nsec: 4000000
}

sim_time {
  sec: 13
  nsec: 104000000
}
real_time {
  sec: 15
  nsec: 143027683
}
iterations: 3276
real_time_factor: 1.000163276654914
step_size {
  nsec: 4000000
}

sim_time {
  sec: 13
  nsec: 204000000
}
real_time {
  sec: 15
  nsec: 243029147
}
iterations: 3301
real_time_factor: 0.99980253899854776
step_size {
  nsec: 4000000
}

sim_time {
  sec: 13
  nsec: 308000000
}
real_time {
  sec: 15
  nsec: 347028184
}
iterations: 3327
real_time_factor: 0.99995050245012873
step_size {
  nsec: 4000000
}

sim_time {
  sec: 13
  nsec: 412000000
}
real_time {
  sec: 15
  nsec: 451028208
}
iterations: 3353
real_time_factor: 0.99988301368739863
step_size {
  nsec: 4000000
}

sim_time {
  sec: 13
  nsec: 516000000
}
real_time {
  sec: 15
  nsec: 555027684
}
iterations: 3379
real_time_factor: 1.0000172502975677
step_size {
  nsec: 4000000
}

sim_time {
  sec: 13
  nsec: 620000000
}
real_time {
  sec: 15
  nsec: 659027879
}
iterations: 3405
real_time_factor: 0.999987500156248
step_size {
  nsec: 4000000
}

sim_time {
  sec: 13
  nsec: 724000000
}
real_time {
  sec: 15
  nsec: 763027415
}
iterations: 3431
real_time_factor: 1.0000200004000079
step_size {
  nsec: 4000000
}

sim_time {
  sec: 13
  nsec: 824000000
}
real_time {
  sec: 15
  nsec: 863027929
}
iterations: 3456
real_time_factor: 1.0000222504950735
step_size {
  nsec: 4000000
}

sim_time {
  sec: 13
  nsec: 924000000
}
real_time {
  sec: 15
  nsec: 963028332
}
iterations: 3481
real_time_factor: 0.9998857630515714
step_size {
  nsec: 4000000
}

sim_time {
  sec: 14
  nsec: 28000000
}
real_time {
  sec: 16
  nsec: 67027961
}
iterations: 3507
real_time_factor: 1.0000085000722505
step_size {
  nsec: 4000000
}

sim_time {
  sec: 14
  nsec: 132000000
}
real_time {
  sec: 16
  nsec: 171028072
}
iterations: 3533
real_time_factor: 0.99987651525036658
step_size {
  nsec: 4000000
}

sim_time {
  sec: 14
  nsec: 232000000
}
real_time {
  sec: 16
  nsec: 271028382
}
iterations: 3558
real_time_factor: 0.99999450003024981
step_size {
  nsec: 4000000
}

sim_time {
  sec: 14
  nsec: 336000000
}
real_time {
  sec: 16
  nsec: 375028390
}
iterations: 3584
real_time_factor: 0.99997600057598612
step_size {
  nsec: 4000000
}

sim_time {
  sec: 14
  nsec: 440000000
}
real_time {
  sec: 16
  nsec: 479027760
}
iterations: 3610
real_time_factor: 1.0002047919311479
step_size {
  nsec: 4000000
}

sim_time {
  sec: 14
  nsec: 544000000
}
real_time {
  sec: 16
  nsec: 583027786
}
iterations: 3636
real_time_factor: 1.0000707550059167
step_size {
  nsec: 4000000
}

sim_time {
  sec: 14
  nsec: 644000000
}
real_time {
  sec: 16
  nsec: 683029429
}
iterations: 3661
real_time_factor: 0.99983677664621251
step_size {
  nsec: 4000000
}

sim_time {
  sec: 14
  nsec: 748000000
}
real_time {
  sec: 16
  nsec: 787028159
}
iterations: 3687
real_time_factor: 1.000112512657674
step_size {
  nsec: 4000000
}

sim_time {
  sec: 14
  nsec: 852000000
}
real_time {
  sec: 16
  nsec: 891027676
}
iterations: 3713
real_time_factor: 0.99991350748160279
step_size {
  nsec: 4000000
}

sim_time {
  sec: 14
  nsec: 952000000
}
real_time {
  sec: 16
  nsec: 991028699
}
iterations: 3738
real_time_factor: 0.99982553044493738
step_size {
  nsec: 4000000
}

sim_time {
  sec: 15
  nsec: 56000000
}
real_time {
  sec: 17
  nsec: 95028466
}
iterations: 3764
real_time_factor: 0.99998050038024255
step_size {
  nsec: 4000000
}

sim_time {
  sec: 15
  nsec: 156000000
}
real_time {
  sec: 17
  nsec: 195028767
}
iterations: 3789
real_time_factor: 0.99991325752490967
step_size {
  nsec: 4000000
}

sim_time {
  sec: 15
  nsec: 260000000
}
real_time {
  sec: 17
  nsec: 299029727
}
iterations: 3815
real_time_factor: 0.99981178543139249
step_size {
  nsec: 4000000
}

sim_time {
  sec: 15
  nsec: 364000000
}
real_time {
  sec: 17
  nsec: 403028272
}
iterations: 3841
real_time_factor: 0.99991325752490967
step_size {
  nsec: 4000000
}

sim_time {
  sec: 15
  nsec: 468000000
}
real_time {
  sec: 17
  nsec: 507027806
}
iterations: 3867
real_time_factor: 1.0002678217092627
step_size {
  nsec: 4000000
}

sim_time {
  sec: 15
  nsec: 568000000
}
real_time {
  sec: 17
  nsec: 607028171
}
iterations: 3892
real_time_factor: 0.9998857630515714
step_size {
  nsec: 4000000
}

sim_time {
  sec: 15
  nsec: 668000000
}
real_time {
  sec: 17
  nsec: 707028748
}
iterations: 3917
real_time_factor: 0.99986726762022338
step_size {
  nsec: 4000000
}

sim_time {
  sec: 15
  nsec: 768000000
}
real_time {
  sec: 17
  nsec: 807029594
}
iterations: 3942
real_time_factor: 0.9998787646997801
step_size {
  nsec: 4000000
}

sim_time {
  sec: 15
  nsec: 872000000
}
real_time {
  sec: 17
  nsec: 911028463
}
iterations: 3968
real_time_factor: 0.99997100084097557
step_size {
  nsec: 4000000
}

sim_time {
  sec: 15
  nsec: 976000000
}
real_time {
  sec: 18
  nsec: 15027516
}
iterations: 3994
real_time_factor: 1.0000547529977266
step_size {
  nsec: 4000000
}

sim_time {
  sec: 16
  nsec: 76000000
}
real_time {
  sec: 18
  nsec: 115029029
}
iterations: 4019
real_time_factor: 0.999793042840132
step_size {
  nsec: 4000000
}

sim_time {
  sec: 16
  nsec: 180000000
}
real_time {
  sec: 18
  nsec: 219027776
}
iterations: 4045
real_time_factor: 0.99993675400030946
step_size {
  nsec: 4000000
}

sim_time {
  sec: 16
  nsec: 280000000
}
real_time {
  sec: 18
  nsec: 319028380
}
iterations: 4070
real_time_factor: 0.99991825668251622
step_size {
  nsec: 4000000
}

sim_time {
  sec: 16
  nsec: 384000000
}
real_time {
  sec: 18
  nsec: 423027980
}
iterations: 4096
real_time_factor: 0.99991300756834156
step_size {
  nsec: 4000000
}

sim_time {
  sec: 16
  nsec: 484000000
}
real_time {
  sec: 18
  nsec: 523027917
}
iterations: 4121
real_time_factor: 0.99996675110552569
step_size {
  nsec: 4000000
}

sim_time {
  sec: 16
  nsec: 588000000
}
real_time {
  sec: 18
  nsec: 627028590
}
iterations: 4147
real_time_factor: 0.99986001959725634
step_size {
  nsec: 4000000
}

sim_time {
  sec: 16
  nsec: 688000000
}
real_time {
  sec: 18
  nsec: 727030324
}
iterations: 4172
real_time_factor: 0.99947177916471142
step_size {
  nsec: 4000000
}

sim_time {
  sec: 16
  nsec: 792000000
}
real_time {
  sec: 18
  nsec: 831028211
}
iterations: 4198
real_time_factor: 0.99991300756834156
step_size {
  nsec: 4000000
}

sim_time {
  sec: 16
  nsec: 892000000
}
real_time {
  sec: 18
  nsec: 931028787
}
iterations: 4223
real_time_factor: 0.99996650112221241
step_size {
  nsec: 4000000
}

sim_time {
  sec: 16
  nsec: 996000000
}
real_time {
  sec: 19
  nsec: 35027859
}
iterations: 4249
real_time_factor: 0.99993625406380349
step_size {
  nsec: 4000000
}

sim_time {
  sec: 17
  nsec: 96000000
}
real_time {
  sec: 19
  nsec: 135028009
}
iterations: 4274
real_time_factor: 0.99991775676450612
step_size {
  nsec: 4000000
}

sim_time {
  sec: 17
  nsec: 200000000
}
real_time {
  sec: 19
  nsec: 239028023
}
iterations: 4300
real_time_factor: 0.9998857630515714
step_size {
  nsec: 4000000
}

sim_time {
  sec: 17
  nsec: 304000000
}
real_time {
  sec: 19
  nsec: 343027853
}
iterations: 4326
real_time_factor: 1.000038501482307
step_size {
  nsec: 4000000
}

sim_time {
  sec: 17
  nsec: 404000000
}
real_time {
  sec: 19
  nsec: 443028068
}
iterations: 4351
real_time_factor: 0.9999712508265387
step_size {
  nsec: 4000000
}

sim_time {
  sec: 17
  nsec: 508000000
}
real_time {
  sec: 19
  nsec: 547027943
}
iterations: 4377
real_time_factor: 1.0000200004000079
step_size {
  nsec: 4000000
}

sim_time {
  sec: 17
  nsec: 612000000
}
real_time {
  sec: 19
  nsec: 651027560
}
iterations: 4403
real_time_factor: 1.0000432518706435
step_size {
  nsec: 4000000
}

sim_time {
  sec: 17
  nsec: 712000000
}
real_time {
  sec: 19
  nsec: 751031627
}
iterations: 4428
real_time_factor: 0.99908533737363447
step_size {
  nsec: 4000000
}

sim_time {
  sec: 17
  nsec: 816000000
}
real_time {
  sec: 19
  nsec: 855027993
}
iterations: 4454
real_time_factor: 1.0000085000722505
step_size {
  nsec: 4000000
}

sim_time {
  sec: 17
  nsec: 920000000
}
real_time {
  sec: 19
  nsec: 959027832
}
iterations: 4480
real_time_factor: 1.0000987597525255
step_size {
  nsec: 4000000
}

sim_time {
  sec: 18
  nsec: 24000000
}
real_time {
  sec: 20
  nsec: 63028180
}
iterations: 4506
real_time_factor: 0.99989726055647787
step_size {
  nsec: 4000000
}

sim_time {
  sec: 18
  nsec: 124000000
}
real_time {
  sec: 20
  nsec: 163028247
}
iterations: 4531
real_time_factor: 0.99996900096097019
step_size {
  nsec: 4000000
}

sim_time {
  sec: 18
  nsec: 228000000
}
real_time {
  sec: 20
  nsec: 267027742
}
iterations: 4557
real_time_factor: 0.99997150081222685
step_size {
  nsec: 4000000
}

sim_time {
  sec: 18
  nsec: 328000000
}
real_time {
  sec: 20
  nsec: 367028168
}
iterations: 4582
real_time_factor: 0.99997850046224
step_size {
  nsec: 4000000
}

sim_time {
  sec: 18
  nsec: 432000000
}
real_time {
  sec: 20
  nsec: 471027767
}
iterations: 4608
real_time_factor: 0.99999200006399946
step_size {
  nsec: 4000000
}

sim_time {
  sec: 18
  nsec: 532000000
}
real_time {
  sec: 20
  nsec: 571028128
}
iterations: 4633
real_time_factor: 1.0000872576132267
step_size {
  nsec: 4000000
}

sim_time {
  sec: 18
  nsec: 636000000
}
real_time {
  sec: 20
  nsec: 675028040
}
iterations: 4659
real_time_factor: 0.99998075037055534
step_size {
  nsec: 4000000
}

sim_time {
  sec: 18
  nsec: 736000000
}
real_time {
  sec: 20
  nsec: 775028495
}
iterations: 4684
real_time_factor: 0.99990875832580273
step_size {
  nsec: 4000000
}

sim_time {
  sec: 18
  nsec: 840000000
}
real_time {
  sec: 20
  nsec: 879028434
}
iterations: 4710
real_time_factor: 0.99982553044493738
step_size {
  nsec: 4000000
}

sim_time {
  sec: 18
  nsec: 944000000
}
real_time {
  sec: 20
  nsec: 983027754
}
iterations: 4736
real_time_factor: 1.0001055111314243
step_size {
  nsec: 4000000
}

sim_time {
  sec: 19
  nsec: 48000000
}
real_time {
  sec: 21
  nsec: 87028138
}
iterations: 4762
real_time_factor: 0.99986726762022338
step_size {
  nsec: 4000000
}

sim_time {
  sec: 19
  nsec: 148000000
}
real_time {
  sec: 21
  nsec: 187029926
}
iterations: 4787
real_time_factor: 0.99959166680411049
step_size {
  nsec: 4000000
}

sim_time {
  sec: 19
  nsec: 252000000
}
real_time {
  sec: 21
  nsec: 291030531
}
iterations: 4813
real_time_factor: 0.99946478660677207
step_size {
  nsec: 4000000
}

sim_time {
  sec: 19
  nsec: 356000000
}
real_time {
  sec: 21
  nsec: 395028850
}
iterations: 4839
real_time_factor: 0.99985802016113712
step_size {
  nsec: 4000000
}

sim_time {
  sec: 19
  nsec: 460000000
}
real_time {
  sec: 21
  nsec: 499028631
}
iterations: 4865
real_time_factor: 1.000017750315068
step_size {
  nsec: 4000000
}

sim_time {
  sec: 19
  nsec: 564000000
}
real_time {
  sec: 21
  nsec: 603027756
}
iterations: 4891
real_time_factor: 1.0000197503900703
step_size {
  nsec: 4000000
}

sim_time {
  sec: 19
  nsec: 668000000
}
real_time {
  sec: 21
  nsec: 707028880
}
iterations: 4917
real_time_factor: 0.99970758553123207
step_size {
  nsec: 4000000
}

sim_time {
  sec: 19
  nsec: 772000000
}
real_time {
  sec: 21
  nsec: 811028369
}
iterations: 4943
real_time_factor: 1.0000340011560394
step_size {
  nsec: 4000000
}

sim_time {
  sec: 19
  nsec: 872000000
}
real_time {
  sec: 21
  nsec: 911028639
}
iterations: 4968
real_time_factor: 0.9999205063197476
step_size {
  nsec: 4000000
}

sim_time {
  sec: 19
  nsec: 972000000
}
real_time {
  sec: 22
  nsec: 11029426
}
iterations: 4993
real_time_factor: 0.99974231641794331
step_size {
  nsec: 4000000
}

sim_time {
  sec: 20
  nsec: 76000000
}
real_time {
  sec: 22
  nsec: 115027726
}
iterations: 5019
real_time_factor: 1.0001472716857558
step_size {
  nsec: 4000000
}

sim_time {
  sec: 20
  nsec: 176000000
}
real_time {
  sec: 22
  nsec: 215031828
}
iterations: 5044
real_time_factor: 0.99912950841579273
step_size {
  nsec: 4000000
}

sim_time {
  sec: 20
  nsec: 280000000
}
real_time {
  sec: 22
  nsec: 319027998
}
iterations: 5070
real_time_factor: 1.0000107501155637
step_size {
  nsec: 4000000
}

sim_time {
  sec: 20
  nsec: 384000000
}
real_time {
  sec: 22
  nsec: 423028001
}
iterations: 5096
real_time_factor: 0.99992275596710156
step_size {
  nsec: 4000000
}

sim_time {
  sec: 20
  nsec: 484000000
}
real_time {
  sec: 22
  nsec: 523028009
}
iterations: 5121
real_time_factor: 1.0002863319625244
step_size {
  nsec: 4000000
}

sim_time {
  sec: 20
  nsec: 584000000
}
real_time {
  sec: 22
  nsec: 623029046
}
iterations: 5146
real_time_factor: 1.0004574591732069
step_size {
  nsec: 4000000
}

sim_time {
  sec: 20
  nsec: 688000000
}
real_time {
  sec: 22
  nsec: 727028243
}
iterations: 5172
real_time_factor: 0.99999450003024981
step_size {
  nsec: 4000000
}

sim_time {
  sec: 20
  nsec: 788000000
}
real_time {
  sec: 22
  nsec: 827028890
}
iterations: 5197
real_time_factor: 1.0004159229199541
step_size {
  nsec: 4000000
}

sim_time {
  sec: 20
  nsec: 892000000
}
real_time {
  sec: 22
  nsec: 931027689
}
iterations: 5223
real_time_factor: 1.0001195142819568
step_size {
  nsec: 4000000
}

sim_time {
  sec: 20
  nsec: 992000000
}
real_time {
  sec: 23
  nsec: 31028273
}
iterations: 5248
real_time_factor: 0.99995250225614285
step_size {
  nsec: 4000000
}

sim_time {
  sec: 21
  nsec: 92000000
}
real_time {
  sec: 23
  nsec: 131029985
}
iterations: 5273
real_time_factor: 0.99973731901942764
step_size {
  nsec: 4000000
}

sim_time {
  sec: 21
  nsec: 196000000
}
real_time {
  sec: 23
  nsec: 235029098
}
iterations: 5299
real_time_factor: 0.9997283238279997
step_size {
  nsec: 4000000
}

sim_time {
  sec: 21
  nsec: 300000000
}
real_time {
  sec: 23
  nsec: 339028629
}
iterations: 5325
real_time_factor: 0.99986451835776258
step_size {
  nsec: 4000000
}

sim_time {
  sec: 21
  nsec: 404000000
}
real_time {
  sec: 23
  nsec: 443027741
}
iterations: 5351
real_time_factor: 1.000017750315068
step_size {
  nsec: 4000000
}

sim_time {
  sec: 21
  nsec: 504000000
}
real_time {
  sec: 23
  nsec: 543027879
}
iterations: 5376
real_time_factor: 1.0000337511391009
step_size {
  nsec: 4000000
}

sim_time {
  sec: 21
  nsec: 604000000
}
real_time {
  sec: 23
  nsec: 643028608
}
iterations: 5401
real_time_factor: 0.99991825668251622
step_size {
  nsec: 4000000
}

sim_time {
  sec: 21
  nsec: 708000000
}
real_time {
  sec: 23
  nsec: 747028648
}
iterations: 5427
real_time_factor: 0.99985802016113712
step_size {
  nsec: 4000000
}

sim_time {
  sec: 21
  nsec: 812000000
}
real_time {
  sec: 23
  nsec: 851028206
}
iterations: 5453
real_time_factor: 1.0000082500680632
step_size {
  nsec: 4000000
}

sim_time {
  sec: 21
  nsec: 912000000
}
real_time {
  sec: 23
  nsec: 951028455
}
iterations: 5478
real_time_factor: 0.99999650001224993
step_size {
  nsec: 4000000
}

sim_time {
  sec: 22
  nsec: 12000000
}
real_time {
  sec: 24
  nsec: 51028907
}
iterations: 5503
real_time_factor: 0.999908508371484
step_size {
  nsec: 4000000
}

sim_time {
  sec: 22
  nsec: 116000000
}
real_time {
  sec: 24
  nsec: 155027946
}
iterations: 5529
real_time_factor: 1.0001425203091441
step_size {
  nsec: 4000000
}

sim_time {
  sec: 22
  nsec: 220000000
}
real_time {
  sec: 24
  nsec: 259028568
}
iterations: 5555
real_time_factor: 0.9998392758364093
step_size {
  nsec: 4000000
}

sim_time {
  sec: 22
  nsec: 324000000
}
real_time {
  sec: 24
  nsec: 363028069
}
iterations: 5581
real_time_factor: 0.99997350070223134
step_size {
  nsec: 4000000
}

sim_time {
  sec: 22
  nsec: 424000000
}
real_time {
  sec: 24
  nsec: 463028400
}
iterations: 5606
real_time_factor: 1.0001540237196529
step_size {
  nsec: 4000000
}

sim_time {
  sec: 22
  nsec: 524000000
}
real_time {
  sec: 24
  nsec: 563030999
}
iterations: 5631
real_time_factor: 0.99930073930766949
step_size {
  nsec: 4000000
}

sim_time {
  sec: 22
  nsec: 628000000
}
real_time {
  sec: 24
  nsec: 667028668
}
iterations: 5657
real_time_factor: 0.99995475204746986
step_size {
  nsec: 4000000
}

sim_time {
  sec: 22
  nsec: 732000000
}
real_time {
  sec: 24
  nsec: 771028289
}
iterations: 5683
real_time_factor: 0.99987651525036658
step_size {
  nsec: 4000000
}

sim_time {
  sec: 22
  nsec: 836000000
}
real_time {
  sec: 24
  nsec: 875027930
}
iterations: 5709
real_time_factor: 0.99996175146300659
step_size {
  nsec: 4000000
}

sim_time {
  sec: 22
  nsec: 940000000
}
real_time {
  sec: 24
  nsec: 979027616
}
iterations: 5735
real_time_factor: 1.0000685046925715
step_size {
  nsec: 4000000
}

sim_time {
  sec: 23
  nsec: 44000000
}
real_time {
  sec: 25
  nsec: 83027840
}
iterations: 5761
real_time_factor: 1.0000082500680632
step_size {
  nsec: 4000000
}

sim_time {
  sec: 23
  nsec: 144000000
}
real_time {
  sec: 25
  nsec: 183030476
}
iterations: 5786
real_time_factor: 0.99975381062413382
step_size {
  nsec: 4000000
}

sim_time {
  sec: 23
  nsec: 248000000
}
real_time {
  sec: 25
  nsec: 287030078
}
iterations: 5812
real_time_factor: 0.99965911624136172
step_size {
  nsec: 4000000
}

sim_time {
  sec: 23
  nsec: 352000000
}
real_time {
  sec: 25
  nsec: 391028060
}
iterations: 5838
real_time_factor: 1.0000245006002646
step_size {
  nsec: 4000000
}

sim_time {
  sec: 23
  nsec: 452000000
}
real_time {
  sec: 25
  nsec: 491069724
}
iterations: 5863
real_time_factor: 0.98964901355497514
step_size {
  nsec: 4000000
}

sim_time {
  sec: 23
  nsec: 556000000
}
real_time {
  sec: 25
  nsec: 595028058
}
iterations: 5889
real_time_factor: 1.0011022135371044
step_size {
  nsec: 4000000
}

sim_time {
  sec: 23
  nsec: 660000000
}
real_time {
  sec: 25
  nsec: 699029049
}
iterations: 5915
real_time_factor: 0.999793042840132
step_size {
  nsec: 4000000
}

sim_time {
  sec: 23
  nsec: 764000000
}
real_time {
  sec: 25
  nsec: 803029160
}
iterations: 5941
real_time_factor: 0.99990650874143272
step_size {
  nsec: 4000000
}

sim_time {
  sec: 23
  nsec: 868000000
}
real_time {
  sec: 25
  nsec: 907028976
}
iterations: 5967
real_time_factor: 0.99970983422061743
step_size {
  nsec: 4000000
}

sim_time {
  sec: 23
  nsec: 968000000
}
real_time {
  sec: 26
  nsec: 7029981
}
iterations: 5992
real_time_factor: 0.99962888777541337
step_size {
  nsec: 4000000
}

sim_time {
  sec: 24
  nsec: 72000000
}
real_time {
  sec: 26
  nsec: 111028815
}
iterations: 6018
real_time_factor: 0.99979779089679111
step_size {
  nsec: 4000000
}

sim_time {
  sec: 24
  nsec: 176000000
}
real_time {
  sec: 26
  nsec: 215028241
}
iterations: 6044
real_time_factor: 0.99986251890365074
step_size {
  nsec: 4000000
}

sim_time {
  sec: 24
  nsec: 276000000
}
real_time {
  sec: 26
  nsec: 315028006
}
iterations: 6069
real_time_factor: 1.0002212989623955
step_size {
  nsec: 4000000
}

sim_time {
  sec: 24
  nsec: 380000000
}
real_time {
  sec: 26
  nsec: 419028274
}
iterations: 6095
real_time_factor: 0.99980003999200162
step_size {
  nsec: 4000000
}

sim_time {
  sec: 24
  nsec: 480000000
}
real_time {
  sec: 26
  nsec: 519028095
}
iterations: 6120
real_time_factor: 0.99984852294877324
step_size {
  nsec: 4000000
}

sim_time {
  sec: 24
  nsec: 584000000
}
real_time {
  sec: 26
  nsec: 623027891
}
iterations: 6146
real_time_factor: 1.0000615037824827
step_size {
  nsec: 4000000
}

sim_time {
  sec: 24
  nsec: 684000000
}
real_time {
  sec: 26
  nsec: 723029026
}
iterations: 6171
real_time_factor: 0.99986951702802784
step_size {
  nsec: 4000000
}

sim_time {
  sec: 24
  nsec: 788000000
}
real_time {
  sec: 26
  nsec: 827028600
}
iterations: 6197
real_time_factor: 0.99992275596710156
step_size {
  nsec: 4000000
}

sim_time {
  sec: 24
  nsec: 888000000
}
real_time {
  sec: 26
  nsec: 927028804
}
iterations: 6222
real_time_factor: 1.0003068441244352
step_size {
  nsec: 4000000
}

sim_time {
  sec: 24
  nsec: 992000000
}
real_time {
  sec: 27
  nsec: 31028442
}
iterations: 6248
real_time_factor: 0.99989976004905512
step_size {
  nsec: 4000000
}

sim_time {
  sec: 25
  nsec: 96000000
}
real_time {
  sec: 27
  nsec: 135027905
}
iterations: 6274
real_time_factor: 1.0000500025001251
step_size {
  nsec: 4000000
}

sim_time {
  sec: 25
  nsec: 196000000
}
real_time {
  sec: 27
  nsec: 235028142
}
iterations: 6299
real_time_factor: 0.99994125345135976
step_size {
  nsec: 4000000
}

sim_time {
  sec: 25
  nsec: 300000000
}
real_time {
  sec: 27
  nsec: 339028029
}
iterations: 6325
real_time_factor: 1.0000735054026471
step_size {
  nsec: 4000000
}

sim_time {
  sec: 25
  nsec: 404000000
}
real_time {
  sec: 27
  nsec: 443027603
}
iterations: 6351
real_time_factor: 1.0000175003062555
step_size {
  nsec: 4000000
}

sim_time {
  sec: 25
  nsec: 504000000
}
real_time {
  sec: 27
  nsec: 543028737
}
iterations: 6376
real_time_factor: 1.000682465441431
step_size {
  nsec: 4000000
}

sim_time {
  sec: 25
  nsec: 608000000
}
real_time {
  sec: 27
  nsec: 647027791
}
iterations: 6402
real_time_factor: 1.0000640040962621
step_size {
  nsec: 4000000
}

sim_time {
  sec: 25
  nsec: 708000000
}
real_time {
  sec: 27
  nsec: 747028185
}
iterations: 6427
real_time_factor: 0.99999200006399946
step_size {
  nsec: 4000000
}

sim_time {
  sec: 25
  nsec: 812000000
}
real_time {
  sec: 27
  nsec: 851027933
}
iterations: 6453
real_time_factor: 1.0000107501155637
step_size {
  nsec: 4000000
}

sim_time {
  sec: 25
  nsec: 916000000
}
real_time {
  sec: 27
  nsec: 955028432
}
iterations: 6479
real_time_factor: 0.99986501822253993
step_size {
  nsec: 4000000
}

sim_time {
  sec: 26
  nsec: 20000000
}
real_time {
  sec: 28
  nsec: 59027755
}
iterations: 6505
real_time_factor: 1.0000640040962621
step_size {
  nsec: 4000000
}

sim_time {
  sec: 26
  nsec: 124000000
}
real_time {
  sec: 28
  nsec: 163027856
}
iterations: 6531
real_time_factor: 0.99999450003024981
step_size {
  nsec: 4000000
}

sim_time {
  sec: 26
  nsec: 224000000
}
real_time {
  sec: 28
  nsec: 263028091
}
iterations: 6556
real_time_factor: 1.000038501482307
step_size {
  nsec: 4000000
}

sim_time {
  sec: 26
  nsec: 324000000
}
real_time {
  sec: 28
  nsec: 363029169
}
iterations: 6581
real_time_factor: 1.0000755057006805
step_size {
  nsec: 4000000
}

sim_time {
  sec: 26
  nsec: 428000000
}
real_time {
  sec: 28
  nsec: 467028750
}
iterations: 6607
real_time_factor: 0.99987651525036658
step_size {
  nsec: 4000000
}

sim_time {
  sec: 26
  nsec: 528000000
}
real_time {
  sec: 28
  nsec: 567028634
}
iterations: 6632
real_time_factor: 1.0001287665786971
step_size {
  nsec: 4000000
}

sim_time {
  sec: 26
  nsec: 628000000
}
real_time {
  sec: 28
  nsec: 667032424
}
iterations: 6657
real_time_factor: 0.99880842155308713
step_size {
  nsec: 4000000
}

sim_time {
  sec: 26
  nsec: 732000000
}
real_time {
  sec: 28
  nsec: 771028570
}
iterations: 6683
real_time_factor: 0.999960001599936
step_size {
  nsec: 4000000
}

sim_time {
  sec: 26
  nsec: 836000000
}
real_time {
  sec: 28
  nsec: 875029152
}
iterations: 6709
real_time_factor: 0.99974006758242862
step_size {
  nsec: 4000000
}

sim_time {
  sec: 26
  nsec: 940000000
}
real_time {
  sec: 28
  nsec: 979028243
}
iterations: 6735
real_time_factor: 1.0000060000360003
step_size {
  nsec: 4000000
}

sim_time {
  sec: 27
  nsec: 40000000
}
real_time {
  sec: 29
  nsec: 79052431
}
iterations: 6760
real_time_factor: 0.99389327126801152
step_size {
  nsec: 4000000
}

sim_time {
  sec: 27
  nsec: 144000000
}
real_time {
  sec: 29
  nsec: 183028568
}
iterations: 6786
real_time_factor: 0.99988801254259518
step_size {
  nsec: 4000000
}

sim_time {
  sec: 27
  nsec: 244000000
}
real_time {
  sec: 29
  nsec: 283029136
}
iterations: 6811
real_time_factor: 0.99982802957891248
step_size {
  nsec: 4000000
}

sim_time {
  sec: 27
  nsec: 348000000
}
real_time {
  sec: 29
  nsec: 387027633
}
iterations: 6837
real_time_factor: 1.000112512657674
step_size {
  nsec: 4000000
}

sim_time {
  sec: 27
  nsec: 448000000
}
real_time {
  sec: 29
  nsec: 487028211
}
iterations: 6862
real_time_factor: 0.99991100792029508
step_size {
  nsec: 4000000
}

sim_time {
  sec: 27
  nsec: 548000000
}
real_time {
  sec: 29
  nsec: 587029630
}
iterations: 6887
real_time_factor: 1.0001147631690737
step_size {
  nsec: 4000000
}

sim_time {
  sec: 27
  nsec: 648000000
}
real_time {
  sec: 29
  nsec: 687027800
}
iterations: 6912
real_time_factor: 0.99995050245012873
step_size {
  nsec: 4000000
}

sim_time {
  sec: 27
  nsec: 748000000
}
real_time {
  sec: 29
  nsec: 787033580
}
iterations: 6937
real_time_factor: 0.998665283848137
step_size {
  nsec: 4000000
}

sim_time {
  sec: 27
  nsec: 852000000
}
real_time {
  sec: 29
  nsec: 891028282
}
iterations: 6963
real_time_factor: 1.0001705290752074
step_size {
  nsec: 4000000
}

sim_time {
  sec: 27
  nsec: 956000000
}
real_time {
  sec: 29
  nsec: 995027529
}
iterations: 6989
real_time_factor: 1.0000940088368306
step_size {
  nsec: 4000000
}

sim_time {
  sec: 28
  nsec: 56000000
}
real_time {
  sec: 30
  nsec: 95028337
}
iterations: 7014
real_time_factor: 0.99987676518869051
step_size {
  nsec: 4000000
}

sim_time {
  sec: 28
  nsec: 156000000
}
real_time {
  sec: 30
  nsec: 195028720
}
iterations: 7039
real_time_factor: 0.9999205063197476
step_size {
  nsec: 4000000
}

sim_time {
  sec: 28
  nsec: 260000000
}
real_time {
  sec: 30
  nsec: 299028762
}
iterations: 7065
real_time_factor: 0.99999675001056243
step_size {
  nsec: 4000000
}

sim_time {
  sec: 28
  nsec: 364000000
}
real_time {
  sec: 30
  nsec: 403027990
}
iterations: 7091
real_time_factor: 1.0001287665786971
step_size {
  nsec: 4000000
}

sim_time {
  sec: 28
  nsec: 464000000
}
real_time {
  sec: 30
  nsec: 503029215
}
iterations: 7116
real_time_factor: 0.99963588262975211
step_size {
  nsec: 4000000
}

sim_time {
  sec: 28
  nsec: 568000000
}
real_time {
  sec: 30
  nsec: 607032646
}
iterations: 7142
real_time_factor: 0.99902545067286863
step_size {
  nsec: 4000000
}

sim_time {
  sec: 28
  nsec: 672000000
}
real_time {
  sec: 30
  nsec: 711028522
}
iterations: 7168
real_time_factor: 0.99997600057598612
step_size {
  nsec: 4000000
}

sim_time {
  sec: 28
  nsec: 776000000
}
real_time {
  sec: 30
  nsec: 815027833
}
iterations: 7194
real_time_factor: 1.0000847571831712
step_size {
  nsec: 4000000
}

sim_time {
  sec: 28
  nsec: 876000000
}
real_time {
  sec: 30
  nsec: 915028076
}
iterations: 7219
real_time_factor: 0.999992250060062
step_size {
  nsec: 4000000
}

sim_time {
  sec: 28
  nsec: 980000000
}
real_time {
  sec: 31
  nsec: 19028268
}
iterations: 7245
real_time_factor: 0.99988101415931507
step_size {
  nsec: 4000000
}

sim_time {
  sec: 29
  nsec: 84000000
}
real_time {
  sec: 31
  nsec: 123028217
}
iterations: 7271
real_time_factor: 1.0000477522801714
step_size {
  nsec: 4000000
}

sim_time {
  sec: 29
  nsec: 188000000
}
real_time {
  sec: 31
  nsec: 227028491
}
iterations: 7297
real_time_factor: 0.99988101415931507
step_size {
  nsec: 4000000
}

sim_time {
  sec: 29
  nsec: 288000000
}
real_time {
  sec: 31
  nsec: 327028372
}
iterations: 7322
real_time_factor: 1.0000637540643216
step_size {
  nsec: 4000000
}

sim_time {
  sec: 29
  nsec: 392000000
}
real_time {
  sec: 31
  nsec: 431029025
}
iterations: 7348
real_time_factor: 0.99978629567929855
step_size {
  nsec: 4000000
}

sim_time {
  sec: 29
  nsec: 496000000
}
real_time {
  sec: 31
  nsec: 535028428
}
iterations: 7374
real_time_factor: 1.0000362513141101
step_size {
  nsec: 4000000
}

sim_time {
  sec: 29
  nsec: 600000000
}
real_time {
  sec: 31
  nsec: 639027821
}
iterations: 7400
real_time_factor: 1.0001845340465316
step_size {
  nsec: 4000000
}

sim_time {
  sec: 29
  nsec: 704000000
}
real_time {
  sec: 31
  nsec: 743028372
}
iterations: 7426
real_time_factor: 0.99986951702802784
step_size {
  nsec: 4000000
}

sim_time {
  sec: 29
  nsec: 808000000
}
real_time {
  sec: 31
  nsec: 847027618
}
iterations: 7452
real_time_factor: 1.0000987597525255
step_size {
  nsec: 4000000
}

sim_time {
  sec: 29
  nsec: 912000000
}
real_time {
  sec: 31
  nsec: 951027818
}
iterations: 7478
real_time_factor: 1.0000892579662735
step_size {
  nsec: 4000000
}

sim_time {
  sec: 30
  nsec: 16000000
}
real_time {
  sec: 32
  nsec: 55028341
}
iterations: 7504
real_time_factor: 0.99990425916718473
step_size {
  nsec: 4000000
}

sim_time {
  sec: 30
  nsec: 116000000
}
real_time {
  sec: 32
  nsec: 155028910
}
iterations: 7529
real_time_factor: 0.99993875375133268
step_size {
  nsec: 4000000
}

sim_time {
  sec: 30
  nsec: 220000000
}
real_time {
  sec: 32
  nsec: 259027916
}
iterations: 7555
real_time_factor: 1.0000895080109671
step_size {
  nsec: 4000000
}

sim_time {
  sec: 30
  nsec: 320000000
}
real_time {
  sec: 32
  nsec: 359028324
}
iterations: 7580
real_time_factor: 0.9998857630515714
step_size {
  nsec: 4000000
}

sim_time {
  sec: 30
  nsec: 420000000
}
real_time {
  sec: 32
  nsec: 459028705
}
iterations: 7605
real_time_factor: 1.0002190479715058
step_size {
  nsec: 4000000
}

sim_time {
  sec: 30
  nsec: 524000000
}
real_time {
  sec: 32
  nsec: 563028495
}
iterations: 7631
real_time_factor: 1.0000550030251665
step_size {
  nsec: 4000000
}

sim_time {
  sec: 30
  nsec: 624000000
}
real_time {
  sec: 32
  nsec: 663028839
}
iterations: 7656
real_time_factor: 1.0002097940042924
step_size {
  nsec: 4000000
}

sim_time {
  sec: 30
  nsec: 724000000
}
real_time {
  sec: 32
  nsec: 763029488
}
iterations: 7681
real_time_factor: 0.99987176644595332
step_size {
  nsec: 4000000
}

sim_time {
  sec: 30
  nsec: 828000000
}
real_time {
  sec: 32
  nsec: 867028844
}
iterations: 7707
real_time_factor: 0.99997600057598612
step_size {
  nsec: 4000000
}

sim_time {
  sec: 30
  nsec: 932000000
}
real_time {
  sec: 32
  nsec: 971027866
}
iterations: 7733
real_time_factor: 0.99998300028899512
step_size {
  nsec: 4000000
}

sim_time {
  sec: 31
  nsec: 32000000
}
real_time {
  sec: 33
  nsec: 71028820
}
iterations: 7758
real_time_factor: 0.99985577080506138
step_size {
  nsec: 4000000
}

sim_time {
  sec: 31
  nsec: 132000000
}
real_time {
  sec: 33
  nsec: 171028784
}
iterations: 7783
real_time_factor: 1.0000407516606302
step_size {
  nsec: 4000000
}

sim_time {
  sec: 31
  nsec: 236000000
}
real_time {
  sec: 33
  nsec: 275028231
}
iterations: 7809
real_time_factor: 1.0000942588839
step_size {
  nsec: 4000000
}

sim_time {
  sec: 31
  nsec: 340000000
}
real_time {
  sec: 33
  nsec: 379027901
}
iterations: 7835
real_time_factor: 1.0000432518706435
step_size {
  nsec: 4000000
}

sim_time {
  sec: 31
  nsec: 440000000
}
real_time {
  sec: 33
  nsec: 479028817
}
iterations: 7860
real_time_factor: 0.99994625288890726
step_size {
  nsec: 4000000
}

sim_time {
  sec: 31
  nsec: 544000000
}
real_time {
  sec: 33
  nsec: 583028877
}
iterations: 7886
real_time_factor: 0.99977455083878586
step_size {
  nsec: 4000000
}

sim_time {
  sec: 31
  nsec: 648000000
}
real_time {
  sec: 33
  nsec: 687154101
}
iterations: 7912
real_time_factor: 0.96953549796676286
step_size {
  nsec: 4000000
}

sim_time {
  sec: 31
  nsec: 748000000
}
real_time {
  sec: 33
  nsec: 787178036
}
iterations: 7937
real_time_factor: 0.9638807380723976
step_size {
  nsec: 4000000
}

sim_time {
  sec: 31
  nsec: 852000000
}
real_time {
  sec: 33
  nsec: 891027679
}
iterations: 7963
real_time_factor: 1.0000060000360003
step_size {
  nsec: 4000000
}

sim_time {
  sec: 31
  nsec: 952000000
}
real_time {
  sec: 33
  nsec: 991027817
}
iterations: 7988
real_time_factor: 1.0000597535702758
step_size {
  nsec: 4000000
}

sim_time {
  sec: 32
  nsec: 56000000
}
real_time {
  sec: 34
  nsec: 95028479
}
iterations: 8014
real_time_factor: 0.99975830842893731
step_size {
  nsec: 4000000
}

sim_time {
  sec: 32
  nsec: 160000000
}
real_time {
  sec: 34
  nsec: 199027583
}
iterations: 8040
real_time_factor: 0.999990000099999
step_size {
  nsec: 4000000
}

sim_time {
  sec: 32
  nsec: 264000000
}
real_time {
  sec: 34
  nsec: 303027576
}
iterations: 8066
real_time_factor: 1.000038501482307
step_size {
  nsec: 4000000
}

sim_time {
  sec: 32
  nsec: 364000000
}
real_time {
  sec: 34
  nsec: 403028306
}
iterations: 8091
real_time_factor: 0.99988151404058623
step_size {
  nsec: 4000000
}

sim_time {
  sec: 32
  nsec: 468000000
}
real_time {
  sec: 34
  nsec: 507028050
}
iterations: 8117
real_time_factor: 1.0000940088368306
step_size {
  nsec: 4000000
}

sim_time {
  sec: 32
  nsec: 572000000
}
real_time {
  sec: 34
  nsec: 611028404
}
iterations: 8143
real_time_factor: 0.99989726055647787
step_size {
  nsec: 4000000
}

sim_time {
  sec: 32
  nsec: 676000000
}
real_time {
  sec: 34
  nsec: 715027693
}
iterations: 8169
real_time_factor: 0.99997600057598612
step_size {
  nsec: 4000000
}

sim_time {
  sec: 32
  nsec: 780000000
}
real_time {
  sec: 34
  nsec: 819027474
}
iterations: 8195
real_time_factor: 1.0000617538132979
step_size {
  nsec: 4000000
}

sim_time {
  sec: 32
  nsec: 880000000
}
real_time {
  sec: 34
  nsec: 919027704
}
iterations: 8220
real_time_factor: 0.99998325028055779
step_size {
  nsec: 4000000
}

sim_time {
  sec: 32
  nsec: 984000000
}
real_time {
  sec: 35
  nsec: 23028448
}
iterations: 8246
real_time_factor: 0.9998392758364093
step_size {
  nsec: 4000000
}

sim_time {
  sec: 33
  nsec: 84000000
}
real_time {
  sec: 35
  nsec: 123050039
}
iterations: 8271
real_time_factor: 0.99562943568470308
step_size {
  nsec: 4000000
}

sim_time {
  sec: 33
  nsec: 188000000
}
real_time {
  sec: 35
  nsec: 227030541
}
iterations: 8297
real_time_factor: 1.0003070942779433
step_size {
  nsec: 4000000
}

sim_time {
  sec: 33
  nsec: 292000000
}
real_time {
  sec: 35
  nsec: 331028088
}
iterations: 8323
real_time_factor: 0.99996450126020531
step_size {
  nsec: 4000000
}

sim_time {
  sec: 33
  nsec: 392000000
}
real_time {
  sec: 35
  nsec: 431028892
}
iterations: 8348
real_time_factor: 0.99997850046224
step_size {
  nsec: 4000000
}

sim_time {
  sec: 33
  nsec: 496000000
}
real_time {
  sec: 35
  nsec: 535030311
}
iterations: 8374
real_time_factor: 0.99944380952000211
step_size {
  nsec: 4000000
}

sim_time {
  sec: 33
  nsec: 600000000
}
real_time {
  sec: 35
  nsec: 639027664
}
iterations: 8400
real_time_factor: 0.99998300028899512
step_size {
  nsec: 4000000
}

sim_time {
  sec: 33
  nsec: 700000000
}
real_time {
  sec: 35
  nsec: 739030376
}
iterations: 8425
real_time_factor: 1.0000290008410244
step_size {
  nsec: 4000000
}

sim_time {
  sec: 33
  nsec: 804000000
}
real_time {
  sec: 35
  nsec: 843027636
}
iterations: 8451
real_time_factor: 1.000198539410073
step_size {
  nsec: 4000000
}

sim_time {
  sec: 33
  nsec: 904000000
}
real_time {
  sec: 35
  nsec: 943028060
}
iterations: 8476
real_time_factor: 1.0002263012006467
step_size {
  nsec: 4000000
}

sim_time {
  sec: 34
  nsec: 8000000
}
real_time {
  sec: 36
  nsec: 47027766
}
iterations: 8502
real_time_factor: 1.0000847571831712
step_size {
  nsec: 4000000
}

sim_time {
  sec: 34
  nsec: 112000000
}
real_time {
  sec: 36
  nsec: 151027462
}
iterations: 8528
real_time_factor: 0.99995050245012873
step_size {
  nsec: 4000000
}

sim_time {
  sec: 34
  nsec: 212000000
}
real_time {
  sec: 36
  nsec: 251028625
}
iterations: 8553
real_time_factor: 0.99990200960305886
step_size {
  nsec: 4000000
}

sim_time {
  sec: 34
  nsec: 316000000
}
real_time {
  sec: 36
  nsec: 355031589
}
iterations: 8579
real_time_factor: 0.99929349949585644
step_size {
  nsec: 4000000
}

sim_time {
  sec: 34
  nsec: 420000000
}
real_time {
  sec: 36
  nsec: 459028238
}
iterations: 8605
real_time_factor: 1.000314098626969
step_size {
  nsec: 4000000
}

sim_time {
  sec: 34
  nsec: 524000000
}
real_time {
  sec: 36
  nsec: 563028193
}
iterations: 8631
real_time_factor: 0.99984402433220421
step_size {
  nsec: 4000000
}

sim_time {
  sec: 34
  nsec: 624000000
}
real_time {
  sec: 36
  nsec: 663029968
}
iterations: 8656
real_time_factor: 0.999658866411837
step_size {
  nsec: 4000000
}

sim_time {
  sec: 34
  nsec: 728000000
}
real_time {
  sec: 36
  nsec: 767028423
}
iterations: 8682
real_time_factor: 0.99991350748160279
step_size {
  nsec: 4000000
}

sim_time {
  sec: 34
  nsec: 832000000
}
real_time {
  sec: 36
  nsec: 871028154
}
iterations: 8708
real_time_factor: 0.99990650874143272
step_size {
  nsec: 4000000
}

sim_time {
  sec: 34
  nsec: 932000000
}
real_time {
  sec: 36
  nsec: 971032707
}
iterations: 8733
real_time_factor: 0.99889172962597994
step_size {
  nsec: 4000000
}

sim_time {
  sec: 35
  nsec: 32000000
}
real_time {
  sec: 37
  nsec: 71146779
}
iterations: 8758
real_time_factor: 0.97256467980617756
step_size {
  nsec: 4000000
}

sim_time {
  sec: 35
  nsec: 136000000
}
real_time {
  sec: 37
  nsec: 175029021
}
iterations: 8784
real_time_factor: 0.999612650098087
step_size {
  nsec: 4000000
}

sim_time {
  sec: 35
  nsec: 240000000
}
real_time {
  sec: 37
  nsec: 279027635
}
iterations: 8810
real_time_factor: 0.99987401587399982
step_size {
  nsec: 4000000
}

sim_time {
  sec: 35
  nsec: 340000000
}
real_time {
  sec: 37
  nsec: 379029680
}
iterations: 8835
real_time_factor: 0.99956419001315422
step_size {
  nsec: 4000000
}

sim_time {
  sec: 35
  nsec: 444000000
}
real_time {
  sec: 37
  nsec: 483028041
}
iterations: 8861
real_time_factor: 1.0001032606616633
step_size {
  nsec: 4000000
}

sim_time {
  sec: 35
  nsec: 548000000
}
real_time {
  sec: 37
  nsec: 587028614
}
iterations: 8887
real_time_factor: 0.99981428449665477
step_size {
  nsec: 4000000
}

sim_time {
  sec: 35
  nsec: 652000000
}
real_time {
  sec: 37
  nsec: 691028160
}
iterations: 8913
real_time_factor: 0.99993925369033831
step_size {
  nsec: 4000000
}

sim_time {
  sec: 35
  nsec: 752000000
}
real_time {
  sec: 37
  nsec: 791028047
}
iterations: 8938
real_time_factor: 1.0000175003062555
step_size {
  nsec: 4000000
}

sim_time {
  sec: 35
  nsec: 856000000
}
real_time {
  sec: 37
  nsec: 895028399
}
iterations: 8964
real_time_factor: 0.99984852294877324
step_size {
  nsec: 4000000
}

sim_time {
  sec: 35
  nsec: 960000000
}
real_time {
  sec: 37
  nsec: 999027547
}
iterations: 8990
real_time_factor: 1.0000802564405793
step_size {
  nsec: 4000000
}

sim_time {
  sec: 36
  nsec: 60000000
}
real_time {
  sec: 38
  nsec: 99028349
}
iterations: 9015
real_time_factor: 1.0001080116652599
step_size {
  nsec: 4000000
}

sim_time {
  sec: 36
  nsec: 164000000
}
real_time {
  sec: 38
  nsec: 203027672
}
iterations: 9041
real_time_factor: 0.9999250056245782
step_size {
  nsec: 4000000
}

sim_time {
  sec: 36
  nsec: 264000000
}
real_time {
  sec: 38
  nsec: 303027910
}
iterations: 9066
real_time_factor: 1.000054502970412
step_size {
  nsec: 4000000
}

sim_time {
  sec: 36
  nsec: 364000000
}
real_time {
  sec: 38
  nsec: 403028414
}
iterations: 9091
real_time_factor: 0.99996450126020531
step_size {
  nsec: 4000000
}

sim_time {
  sec: 36
  nsec: 468000000
}
real_time {
  sec: 38
  nsec: 507028163
}
iterations: 9117
real_time_factor: 0.99996675110552569
step_size {
  nsec: 4000000
}

sim_time {
  sec: 36
  nsec: 568000000
}
real_time {
  sec: 38
  nsec: 607028918
}
iterations: 9142
real_time_factor: 0.99978404664592446
step_size {
  nsec: 4000000
}

sim_time {
  sec: 36
  nsec: 668000000
}
real_time {
  sec: 38
  nsec: 707156738
}
iterations: 9167
real_time_factor: 0.968839458699706
step_size {
  nsec: 4000000
}

sim_time {
  sec: 36
  nsec: 772000000
}
real_time {
  sec: 38
  nsec: 811028701
}
iterations: 9193
real_time_factor: 1.0011651058919817
step_size {
  nsec: 4000000
}

sim_time {
  sec: 36
  nsec: 876000000
}
real_time {
  sec: 38
  nsec: 915028653
}
iterations: 9219
real_time_factor: 0.99990425916718473
step_size {
  nsec: 4000000
}

sim_time {
  sec: 36
  nsec: 980000000
}
real_time {
  sec: 39
  nsec: 19027782
}
iterations: 9245
real_time_factor: 1.0000805064807716
step_size {
  nsec: 4000000
}

sim_time {
  sec: 37
  nsec: 80000000
}
real_time {
  sec: 39
  nsec: 119029408
}
iterations: 9270
real_time_factor: 0.99970058967339281
step_size {
  nsec: 4000000
}

sim_time {
  sec: 37
  nsec: 180000000
}
real_time {
  sec: 39
  nsec: 219033792
}
iterations: 9295
real_time_factor: 0.99857528271538587
step_size {
  nsec: 4000000
}

sim_time {
  sec: 37
  nsec: 284000000
}
real_time {
  sec: 39
  nsec: 323028022
}
iterations: 9321
real_time_factor: 1.0000965093131486
step_size {
  nsec: 4000000
}

sim_time {
  sec: 37
  nsec: 384000000
}
real_time {
  sec: 39
  nsec: 423029387
}
iterations: 9346
real_time_factor: 0.99957143374778068
step_size {
  nsec: 4000000
}

sim_time {
  sec: 37
  nsec: 488000000
}
real_time {
  sec: 39
  nsec: 527028238
}
iterations: 9372
real_time_factor: 0.99996900096097019
step_size {
  nsec: 4000000
}

sim_time {
  sec: 37
  nsec: 592000000
}
real_time {
  sec: 39
  nsec: 631027532
}
iterations: 9398
real_time_factor: 0.99999725000756245
step_size {
  nsec: 4000000
}

sim_time {
  sec: 37
  nsec: 692000000
}
real_time {
  sec: 39
  nsec: 731028398
}
iterations: 9423
real_time_factor: 0.99995525200247293
step_size {
  nsec: 4000000
}

sim_time {
  sec: 37
  nsec: 796000000
}
real_time {
  sec: 39
  nsec: 835028007
}
iterations: 9449
real_time_factor: 0.99999700000899994
step_size {
  nsec: 4000000
}

sim_time {
  sec: 37
  nsec: 900000000
}
real_time {
  sec: 39
  nsec: 939027922
}
iterations: 9475
real_time_factor: 1.0000295008702758
step_size {
  nsec: 4000000
}

sim_time {
  sec: 38
}
real_time {
  sec: 40
  nsec: 39031427
}
iterations: 9500
real_time_factor: 0.99898852411932915
step_size {
  nsec: 4000000
}

sim_time {
  sec: 38
  nsec: 104000000
}
real_time {
  sec: 40
  nsec: 143027675
}
iterations: 9526
real_time_factor: 1.0000457520931583
step_size {
  nsec: 4000000
}

sim_time {
  sec: 38
  nsec: 208000000
}
real_time {
  sec: 40
  nsec: 247028312
}
iterations: 9552
real_time_factor: 0.99980478811512052
step_size {
  nsec: 4000000
}

sim_time {
  sec: 38
  nsec: 312000000
}
real_time {
  sec: 40
  nsec: 351027855
}
iterations: 9578
real_time_factor: 0.99999950000025
step_size {
  nsec: 4000000
}

sim_time {
  sec: 38
  nsec: 416000000
}
real_time {
  sec: 40
  nsec: 455027576
}
iterations: 9604
real_time_factor: 1.0000940088368306
step_size {
  nsec: 4000000
}

sim_time {
  sec: 38
  nsec: 516000000
}
real_time {
  sec: 40
  nsec: 555029032
}
iterations: 9629
real_time_factor: 0.99958517215355625
step_size {
  nsec: 4000000
}

sim_time {
  sec: 38
  nsec: 620000000
}
real_time {
  sec: 40
  nsec: 659027984
}
iterations: 9655
real_time_factor: 1.0001380190466285
step_size {
  nsec: 4000000
}

sim_time {
  sec: 38
  nsec: 724000000
}
real_time {
  sec: 40
  nsec: 763027546
}
iterations: 9681
real_time_factor: 1.0000107501155637
step_size {
  nsec: 4000000
}

sim_time {
  sec: 38
  nsec: 824000000
}
real_time {
  sec: 40
  nsec: 863028097
}
iterations: 9706
real_time_factor: 1.0098592559155031
step_size {
  nsec: 4000000
}

sim_time {
  sec: 38
  nsec: 928000000
}
real_time {
  sec: 40
  nsec: 967027853
}
iterations: 9732
real_time_factor: 0.99992275596710156
step_size {
  nsec: 4000000
}

sim_time {
  sec: 39
  nsec: 32000000
}
real_time {
  sec: 41
  nsec: 71027961
}
iterations: 9758
real_time_factor: 1.0000480023041105
step_size {
  nsec: 4000000
}

sim_time {
  sec: 39
  nsec: 132000000
}
real_time {
  sec: 41
  nsec: 171029400
}
iterations: 9783
real_time_factor: 0.99958492236098961
step_size {
  nsec: 4000000
}

sim_time {
  sec: 39
  nsec: 232000000
}
real_time {
  sec: 41
  nsec: 271028884
}
iterations: 9808
real_time_factor: 1.0012092104238894
step_size {
  nsec: 4000000
}

sim_time {
  sec: 39
  nsec: 336000000
}
real_time {
  sec: 41
  nsec: 375028270
}
iterations: 9834
real_time_factor: 0.99999700000899994
step_size {
  nsec: 4000000
}

sim_time {
  sec: 39
  nsec: 436000000
}
real_time {
  sec: 41
  nsec: 475036634
}
iterations: 9859
real_time_factor: 0.99768512109777285
step_size {
  nsec: 4000000
}

sim_time {
  sec: 39
  nsec: 540000000
}
real_time {
  sec: 41
  nsec: 579030891
}
iterations: 9885
real_time_factor: 1.000738044307677
step_size {
  nsec: 4000000
}

sim_time {
  sec: 39
  nsec: 644000000
}
real_time {
  sec: 41
  nsec: 683028201
}
iterations: 9911
real_time_factor: 0.99991150783155691
step_size {
  nsec: 4000000
}

sim_time {
  sec: 39
  nsec: 748000000
}
real_time {
  sec: 41
  nsec: 787028023
}
iterations: 9937
real_time_factor: 0.99986476829008875
step_size {
  nsec: 4000000
}

sim_time {
  sec: 39
  nsec: 852000000
}
real_time {
  sec: 41
  nsec: 891028205
}
iterations: 9963
real_time_factor: 0.99991350748160279
step_size {
  nsec: 4000000
}

sim_time {
  sec: 39
  nsec: 956000000
}
real_time {
  sec: 41
  nsec: 995027488
}
iterations: 9989
real_time_factor: 1.0001475217594595
step_size {
  nsec: 4000000
}

sim_time {
  sec: 40
  nsec: 56000000
}
real_time {
  sec: 42
  nsec: 95028046
}
iterations: 10014
real_time_factor: 1.0001777816006796
step_size {
  nsec: 4000000
}

sim_time {
  sec: 40
  nsec: 160000000
}
real_time {
  sec: 42
  nsec: 199027849
}
iterations: 10040
real_time_factor: 1.0000130001690022
step_size {
  nsec: 4000000
}

sim_time {
  sec: 40
  nsec: 260000000
}
real_time {
  sec: 42
  nsec: 299028119
}
iterations: 10065
real_time_factor: 1.0001775315118433
step_size {
  nsec: 4000000
}

sim_time {
  sec: 40
  nsec: 364000000
}
real_time {
  sec: 42
  nsec: 403028402
}
iterations: 10091
real_time_factor: 0.99986501822253993
step_size {
  nsec: 4000000
}

sim_time {
  sec: 40
  nsec: 468000000
}
real_time {
  sec: 42
  nsec: 507027678
}
iterations: 10117
real_time_factor: 1.0000430018490796
step_size {
  nsec: 4000000
}

sim_time {
  sec: 40
  nsec: 568000000
}
real_time {
  sec: 42
  nsec: 607028572
}
iterations: 10142
real_time_factor: 0.99996450126020531
step_size {
  nsec: 4000000
}

sim_time {
  sec: 40
  nsec: 672000000
}
real_time {
  sec: 42
  nsec: 711028596
}
iterations: 10168
real_time_factor: 0.99987651525036658
step_size {
  nsec: 4000000
}

sim_time {
  sec: 40
  nsec: 776000000
}
real_time {
  sec: 42
  nsec: 815027694
}
iterations: 10194
real_time_factor: 1.0000985097032058
step_size {
  nsec: 4000000
}

sim_time {
  sec: 40
  nsec: 876000000
}
real_time {
  sec: 42
  nsec: 915028427
}
iterations: 10219
real_time_factor: 0.9999855002102469
step_size {
  nsec: 4000000
}

sim_time {
  sec: 40
  nsec: 976000000
}
real_time {
  sec: 43
  nsec: 15028726
}
iterations: 10244
real_time_factor: 1.0001380190466285
step_size {
  nsec: 4000000
}

sim_time {
  sec: 41
  nsec: 80000000
}
real_time {
  sec: 43
  nsec: 119028564
}
iterations: 10270
real_time_factor: 0.99999700000899994
step_size {
  nsec: 4000000
}

sim_time {
  sec: 41
  nsec: 184000000
}
real_time {
  sec: 43
  nsec: 223027884
}
iterations: 10296
real_time_factor: 1.0000292508555875
step_size {
  nsec: 4000000
}

sim_time {
  sec: 41
  nsec: 284000000
}
real_time {
  sec: 43
  nsec: 323029699
}
iterations: 10321
real_time_factor: 0.99995550198016192
step_size {
  nsec: 4000000
}

sim_time {
  sec: 41
  nsec: 388000000
}
real_time {
  sec: 43
  nsec: 427028518
}
iterations: 10347
real_time_factor: 0.99986751755392411
step_size {
  nsec: 4000000
}

sim_time {
  sec: 41
  nsec: 492000000
}
real_time {
  sec: 43
  nsec: 531027652
}
iterations: 10373
real_time_factor: 1.0000435018923324
step_size {
  nsec: 4000000
}

sim_time {
  sec: 41
  nsec: 592000000
}
real_time {
  sec: 43
  nsec: 631030052
}
iterations: 10398
real_time_factor: 1.043674108584898
step_size {
  nsec: 4000000
}

sim_time {
  sec: 41
  nsec: 696000000
}
real_time {
  sec: 43
  nsec: 735028158
}
iterations: 10424
real_time_factor: 1.0001452711006273
step_size {
  nsec: 4000000
}

sim_time {
  sec: 41
  nsec: 800000000
}
real_time {
  sec: 43
  nsec: 839027690
}
iterations: 10450
real_time_factor: 1.0000805064807716
step_size {
  nsec: 4000000
}

sim_time {
  sec: 41
  nsec: 900000000
}
real_time {
  sec: 43
  nsec: 939028146
}
iterations: 10475
real_time_factor: 0.999987500156248
step_size {
  nsec: 4000000
}

sim_time {
  sec: 42
}
real_time {
  sec: 44
  nsec: 39028147
}
iterations: 10500
real_time_factor: 0.99987676518869051
step_size {
  nsec: 4000000
}

sim_time {
  sec: 42
  nsec: 104000000
}
real_time {
  sec: 44
  nsec: 143027623
}
iterations: 10526
real_time_factor: 1.0000457520931583
step_size {
  nsec: 4000000
}

sim_time {
  sec: 42
  nsec: 204000000
}
real_time {
  sec: 44
  nsec: 243034207
}
iterations: 10551
real_time_factor: 0.998425483013288
step_size {
  nsec: 4000000
}

sim_time {
  sec: 42
  nsec: 308000000
}
real_time {
  sec: 44
  nsec: 347027692
}
iterations: 10577
real_time_factor: 1.0001127627139961
step_size {
  nsec: 4000000
}

sim_time {
  sec: 42
  nsec: 412000000
}
real_time {
  sec: 44
  nsec: 451027317
}
iterations: 10603
real_time_factor: 1.0001055111314243
step_size {
  nsec: 4000000
}

sim_time {
  sec: 42
  nsec: 512000000
}
real_time {
  sec: 44
  nsec: 551028429
}
iterations: 10628
real_time_factor: 0.99988801254259518
step_size {
  nsec: 4000000
}

sim_time {
  sec: 42
  nsec: 616000000
}
real_time {
  sec: 44
  nsec: 655028154
}
iterations: 10654
real_time_factor: 0.99988351357066907
step_size {
  nsec: 4000000
}

sim_time {
  sec: 42
  nsec: 720000000
}
real_time {
  sec: 44
  nsec: 759027750
}
iterations: 10680
real_time_factor: 1.0000595035404607
step_size {
  nsec: 4000000
}

sim_time {
  sec: 42
  nsec: 820000000
}
real_time {
  sec: 44
  nsec: 859028334
}
iterations: 10705
real_time_factor: 0.99988126409988809
step_size {
  nsec: 4000000
}

sim_time {
  sec: 42
  nsec: 924000000
}
real_time {
  sec: 44
  nsec: 963028356
}
iterations: 10731
real_time_factor: 0.99977480072613645
step_size {
  nsec: 4000000
}

sim_time {
  sec: 43
  nsec: 28000000
}
real_time {
  sec: 45
  nsec: 67027628
}
iterations: 10757
real_time_factor: 1.0001242654399809
step_size {
  nsec: 4000000
}

sim_time {
  sec: 43
  nsec: 128000000
}
real_time {
  sec: 45
  nsec: 167028055
}
iterations: 10782
real_time_factor: 0.999952752232457
step_size {
  nsec: 4000000
}

sim_time {
  sec: 43
  nsec: 228000000
}
real_time {
  sec: 45
  nsec: 267027990
}
iterations: 10807
real_time_factor: 1.0000920084647789
step_size {
  nsec: 4000000
}

sim_time {
  sec: 43
  nsec: 332000000
}
real_time {
  sec: 45
  nsec: 371027557
}
iterations: 10833
real_time_factor: 1.0000480023041105
step_size {
  nsec: 4000000
}

sim_time {
  sec: 43
  nsec: 436000000
}
real_time {
  sec: 45
  nsec: 475027884
}
iterations: 10859
real_time_factor: 0.99995775178498714
step_size {
  nsec: 4000000
}

sim_time {
  sec: 43
  nsec: 536000000
}
real_time {
  sec: 45
  nsec: 575031162
}
iterations: 10884
real_time_factor: 0.99906961641970915
step_size {
  nsec: 4000000
}

sim_time {
  sec: 43
  nsec: 640000000
}
real_time {
  sec: 45
  nsec: 679030877
}
iterations: 10910
real_time_factor: 0.99982802957891248
step_size {
  nsec: 4000000
}

sim_time {
  sec: 43
  nsec: 744000000
}
real_time {
  sec: 45
  nsec: 783029084
}
iterations: 10936
real_time_factor: 0.99994150342204979
step_size {
  nsec: 4000000
}

sim_time {
  sec: 43
  nsec: 848000000
}
real_time {
  sec: 45
  nsec: 887028475
}
iterations: 10962
real_time_factor: 1.0002888334006443
step_size {
  nsec: 4000000
}

sim_time {
  sec: 43
  nsec: 952000000
}
real_time {
  sec: 45
  nsec: 991028617
}
iterations: 10988
real_time_factor: 0.99986976696285312
step_size {
  nsec: 4000000
}

sim_time {
  sec: 44
  nsec: 56000000
}
real_time {
  sec: 46
  nsec: 95031417
}
iterations: 11014
real_time_factor: 0.99920588112597508
step_size {
  nsec: 4000000
}

sim_time {
  sec: 44
  nsec: 160000000
}
real_time {
  sec: 46
  nsec: 199028696
}
iterations: 11040
real_time_factor: 0.99980278889988949
step_size {
  nsec: 4000000
}

sim_time {
  sec: 44
  nsec: 264000000
}
real_time {
  sec: 46
  nsec: 303027967
}
iterations: 11066
real_time_factor: 0.99995525200247293
step_size {
  nsec: 4000000
}

sim_time {
  sec: 44
  nsec: 364000000
}
real_time {
  sec: 46
  nsec: 403028725
}
iterations: 11091
real_time_factor: 1.0000897580557855
step_size {
  nsec: 4000000
}

sim_time {
  sec: 44
  nsec: 468000000
}
real_time {
  sec: 46
  nsec: 507028829
}
iterations: 11117
real_time_factor: 0.99969384376034842
step_size {
  nsec: 4000000
}

sim_time {
  sec: 44
  nsec: 572000000
}
real_time {
  sec: 46
  nsec: 611027878
}
iterations: 11143
real_time_factor: 0.99994575294290289
step_size {
  nsec: 4000000
}

sim_time {
  sec: 44
  nsec: 672000000
}
real_time {
  sec: 46
  nsec: 711028154
}
iterations: 11168
real_time_factor: 0.99999950000025
step_size {
  nsec: 4000000
}

sim_time {
  sec: 44
  nsec: 776000000
}
real_time {
  sec: 46
  nsec: 815027712
}
iterations: 11194
real_time_factor: 0.99997600057598612
step_size {
  nsec: 4000000
}

sim_time {
  sec: 44
  nsec: 876000000
}
real_time {
  sec: 46
  nsec: 915030248
}
iterations: 11219
real_time_factor: 0.99940485440919935
step_size {
  nsec: 4000000
}

sim_time {
  sec: 44
  nsec: 980000000
}
real_time {
  sec: 47
  nsec: 19027639
}
iterations: 11245
real_time_factor: 1.0000895080109671
step_size {
  nsec: 4000000
}

sim_time {
  sec: 45
  nsec: 80000000
}
real_time {
  sec: 47
  nsec: 119032666
}
iterations: 11270
real_time_factor: 0.99903268660119837
step_size {
  nsec: 4000000
}

sim_time {
  sec: 45
  nsec: 184000000
}
real_time {
  sec: 47
  nsec: 223027713
}
iterations: 11296
real_time_factor: 1.0000272507425827
step_size {
  nsec: 4000000
}

sim_time {
  sec: 45
  nsec: 284000000
}
real_time {
  sec: 47
  nsec: 323028795
}
iterations: 11321
real_time_factor: 0.99997150081222685
step_size {
  nsec: 4000000
}

sim_time {
  sec: 45
  nsec: 388000000
}
real_time {
  sec: 47
  nsec: 427028898
}
iterations: 11347
real_time_factor: 0.99976330603729568
step_size {
  nsec: 4000000
}

sim_time {
  sec: 45
  nsec: 492000000
}
real_time {
  sec: 47
  nsec: 531028307
}
iterations: 11373
real_time_factor: 1.0001380190466285
step_size {
  nsec: 4000000
}

sim_time {
  sec: 45
  nsec: 596000000
}
real_time {
  sec: 47
  nsec: 635028949
}
iterations: 11399
real_time_factor: 0.99974006758242862
step_size {
  nsec: 4000000
}

sim_time {
  sec: 45
  nsec: 696000000
}
real_time {
  sec: 47
  nsec: 735028858
}
iterations: 11424
real_time_factor: 1.0014177571897414
step_size {
  nsec: 4000000
}

sim_time {
  sec: 45
  nsec: 800000000
}
real_time {
  sec: 47
  nsec: 839028128
}
iterations: 11450
real_time_factor: 1.0000360012960468
step_size {
  nsec: 4000000
}

sim_time {
  sec: 45
  nsec: 904000000
}
real_time {
  sec: 47
  nsec: 943027990
}
iterations: 11476
real_time_factor: 0.99998075037055534
step_size {
  nsec: 4000000
}

sim_time {
  sec: 46
  nsec: 8000000
}
real_time {
  sec: 48
  nsec: 47027944
}
iterations: 11502
real_time_factor: 1.0000272507425827
step_size {
  nsec: 4000000
}

sim_time {
  sec: 46
  nsec: 112000000
}
real_time {
  sec: 48
  nsec: 151027760
}
iterations: 11528
real_time_factor: 0.99998100036099313
step_size {
  nsec: 4000000
}

sim_time {
  sec: 46
  nsec: 212000000
}
real_time {
  sec: 48
  nsec: 251028851
}
iterations: 11553
real_time_factor: 0.99978629567929855
step_size {
  nsec: 4000000
}

sim_time {
  sec: 46
  nsec: 312000000
}
real_time {
  sec: 48
  nsec: 351035043
}
iterations: 11578
real_time_factor: 0.99808367933567554
step_size {
  nsec: 4000000
}

sim_time {
  sec: 46
  nsec: 416000000
}
real_time {
  sec: 48
  nsec: 455028173
}
iterations: 11604
real_time_factor: 0.99998775015006069
step_size {
  nsec: 4000000
}

sim_time {
  sec: 46
  nsec: 516000000
}
real_time {
  sec: 48
  nsec: 555031346
}
iterations: 11629
real_time_factor: 1.0000340011560394
step_size {
  nsec: 4000000
}

sim_time {
  sec: 46
  nsec: 620000000
}
real_time {
  sec: 48
  nsec: 659029513
}
iterations: 11655
real_time_factor: 1.0001705290752074
step_size {
  nsec: 4000000
}

sim_time {
  sec: 46
  nsec: 724000000
}
real_time {
  sec: 48
  nsec: 763027893
}
iterations: 11681
real_time_factor: 0.99989076193425863
step_size {
  nsec: 4000000
}

sim_time {
  sec: 46
  nsec: 824000000
}
real_time {
  sec: 48
  nsec: 863028214
}
iterations: 11706
real_time_factor: 1.0000250006250155
step_size {
  nsec: 4000000
}

sim_time {
  sec: 46
  nsec: 928000000
}
real_time {
  sec: 48
  nsec: 967027253
}
iterations: 11732
real_time_factor: 1.0000985097032058
step_size {
  nsec: 4000000
}

sim_time {
  sec: 47
  nsec: 28000000
}
real_time {
  sec: 49
  nsec: 67028212
}
iterations: 11757
real_time_factor: 0.99997625056404915
step_size {
  nsec: 4000000
}

sim_time {
  sec: 47
  nsec: 132000000
}
real_time {
  sec: 49
  nsec: 171028092
}
iterations: 11783
real_time_factor: 0.9997887946171371
step_size {
  nsec: 4000000
}

sim_time {
  sec: 47
  nsec: 232000000
}
real_time {
  sec: 49
  nsec: 271028700
}
iterations: 11808
real_time_factor: 0.99981878284560921
step_size {
  nsec: 4000000
}

sim_time {
  sec: 47
  nsec: 336000000
}
real_time {
  sec: 49
  nsec: 375030042
}
iterations: 11834
real_time_factor: 0.99953896265347608
step_size {
  nsec: 4000000
}

sim_time {
  sec: 47
  nsec: 440000000
}
real_time {
  sec: 49
  nsec: 479028163
}
iterations: 11860
real_time_factor: 1.0004089171448829
step_size {
  nsec: 4000000
}

sim_time {
  sec: 47
  nsec: 544000000
}
real_time {
  sec: 49
  nsec: 583028421
}
iterations: 11886
real_time_factor: 0.9999160070554074
step_size {
  nsec: 4000000
}

sim_time {
  sec: 47
  nsec: 648000000
}
real_time {
  sec: 49
  nsec: 687027698
}
iterations: 11912
real_time_factor: 1.0000157502480664
step_size {
  nsec: 4000000
}

sim_time {
  sec: 47
  nsec: 752000000
}
real_time {
  sec: 49
  nsec: 791027643
}
iterations: 11938
real_time_factor: 1.0000130001690022
step_size {
  nsec: 4000000
}

sim_time {
  sec: 47
  nsec: 856000000
}
real_time {
  sec: 49
  nsec: 895027568
}
iterations: 11964
real_time_factor: 1.0000180003240058
step_size {
  nsec: 4000000
}

sim_time {
  sec: 47
  nsec: 956000000
}
real_time {
  sec: 49
  nsec: 995028278
}
iterations: 11989
real_time_factor: 1.0000872576132267
step_size {
  nsec: 4000000
}

sim_time {
  sec: 48
  nsec: 60000000
}
real_time {
  sec: 50
  nsec: 99028074
}
iterations: 12015
real_time_factor: 1.0000062500390627
step_size {
  nsec: 4000000
}

sim_time {
  sec: 48
  nsec: 160000000
}
real_time {
  sec: 50
  nsec: 199028330
}
iterations: 12040
real_time_factor: 1.0000222504950735
step_size {
  nsec: 4000000
}

sim_time {
  sec: 48
  nsec: 260000000
}
real_time {
  sec: 50
  nsec: 299032909
}
iterations: 12065
real_time_factor: 0.99896332580864211
step_size {
  nsec: 4000000
}

sim_time {
  sec: 48
  nsec: 364000000
}
real_time {
  sec: 50
  nsec: 403027936
}
iterations: 12091
real_time_factor: 0.999939003720773
step_size {
  nsec: 4000000
}

sim_time {
  sec: 48
  nsec: 468000000
}
real_time {
  sec: 50
  nsec: 507028073
}
iterations: 12117
real_time_factor: 0.99991375743842092
step_size {
  nsec: 4000000
}

sim_time {
  sec: 48
  nsec: 568000000
}
real_time {
  sec: 50
  nsec: 607028524
}
iterations: 12142
real_time_factor: 0.99999450003024981
step_size {
  nsec: 4000000
}

sim_time {
  sec: 48
  nsec: 668000000
}
real_time {
  sec: 50
  nsec: 707578081
}
iterations: 12167
real_time_factor: 0.87929615859688959
step_size {
  nsec: 4000000
}

sim_time {
  sec: 48
  nsec: 772000000
}
real_time {
  sec: 50
  nsec: 811027768
}
iterations: 12193
real_time_factor: 1.0000710050413579
step_size {
  nsec: 4000000
}

sim_time {
  sec: 48
  nsec: 876000000
}
real_time {
  sec: 50
  nsec: 915028045
}
iterations: 12219
real_time_factor: 0.99988826248666707
step_size {
  nsec: 4000000
}

sim_time {
  sec: 48
  nsec: 980000000
}
real_time {
  sec: 51
  nsec: 19029460
}
iterations: 12245
real_time_factor: 0.99972382629298662
step_size {
  nsec: 4000000
}

sim_time {
  sec: 49
  nsec: 84000000
}
real_time {
  sec: 51
  nsec: 123029959
}
iterations: 12271
real_time_factor: 0.99970983422061743
step_size {
  nsec: 4000000
}

sim_time {
  sec: 49
  nsec: 188000000
}
real_time {
  sec: 51
  nsec: 227027706
}
iterations: 12297
real_time_factor: 1.0002473111476813
step_size {
  nsec: 4000000
}

sim_time {
  sec: 49
  nsec: 292000000
}
real_time {
  sec: 51
  nsec: 331028020
}
iterations: 12323
real_time_factor: 0.99999925000056245
step_size {
  nsec: 4000000
}

sim_time {
  sec: 49
  nsec: 392000000
}
real_time {
  sec: 51
  nsec: 431028116
}
iterations: 12348
real_time_factor: 1.0006364047534231
step_size {
  nsec: 4000000
}

sim_time {
  sec: 49
  nsec: 496000000
}
real_time {
  sec: 51
  nsec: 535029957
}
iterations: 12374
real_time_factor: 0.99957143374778068
step_size {
  nsec: 4000000
}

sim_time {
  sec: 49
  nsec: 600000000
}
real_time {
  sec: 51
  nsec: 639029455
}
iterations: 12400
real_time_factor: 0.9997493128598004
step_size {
  nsec: 4000000
}

sim_time {
  sec: 49
  nsec: 704000000
}
real_time {
  sec: 51
  nsec: 743027954
}
iterations: 12426
real_time_factor: 1.0000407516606302
step_size {
  nsec: 4000000
}

sim_time {
  sec: 49
  nsec: 808000000
}
real_time {
  sec: 51
  nsec: 847027442
}
iterations: 12452
real_time_factor: 1.0001545238739384
step_size {
  nsec: 4000000
}

sim_time {
  sec: 49
  nsec: 908000000
}
real_time {
  sec: 51
  nsec: 947027975
}
iterations: 12477
real_time_factor: 0.99994350319206959
step_size {
  nsec: 4000000
}

sim_time {
  sec: 50
  nsec: 12000000
}
real_time {
  sec: 52
  nsec: 51027629
}
iterations: 12503
real_time_factor: 1.0000087500765631
step_size {
  nsec: 4000000
}

sim_time {
  sec: 50
  nsec: 112000000
}
real_time {
  sec: 52
  nsec: 151027597
}
iterations: 12528
real_time_factor: 0.99996700108896408
step_size {
  nsec: 4000000
}

sim_time {
  sec: 50
  nsec: 212000000
}
real_time {
  sec: 52
  nsec: 251027999
}
iterations: 12553
real_time_factor: 1.0000037500140626
step_size {
  nsec: 4000000
}

sim_time {
  sec: 50
  nsec: 312000000
}
real_time {
  sec: 52
  nsec: 351028558
}
iterations: 12578
real_time_factor: 1.0002910847056494
step_size {
  nsec: 4000000
}

sim_time {
  sec: 50
  nsec: 416000000
}
real_time {
  sec: 52
  nsec: 455028194
}
iterations: 12604
real_time_factor: 1.0000897580557855
step_size {
  nsec: 4000000
}

sim_time {
  sec: 50
  nsec: 520000000
}
real_time {
  sec: 52
  nsec: 559028488
}
iterations: 12630
real_time_factor: 0.99979329273672668
step_size {
  nsec: 4000000
}

sim_time {
  sec: 50
  nsec: 620000000
}
real_time {
  sec: 52
  nsec: 659029390
}
iterations: 12655
real_time_factor: 0.99967310689404565
step_size {
  nsec: 4000000
}

sim_time {
  sec: 50
  nsec: 724000000
}
real_time {
  sec: 52
  nsec: 763028147
}
iterations: 12681
real_time_factor: 1.0001380190466285
step_size {
  nsec: 4000000
}

sim_time {
  sec: 50
  nsec: 828000000
}
real_time {
  sec: 52
  nsec: 867028062
}
iterations: 12707
real_time_factor: 1.0000500025001251
step_size {
  nsec: 4000000
}

sim_time {
  sec: 50
  nsec: 928000000
}
real_time {
  sec: 52
  nsec: 967029217
}
iterations: 12732
real_time_factor: 0.99966611151875273
step_size {
  nsec: 4000000
}

sim_time {
  sec: 51
  nsec: 32000000
}
real_time {
  sec: 53
  nsec: 71028187
}
iterations: 12758
real_time_factor: 0.999990000099999
step_size {
  nsec: 4000000
}

sim_time {
  sec: 51
  nsec: 132000000
}
real_time {
  sec: 53
  nsec: 171028857
}
iterations: 12783
real_time_factor: 1.0002147961274683
step_size {
  nsec: 4000000
}

sim_time {
  sec: 51
  nsec: 236000000
}
real_time {
  sec: 53
  nsec: 275028465
}
iterations: 12809
real_time_factor: 0.999800289892094
step_size {
  nsec: 4000000
}

sim_time {
  sec: 51
  nsec: 336000000
}
real_time {
  sec: 53
  nsec: 375040458
}
iterations: 12834
real_time_factor: 0.99777073074483336
step_size {
  nsec: 4000000
}

sim_time {
  sec: 51
  nsec: 440000000
}
real_time {
  sec: 53
  nsec: 479028075
}
iterations: 12860
real_time_factor: 1.0006248902439574
step_size {
  nsec: 4000000
}

sim_time {
  sec: 51
  nsec: 540000000
}
real_time {
  sec: 53
  nsec: 579033263
}
iterations: 12885
real_time_factor: 0.99980503801758658
step_size {
  nsec: 4000000
}

sim_time {
  sec: 51
  nsec: 644000000
}
real_time {
  sec: 53
  nsec: 683027574
}
iterations: 12911
real_time_factor: 1.0000017500030625
step_size {
  nsec: 4000000
}

sim_time {
  sec: 51
  nsec: 744000000
}
real_time {
  sec: 53
  nsec: 783209170
}
iterations: 12936
real_time_factor: 0.956869353125219
step_size {
  nsec: 4000000
}

sim_time {
  sec: 51
  nsec: 848000000
}
real_time {
  sec: 53
  nsec: 887028490
}
iterations: 12962
real_time_factor: 0.99981903275507134
step_size {
  nsec: 4000000
}

sim_time {
  sec: 51
  nsec: 952000000
}
real_time {
  sec: 53
  nsec: 991027775
}
iterations: 12988
real_time_factor: 1.0000685046925715
step_size {
  nsec: 4000000
}

sim_time {
  sec: 52
  nsec: 56000000
}
real_time {
  sec: 54
  nsec: 95027901
}
iterations: 13014
real_time_factor: 1.0000175003062555
step_size {
  nsec: 4000000
}

sim_time {
  sec: 52
  nsec: 156000000
}
real_time {
  sec: 54
  nsec: 195028384
}
iterations: 13039
real_time_factor: 1.0000990098019704
step_size {
  nsec: 4000000
}

sim_time {
  sec: 52
  nsec: 256000000
}
real_time {
  sec: 54
  nsec: 295029202
}
iterations: 13064
real_time_factor: 0.99994600291584257
step_size {
  nsec: 4000000
}

sim_time {
  sec: 52
  nsec: 356000000
}
real_time {
  sec: 54
  nsec: 395030612
}
iterations: 13089
real_time_factor: 0.99932845128073933
step_size {
  nsec: 4000000
}

sim_time {
  sec: 52
  nsec: 460000000
}
real_time {
  sec: 54
  nsec: 499027616
}
iterations: 13115
real_time_factor: 1.0000480023041105
step_size {
  nsec: 4000000
}

sim_time {
  sec: 52
  nsec: 560000000
}
real_time {
  sec: 54
  nsec: 599028711
}
iterations: 13140
real_time_factor: 0.99976780392753783
step_size {
  nsec: 4000000
}

sim_time {
  sec: 52
  nsec: 664000000
}
real_time {
  sec: 54
  nsec: 703027763
}
iterations: 13166
real_time_factor: 1.0001055111314243
step_size {
  nsec: 4000000
}

sim_time {
  sec: 52
  nsec: 764000000
}
real_time {
  sec: 54
  nsec: 803028042
}
iterations: 13191
real_time_factor: 1.0000570032491851
step_size {
  nsec: 4000000
}

sim_time {
  sec: 52
  nsec: 864000000
}
real_time {
  sec: 54
  nsec: 903028646
}
iterations: 13216
real_time_factor: 1.0015529077835184
step_size {
  nsec: 4000000
}

sim_time {
  sec: 52
  nsec: 968000000
}
real_time {
  sec: 55
  nsec: 7028077
}
iterations: 13242
real_time_factor: 1.0000872576132267
step_size {
  nsec: 4000000
}

sim_time {
  sec: 53
  nsec: 72000000
}
real_time {
  sec: 55
  nsec: 111033582
}
iterations: 13268
real_time_factor: 0.99866104520364318
step_size {
  nsec: 4000000
}

sim_time {
  sec: 53
  nsec: 176000000
}
real_time {
  sec: 55
  nsec: 215028104
}
iterations: 13294
real_time_factor: 0.99985402131288836
step_size {
  nsec: 4000000
}

sim_time {
  sec: 53
  nsec: 280000000
}
real_time {
  sec: 55
  nsec: 319027961
}
iterations: 13320
real_time_factor: 1.0000062500390627
step_size {
  nsec: 4000000
}

sim_time {
  sec: 53
  nsec: 380000000
}
real_time {
  sec: 55
  nsec: 419031241
}
iterations: 13345
real_time_factor: 0.99937014696487536
step_size {
  nsec: 4000000
}

sim_time {
  sec: 53
  nsec: 484000000
}
real_time {
  sec: 55
  nsec: 523030754
}
iterations: 13371
real_time_factor: 1.0002285522241832
step_size {
  nsec: 4000000
}

sim_time {
  sec: 53
  nsec: 588000000
}
real_time {
  sec: 55
  nsec: 627028591
}
iterations: 13397
real_time_factor: 1.000004000016
step_size {
  nsec: 4000000
}

sim_time {
  sec: 53
  nsec: 692000000
}
real_time {
  sec: 55
  nsec: 731028289
}
iterations: 13423
real_time_factor: 0.999930004899657
step_size {
  nsec: 4000000
}

sim_time {
  sec: 53
  nsec: 796000000
}
real_time {
  sec: 55
  nsec: 835028424
}
iterations: 13449
real_time_factor: 0.99975630939958382
step_size {
  nsec: 4000000
}

sim_time {
  sec: 53
  nsec: 896000000
}
real_time {
  sec: 55
  nsec: 935029517
}
iterations: 13474
real_time_factor: 0.99956443979535914
step_size {
  nsec: 4000000
}

sim_time {
  sec: 54
}
real_time {
  sec: 56
  nsec: 39029476
}
iterations: 13500
real_time_factor: 0.99967535542832464
step_size {
  nsec: 4000000
}

sim_time {
  sec: 54
  nsec: 104000000
}
real_time {
  sec: 56
  nsec: 143028052
}
iterations: 13526
real_time_factor: 1.0001217648248675
step_size {
  nsec: 4000000
}

sim_time {
  sec: 54
  nsec: 208000000
}
real_time {
  sec: 56
  nsec: 247027550
}
iterations: 13552
real_time_factor: 1.000041001681069
step_size {
  nsec: 4000000
}

sim_time {
  sec: 54
  nsec: 308000000
}
real_time {
  sec: 56
  nsec: 347028399
}
iterations: 13577
real_time_factor: 1.00005725327775
step_size {
  nsec: 4000000
}

sim_time {
  sec: 54
  nsec: 412000000
}
real_time {
  sec: 56
  nsec: 451028491
}
iterations: 13603
real_time_factor: 0.999809536283338
step_size {
  nsec: 4000000
}

sim_time {
  sec: 54
  nsec: 516000000
}
real_time {
  sec: 56
  nsec: 555027475
}
iterations: 13629
real_time_factor: 1.0000342511731026
step_size {
  nsec: 4000000
}

sim_time {
  sec: 54
  nsec: 620000000
}
real_time {
  sec: 56
  nsec: 659028155
}
iterations: 13655
real_time_factor: 0.9998442742542849
step_size {
  nsec: 4000000
}

sim_time {
  sec: 54
  nsec: 724000000
}
real_time {
  sec: 56
  nsec: 763028206
}
iterations: 13681
real_time_factor: 0.99985127212327163
step_size {
  nsec: 4000000
}

sim_time {
  sec: 54
  nsec: 828000000
}
real_time {
  sec: 56
  nsec: 867027723
}
iterations: 13707
real_time_factor: 0.999934504289969
step_size {
  nsec: 4000000
}

sim_time {
  sec: 54
  nsec: 928000000
}
real_time {
  sec: 56
  nsec: 967027709
}
iterations: 13732
real_time_factor: 1.0000157502480664
step_size {
  nsec: 4000000
}

sim_time {
  sec: 55
  nsec: 28000000
}
real_time {
  sec: 57
  nsec: 67028488
}
iterations: 13757
real_time_factor: 1.0001382691157052
step_size {
  nsec: 4000000
}

sim_time {
  sec: 55
  nsec: 132000000
}
real_time {
  sec: 57
  nsec: 171027935
}
iterations: 13783
real_time_factor: 1.0000435018923324
step_size {
  nsec: 4000000
}

sim_time {
  sec: 55
  nsec: 232000000
}
real_time {
  sec: 57
  nsec: 271028195
}
iterations: 13808
real_time_factor: 1.0000477522801714
step_size {
  nsec: 4000000
}

sim_time {
  sec: 55
  nsec: 336000000
}
real_time {
  sec: 57
  nsec: 375028179
}
iterations: 13834
real_time_factor: 0.99993225458975155
step_size {
  nsec: 4000000
}

sim_time {
  sec: 55
  nsec: 440000000
}
real_time {
  sec: 57
  nsec: 479031153
}
iterations: 13860
real_time_factor: 0.999226848226185
step_size {
  nsec: 4000000
}

sim_time {
  sec: 55
  nsec: 544000000
}
real_time {
  sec: 57
  nsec: 583028406
}
iterations: 13886
real_time_factor: 0.99988126409988809
step_size {
  nsec: 4000000
}

sim_time {
  sec: 55
  nsec: 648000000
}
real_time {
  sec: 57
  nsec: 687029946
}
iterations: 13912
real_time_factor: 0.99962214283001027
step_size {
  nsec: 4000000
}

sim_time {
  sec: 55
  nsec: 748000000
}
real_time {
  sec: 57
  nsec: 787029696
}
iterations: 13937
real_time_factor: 0.99966611151875273
step_size {
  nsec: 4000000
}

sim_time {
  sec: 55
  nsec: 852000000
}
real_time {
  sec: 57
  nsec: 891031226
}
iterations: 13963
real_time_factor: 0.999612899904512
step_size {
  nsec: 4000000
}

sim_time {
  sec: 55
  nsec: 956000000
}
real_time {
  sec: 57
  nsec: 995028867
}
iterations: 13989
real_time_factor: 1.0000317510080945
step_size {
  nsec: 4000000
}

sim_time {
  sec: 56
  nsec: 60000000
}
real_time {
  sec: 58
  nsec: 99027601
}
iterations: 14015
real_time_factor: 1.0003236046861159
step_size {
  nsec: 4000000
}

sim_time {
  sec: 56
  nsec: 160000000
}
real_time {
  sec: 58
  nsec: 199028055
}
iterations: 14040
real_time_factor: 0.99996250140619725
step_size {
  nsec: 4000000
}

sim_time {
  sec: 56
  nsec: 264000000
}
real_time {
  sec: 58
  nsec: 303028038
}
iterations: 14066
real_time_factor: 0.999930004899657
step_size {
  nsec: 4000000
}

sim_time {
  sec: 56
  nsec: 364000000
}
real_time {
  sec: 58
  nsec: 403028148
}
iterations: 14091
real_time_factor: 0.99990000999900008
step_size {
  nsec: 4000000
}

sim_time {
  sec: 56
  nsec: 468000000
}
real_time {
  sec: 58
  nsec: 507028753
}
iterations: 14117
real_time_factor: 0.99976780392753783
step_size {
  nsec: 4000000
}

sim_time {
  sec: 56
  nsec: 568000000
}
real_time {
  sec: 58
  nsec: 607028706
}
iterations: 14142
real_time_factor: 0.99977005288783583
step_size {
  nsec: 4000000
}

sim_time {
  sec: 56
  nsec: 668000000
}
real_time {
  sec: 58
  nsec: 707034112
}
iterations: 14167
real_time_factor: 0.99852019307386453
step_size {
  nsec: 4000000
}

sim_time {
  sec: 56
  nsec: 772000000
}
real_time {
  sec: 58
  nsec: 811027688
}
iterations: 14193
real_time_factor: 1.0000732553659555
step_size {
  nsec: 4000000
}

sim_time {
  sec: 56
  nsec: 872000000
}
real_time {
  sec: 58
  nsec: 911028566
}
iterations: 14218
real_time_factor: 1.0000387515016207
step_size {
  nsec: 4000000
}

sim_time {
  sec: 56
  nsec: 972000000
}
real_time {
  sec: 59
  nsec: 11028807
}
iterations: 14243
real_time_factor: 0.99983502722050865
step_size {
  nsec: 4000000
}

sim_time {
  sec: 57
  nsec: 76000000
}
real_time {
  sec: 59
  nsec: 115027948
}
iterations: 14269
real_time_factor: 0.99997600057598612
step_size {
  nsec: 4000000
}

sim_time {
  sec: 57
  nsec: 176000000
}
real_time {
  sec: 59
  nsec: 215029039
}
iterations: 14294
real_time_factor: 0.99984877287310292
step_size {
  nsec: 4000000
}

sim_time {
  sec: 57
  nsec: 280000000
}
real_time {
  sec: 59
  nsec: 319027938
}
iterations: 14320
real_time_factor: 1.000017750315068
step_size {
  nsec: 4000000
}

sim_time {
  sec: 57
  nsec: 380000000
}
real_time {
  sec: 59
  nsec: 419028891
}
iterations: 14345
real_time_factor: 1.0016429448402742
step_size {
  nsec: 4000000
}

sim_time {
  sec: 57
  nsec: 484000000
}
real_time {
  sec: 59
  nsec: 523027743
}
iterations: 14371
real_time_factor: 1.0000062500390627
step_size {
  nsec: 4000000
}

sim_time {
  sec: 57
  nsec: 588000000
}
real_time {
  sec: 59
  nsec: 627028827
}
iterations: 14397
real_time_factor: 0.99973556994175039
step_size {
  nsec: 4000000
}

sim_time {
  sec: 57
  nsec: 692000000
}
real_time {
  sec: 59
  nsec: 731028569
}
iterations: 14423
real_time_factor: 0.9999717507980399
step_size {
  nsec: 4000000
}

sim_time {
  sec: 57
  nsec: 796000000
}
real_time {
  sec: 59
  nsec: 835028181
}
iterations: 14449
real_time_factor: 0.99991150783155691
step_size {
  nsec: 4000000
}

sim_time {
  sec: 57
  nsec: 896000000
}
real_time {
  sec: 59
  nsec: 935027967
}
iterations: 14474
real_time_factor: 1.0000432518706435
step_size {
  nsec: 4000000
}

sim_time {
  sec: 58
}
real_time {
  sec: 60
  nsec: 39027458
}
iterations: 14500
real_time_factor: 1.0001915366792742
step_size {
  nsec: 4000000
}

sim_time {
  sec: 58
  nsec: 100000000
}
real_time {
  sec: 60
  nsec: 139028031
}
iterations: 14525
real_time_factor: 0.99994400313582443
step_size {
  nsec: 4000000
}

sim_time {
  sec: 58
  nsec: 200000000
}
real_time {
  sec: 60
  nsec: 239027723
}
iterations: 14550
real_time_factor: 1.0000365013322987
step_size {
  nsec: 4000000
}

sim_time {
  sec: 58
  nsec: 304000000
}
real_time {
  sec: 60
  nsec: 343027751
}
iterations: 14576
real_time_factor: 1.00005725327775
step_size {
  nsec: 4000000
}

sim_time {
  sec: 58
  nsec: 404000000
}
real_time {
  sec: 60
  nsec: 443028675
}
iterations: 14601
real_time_factor: 0.99995075242544307
step_size {
  nsec: 4000000
}

sim_time {
  sec: 58
  nsec: 508000000
}
real_time {
  sec: 60
  nsec: 547028018
}
iterations: 14627
real_time_factor: 0.99982128194585218
step_size {
  nsec: 4000000
}

sim_time {
  sec: 58
  nsec: 608000000
}
real_time {
  sec: 60
  nsec: 647028265
}
iterations: 14652
real_time_factor: 1.0016597502060915
step_size {
  nsec: 4000000
}

sim_time {
  sec: 58
  nsec: 712000000
}
real_time {
  sec: 60
  nsec: 751027729
}
iterations: 14678
real_time_factor: 1.0000502525251893
step_size {
  nsec: 4000000
}

sim_time {
  sec: 58
  nsec: 812000000
}
real_time {
  sec: 60
  nsec: 851027570
}
iterations: 14703
real_time_factor: 1.0001220148858161
step_size {
  nsec: 4000000
}

sim_time {
  sec: 58
  nsec: 916000000
}
real_time {
  sec: 60
  nsec: 955027440
}
iterations: 14729
real_time_factor: 1.0000525027563947
step_size {
  nsec: 4000000
}

sim_time {
  sec: 59
  nsec: 16000000
}
real_time {
  sec: 61
  nsec: 55028132
}
iterations: 14754
real_time_factor: 1.0000365013322987
step_size {
  nsec: 4000000
}

sim_time {
  sec: 59
  nsec: 120000000
}
real_time {
  sec: 61
  nsec: 159027929
}
iterations: 14780
real_time_factor: 1.0000502525251893
step_size {
  nsec: 4000000
}

sim_time {
  sec: 59
  nsec: 224000000
}
real_time {
  sec: 61
  nsec: 263027771
}
iterations: 14806
real_time_factor: 0.99996475124251871
step_size {
  nsec: 4000000
}

sim_time {
  sec: 59
  nsec: 328000000
}
real_time {
  sec: 61
  nsec: 367027391
}
iterations: 14832
real_time_factor: 1.0000180003240058
step_size {
  nsec: 4000000
}

sim_time {
  sec: 59
  nsec: 432000000
}
real_time {
  sec: 61
  nsec: 471027354
}
iterations: 14858
real_time_factor: 1.0000525027563947
step_size {
  nsec: 4000000
}

sim_time {
  sec: 59
  nsec: 532000000
}
real_time {
  sec: 61
  nsec: 571029841
}
iterations: 14883
real_time_factor: 1.0006571816040184
step_size {
  nsec: 4000000
}

sim_time {
  sec: 59
  nsec: 636000000
}
real_time {
  sec: 61
  nsec: 675027924
}
iterations: 14909
real_time_factor: 0.99997850046224
step_size {
  nsec: 4000000
}

sim_time {
  sec: 59
  nsec: 740000000
}
real_time {
  sec: 61
  nsec: 779027747
}
iterations: 14935
real_time_factor: 0.99990700864819571
step_size {
  nsec: 4000000
}

sim_time {
  sec: 59
  nsec: 840000000
}
real_time {
  sec: 61
  nsec: 879027901
}
iterations: 14960
real_time_factor: 1.000282079546432
step_size {
  nsec: 4000000
}

sim_time {
  sec: 59
  nsec: 940000000
}
real_time {
  sec: 61
  nsec: 979028204
}
iterations: 14985
real_time_factor: 1.0009448919780273
step_size {
  nsec: 4000000
}

sim_time {
  sec: 60
  nsec: 44000000
}
real_time {
  sec: 62
  nsec: 83027926
}
iterations: 15011
real_time_factor: 1.0000802564405793
step_size {
  nsec: 4000000
}

sim_time {
  sec: 60
  nsec: 144000000
}
real_time {
  sec: 62
  nsec: 183028492
}
iterations: 15036
real_time_factor: 0.99982802957891248
step_size {
  nsec: 4000000
}

sim_time {
  sec: 60
  nsec: 244000000
}
real_time {
  sec: 62
  nsec: 283028905
}
iterations: 15061
real_time_factor: 0.99977505061361194
step_size {
  nsec: 4000000
}

sim_time {
  sec: 60
  nsec: 348000000
}
real_time {
  sec: 62
  nsec: 387028274
}
iterations: 15087
real_time_factor: 0.99999950000025
step_size {
  nsec: 4000000
}

sim_time {
  sec: 60
  nsec: 452000000
}
real_time {
  sec: 62
  nsec: 491028042
}
iterations: 15113
real_time_factor: 1.0000135001822525
step_size {
  nsec: 4000000
}

sim_time {
  sec: 60
  nsec: 552000000
}
real_time {
  sec: 62
  nsec: 591028927
}
iterations: 15138
real_time_factor: 0.99980503801758658
step_size {
  nsec: 4000000
}

sim_time {
  sec: 60
  nsec: 652000000
}
real_time {
  sec: 62
  nsec: 691028349
}
iterations: 15163
real_time_factor: 0.99989301144777509
step_size {
  nsec: 4000000
}

sim_time {
  sec: 60
  nsec: 752000000
}
real_time {
  sec: 62
  nsec: 791036401
}
iterations: 15188
real_time_factor: 0.99816014131951281
step_size {
  nsec: 4000000
}

sim_time {
  sec: 60
  nsec: 856000000
}
real_time {
  sec: 62
  nsec: 895028363
}
iterations: 15214
real_time_factor: 0.99988826248666707
step_size {
  nsec: 4000000
}

sim_time {
  sec: 60
  nsec: 956000000
}
real_time {
  sec: 62
  nsec: 995028341
}
iterations: 15239
real_time_factor: 1.098396862319523
step_size {
  nsec: 4000000
}

sim_time {
  sec: 61
  nsec: 60000000
}
real_time {
  sec: 63
  nsec: 99027719
}
iterations: 15265
real_time_factor: 1.0002310533733292
step_size {
  nsec: 4000000
}

sim_time {
  sec: 61
  nsec: 160000000
}
real_time {
  sec: 63
  nsec: 199028049
}
iterations: 15290
real_time_factor: 0.99995750180617327
step_size {
  nsec: 4000000
}

sim_time {
  sec: 61
  nsec: 264000000
}
real_time {
  sec: 63
  nsec: 303027880
}
iterations: 15316
real_time_factor: 1.0001357684305645
step_size {
  nsec: 4000000
}

sim_time {
  sec: 61
  nsec: 364000000
}
real_time {
  sec: 63
  nsec: 403028023
}
iterations: 15341
real_time_factor: 1.000221799183969
step_size {
  nsec: 4000000
}

sim_time {
  sec: 61
  nsec: 468000000
}
real_time {
  sec: 63
  nsec: 507028966
}
iterations: 15367
real_time_factor: 0.99972157754065494
step_size {
  nsec: 4000000
}

sim_time {
  sec: 61
  nsec: 572000000
}
real_time {
  sec: 63
  nsec: 611027510
}
iterations: 15393
real_time_factor: 1.000392904313169
step_size {
  nsec: 4000000
}

sim_time {
  sec: 61
  nsec: 672000000
}
real_time {
  sec: 63
  nsec: 711028524
}
iterations: 15418
real_time_factor: 0.99989526097141324
step_size {
  nsec: 4000000
}

sim_time {
  sec: 61
  nsec: 772000000
}
real_time {
  sec: 63
  nsec: 811030315
}
iterations: 15443
real_time_factor: 0.9995067434221212
step_size {
  nsec: 4000000
}

sim_time {
  sec: 61
  nsec: 872000000
}
real_time {
  sec: 63
  nsec: 911033126
}
iterations: 15468
real_time_factor: 0.999081344703545
step_size {
  nsec: 4000000
}

sim_time {
  sec: 61
  nsec: 976000000
}
real_time {
  sec: 64
  nsec: 15028346
}
iterations: 15494
real_time_factor: 0.99971932879843983
step_size {
  nsec: 4000000
}

sim_time {
  sec: 62
  nsec: 76000000
}
real_time {
  sec: 64
  nsec: 115029434
}
iterations: 15519
real_time_factor: 0.99961314971106185
step_size {
  nsec: 4000000
}

sim_time {
  sec: 62
  nsec: 180000000
}
real_time {
  sec: 64
  nsec: 219027765
}
iterations: 15545
real_time_factor: 1.0004952451463474
step_size {
  nsec: 4000000
}

sim_time {
  sec: 62
  nsec: 280000000
}
real_time {
  sec: 64
  nsec: 319028121
}
iterations: 15570
real_time_factor: 1.0001545238739384
step_size {
  nsec: 4000000
}

sim_time {
  sec: 62
  nsec: 384000000
}
real_time {
  sec: 64
  nsec: 423027924
}
iterations: 15596
real_time_factor: 1.000004000016
step_size {
  nsec: 4000000
}

sim_time {
  sec: 62
  nsec: 484000000
}
real_time {
  sec: 64
  nsec: 523028075
}
iterations: 15621
real_time_factor: 0.99986326869800557
step_size {
  nsec: 4000000
}

sim_time {
  sec: 62
  nsec: 588000000
}
real_time {
  sec: 64
  nsec: 627028610
}
iterations: 15647
real_time_factor: 0.99977729960651263
step_size {
  nsec: 4000000
}

sim_time {
  sec: 62
  nsec: 688000000
}
real_time {
  sec: 64
  nsec: 727028975
}
iterations: 15672
real_time_factor: 0.99993700396875
step_size {
  nsec: 4000000
}

sim_time {
  sec: 62
  nsec: 792000000
}
real_time {
  sec: 64
  nsec: 831028714
}
iterations: 15698
real_time_factor: 0.9998140345895663
step_size {
  nsec: 4000000
}

sim_time {
  sec: 62
  nsec: 896000000
}
real_time {
  sec: 64
  nsec: 935027451
}
iterations: 15724
real_time_factor: 1.0000550030251665
step_size {
  nsec: 4000000
}

sim_time {
  sec: 63
}
real_time {
  sec: 65
  nsec: 39027439
}
iterations: 15750
real_time_factor: 1.00008750765692
step_size {
  nsec: 4000000
}

sim_time {
  sec: 63
  nsec: 100000000
}
real_time {
  sec: 65
  nsec: 139027990
}
iterations: 15775
real_time_factor: 1.0001892858223418
step_size {
  nsec: 4000000
}

sim_time {
  sec: 63
  nsec: 204000000
}
real_time {
  sec: 65
  nsec: 243027023
}
iterations: 15801
real_time_factor: 1.0001500225033755
step_size {
  nsec: 4000000
}

sim_time {
  sec: 63
  nsec: 304000000
}
real_time {
  sec: 65
  nsec: 343027934
}
iterations: 15826
real_time_factor: 0.99986751755392411
step_size {
  nsec: 4000000
}

sim_time {
  sec: 63
  nsec: 408000000
}
real_time {
  sec: 65
  nsec: 447027828
}
iterations: 15852
real_time_factor: 0.99994600291584257
step_size {
  nsec: 4000000
}

sim_time {
  sec: 63
  nsec: 512000000
}
real_time {
  sec: 65
  nsec: 551027547
}
iterations: 15878
real_time_factor: 0.99994150342204979
step_size {
  nsec: 4000000
}

sim_time {
  sec: 63
  nsec: 612000000
}
real_time {
  sec: 65
  nsec: 651031976
}
iterations: 15903
real_time_factor: 1.0072694637196649
step_size {
  nsec: 4000000
}

sim_time {
  sec: 63
  nsec: 716000000
}
real_time {
  sec: 65
  nsec: 755027473
}
iterations: 15929
real_time_factor: 1.0004184250062589
step_size {
  nsec: 4000000
}

sim_time {
  sec: 63
  nsec: 820000000
}
real_time {
  sec: 65
  nsec: 859027895
}
iterations: 15955
real_time_factor: 0.99997625056404915
step_size {
  nsec: 4000000
}

sim_time {
  sec: 63
  nsec: 920000000
}
real_time {
  sec: 65
  nsec: 959028297
}
iterations: 15980
real_time_factor: 0.99993675400030946
step_size {
  nsec: 4000000
}

sim_time {
  sec: 64
  nsec: 24000000
}
real_time {
  sec: 66
  nsec: 63028034
}
iterations: 16006
real_time_factor: 0.99988126409988809
step_size {
  nsec: 4000000
}

sim_time {
  sec: 64
  nsec: 124000000
}
real_time {
  sec: 66
  nsec: 163027704
}
iterations: 16031
real_time_factor: 0.99998300028899512
step_size {
  nsec: 4000000
}

sim_time {
  sec: 64
  nsec: 228000000
}
real_time {
  sec: 66
  nsec: 267028014
}
iterations: 16057
real_time_factor: 1.0000317510080945
step_size {
  nsec: 4000000
}

sim_time {
  sec: 64
  nsec: 328000000
}
real_time {
  sec: 66
  nsec: 367028331
}
iterations: 16082
real_time_factor: 1.0007290310991557
step_size {
  nsec: 4000000
}

sim_time {
  sec: 64
  nsec: 428000000
}
real_time {
  sec: 66
  nsec: 467028269
}
iterations: 16107
real_time_factor: 1.0002703230548056
step_size {
  nsec: 4000000
}

sim_time {
  sec: 64
  nsec: 532000000
}
real_time {
  sec: 66
  nsec: 571028533
}
iterations: 16133
real_time_factor: 0.99983952575611612
step_size {
  nsec: 4000000
}

sim_time {
  sec: 64
  nsec: 636000000
}
real_time {
  sec: 66
  nsec: 675028909
}
iterations: 16159
real_time_factor: 0.99979804079575929
step_size {
  nsec: 4000000
}

sim_time {
  sec: 64
  nsec: 740000000
}
real_time {
  sec: 66
  nsec: 779031377
}
iterations: 16185
real_time_factor: 0.99901422271573526
step_size {
  nsec: 4000000
}

sim_time {
  sec: 64
  nsec: 844000000
}
real_time {
  sec: 66
  nsec: 883028659
}
iterations: 16211
real_time_factor: 0.99999250005624962
step_size {
  nsec: 4000000
}

sim_time {
  sec: 64
  nsec: 948000000
}
real_time {
  sec: 66
  nsec: 987027951
}
iterations: 16237
real_time_factor: 0.99998775015006069
step_size {
  nsec: 4000000
}

sim_time {
  sec: 65
  nsec: 48000000
}
real_time {
  sec: 67
  nsec: 87028194
}
iterations: 16262
real_time_factor: 1.0000505025503788
step_size {
  nsec: 4000000
}

sim_time {
  sec: 65
  nsec: 148000000
}
real_time {
  sec: 67
  nsec: 187028936
}
iterations: 16287
real_time_factor: 0.999722077262521
step_size {
  nsec: 4000000
}

sim_time {
  sec: 65
  nsec: 252000000
}
real_time {
  sec: 67
  nsec: 291028491
}
iterations: 16313
real_time_factor: 1.000017750315068
step_size {
  nsec: 4000000
}

sim_time {
  sec: 65
  nsec: 356000000
}
real_time {
  sec: 67
  nsec: 395027617
}
iterations: 16339
real_time_factor: 1.0000205004202587
step_size {
  nsec: 4000000
}

sim_time {
  sec: 65
  nsec: 456000000
}
real_time {
  sec: 67
  nsec: 495027868
}
iterations: 16364
real_time_factor: 0.99999275005256216
step_size {
  nsec: 4000000
}

sim_time {
  sec: 65
  nsec: 560000000
}
real_time {
  sec: 67
  nsec: 599027632
}
iterations: 16390
real_time_factor: 0.99999250005624962
step_size {
  nsec: 4000000
}

sim_time {
  sec: 65
  nsec: 664000000
}
real_time {
  sec: 67
  nsec: 703027636
}
iterations: 16416
real_time_factor: 1.0000482523281748
step_size {
  nsec: 4000000
}

sim_time {
  sec: 65
  nsec: 768000000
}
real_time {
  sec: 67
  nsec: 807027862
}
iterations: 16442
real_time_factor: 0.99993725393731547
step_size {
  nsec: 4000000
}

sim_time {
  sec: 65
  nsec: 868000000
}
real_time {
  sec: 67
  nsec: 907028753
}
iterations: 16467
real_time_factor: 1.000198539410073
step_size {
  nsec: 4000000
}

sim_time {
  sec: 65
  nsec: 972000000
}
real_time {
  sec: 68
  nsec: 11028369
}
iterations: 16493
real_time_factor: 0.9998257803577727
step_size {
  nsec: 4000000
}

sim_time {
  sec: 66
  nsec: 76000000
}
real_time {
  sec: 68
  nsec: 115028234
}
iterations: 16519
real_time_factor: 0.99976805381151568
step_size {
  nsec: 4000000
}

sim_time {
  sec: 66
  nsec: 180000000
}
real_time {
  sec: 68
  nsec: 219027423
}
iterations: 16545
real_time_factor: 1.0000665044225441
step_size {
  nsec: 4000000
}

sim_time {
  sec: 66
  nsec: 280000000
}
real_time {
  sec: 68
  nsec: 319027942
}
iterations: 16570
real_time_factor: 0.99973581980961534
step_size {
  nsec: 4000000
}

sim_time {
  sec: 66
  nsec: 384000000
}
real_time {
  sec: 68
  nsec: 423027335
}
iterations: 16596
real_time_factor: 1.0000525027563947
step_size {
  nsec: 4000000
}

sim_time {
  sec: 66
  nsec: 484000000
}
real_time {
  sec: 68
  nsec: 523027679
}
iterations: 16621
real_time_factor: 0.9998857630515714
step_size {
  nsec: 4000000
}

sim_time {
  sec: 66
  nsec: 584000000
}
real_time {
  sec: 68
  nsec: 623027985
}
iterations: 16646
real_time_factor: 1.000113012770443
step_size {
  nsec: 4000000
}

sim_time {
  sec: 66
  nsec: 684000000
}
real_time {
  sec: 68
  nsec: 723028561
}
iterations: 16671
real_time_factor: 0.99981178543139249
step_size {
  nsec: 4000000
}

sim_time {
  sec: 66
  nsec: 788000000
}
real_time {
  sec: 68
  nsec: 827027730
}
iterations: 16697
real_time_factor: 0.9999160070554074
step_size {
  nsec: 4000000
}

sim_time {
  sec: 66
  nsec: 888000000
}
real_time {
  sec: 68
  nsec: 927028667
}
iterations: 16722
real_time_factor: 0.99958517215355625
step_size {
  nsec: 4000000
}

sim_time {
  sec: 66
  nsec: 992000000
}
real_time {
  sec: 69
  nsec: 31027957
}
iterations: 16748
real_time_factor: 1.0000712550769242
step_size {
  nsec: 4000000
}

sim_time {
  sec: 67
  nsec: 96000000
}
real_time {
  sec: 69
  nsec: 135027812
}
iterations: 16774
real_time_factor: 0.99994625288890726
step_size {
  nsec: 4000000
}

sim_time {
  sec: 67
  nsec: 196000000
}
real_time {
  sec: 69
  nsec: 235028831
}
iterations: 16799
real_time_factor: 0.99985827009021466
step_size {
  nsec: 4000000
}

sim_time {
  sec: 67
  nsec: 300000000
}
real_time {
  sec: 69
  nsec: 339027640
}
iterations: 16825
real_time_factor: 1.00000150000225
step_size {
  nsec: 4000000
}

sim_time {
  sec: 67
  nsec: 400000000
}
real_time {
  sec: 69
  nsec: 439027918
}
iterations: 16850
real_time_factor: 1.0000132501755647
step_size {
  nsec: 4000000
}

sim_time {
  sec: 67
  nsec: 504000000
}
real_time {
  sec: 69
  nsec: 543027893
}
iterations: 16876
real_time_factor: 0.99986976696285312
step_size {
  nsec: 4000000
}

sim_time {
  sec: 67
  nsec: 604000000
}
real_time {
  sec: 69
  nsec: 643027967
}
iterations: 16901
real_time_factor: 1.0001545238739384
step_size {
  nsec: 4000000
}

sim_time {
  sec: 67
  nsec: 708000000
}
real_time {
  sec: 69
  nsec: 747027738
}
iterations: 16927
real_time_factor: 0.99996025157999968
step_size {
  nsec: 4000000
}

sim_time {
  sec: 67
  nsec: 808000000
}
real_time {
  sec: 69
  nsec: 847028128
}
iterations: 16952
real_time_factor: 0.99993675400030946
step_size {
  nsec: 4000000
}

sim_time {
  sec: 67
  nsec: 908000000
}
real_time {
  sec: 69
  nsec: 947031545
}
iterations: 16977
real_time_factor: 1.0001382691157052
step_size {
  nsec: 4000000
}

sim_time {
  sec: 68
  nsec: 12000000
}
real_time {
  sec: 70
  nsec: 51027594
}
iterations: 17003
real_time_factor: 1.0001197643417798
step_size {
  nsec: 4000000
}

sim_time {
  sec: 68
  nsec: 112000000
}
real_time {
  sec: 70
  nsec: 151028853
}
iterations: 17028
real_time_factor: 0.99986751755392411
step_size {
  nsec: 4000000
}

sim_time {
  sec: 68
  nsec: 212000000
}
real_time {
  sec: 70
  nsec: 251032084
}
iterations: 17053
real_time_factor: 0.99971233277624361
step_size {
  nsec: 4000000
}

sim_time {
  sec: 68
  nsec: 316000000
}
real_time {
  sec: 70
  nsec: 355028317
}
iterations: 17079
real_time_factor: 0.99989301144777509
step_size {
  nsec: 4000000
}

sim_time {
  sec: 68
  nsec: 416000000
}
real_time {
  sec: 70
  nsec: 455028687
}
iterations: 17104
real_time_factor: 1.0005345355756312
step_size {
  nsec: 4000000
}

sim_time {
  sec: 68
  nsec: 520000000
}
real_time {
  sec: 70
  nsec: 559027939
}
iterations: 17130
real_time_factor: 0.99979129356746776
step_size {
  nsec: 4000000
}

sim_time {
  sec: 68
  nsec: 620000000
}
real_time {
  sec: 70
  nsec: 659028347
}
iterations: 17155
real_time_factor: 1.0001080116652599
step_size {
  nsec: 4000000
}

sim_time {
  sec: 68
  nsec: 724000000
}
real_time {
  sec: 70
  nsec: 763028210
}
iterations: 17181
real_time_factor: 0.99982802957891248
step_size {
  nsec: 4000000
}

sim_time {
  sec: 68
  nsec: 824000000
}
real_time {
  sec: 70
  nsec: 863028792
}
iterations: 17206
real_time_factor: 1.0000017500030625
step_size {
  nsec: 4000000
}

sim_time {
  sec: 68
  nsec: 924000000
}
real_time {
  sec: 70
  nsec: 963029977
}
iterations: 17231
real_time_factor: 0.999608403407965
step_size {
  nsec: 4000000
}

sim_time {
  sec: 69
  nsec: 28000000
}
real_time {
  sec: 71
  nsec: 67027600
}
iterations: 17257
real_time_factor: 1.0002308032578517
step_size {
  nsec: 4000000
}

sim_time {
  sec: 69
  nsec: 128000000
}
real_time {
  sec: 71
  nsec: 167030766
}
iterations: 17282
real_time_factor: 0.99946728393766127
step_size {
  nsec: 4000000
}

sim_time {
  sec: 69
  nsec: 232000000
}
real_time {
  sec: 71
  nsec: 271027924
}
iterations: 17308
real_time_factor: 1.000203041217367
step_size {
  nsec: 4000000
}

sim_time {
  sec: 69
  nsec: 332000000
}
real_time {
  sec: 71
  nsec: 371028822
}
iterations: 17333
real_time_factor: 0.99993675400030946
step_size {
  nsec: 4000000
}

sim_time {
  sec: 69
  nsec: 436000000
}
real_time {
  sec: 71
  nsec: 475029091
}
iterations: 17359
real_time_factor: 0.99978629567929855
step_size {
  nsec: 4000000
}

sim_time {
  sec: 69
  nsec: 540000000
}
real_time {
  sec: 71
  nsec: 579027814
}
iterations: 17385
real_time_factor: 1.0000342511731026
step_size {
  nsec: 4000000
}

sim_time {
  sec: 69
  nsec: 640000000
}
real_time {
  sec: 71
  nsec: 679028813
}
iterations: 17410
real_time_factor: 0.99981428449665477
step_size {
  nsec: 4000000
}

sim_time {
  sec: 69
  nsec: 744000000
}
real_time {
  sec: 71
  nsec: 783027768
}
iterations: 17436
real_time_factor: 1.0000620038442383
step_size {
  nsec: 4000000
}

sim_time {
  sec: 69
  nsec: 844000000
}
real_time {
  sec: 71
  nsec: 883030674
}
iterations: 17461
real_time_factor: 0.99926404203304264
step_size {
  nsec: 4000000
}

sim_time {
  sec: 69
  nsec: 948000000
}
real_time {
  sec: 71
  nsec: 987028796
}
iterations: 17487
real_time_factor: 0.99985352145910622
step_size {
  nsec: 4000000
}

sim_time {
  sec: 70
  nsec: 52000000
}
real_time {
  sec: 72
  nsec: 91027537
}
iterations: 17513
real_time_factor: 1.0000737554394636
step_size {
  nsec: 4000000
}

sim_time {
  sec: 70
  nsec: 156000000
}
real_time {
  sec: 72
  nsec: 195028038
}
iterations: 17539
real_time_factor: 0.99995075242544307
step_size {
  nsec: 4000000
}

sim_time {
  sec: 70
  nsec: 260000000
}
real_time {
  sec: 72
  nsec: 299027798
}
iterations: 17565
real_time_factor: 0.99994375316388451
step_size {
  nsec: 4000000
}

sim_time {
  sec: 70
  nsec: 360000000
}
real_time {
  sec: 72
  nsec: 399035963
}
iterations: 17590
real_time_factor: 0.99798257821813208
step_size {
  nsec: 4000000
}

sim_time {
  sec: 70
  nsec: 464000000
}
real_time {
  sec: 72
  nsec: 503027687
}
iterations: 17616
real_time_factor: 1.0000205004202587
step_size {
  nsec: 4000000
}

sim_time {
  sec: 70
  nsec: 564000000
}
real_time {
  sec: 72
  nsec: 603028133
}
iterations: 17641
real_time_factor: 0.99996950093022163
step_size {
  nsec: 4000000
}

sim_time {
  sec: 70
  nsec: 664000000
}
real_time {
  sec: 72
  nsec: 703028585
}
iterations: 17666
real_time_factor: 0.99988601299451862
step_size {
  nsec: 4000000
}

sim_time {
  sec: 70
  nsec: 764000000
}
real_time {
  sec: 72
  nsec: 803028343
}
iterations: 17691
real_time_factor: 1.0014480939438428
step_size {
  nsec: 4000000
}

sim_time {
  sec: 70
  nsec: 868000000
}
real_time {
  sec: 72
  nsec: 907031602
}
iterations: 17717
real_time_factor: 0.99888499462475011
step_size {
  nsec: 4000000
}

sim_time {
  sec: 70
  nsec: 972000000
}
real_time {
  sec: 73
  nsec: 11029575
}
iterations: 17743
real_time_factor: 1.0002585668395281
step_size {
  nsec: 4000000
}

sim_time {
  sec: 71
  nsec: 76000000
}
real_time {
  sec: 73
  nsec: 115027205
}
iterations: 17769
real_time_factor: 1.0002263012006467
step_size {
  nsec: 4000000
}

sim_time {
  sec: 71
  nsec: 176000000
}
real_time {
  sec: 73
  nsec: 215027795
}
iterations: 17794
real_time_factor: 1.0000827568481292
step_size {
  nsec: 4000000
}

sim_time {
  sec: 71
  nsec: 280000000
}
real_time {
  sec: 73
  nsec: 319032952
}
iterations: 17820
real_time_factor: 0.99869570341134484
step_size {
  nsec: 4000000
}

