sim_time {
  nsec: 4000000
}
real_time {
  sec: 1
  nsec: 775536174
}
iterations: 1
real_time_factor: 0.0022528406115143447
step_size {
  nsec: 4000000
}

sim_time {
  nsec: 108000000
}
real_time {
  sec: 1
  nsec: 879519455
}
iterations: 27
real_time_factor: 0.99998675017556016
step_size {
  nsec: 4000000
}

sim_time {
  nsec: 208000000
}
real_time {
  sec: 1
  nsec: 979519683
}
iterations: 52
real_time_factor: 1.0001280163860975
step_size {
  nsec: 4000000
}

sim_time {
  nsec: 312000000
}
real_time {
  sec: 2
  nsec: 83519344
}
iterations: 78
real_time_factor: 1.0000120001440018
step_size {
  nsec: 4000000
}

sim_time {
  nsec: 416000000
}
real_time {
  sec: 2
  nsec: 187519164
}
iterations: 104
real_time_factor: 1.0000400016000639
step_size {
  nsec: 4000000
}

sim_time {
  nsec: 516000000
}
real_time {
  sec: 2
  nsec: 287519305
}
iterations: 129
real_time_factor: 0.99996600115596068
step_size {
  nsec: 4000000
}

sim_time {
  nsec: 620000000
}
real_time {
  sec: 2
  nsec: 391519571
}
iterations: 155
real_time_factor: 0.99993350442195594
step_size {
  nsec: 4000000
}

sim_time {
  nsec: 724000000
}
real_time {
  sec: 2
  nsec: 495519522
}
iterations: 181
real_time_factor: 1.0000355012602948
step_size {
  nsec: 4000000
}

sim_time {
  nsec: 828000000
}
real_time {
  sec: 2
  nsec: 599519204
}
iterations: 207
real_time_factor: 0.99999850000225
step_size {
  nsec: 4000000
}

sim_time {
  nsec: 928000000
}
real_time {
  sec: 2
  nsec: 699519380
}
iterations: 232
real_time_factor: 1.0000122501500643
step_size {
  nsec: 4000000
}

sim_time {
  sec: 1
  nsec: 28000000
}
real_time {
  sec: 2
  nsec: 799519963
}
iterations: 257
real_time_factor: 0.99988951220890088
step_size {
  nsec: 4000000
}

sim_time {
  sec: 1
  nsec: 132000000
}
real_time {
  sec: 2
  nsec: 903523757
}
iterations: 283
real_time_factor: 0.99891867053914141
step_size {
  nsec: 4000000
}

sim_time {
  sec: 1
  nsec: 236000000
}
real_time {
  sec: 3
  nsec: 7519310
}
iterations: 309
real_time_factor: 1.0000122501500643
step_size {
  nsec: 4000000
}

sim_time {
  sec: 1
  nsec: 340000000
}
real_time {
  sec: 3
  nsec: 111519214
}
iterations: 335
real_time_factor: 1.000007750060063
step_size {
  nsec: 4000000
}

sim_time {
  sec: 1
  nsec: 444000000
}
real_time {
  sec: 3
  nsec: 215519405
}
iterations: 361
real_time_factor: 0.99998450024024632
step_size {
  nsec: 4000000
}

sim_time {
  sec: 1
  nsec: 544000000
}
real_time {
  sec: 3
  nsec: 315519250
}
iterations: 386
real_time_factor: 1.0000770059294566
step_size {
  nsec: 4000000
}

sim_time {
  sec: 1
  nsec: 644000000
}
real_time {
  sec: 3
  nsec: 415520837
}
iterations: 411
real_time_factor: 0.99973432060429945
step_size {
  nsec: 4000000
}

sim_time {
  sec: 1
  nsec: 748000000
}
real_time {
  sec: 3
  nsec: 519519457
}
iterations: 437
real_time_factor: 0.99996825100803044
step_size {
  nsec: 4000000
}

sim_time {
  sec: 1
  nsec: 756000000
}
real_time {
  sec: 3
  nsec: 801280305
}
iterations: 439
real_time_factor: 0.014401223723824219
step_size {
  nsec: 4000000
}

sim_time {
  sec: 1
  nsec: 860000000
}
real_time {
  sec: 3
  nsec: 905276176
}
iterations: 465
real_time_factor: 0.9999590016809311
step_size {
  nsec: 4000000
}

sim_time {
  sec: 1
  nsec: 964000000
}
real_time {
  sec: 4
  nsec: 9276038
}
iterations: 491
real_time_factor: 1.0000907582363099
step_size {
  nsec: 4000000
}

sim_time {
  sec: 2
  nsec: 68000000
}
real_time {
  sec: 4
  nsec: 113276214
}
iterations: 517
real_time_factor: 1.0000052500275627
step_size {
  nsec: 4000000
}

sim_time {
  sec: 2
  nsec: 172000000
}
real_time {
  sec: 4
  nsec: 217276156
}
iterations: 543
real_time_factor: 0.99995200230388936
step_size {
  nsec: 4000000
}

sim_time {
  sec: 2
  nsec: 272000000
}
real_time {
  sec: 4
  nsec: 317276478
}
iterations: 568
real_time_factor: 0.99991275761189835
step_size {
  nsec: 4000000
}

sim_time {
  sec: 2
  nsec: 372000000
}
real_time {
  sec: 4
  nsec: 417276642
}
iterations: 593
real_time_factor: 0.99984077535652449
step_size {
  nsec: 4000000
}

sim_time {
  sec: 2
  nsec: 476000000
}
real_time {
  sec: 4
  nsec: 521276062
}
iterations: 619
real_time_factor: 1.0000515026523866
step_size {
  nsec: 4000000
}

sim_time {
  sec: 2
  nsec: 580000000
}
real_time {
  sec: 4
  nsec: 625276260
}
iterations: 645
real_time_factor: 0.99995650189216767
step_size {
  nsec: 4000000
}

sim_time {
  sec: 2
  nsec: 680000000
}
real_time {
  sec: 4
  nsec: 725276155
}
iterations: 670
real_time_factor: 1.0000377514251162
step_size {
  nsec: 4000000
}

sim_time {
  sec: 2
  nsec: 784000000
}
real_time {
  sec: 4
  nsec: 829320150
}
iterations: 696
real_time_factor: 0.98923783429128653
step_size {
  nsec: 4000000
}

sim_time {
  sec: 2
  nsec: 888000000
}
real_time {
  sec: 4
  nsec: 933276060
}
iterations: 722
real_time_factor: 1.0000840070565928
step_size {
  nsec: 4000000
}

sim_time {
  sec: 2
  nsec: 988000000
}
real_time {
  sec: 5
  nsec: 33276548
}
iterations: 747
real_time_factor: 0.99992875507620083
step_size {
  nsec: 4000000
}

sim_time {
  sec: 3
  nsec: 92000000
}
real_time {
  sec: 5
  nsec: 137276301
}
iterations: 773
real_time_factor: 0.99999150007224935
step_size {
  nsec: 4000000
}

sim_time {
  sec: 3
  nsec: 196000000
}
real_time {
  sec: 5
  nsec: 241275987
}
iterations: 799
real_time_factor: 1.0000237505640759
step_size {
  nsec: 4000000
}

sim_time {
  sec: 3
  nsec: 296000000
}
real_time {
  sec: 5
  nsec: 341276154
}
iterations: 824
real_time_factor: 0.99997525061254733
step_size {
  nsec: 4000000
}

sim_time {
  sec: 3
  nsec: 400000000
}
real_time {
  sec: 5
  nsec: 445276363
}
iterations: 850
real_time_factor: 0.99996175146300659
step_size {
  nsec: 4000000
}

sim_time {
  sec: 3
  nsec: 500000000
}
real_time {
  sec: 5
  nsec: 545276374
}
iterations: 875
real_time_factor: 1.0000770059294566
step_size {
  nsec: 4000000
}

sim_time {
  sec: 3
  nsec: 600000000
}
real_time {
  sec: 5
  nsec: 645280559
}
iterations: 900
real_time_factor: 0.99886528903166
step_size {
  nsec: 4000000
}

sim_time {
  sec: 3
  nsec: 704000000
}
real_time {
  sec: 5
  nsec: 749277186
}
iterations: 926
real_time_factor: 0.99990825841729025
step_size {
  nsec: 4000000
}

sim_time {
  sec: 3
  nsec: 808000000
}
real_time {
  sec: 5
  nsec: 853276277
}
iterations: 952
real_time_factor: 1.00006300396925
step_size {
  nsec: 4000000
}

sim_time {
  sec: 3
  nsec: 912000000
}
real_time {
  sec: 5
  nsec: 957276524
}
iterations: 978
real_time_factor: 0.999917256846996
step_size {
  nsec: 4000000
}

sim_time {
  sec: 4
  nsec: 16000000
}
real_time {
  sec: 6
  nsec: 61276447
}
iterations: 1004
real_time_factor: 0.99997300072898032
step_size {
  nsec: 4000000
}

sim_time {
  sec: 4
  nsec: 116000000
}
real_time {
  sec: 6
  nsec: 161279587
}
iterations: 1029
real_time_factor: 0.99928126694874708
step_size {
  nsec: 4000000
}

sim_time {
  sec: 4
  nsec: 220000000
}
real_time {
  sec: 6
  nsec: 265276106
}
iterations: 1055
real_time_factor: 1.000151272880023
step_size {
  nsec: 4000000
}

sim_time {
  sec: 4
  nsec: 320000000
}
real_time {
  sec: 6
  nsec: 365277609
}
iterations: 1080
real_time_factor: 1.0001585251262326
step_size {
  nsec: 4000000
}

sim_time {
  sec: 4
  nsec: 424000000
}
real_time {
  sec: 6
  nsec: 469304250
}
iterations: 1106
real_time_factor: 0.99307898428874564
step_size {
  nsec: 4000000
}

sim_time {
  sec: 4
  nsec: 528000000
}
real_time {
  sec: 6
  nsec: 573277380
}
iterations: 1132
real_time_factor: 1.0005057556594859
step_size {
  nsec: 4000000
}

sim_time {
  sec: 4
  nsec: 632000000
}
real_time {
  sec: 6
  nsec: 677433439
}
iterations: 1158
real_time_factor: 0.96213794749035941
step_size {
  nsec: 4000000
}

sim_time {
  sec: 4
  nsec: 736000000
}
real_time {
  sec: 6
  nsec: 781277260
}
iterations: 1184
real_time_factor: 1.0013638575740158
step_size {
  nsec: 4000000
}

sim_time {
  sec: 4
  nsec: 840000000
}
real_time {
  sec: 6
  nsec: 885276140
}
iterations: 1210
real_time_factor: 0.9999407535103545
step_size {
  nsec: 4000000
}

sim_time {
  sec: 4
  nsec: 940000000
}
real_time {
  sec: 6
  nsec: 985277478
}
iterations: 1235
real_time_factor: 0.99963038666453075
step_size {
  nsec: 4000000
}

sim_time {
  sec: 5
  nsec: 40000000
}
real_time {
  sec: 7
  nsec: 85277759
}
iterations: 1260
real_time_factor: 1.0003668845549105
step_size {
  nsec: 4000000
}

sim_time {
  sec: 5
  nsec: 144000000
}
real_time {
  sec: 7
  nsec: 189276231
}
iterations: 1286
real_time_factor: 1.0000565031924304
step_size {
  nsec: 4000000
}

sim_time {
  sec: 5
  nsec: 244000000
}
real_time {
  sec: 7
  nsec: 289276702
}
iterations: 1311
real_time_factor: 0.99992425573762789
step_size {
  nsec: 4000000
}

sim_time {
  sec: 5
  nsec: 348000000
}
real_time {
  sec: 7
  nsec: 393277790
}
iterations: 1337
real_time_factor: 0.99977854905138508
step_size {
  nsec: 4000000
}

sim_time {
  sec: 5
  nsec: 452000000
}
real_time {
  sec: 7
  nsec: 497276251
}
iterations: 1363
real_time_factor: 1.0001052610787284
step_size {
  nsec: 4000000
}

sim_time {
  sec: 5
  nsec: 552000000
}
real_time {
  sec: 7
  nsec: 597276554
}
iterations: 1388
real_time_factor: 1.000112012545405
step_size {
  nsec: 4000000
}

sim_time {
  sec: 5
  nsec: 652000000
}
real_time {
  sec: 7
  nsec: 697278145
}
iterations: 1413
real_time_factor: 0.99971383191561414
step_size {
  nsec: 4000000
}

sim_time {
  sec: 5
  nsec: 756000000
}
real_time {
  sec: 7
  nsec: 801277204
}
iterations: 1439
real_time_factor: 1.0000772559680235
step_size {
  nsec: 4000000
}

sim_time {
  sec: 5
  nsec: 860000000
}
real_time {
  sec: 7
  nsec: 905276958
}
iterations: 1465
real_time_factor: 1.0000240005760139
step_size {
  nsec: 4000000
}

sim_time {
  sec: 5
  nsec: 964000000
}
real_time {
  sec: 8
  nsec: 9276721
}
iterations: 1491
real_time_factor: 0.99999150007224935
step_size {
  nsec: 4000000
}

sim_time {
  sec: 6
  nsec: 64000000
}
real_time {
  sec: 8
  nsec: 109277108
}
iterations: 1516
real_time_factor: 1.000003000009
step_size {
  nsec: 4000000
}

sim_time {
  sec: 6
  nsec: 164000000
}
real_time {
  sec: 8
  nsec: 209277649
}
iterations: 1541
real_time_factor: 0.999908508371484
step_size {
  nsec: 4000000
}

sim_time {
  sec: 6
  nsec: 268000000
}
real_time {
  sec: 8
  nsec: 313276731
}
iterations: 1567
real_time_factor: 1.0001535235658674
step_size {
  nsec: 4000000
}

sim_time {
  sec: 6
  nsec: 368000000
}
real_time {
  sec: 8
  nsec: 413277241
}
iterations: 1592
real_time_factor: 0.99995925166049482
step_size {
  nsec: 4000000
}

sim_time {
  sec: 6
  nsec: 472000000
}
real_time {
  sec: 8
  nsec: 517276804
}
iterations: 1618
real_time_factor: 0.99990600883516945
step_size {
  nsec: 4000000
}

sim_time {
  sec: 6
  nsec: 572000000
}
real_time {
  sec: 8
  nsec: 617277091
}
iterations: 1643
real_time_factor: 0.99988751265482634
step_size {
  nsec: 4000000
}

sim_time {
  sec: 6
  nsec: 676000000
}
real_time {
  sec: 8
  nsec: 721276080
}
iterations: 1669
real_time_factor: 1.0000727552929476
step_size {
  nsec: 4000000
}

sim_time {
  sec: 6
  nsec: 780000000
}
real_time {
  sec: 8
  nsec: 825276336
}
iterations: 1695
real_time_factor: 0.99994775272991987
step_size {
  nsec: 4000000
}

sim_time {
  sec: 6
  nsec: 880000000
}
real_time {
  sec: 8
  nsec: 925277375
}
iterations: 1720
real_time_factor: 0.99990825841729025
step_size {
  nsec: 4000000
}

sim_time {
  sec: 6
  nsec: 984000000
}
real_time {
  sec: 9
  nsec: 29276743
}
iterations: 1746
real_time_factor: 0.99989676065946187
step_size {
  nsec: 4000000
}

sim_time {
  sec: 7
  nsec: 88000000
}
real_time {
  sec: 9
  nsec: 133276491
}
iterations: 1772
real_time_factor: 0.99992675536516951
step_size {
  nsec: 4000000
}

sim_time {
  sec: 7
  nsec: 188000000
}
real_time {
  sec: 9
  nsec: 233277164
}
iterations: 1797
real_time_factor: 1.0002095438994469
step_size {
  nsec: 4000000
}

sim_time {
  sec: 7
  nsec: 292000000
}
real_time {
  sec: 9
  nsec: 337277360
}
iterations: 1823
real_time_factor: 0.99996850099221879
step_size {
  nsec: 4000000
}

sim_time {
  sec: 7
  nsec: 396000000
}
real_time {
  sec: 9
  nsec: 441275981
}
iterations: 1849
real_time_factor: 1.000010000100001
step_size {
  nsec: 4000000
}

sim_time {
  sec: 7
  nsec: 500000000
}
real_time {
  sec: 9
  nsec: 545276222
}
iterations: 1875
real_time_factor: 1.0000797563605697
step_size {
  nsec: 4000000
}

sim_time {
  sec: 7
  nsec: 604000000
}
real_time {
  sec: 9
  nsec: 649276853
}
iterations: 1901
real_time_factor: 0.99983877599737048
step_size {
  nsec: 4000000
}

sim_time {
  sec: 7
  nsec: 708000000
}
real_time {
  sec: 9
  nsec: 753276464
}
iterations: 1927
real_time_factor: 0.99998975010506141
step_size {
  nsec: 4000000
}

sim_time {
  sec: 7
  nsec: 812000000
}
real_time {
  sec: 9
  nsec: 857276753
}
iterations: 1953
real_time_factor: 1.0000147502175658
step_size {
  nsec: 4000000
}

sim_time {
  sec: 7
  nsec: 916000000
}
real_time {
  sec: 9
  nsec: 961276244
}
iterations: 1979
real_time_factor: 0.99997775049505144
step_size {
  nsec: 4000000
}

sim_time {
  sec: 8
  nsec: 16000000
}
real_time {
  sec: 10
  nsec: 61276619
}
iterations: 2004
real_time_factor: 1.0000217504730728
step_size {
  nsec: 4000000
}

sim_time {
  sec: 8
  nsec: 116000000
}
real_time {
  sec: 10
  nsec: 161277105
}
iterations: 2029
real_time_factor: 0.99995700184892045
step_size {
  nsec: 4000000
}

sim_time {
  sec: 8
  nsec: 220000000
}
real_time {
  sec: 10
  nsec: 265276396
}
iterations: 2055
real_time_factor: 0.9999642512780168
step_size {
  nsec: 4000000
}

sim_time {
  sec: 8
  nsec: 324000000
}
real_time {
  sec: 10
  nsec: 369276289
}
iterations: 2081
real_time_factor: 0.99993850378201743
step_size {
  nsec: 4000000
}

sim_time {
  sec: 8
  nsec: 424000000
}
real_time {
  sec: 10
  nsec: 469276399
}
iterations: 2106
real_time_factor: 1.0000612537517923
step_size {
  nsec: 4000000
}

sim_time {
  sec: 8
  nsec: 524000000
}
real_time {
  sec: 10
  nsec: 569277157
}
iterations: 2131
real_time_factor: 0.99996400129595331
step_size {
  nsec: 4000000
}

sim_time {
  sec: 8
  nsec: 624000000
}
real_time {
  sec: 10
  nsec: 669279193
}
iterations: 2156
real_time_factor: 0.99931846480700159
step_size {
  nsec: 4000000
}

sim_time {
  sec: 8
  nsec: 728000000
}
real_time {
  sec: 10
  nsec: 773277252
}
iterations: 2182
real_time_factor: 1.0000197503900703
step_size {
  nsec: 4000000
}

sim_time {
  sec: 8
  nsec: 828000000
}
real_time {
  sec: 10
  nsec: 873277057
}
iterations: 2207
real_time_factor: 0.999966251139024
step_size {
  nsec: 4000000
}

sim_time {
  sec: 8
  nsec: 932000000
}
real_time {
  sec: 10
  nsec: 977276793
}
iterations: 2233
real_time_factor: 1.000061003721227
step_size {
  nsec: 4000000
}

sim_time {
  sec: 9
  nsec: 36000000
}
real_time {
  sec: 11
  nsec: 81276935
}
iterations: 2259
real_time_factor: 1.0000102501050636
step_size {
  nsec: 4000000
}

sim_time {
  sec: 9
  nsec: 140000000
}
real_time {
  sec: 11
  nsec: 185276985
}
iterations: 2285
real_time_factor: 0.99983452738571765
step_size {
  nsec: 4000000
}

sim_time {
  sec: 9
  nsec: 244000000
}
real_time {
  sec: 11
  nsec: 289276677
}
iterations: 2311
real_time_factor: 1.0001007601515852
step_size {
  nsec: 4000000
}

sim_time {
  sec: 9
  nsec: 348000000
}
real_time {
  sec: 11
  nsec: 393277045
}
iterations: 2337
real_time_factor: 0.99983677664621251
step_size {
  nsec: 4000000
}

sim_time {
  sec: 9
  nsec: 448000000
}
real_time {
  sec: 11
  nsec: 493283232
}
iterations: 2362
real_time_factor: 0.999605655568878
step_size {
  nsec: 4000000
}

sim_time {
  sec: 9
  nsec: 552000000
}
real_time {
  sec: 11
  nsec: 597276452
}
iterations: 2388
real_time_factor: 1.0001470216121771
step_size {
  nsec: 4000000
}

sim_time {
  sec: 9
  nsec: 652000000
}
real_time {
  sec: 11
  nsec: 697277131
}
iterations: 2413
real_time_factor: 0.99984827302456847
step_size {
  nsec: 4000000
}

sim_time {
  sec: 9
  nsec: 752000000
}
real_time {
  sec: 11
  nsec: 797278114
}
iterations: 2438
real_time_factor: 0.99959616315008737
step_size {
  nsec: 4000000
}

sim_time {
  sec: 9
  nsec: 856000000
}
real_time {
  sec: 11
  nsec: 901276789
}
iterations: 2464
real_time_factor: 1.0001027605586474
step_size {
  nsec: 4000000
}

sim_time {
  sec: 9
  nsec: 960000000
}
real_time {
  sec: 12
  nsec: 5276369
}
iterations: 2490
real_time_factor: 1.0000452520476553
step_size {
  nsec: 4000000
}

sim_time {
  sec: 10
  nsec: 64000000
}
real_time {
  sec: 12
  nsec: 109276210
}
iterations: 2516
real_time_factor: 1.0000242505880768
step_size {
  nsec: 4000000
}

sim_time {
  sec: 10
  nsec: 164000000
}
real_time {
  sec: 12
  nsec: 209281951
}
iterations: 2541
real_time_factor: 0.99890495044807126
step_size {
  nsec: 4000000
}

sim_time {
  sec: 10
  nsec: 268000000
}
real_time {
  sec: 12
  nsec: 313277924
}
iterations: 2567
real_time_factor: 1.0002303030272721
step_size {
  nsec: 4000000
}

sim_time {
  sec: 10
  nsec: 372000000
}
real_time {
  sec: 12
  nsec: 417276767
}
iterations: 2593
real_time_factor: 1.0000012500015625
step_size {
  nsec: 4000000
}

sim_time {
  sec: 10
  nsec: 476000000
}
real_time {
  sec: 12
  nsec: 521276631
}
iterations: 2619
real_time_factor: 0.99990600883516945
step_size {
  nsec: 4000000
}

sim_time {
  sec: 10
  nsec: 576000000
}
real_time {
  sec: 12
  nsec: 621276752
}
iterations: 2644
real_time_factor: 1.0013593453112601
step_size {
  nsec: 4000000
}

sim_time {
  sec: 10
  nsec: 676000000
}
real_time {
  sec: 12
  nsec: 721277230
}
iterations: 2669
real_time_factor: 1.0000612537517923
step_size {
  nsec: 4000000
}

sim_time {
  sec: 10
  nsec: 776000000
}
real_time {
  sec: 12
  nsec: 821278541
}
iterations: 2694
real_time_factor: 0.999760307466285
step_size {
  nsec: 4000000
}

sim_time {
  sec: 10
  nsec: 880000000
}
real_time {
  sec: 12
  nsec: 925277597
}
iterations: 2720
real_time_factor: 0.9998507722722384
step_size {
  nsec: 4000000
}

sim_time {
  sec: 10
  nsec: 980000000
}
real_time {
  sec: 13
  nsec: 25277093
}
iterations: 2745
real_time_factor: 1.0000105001102511
step_size {
  nsec: 4000000
}

sim_time {
  sec: 11
  nsec: 84000000
}
real_time {
  sec: 13
  nsec: 129276835
}
iterations: 2771
real_time_factor: 0.99994100348079462
step_size {
  nsec: 4000000
}

sim_time {
  sec: 11
  nsec: 188000000
}
real_time {
  sec: 13
  nsec: 233276258
}
iterations: 2797
real_time_factor: 0.99996675110552569
step_size {
  nsec: 4000000
}

sim_time {
  sec: 11
  nsec: 288000000
}
real_time {
  sec: 13
  nsec: 333276676
}
iterations: 2822
real_time_factor: 0.99999875000156246
step_size {
  nsec: 4000000
}

sim_time {
  sec: 11
  nsec: 388000000
}
real_time {
  sec: 13
  nsec: 433277203
}
iterations: 2847
real_time_factor: 1.0003601296466729
step_size {
  nsec: 4000000
}

sim_time {
  sec: 11
  nsec: 492000000
}
real_time {
  sec: 13
  nsec: 537277068
}
iterations: 2873
real_time_factor: 0.99992950496989963
step_size {
  nsec: 4000000
}

sim_time {
  sec: 11
  nsec: 592000000
}
real_time {
  sec: 13
  nsec: 637277049
}
iterations: 2898
real_time_factor: 0.99989501102384248
step_size {
  nsec: 4000000
}

sim_time {
  sec: 11
  nsec: 696000000
}
real_time {
  sec: 13
  nsec: 741276786
}
iterations: 2924
real_time_factor: 1.000047252232668
step_size {
  nsec: 4000000
}

sim_time {
  sec: 11
  nsec: 796000000
}
real_time {
  sec: 13
  nsec: 841277739
}
iterations: 2949
real_time_factor: 1.0002650702436147
step_size {
  nsec: 4000000
}

sim_time {
  sec: 11
  nsec: 900000000
}
real_time {
  sec: 13
  nsec: 945276697
}
iterations: 2975
real_time_factor: 0.99994550297008811
step_size {
  nsec: 4000000
}

sim_time {
  sec: 12
}
real_time {
  sec: 14
  nsec: 45277094
}
iterations: 3000
real_time_factor: 1.0001867848820767
step_size {
  nsec: 4000000
}

sim_time {
  sec: 12
  nsec: 104000000
}
real_time {
  sec: 14
  nsec: 149276395
}
iterations: 3026
real_time_factor: 0.99999675001056243
step_size {
  nsec: 4000000
}

sim_time {
  sec: 12
  nsec: 204000000
}
real_time {
  sec: 14
  nsec: 249276937
}
iterations: 3051
real_time_factor: 0.99984852294877324
step_size {
  nsec: 4000000
}

sim_time {
  sec: 12
  nsec: 304000000
}
real_time {
  sec: 14
  nsec: 349276857
}
iterations: 3076
real_time_factor: 0.99995950164018355
step_size {
  nsec: 4000000
}

sim_time {
  sec: 12
  nsec: 408000000
}
real_time {
  sec: 14
  nsec: 453276957
}
iterations: 3102
real_time_factor: 1.0000082500680632
step_size {
  nsec: 4000000
}

sim_time {
  sec: 12
  nsec: 512000000
}
real_time {
  sec: 14
  nsec: 557277075
}
iterations: 3128
real_time_factor: 1.0000360012960468
step_size {
  nsec: 4000000
}

sim_time {
  sec: 12
  nsec: 616000000
}
real_time {
  sec: 14
  nsec: 661276305
}
iterations: 3154
real_time_factor: 1.0001495223535919
step_size {
  nsec: 4000000
}

sim_time {
  sec: 12
  nsec: 716000000
}
real_time {
  sec: 14
  nsec: 761277420
}
iterations: 3179
real_time_factor: 0.99985527094953008
step_size {
  nsec: 4000000
}

sim_time {
  sec: 12
  nsec: 820000000
}
real_time {
  sec: 14
  nsec: 865276668
}
iterations: 3205
real_time_factor: 1.0000220004840106
step_size {
  nsec: 4000000
}

sim_time {
  sec: 12
  nsec: 920000000
}
real_time {
  sec: 14
  nsec: 965276828
}
iterations: 3230
real_time_factor: 0.99996200144394509
step_size {
  nsec: 4000000
}

sim_time {
  sec: 13
  nsec: 24000000
}
real_time {
  sec: 15
  nsec: 69276946
}
iterations: 3256
real_time_factor: 0.999892761501329
step_size {
  nsec: 4000000
}

sim_time {
  sec: 13
  nsec: 128000000
}
real_time {
  sec: 15
  nsec: 173276537
}
iterations: 3282
real_time_factor: 0.9999712508265387
step_size {
  nsec: 4000000
}

sim_time {
  sec: 13
  nsec: 228000000
}
real_time {
  sec: 15
  nsec: 273276470
}
iterations: 3307
real_time_factor: 0.999987500156248
step_size {
  nsec: 4000000
}

sim_time {
  sec: 13
  nsec: 328000000
}
real_time {
  sec: 15
  nsec: 373276949
}
iterations: 3332
real_time_factor: 0.99998050038024255
step_size {
  nsec: 4000000
}

sim_time {
  sec: 13
  nsec: 428000000
}
real_time {
  sec: 15
  nsec: 473281623
}
iterations: 3357
real_time_factor: 0.99896282684502813
step_size {
  nsec: 4000000
}

sim_time {
  sec: 13
  nsec: 532000000
}
real_time {
  sec: 15
  nsec: 577276763
}
iterations: 3383
real_time_factor: 1.0000222504950735
step_size {
  nsec: 4000000
}

sim_time {
  sec: 13
  nsec: 632000000
}
real_time {
  sec: 15
  nsec: 677277122
}
iterations: 3408
real_time_factor: 1.0001820331300297
step_size {
  nsec: 4000000
}

sim_time {
  sec: 13
  nsec: 736000000
}
real_time {
  sec: 15
  nsec: 781276659
}
iterations: 3434
real_time_factor: 0.99999450003024981
step_size {
  nsec: 4000000
}

sim_time {
  sec: 13
  nsec: 840000000
}
real_time {
  sec: 15
  nsec: 885277236
}
iterations: 3460
real_time_factor: 0.99984602371234832
step_size {
  nsec: 4000000
}

sim_time {
  sec: 13
  nsec: 944000000
}
real_time {
  sec: 15
  nsec: 989276330
}
iterations: 3486
real_time_factor: 0.99990400921511535
step_size {
  nsec: 4000000
}

sim_time {
  sec: 14
  nsec: 48000000
}
real_time {
  sec: 16
  nsec: 93276322
}
iterations: 3512
real_time_factor: 0.99987176644595332
step_size {
  nsec: 4000000
}

sim_time {
  sec: 14
  nsec: 148000000
}
real_time {
  sec: 16
  nsec: 193278244
}
iterations: 3537
real_time_factor: 0.99991100792029508
step_size {
  nsec: 4000000
}

sim_time {
  sec: 14
  nsec: 252000000
}
real_time {
  sec: 16
  nsec: 297275831
}
iterations: 3563
real_time_factor: 1.0001590252850203
step_size {
  nsec: 4000000
}

sim_time {
  sec: 14
  nsec: 352000000
}
real_time {
  sec: 16
  nsec: 397276434
}
iterations: 3588
real_time_factor: 0.99982103203526573
step_size {
  nsec: 4000000
}

sim_time {
  sec: 14
  nsec: 452000000
}
real_time {
  sec: 16
  nsec: 497276908
}
iterations: 3613
real_time_factor: 0.999952752232457
step_size {
  nsec: 4000000
}

sim_time {
  sec: 14
  nsec: 556000000
}
real_time {
  sec: 16
  nsec: 601276866
}
iterations: 3639
real_time_factor: 0.99999675001056243
step_size {
  nsec: 4000000
}

sim_time {
  sec: 14
  nsec: 660000000
}
real_time {
  sec: 16
  nsec: 705276574
}
iterations: 3665
real_time_factor: 0.99994600291584257
step_size {
  nsec: 4000000
}

sim_time {
  sec: 14
  nsec: 760000000
}
real_time {
  sec: 16
  nsec: 805277742
}
iterations: 3690
real_time_factor: 0.99989476107639674
step_size {
  nsec: 4000000
}

sim_time {
  sec: 14
  nsec: 864000000
}
real_time {
  sec: 16
  nsec: 909276108
}
iterations: 3716
real_time_factor: 1.0000152502325661
step_size {
  nsec: 4000000
}

sim_time {
  sec: 14
  nsec: 964000000
}
real_time {
  sec: 17
  nsec: 9281794
}
iterations: 3741
real_time_factor: 0.99870667485606135
step_size {
  nsec: 4000000
}

sim_time {
  sec: 15
  nsec: 68000000
}
real_time {
  sec: 17
  nsec: 113276465
}
iterations: 3767
real_time_factor: 1.0000477522801714
step_size {
  nsec: 4000000
}

sim_time {
  sec: 15
  nsec: 168000000
}
real_time {
  sec: 17
  nsec: 213276686
}
iterations: 3792
real_time_factor: 1.000017750315068
step_size {
  nsec: 4000000
}

sim_time {
  sec: 15
  nsec: 272000000
}
real_time {
  sec: 17
  nsec: 317276564
}
iterations: 3818
real_time_factor: 0.99995975161999728
step_size {
  nsec: 4000000
}

sim_time {
  sec: 15
  nsec: 376000000
}
real_time {
  sec: 17
  nsec: 421276285
}
iterations: 3844
real_time_factor: 1.0000547529977266
step_size {
  nsec: 4000000
}

sim_time {
  sec: 15
  nsec: 476000000
}
real_time {
  sec: 17
  nsec: 521276466
}
iterations: 3869
real_time_factor: 0.99999200006399946
step_size {
  nsec: 4000000
}

sim_time {
  sec: 15
  nsec: 576000000
}
real_time {
  sec: 17
  nsec: 621276896
}
iterations: 3894
real_time_factor: 1.0007495614215047
step_size {
  nsec: 4000000
}

sim_time {
  sec: 15
  nsec: 680000000
}
real_time {
  sec: 17
  nsec: 725278052
}
iterations: 3920
real_time_factor: 1.0001102621564026
step_size {
  nsec: 4000000
}

sim_time {
  sec: 15
  nsec: 784000000
}
real_time {
  sec: 17
  nsec: 829278815
}
iterations: 3946
real_time_factor: 0.99935316866158375
step_size {
  nsec: 4000000
}

sim_time {
  sec: 15
  nsec: 884000000
}
real_time {
  sec: 17
  nsec: 929279181
}
iterations: 3971
real_time_factor: 0.99950399614191454
step_size {
  nsec: 4000000
}

sim_time {
  sec: 15
  nsec: 988000000
}
real_time {
  sec: 18
  nsec: 33276827
}
iterations: 3997
real_time_factor: 1.0000547529977266
step_size {
  nsec: 4000000
}

sim_time {
  sec: 16
  nsec: 88000000
}
real_time {
  sec: 18
  nsec: 133277249
}
iterations: 4022
real_time_factor: 1.0005595629355717
step_size {
  nsec: 4000000
}

sim_time {
  sec: 16
  nsec: 192000000
}
real_time {
  sec: 18
  nsec: 237282651
}
iterations: 4048
real_time_factor: 0.99850124962431386
step_size {
  nsec: 4000000
}

sim_time {
  sec: 16
  nsec: 296000000
}
real_time {
  sec: 18
  nsec: 341276199
}
iterations: 4074
real_time_factor: 1.0000337511391009
step_size {
  nsec: 4000000
}

sim_time {
  sec: 16
  nsec: 396000000
}
real_time {
  sec: 18
  nsec: 441276716
}
iterations: 4099
real_time_factor: 0.999992250060062
step_size {
  nsec: 4000000
}

sim_time {
  sec: 16
  nsec: 496000000
}
real_time {
  sec: 18
  nsec: 541277206
}
iterations: 4124
real_time_factor: 0.99973057261068143
step_size {
  nsec: 4000000
}

sim_time {
  sec: 16
  nsec: 600000000
}
real_time {
  sec: 18
  nsec: 645276115
}
iterations: 4150
real_time_factor: 1.0001542737967331
step_size {
  nsec: 4000000
}

sim_time {
  sec: 16
  nsec: 700000000
}
real_time {
  sec: 18
  nsec: 745277280
}
iterations: 4175
real_time_factor: 1.0000757557384972
step_size {
  nsec: 4000000
}

sim_time {
  sec: 16
  nsec: 804000000
}
real_time {
  sec: 18
  nsec: 849277550
}
iterations: 4201
real_time_factor: 0.99999475002756233
step_size {
  nsec: 4000000
}

sim_time {
  sec: 16
  nsec: 908000000
}
real_time {
  sec: 18
  nsec: 953277395
}
iterations: 4227
real_time_factor: 0.99984877287310292
step_size {
  nsec: 4000000
}

sim_time {
  sec: 17
  nsec: 12000000
}
real_time {
  sec: 19
  nsec: 57276508
}
iterations: 4253
real_time_factor: 1.0000085000722505
step_size {
  nsec: 4000000
}

sim_time {
  sec: 17
  nsec: 112000000
}
real_time {
  sec: 19
  nsec: 157276572
}
iterations: 4278
real_time_factor: 1.0001032606616633
step_size {
  nsec: 4000000
}

sim_time {
  sec: 17
  nsec: 212000000
}
real_time {
  sec: 19
  nsec: 257277769
}
iterations: 4303
real_time_factor: 0.99974231641794331
step_size {
  nsec: 4000000
}

sim_time {
  sec: 17
  nsec: 316000000
}
real_time {
  sec: 19
  nsec: 361276303
}
iterations: 4329
real_time_factor: 1.0000200004000079
step_size {
  nsec: 4000000
}

sim_time {
  sec: 17
  nsec: 416000000
}
real_time {
  sec: 19
  nsec: 461276638
}
iterations: 4354
real_time_factor: 1.0000965093131486
step_size {
  nsec: 4000000
}

sim_time {
  sec: 17
  nsec: 520000000
}
real_time {
  sec: 19
  nsec: 565276569
}
iterations: 4380
real_time_factor: 1.0000525027563947
step_size {
  nsec: 4000000
}

sim_time {
  sec: 17
  nsec: 620000000
}
real_time {
  sec: 19
  nsec: 665278321
}
iterations: 4405
real_time_factor: 0.99970058967339281
step_size {
  nsec: 4000000
}

sim_time {
  sec: 17
  nsec: 724000000
}
real_time {
  sec: 19
  nsec: 769276474
}
iterations: 4431
real_time_factor: 1.0001082617193311
step_size {
  nsec: 4000000
}

sim_time {
  sec: 17
  nsec: 824000000
}
real_time {
  sec: 19
  nsec: 869277227
}
iterations: 4456
real_time_factor: 1.0000222504950735
step_size {
  nsec: 4000000
}

sim_time {
  sec: 17
  nsec: 928000000
}
real_time {
  sec: 19
  nsec: 973278482
}
iterations: 4482
real_time_factor: 0.99953646496437276
step_size {
  nsec: 4000000
}

sim_time {
  sec: 18
  nsec: 32000000
}
real_time {
  sec: 20
  nsec: 77278228
}
iterations: 4508
real_time_factor: 0.99983702656467
step_size {
  nsec: 4000000
}

sim_time {
  sec: 18
  nsec: 136000000
}
real_time {
  sec: 20
  nsec: 181276445
}
iterations: 4534
real_time_factor: 0.99993925369033831
step_size {
  nsec: 4000000
}

sim_time {
  sec: 18
  nsec: 236000000
}
real_time {
  sec: 20
  nsec: 281277108
}
iterations: 4559
real_time_factor: 0.99994375316388451
step_size {
  nsec: 4000000
}

sim_time {
  sec: 18
  nsec: 340000000
}
real_time {
  sec: 20
  nsec: 385276293
}
iterations: 4585
real_time_factor: 0.99992750525586893
step_size {
  nsec: 4000000
}

sim_time {
  sec: 18
  nsec: 444000000
}
real_time {
  sec: 20
  nsec: 489276394
}
iterations: 4611
real_time_factor: 0.99992975493471581
step_size {
  nsec: 4000000
}

sim_time {
  sec: 18
  nsec: 548000000
}
real_time {
  sec: 20
  nsec: 593276097
}
iterations: 4637
real_time_factor: 1.0000455020703443
step_size {
  nsec: 4000000
}

sim_time {
  sec: 18
  nsec: 648000000
}
real_time {
  sec: 20
  nsec: 693277000
}
iterations: 4662
real_time_factor: 0.99983502722050865
step_size {
  nsec: 4000000
}

sim_time {
  sec: 18
  nsec: 748000000
}
real_time {
  sec: 20
  nsec: 793277627
}
iterations: 4687
real_time_factor: 1.0007080009106444
step_size {
  nsec: 4000000
}

sim_time {
  sec: 18
  nsec: 852000000
}
real_time {
  sec: 20
  nsec: 897276959
}
iterations: 4713
real_time_factor: 0.99998325028055779
step_size {
  nsec: 4000000
}

sim_time {
  sec: 18
  nsec: 956000000
}
real_time {
  sec: 21
  nsec: 1276245
}
iterations: 4739
real_time_factor: 1.000004000016
step_size {
  nsec: 4000000
}

sim_time {
  sec: 19
  nsec: 60000000
}
real_time {
  sec: 21
  nsec: 105280865
}
iterations: 4765
real_time_factor: 0.9988408451991464
step_size {
  nsec: 4000000
}

sim_time {
  sec: 19
  nsec: 164000000
}
real_time {
  sec: 21
  nsec: 209277214
}
iterations: 4791
real_time_factor: 0.99989076193425863
step_size {
  nsec: 4000000
}

sim_time {
  sec: 19
  nsec: 268000000
}
real_time {
  sec: 21
  nsec: 313282754
}
iterations: 4817
real_time_factor: 0.99848554704651715
step_size {
  nsec: 4000000
}

sim_time {
  sec: 19
  nsec: 372000000
}
real_time {
  sec: 21
  nsec: 417276377
}
iterations: 4843
real_time_factor: 1.0000502525251893
step_size {
  nsec: 4000000
}

sim_time {
  sec: 19
  nsec: 476000000
}
real_time {
  sec: 21
  nsec: 521276018
}
iterations: 4869
real_time_factor: 1.0001082617193311
step_size {
  nsec: 4000000
}

sim_time {
  sec: 19
  nsec: 580000000
}
real_time {
  sec: 21
  nsec: 625276299
}
iterations: 4895
real_time_factor: 0.99995975161999728
step_size {
  nsec: 4000000
}

sim_time {
  sec: 19
  nsec: 680000000
}
real_time {
  sec: 21
  nsec: 725276752
}
iterations: 4920
real_time_factor: 1.0001520231075123
step_size {
  nsec: 4000000
}

sim_time {
  sec: 19
  nsec: 780000000
}
real_time {
  sec: 21
  nsec: 825277520
}
iterations: 4945
real_time_factor: 0.99990675869475176
step_size {
  nsec: 4000000
}

sim_time {
  sec: 19
  nsec: 884000000
}
real_time {
  sec: 21
  nsec: 929276180
}
iterations: 4971
real_time_factor: 1.0000132501755647
step_size {
  nsec: 4000000
}

sim_time {
  sec: 19
  nsec: 988000000
}
real_time {
  sec: 22
  nsec: 33276210
}
iterations: 4997
real_time_factor: 1.0000295008702758
step_size {
  nsec: 4000000
}

sim_time {
  sec: 20
  nsec: 92000000
}
real_time {
  sec: 22
  nsec: 137275945
}
iterations: 5023
real_time_factor: 1.0000735054026471
step_size {
  nsec: 4000000
}

sim_time {
  sec: 20
  nsec: 196000000
}
real_time {
  sec: 22
  nsec: 241276082
}
iterations: 5049
real_time_factor: 1.00005725327775
step_size {
  nsec: 4000000
}

sim_time {
  sec: 20
  nsec: 296000000
}
real_time {
  sec: 22
  nsec: 341276576
}
iterations: 5074
real_time_factor: 1.0000665044225441
step_size {
  nsec: 4000000
}

sim_time {
  sec: 20
  nsec: 396000000
}
real_time {
  sec: 22
  nsec: 441276607
}
iterations: 5099
real_time_factor: 0.999921006240507
step_size {
  nsec: 4000000
}

sim_time {
  sec: 20
  nsec: 500000000
}
real_time {
  sec: 22
  nsec: 545277614
}
iterations: 5125
real_time_factor: 0.99980253899854776
step_size {
  nsec: 4000000
}

sim_time {
  sec: 20
  nsec: 600000000
}
real_time {
  sec: 22
  nsec: 645277431
}
iterations: 5150
real_time_factor: 0.99992075628006483
step_size {
  nsec: 4000000
}

sim_time {
  sec: 20
  nsec: 704000000
}
real_time {
  sec: 22
  nsec: 749276548
}
iterations: 5176
real_time_factor: 1.0000735054026471
step_size {
  nsec: 4000000
}

sim_time {
  sec: 20
  nsec: 804000000
}
real_time {
  sec: 22
  nsec: 849276654
}
iterations: 5201
real_time_factor: 1.0001312672288238
step_size {
  nsec: 4000000
}

sim_time {
  sec: 20
  nsec: 908000000
}
real_time {
  sec: 22
  nsec: 953276034
}
iterations: 5227
real_time_factor: 1.000140519743024
step_size {
  nsec: 4000000
}

sim_time {
  sec: 21
  nsec: 8000000
}
real_time {
  sec: 23
  nsec: 53276668
}
iterations: 5252
real_time_factor: 0.99994375316388451
step_size {
  nsec: 4000000
}

sim_time {
  sec: 21
  nsec: 112000000
}
real_time {
  sec: 23
  nsec: 157276081
}
iterations: 5278
real_time_factor: 0.99998800014399825
step_size {
  nsec: 4000000
}

sim_time {
  sec: 21
  nsec: 216000000
}
real_time {
  sec: 23
  nsec: 261276823
}
iterations: 5304
real_time_factor: 1.0000365013322987
step_size {
  nsec: 4000000
}

sim_time {
  sec: 21
  nsec: 316000000
}
real_time {
  sec: 23
  nsec: 361277507
}
iterations: 5329
real_time_factor: 0.99992975493471581
step_size {
  nsec: 4000000
}

sim_time {
  sec: 21
  nsec: 420000000
}
real_time {
  sec: 23
  nsec: 465276451
}
iterations: 5355
real_time_factor: 1.0000547529977266
step_size {
  nsec: 4000000
}

sim_time {
  sec: 21
  nsec: 520000000
}
real_time {
  sec: 23
  nsec: 565278384
}
iterations: 5380
real_time_factor: 0.99958517215355625
step_size {
  nsec: 4000000
}

sim_time {
  sec: 21
  nsec: 624000000
}
real_time {
  sec: 23
  nsec: 669278319
}
iterations: 5406
real_time_factor: 0.99964287758198389
step_size {
  nsec: 4000000
}

sim_time {
  sec: 21
  nsec: 724000000
}
real_time {
  sec: 23
  nsec: 769280382
}
iterations: 5431
real_time_factor: 0.9993978627876704
step_size {
  nsec: 4000000
}

sim_time {
  sec: 21
  nsec: 828000000
}
real_time {
  sec: 23
  nsec: 873276298
}
iterations: 5457
real_time_factor: 1.0002215490731197
step_size {
  nsec: 4000000
}

sim_time {
  sec: 21
  nsec: 928000000
}
real_time {
  sec: 23
  nsec: 973280536
}
iterations: 5482
real_time_factor: 1.0000435018923324
step_size {
  nsec: 4000000
}

sim_time {
  sec: 22
  nsec: 32000000
}
real_time {
  sec: 24
  nsec: 77277361
}
iterations: 5508
real_time_factor: 0.999992250060062
step_size {
  nsec: 4000000
}

sim_time {
  sec: 22
  nsec: 136000000
}
real_time {
  sec: 24
  nsec: 181276739
}
iterations: 5534
real_time_factor: 0.99999500002499986
step_size {
  nsec: 4000000
}

sim_time {
  sec: 22
  nsec: 240000000
}
real_time {
  sec: 24
  nsec: 285276946
}
iterations: 5560
real_time_factor: 0.99987676518869051
step_size {
  nsec: 4000000
}

sim_time {
  sec: 22
  nsec: 344000000
}
real_time {
  sec: 24
  nsec: 389276662
}
iterations: 5586
real_time_factor: 0.9999302548647232
step_size {
  nsec: 4000000
}

sim_time {
  sec: 22
  nsec: 448000000
}
real_time {
  sec: 24
  nsec: 493276675
}
iterations: 5612
real_time_factor: 0.9999255055498365
step_size {
  nsec: 4000000
}

sim_time {
  sec: 22
  nsec: 552000000
}
real_time {
  sec: 24
  nsec: 597276558
}
iterations: 5638
real_time_factor: 1.0000110001210014
step_size {
  nsec: 4000000
}

sim_time {
  sec: 22
  nsec: 652000000
}
real_time {
  sec: 24
  nsec: 697276429
}
iterations: 5663
real_time_factor: 1.0000435018923324
step_size {
  nsec: 4000000
}

sim_time {
  sec: 22
  nsec: 756000000
}
real_time {
  sec: 24
  nsec: 801277016
}
iterations: 5689
real_time_factor: 0.99999475002756233
step_size {
  nsec: 4000000
}

sim_time {
  sec: 22
  nsec: 856000000
}
real_time {
  sec: 24
  nsec: 901277490
}
iterations: 5714
real_time_factor: 0.99980978618817773
step_size {
  nsec: 4000000
}

sim_time {
  sec: 22
  nsec: 960000000
}
real_time {
  sec: 25
  nsec: 5277233
}
iterations: 5740
real_time_factor: 0.99969884072423187
step_size {
  nsec: 4000000
}

sim_time {
  sec: 23
  nsec: 64000000
}
real_time {
  sec: 25
  nsec: 109276366
}
iterations: 5766
real_time_factor: 1.0003538751833461
step_size {
  nsec: 4000000
}

sim_time {
  sec: 23
  nsec: 164000000
}
real_time {
  sec: 25
  nsec: 209277551
}
iterations: 5791
real_time_factor: 1.0000460021160973
step_size {
  nsec: 4000000
}

sim_time {
  sec: 23
  nsec: 264000000
}
real_time {
  sec: 25
  nsec: 309277463
}
iterations: 5816
real_time_factor: 0.99987476568559785
step_size {
  nsec: 4000000
}

sim_time {
  sec: 23
  nsec: 368000000
}
real_time {
  sec: 25
  nsec: 413276636
}
iterations: 5842
real_time_factor: 1.0000342511731026
step_size {
  nsec: 4000000
}

sim_time {
  sec: 23
  nsec: 468000000
}
real_time {
  sec: 25
  nsec: 513277040
}
iterations: 5867
real_time_factor: 1.0000157502480664
step_size {
  nsec: 4000000
}

sim_time {
  sec: 23
  nsec: 568000000
}
real_time {
  sec: 25
  nsec: 613276729
}
iterations: 5892
real_time_factor: 1.0013370352763526
step_size {
  nsec: 4000000
}

sim_time {
  sec: 23
  nsec: 672000000
}
real_time {
  sec: 25
  nsec: 717276727
}
iterations: 5918
real_time_factor: 1.000221799183969
step_size {
  nsec: 4000000
}

sim_time {
  sec: 23
  nsec: 776000000
}
real_time {
  sec: 25
  nsec: 821276613
}
iterations: 5944
real_time_factor: 1.0000367513506121
step_size {
  nsec: 4000000
}

sim_time {
  sec: 23
  nsec: 876000000
}
real_time {
  sec: 25
  nsec: 921278507
}
iterations: 5969
real_time_factor: 0.999619894535103
step_size {
  nsec: 4000000
}

sim_time {
  sec: 23
  nsec: 976000000
}
real_time {
  sec: 26
  nsec: 21278308
}
iterations: 5994
real_time_factor: 0.9998235311467526
step_size {
  nsec: 4000000
}

sim_time {
  sec: 24
  nsec: 80000000
}
real_time {
  sec: 26
  nsec: 125277787
}
iterations: 6020
real_time_factor: 0.99994175339286484
step_size {
  nsec: 4000000
}

sim_time {
  sec: 24
  nsec: 184000000
}
real_time {
  sec: 26
  nsec: 229276799
}
iterations: 6046
real_time_factor: 0.99990700864819571
step_size {
  nsec: 4000000
}

sim_time {
  sec: 24
  nsec: 284000000
}
real_time {
  sec: 26
  nsec: 329276910
}
iterations: 6071
real_time_factor: 0.99987226631797788
step_size {
  nsec: 4000000
}

sim_time {
  sec: 24
  nsec: 388000000
}
real_time {
  sec: 26
  nsec: 433277364
}
iterations: 6097
real_time_factor: 0.99988176398140916
step_size {
  nsec: 4000000
}

sim_time {
  sec: 24
  nsec: 492000000
}
real_time {
  sec: 26
  nsec: 537276272
}
iterations: 6123
real_time_factor: 1.000129266707722
step_size {
  nsec: 4000000
}

sim_time {
  sec: 24
  nsec: 592000000
}
real_time {
  sec: 26
  nsec: 637276965
}
iterations: 6148
real_time_factor: 0.99995800176392591
step_size {
  nsec: 4000000
}

sim_time {
  sec: 24
  nsec: 692000000
}
real_time {
  sec: 26
  nsec: 737277122
}
iterations: 6173
real_time_factor: 0.99995800176392591
step_size {
  nsec: 4000000
}

sim_time {
  sec: 24
  nsec: 796000000
}
real_time {
  sec: 26
  nsec: 841277235
}
iterations: 6199
real_time_factor: 0.99992300592854355
step_size {
  nsec: 4000000
}

sim_time {
  sec: 24
  nsec: 896000000
}
real_time {
  sec: 26
  nsec: 941277409
}
iterations: 6224
real_time_factor: 1.0001430204519246
step_size {
  nsec: 4000000
}

sim_time {
  sec: 25
}
real_time {
  sec: 27
  nsec: 45276827
}
iterations: 6250
real_time_factor: 0.99999725000756245
step_size {
  nsec: 4000000
}

sim_time {
  sec: 25
  nsec: 100000000
}
real_time {
  sec: 27
  nsec: 145282696
}
iterations: 6275
real_time_factor: 0.9986660318479591
step_size {
  nsec: 4000000
}

sim_time {
  sec: 25
  nsec: 204000000
}
real_time {
  sec: 27
  nsec: 249316148
}
iterations: 6301
real_time_factor: 0.9901504781189121
step_size {
  nsec: 4000000
}

sim_time {
  sec: 25
  nsec: 308000000
}
real_time {
  sec: 27
  nsec: 353280707
}
iterations: 6327
real_time_factor: 0.99882488252570856
step_size {
  nsec: 4000000
}

sim_time {
  sec: 25
  nsec: 412000000
}
real_time {
  sec: 27
  nsec: 457276349
}
iterations: 6353
real_time_factor: 0.99996025157999968
step_size {
  nsec: 4000000
}

sim_time {
  sec: 25
  nsec: 516000000
}
real_time {
  sec: 27
  nsec: 561276724
}
iterations: 6379
real_time_factor: 0.999888512430864
step_size {
  nsec: 4000000
}

sim_time {
  sec: 25
  nsec: 616000000
}
real_time {
  sec: 27
  nsec: 661277051
}
iterations: 6404
real_time_factor: 0.99989526097141324
step_size {
  nsec: 4000000
}

sim_time {
  sec: 25
  nsec: 716000000
}
real_time {
  sec: 27
  nsec: 761279109
}
iterations: 6429
real_time_factor: 1.0001525232597972
step_size {
  nsec: 4000000
}

sim_time {
  sec: 25
  nsec: 820000000
}
real_time {
  sec: 27
  nsec: 865276279
}
iterations: 6455
real_time_factor: 1.000101760354116
step_size {
  nsec: 4000000
}

sim_time {
  sec: 25
  nsec: 920000000
}
real_time {
  sec: 27
  nsec: 965276532
}
iterations: 6480
real_time_factor: 1.0000230005290123
step_size {
  nsec: 4000000
}

sim_time {
  sec: 26
  nsec: 24000000
}
real_time {
  sec: 28
  nsec: 69276086
}
iterations: 6506
real_time_factor: 1.000113012770443
step_size {
  nsec: 4000000
}

sim_time {
  sec: 26
  nsec: 124000000
}
real_time {
  sec: 28
  nsec: 169277100
}
iterations: 6531
real_time_factor: 1.0000412517016326
step_size {
  nsec: 4000000
}

sim_time {
  sec: 26
  nsec: 228000000
}
real_time {
  sec: 28
  nsec: 273277200
}
iterations: 6557
real_time_factor: 0.99994875262642791
step_size {
  nsec: 4000000
}

sim_time {
  sec: 26
  nsec: 332000000
}
real_time {
  sec: 28
  nsec: 377276161
}
iterations: 6583
real_time_factor: 1.0000182503330686
step_size {
  nsec: 4000000
}

sim_time {
  sec: 26
  nsec: 432000000
}
real_time {
  sec: 28
  nsec: 477277084
}
iterations: 6608
real_time_factor: 1.0000830068895719
step_size {
  nsec: 4000000
}

sim_time {
  sec: 26
  nsec: 536000000
}
real_time {
  sec: 28
  nsec: 581276387
}
iterations: 6634
real_time_factor: 0.99991900656046862
step_size {
  nsec: 4000000
}

sim_time {
  sec: 26
  nsec: 636000000
}
real_time {
  sec: 28
  nsec: 681276487
}
iterations: 6659
real_time_factor: 1.0001477718332883
step_size {
  nsec: 4000000
}

sim_time {
  sec: 26
  nsec: 736000000
}
real_time {
  sec: 28
  nsec: 781277428
}
iterations: 6684
real_time_factor: 0.999826280183818
step_size {
  nsec: 4000000
}

sim_time {
  sec: 26
  nsec: 836000000
}
real_time {
  sec: 28
  nsec: 881277167
}
iterations: 6709
real_time_factor: 1.0008963026390132
step_size {
  nsec: 4000000
}

sim_time {
  sec: 26
  nsec: 940000000
}
real_time {
  sec: 28
  nsec: 985276794
}
iterations: 6735
real_time_factor: 1.0000230005290123
step_size {
  nsec: 4000000
}

sim_time {
  sec: 27
  nsec: 40000000
}
real_time {
  sec: 29
  nsec: 85278403
}
iterations: 6760
real_time_factor: 0.99993250455594251
step_size {
  nsec: 4000000
}

sim_time {
  sec: 27
  nsec: 144000000
}
real_time {
  sec: 29
  nsec: 189277048
}
iterations: 6786
real_time_factor: 0.99986076938786272
step_size {
  nsec: 4000000
}

sim_time {
  sec: 27
  nsec: 244000000
}
real_time {
  sec: 29
  nsec: 289276493
}
iterations: 6811
real_time_factor: 1.0001040108171251
step_size {
  nsec: 4000000
}

sim_time {
  sec: 27
  nsec: 348000000
}
real_time {
  sec: 29
  nsec: 393276661
}
iterations: 6837
real_time_factor: 1.0000670044893007
step_size {
  nsec: 4000000
}

sim_time {
  sec: 27
  nsec: 448000000
}
real_time {
  sec: 29
  nsec: 493277403
}
iterations: 6862
real_time_factor: 0.999837776320792
step_size {
  nsec: 4000000
}

sim_time {
  sec: 27
  nsec: 548000000
}
real_time {
  sec: 29
  nsec: 593277912
}
iterations: 6887
real_time_factor: 1.0005560590298057
step_size {
  nsec: 4000000
}

sim_time {
  sec: 27
  nsec: 652000000
}
real_time {
  sec: 29
  nsec: 697277423
}
iterations: 6913
real_time_factor: 0.99985402131288836
step_size {
  nsec: 4000000
}

sim_time {
  sec: 27
  nsec: 752000000
}
real_time {
  sec: 29
  nsec: 797280230
}
iterations: 6938
real_time_factor: 0.99905389596052541
step_size {
  nsec: 4000000
}

sim_time {
  sec: 27
  nsec: 856000000
}
real_time {
  sec: 29
  nsec: 901276658
}
iterations: 6964
real_time_factor: 1.0000947589784133
step_size {
  nsec: 4000000
}

sim_time {
  sec: 27
  nsec: 956000000
}
real_time {
  sec: 30
  nsec: 1276852
}
iterations: 6989
real_time_factor: 0.999900509899265
step_size {
  nsec: 4000000
}

sim_time {
  sec: 28
  nsec: 60000000
}
real_time {
  sec: 30
  nsec: 105277141
}
iterations: 7015
real_time_factor: 0.99982378105858838
step_size {
  nsec: 4000000
}

sim_time {
  sec: 28
  nsec: 164000000
}
real_time {
  sec: 30
  nsec: 209277252
}
iterations: 7041
real_time_factor: 0.99985852001941722
step_size {
  nsec: 4000000
}

sim_time {
  sec: 28
  nsec: 268000000
}
real_time {
  sec: 30
  nsec: 313277192
}
iterations: 7067
real_time_factor: 1.00000450002025
step_size {
  nsec: 4000000
}

sim_time {
  sec: 28
  nsec: 372000000
}
real_time {
  sec: 30
  nsec: 417276741
}
iterations: 7093
real_time_factor: 0.99994900260086739
step_size {
  nsec: 4000000
}

sim_time {
  sec: 28
  nsec: 472000000
}
real_time {
  sec: 30
  nsec: 517283491
}
iterations: 7118
real_time_factor: 0.998354462257584
step_size {
  nsec: 4000000
}

sim_time {
  sec: 28
  nsec: 572000000
}
real_time {
  sec: 30
  nsec: 617283723
}
iterations: 7143
real_time_factor: 0.99808666785771671
step_size {
  nsec: 4000000
}

sim_time {
  sec: 28
  nsec: 672000000
}
real_time {
  sec: 30
  nsec: 717284686
}
iterations: 7168
real_time_factor: 0.99851819899269489
step_size {
  nsec: 4000000
}

sim_time {
  sec: 28
  nsec: 776000000
}
real_time {
  sec: 30
  nsec: 821279208
}
iterations: 7194
real_time_factor: 0.99992825514769312
step_size {
  nsec: 4000000
}

sim_time {
  sec: 28
  nsec: 880000000
}
real_time {
  sec: 30
  nsec: 925276528
}
iterations: 7220
real_time_factor: 0.99999050009024915
step_size {
  nsec: 4000000
}

sim_time {
  sec: 28
  nsec: 984000000
}
real_time {
  sec: 31
  nsec: 29276452
}
iterations: 7246
real_time_factor: 0.99996950093022163
step_size {
  nsec: 4000000
}

sim_time {
  sec: 29
  nsec: 84000000
}
real_time {
  sec: 31
  nsec: 129280117
}
iterations: 7271
real_time_factor: 0.99947502574272862
step_size {
  nsec: 4000000
}

sim_time {
  sec: 29
  nsec: 184000000
}
real_time {
  sec: 31
  nsec: 229283207
}
iterations: 7296
real_time_factor: 0.9988161531544737
step_size {
  nsec: 4000000
}

sim_time {
  sec: 29
  nsec: 288000000
}
real_time {
  sec: 31
  nsec: 333276818
}
iterations: 7322
real_time_factor: 1.0008291869814141
step_size {
  nsec: 4000000
}

sim_time {
  sec: 29
  nsec: 388000000
}
real_time {
  sec: 31
  nsec: 433281955
}
iterations: 7347
real_time_factor: 0.99889472298901261
step_size {
  nsec: 4000000
}

sim_time {
  sec: 29
  nsec: 492000000
}
real_time {
  sec: 31
  nsec: 537281917
}
iterations: 7373
real_time_factor: 0.9991904059735599
step_size {
  nsec: 4000000
}

sim_time {
  sec: 29
  nsec: 596000000
}
real_time {
  sec: 31
  nsec: 641277249
}
iterations: 7399
real_time_factor: 0.99997925043055358
step_size {
  nsec: 4000000
}

sim_time {
  sec: 29
  nsec: 700000000
}
real_time {
  sec: 31
  nsec: 745276138
}
iterations: 7425
real_time_factor: 1.0000670044893007
step_size {
  nsec: 4000000
}

sim_time {
  sec: 29
  nsec: 800000000
}
real_time {
  sec: 31
  nsec: 845280460
}
iterations: 7450
real_time_factor: 0.99923433668951167
step_size {
  nsec: 4000000
}

sim_time {
  sec: 29
  nsec: 904000000
}
real_time {
  sec: 31
  nsec: 949276302
}
iterations: 7476
real_time_factor: 0.99997925043055358
step_size {
  nsec: 4000000
}

sim_time {
  sec: 30
  nsec: 4000000
}
real_time {
  sec: 32
  nsec: 49276505
}
iterations: 7501
real_time_factor: 0.999886512880788
step_size {
  nsec: 4000000
}

sim_time {
  sec: 30
  nsec: 108000000
}
real_time {
  sec: 32
  nsec: 153276319
}
iterations: 7527
real_time_factor: 1.0000992598515404
step_size {
  nsec: 4000000
}

sim_time {
  sec: 30
  nsec: 208000000
}
real_time {
  sec: 32
  nsec: 253276702
}
iterations: 7552
real_time_factor: 0.99996275138751078
step_size {
  nsec: 4000000
}

sim_time {
  sec: 30
  nsec: 312000000
}
real_time {
  sec: 32
  nsec: 357276028
}
iterations: 7578
real_time_factor: 1.0001250156269534
step_size {
  nsec: 4000000
}

sim_time {
  sec: 30
  nsec: 412000000
}
real_time {
  sec: 32
  nsec: 457276901
}
iterations: 7603
real_time_factor: 1.0000717551484319
step_size {
  nsec: 4000000
}

sim_time {
  sec: 30
  nsec: 516000000
}
real_time {
  sec: 32
  nsec: 561276144
}
iterations: 7629
real_time_factor: 0.99998625018906
step_size {
  nsec: 4000000
}

sim_time {
  sec: 30
  nsec: 616000000
}
real_time {
  sec: 32
  nsec: 661277536
}
iterations: 7654
real_time_factor: 0.999976500552237
step_size {
  nsec: 4000000
}

sim_time {
  sec: 30
  nsec: 720000000
}
real_time {
  sec: 32
  nsec: 765277714
}
iterations: 7680
real_time_factor: 1.0001482719813213
step_size {
  nsec: 4000000
}

sim_time {
  sec: 30
  nsec: 824000000
}
real_time {
  sec: 32
  nsec: 869277068
}
iterations: 7706
real_time_factor: 1.0000625039064941
step_size {
  nsec: 4000000
}

sim_time {
  sec: 30
  nsec: 928000000
}
real_time {
  sec: 32
  nsec: 973277478
}
iterations: 7732
real_time_factor: 0.99982877932154124
step_size {
  nsec: 4000000
}

sim_time {
  sec: 31
  nsec: 32000000
}
real_time {
  sec: 33
  nsec: 77275944
}
iterations: 7758
real_time_factor: 1.0001435205952054
step_size {
  nsec: 4000000
}

sim_time {
  sec: 31
  nsec: 132000000
}
real_time {
  sec: 33
  nsec: 177277122
}
iterations: 7783
real_time_factor: 1.0001460213191127
step_size {
  nsec: 4000000
}

sim_time {
  sec: 31
  nsec: 236000000
}
real_time {
  sec: 33
  nsec: 281277212
}
iterations: 7809
real_time_factor: 1.0000207504305714
step_size {
  nsec: 4000000
}

sim_time {
  sec: 31
  nsec: 340000000
}
real_time {
  sec: 33
  nsec: 385277079
}
iterations: 7835
real_time_factor: 0.99992350585180234
step_size {
  nsec: 4000000
}

sim_time {
  sec: 31
  nsec: 444000000
}
real_time {
  sec: 33
  nsec: 489276427
}
iterations: 7861
real_time_factor: 0.99994450308007909
step_size {
  nsec: 4000000
}

sim_time {
  sec: 31
  nsec: 544000000
}
real_time {
  sec: 33
  nsec: 589276739
}
iterations: 7886
real_time_factor: 1.0000345011902911
step_size {
  nsec: 4000000
}

sim_time {
  sec: 31
  nsec: 644000000
}
real_time {
  sec: 33
  nsec: 689276948
}
iterations: 7911
real_time_factor: 0.99981278505599824
step_size {
  nsec: 4000000
}

sim_time {
  sec: 31
  nsec: 748000000
}
real_time {
  sec: 33
  nsec: 793277361
}
iterations: 7937
real_time_factor: 0.99988676282411015
step_size {
  nsec: 4000000
}

sim_time {
  sec: 31
  nsec: 852000000
}
real_time {
  sec: 33
  nsec: 897275988
}
iterations: 7963
real_time_factor: 1.0001345180926835
step_size {
  nsec: 4000000
}

sim_time {
  sec: 31
  nsec: 956000000
}
real_time {
  sec: 34
  nsec: 1275864
}
iterations: 7989
real_time_factor: 1.0000557531082357
step_size {
  nsec: 4000000
}

sim_time {
  sec: 32
  nsec: 56000000
}
real_time {
  sec: 34
  nsec: 101276556
}
iterations: 8014
real_time_factor: 0.99990725860176466
step_size {
  nsec: 4000000
}

sim_time {
  sec: 32
  nsec: 160000000
}
real_time {
  sec: 34
  nsec: 205276209
}
iterations: 8040
real_time_factor: 1.000078756202051
step_size {
  nsec: 4000000
}

sim_time {
  sec: 32
  nsec: 264000000
}
real_time {
  sec: 34
  nsec: 309276384
}
iterations: 8066
real_time_factor: 1.0000440019360852
step_size {
  nsec: 4000000
}

sim_time {
  sec: 32
  nsec: 364000000
}
real_time {
  sec: 34
  nsec: 409276783
}
iterations: 8091
real_time_factor: 1.0000625039064941
step_size {
  nsec: 4000000
}

sim_time {
  sec: 32
  nsec: 468000000
}
real_time {
  sec: 34
  nsec: 513276589
}
iterations: 8117
real_time_factor: 0.99998850013224849
step_size {
  nsec: 4000000
}

sim_time {
  sec: 32
  nsec: 572000000
}
real_time {
  sec: 34
  nsec: 617276783
}
iterations: 8143
real_time_factor: 0.99989826035200924
step_size {
  nsec: 4000000
}

sim_time {
  sec: 32
  nsec: 676000000
}
real_time {
  sec: 34
  nsec: 721276589
}
iterations: 8169
real_time_factor: 1.0000602536302812
step_size {
  nsec: 4000000
}

sim_time {
  sec: 32
  nsec: 776000000
}
real_time {
  sec: 34
  nsec: 821280109
}
iterations: 8194
real_time_factor: 1.0004284334766365
step_size {
  nsec: 4000000
}

sim_time {
  sec: 32
  nsec: 880000000
}
real_time {
  sec: 34
  nsec: 925276599
}
iterations: 8220
real_time_factor: 0.99989351134104221
step_size {
  nsec: 4000000
}

sim_time {
  sec: 32
  nsec: 980000000
}
real_time {
  sec: 35
  nsec: 25276933
}
iterations: 8245
real_time_factor: 0.99980803685692343
step_size {
  nsec: 4000000
}

sim_time {
  sec: 33
  nsec: 80000000
}
real_time {
  sec: 35
  nsec: 125277841
}
iterations: 8270
real_time_factor: 0.99961140106783486
step_size {
  nsec: 4000000
}

sim_time {
  sec: 33
  nsec: 184000000
}
real_time {
  sec: 35
  nsec: 229276662
}
iterations: 8296
real_time_factor: 0.99999550002025
step_size {
  nsec: 4000000
}

sim_time {
  sec: 33
  nsec: 284000000
}
real_time {
  sec: 35
  nsec: 329276832
}
iterations: 8321
real_time_factor: 1.0000720051843732
step_size {
  nsec: 4000000
}

sim_time {
  sec: 33
  nsec: 388000000
}
real_time {
  sec: 35
  nsec: 433276188
}
iterations: 8347
real_time_factor: 1.0000280007840219
step_size {
  nsec: 4000000
}

sim_time {
  sec: 33
  nsec: 492000000
}
real_time {
  sec: 35
  nsec: 537276025
}
iterations: 8373
real_time_factor: 1.000058003364195
step_size {
  nsec: 4000000
}

sim_time {
  sec: 33
  nsec: 592000000
}
real_time {
  sec: 35
  nsec: 637277390
}
iterations: 8398
real_time_factor: 1.0000535028624031
step_size {
  nsec: 4000000
}

sim_time {
  sec: 33
  nsec: 696000000
}
real_time {
  sec: 35
  nsec: 741276487
}
iterations: 8424
real_time_factor: 0.99995375213896354
step_size {
  nsec: 4000000
}

sim_time {
  sec: 33
  nsec: 800000000
}
real_time {
  sec: 35
  nsec: 845276315
}
iterations: 8450
real_time_factor: 1.0000255006502665
step_size {
  nsec: 4000000
}

sim_time {
  sec: 33
  nsec: 900000000
}
real_time {
  sec: 35
  nsec: 945276467
}
iterations: 8475
real_time_factor: 0.99982653009702815
step_size {
  nsec: 4000000
}

sim_time {
  sec: 34
  nsec: 4000000
}
real_time {
  sec: 36
  nsec: 49276489
}
iterations: 8501
real_time_factor: 0.99991225769938685
step_size {
  nsec: 4000000
}

sim_time {
  sec: 34
  nsec: 104000000
}
real_time {
  sec: 36
  nsec: 149277752
}
iterations: 8526
real_time_factor: 0.99969009607021819
step_size {
  nsec: 4000000
}

sim_time {
  sec: 34
  nsec: 204000000
}
real_time {
  sec: 36
  nsec: 249327318
}
iterations: 8551
real_time_factor: 0.98753240340698678
step_size {
  nsec: 4000000
}

sim_time {
  sec: 34
  nsec: 308000000
}
real_time {
  sec: 36
  nsec: 353276167
}
iterations: 8577
real_time_factor: 1.000058003364195
step_size {
  nsec: 4000000
}

sim_time {
  sec: 34
  nsec: 408000000
}
real_time {
  sec: 36
  nsec: 453276527
}
iterations: 8602
real_time_factor: 0.99993750390600589
step_size {
  nsec: 4000000
}

sim_time {
  sec: 34
  nsec: 508000000
}
real_time {
  sec: 36
  nsec: 553281858
}
iterations: 8627
real_time_factor: 0.99892490706876724
step_size {
  nsec: 4000000
}

sim_time {
  sec: 34
  nsec: 612000000
}
real_time {
  sec: 36
  nsec: 657278254
}
iterations: 8653
real_time_factor: 1.0002320538364902
step_size {
  nsec: 4000000
}

sim_time {
  sec: 34
  nsec: 712000000
}
real_time {
  sec: 36
  nsec: 757279031
}
iterations: 8678
real_time_factor: 1.0004169237529741
step_size {
  nsec: 4000000
}

sim_time {
  sec: 34
  nsec: 816000000
}
real_time {
  sec: 36
  nsec: 861277122
}
iterations: 8704
real_time_factor: 0.999886512880788
step_size {
  nsec: 4000000
}

sim_time {
  sec: 34
  nsec: 920000000
}
real_time {
  sec: 36
  nsec: 965276092
}
iterations: 8730
real_time_factor: 1.0002060424447436
step_size {
  nsec: 4000000
}

sim_time {
  sec: 35
  nsec: 20000000
}
real_time {
  sec: 37
  nsec: 65277497
}
iterations: 8755
real_time_factor: 0.9997897941957703
step_size {
  nsec: 4000000
}

sim_time {
  sec: 35
  nsec: 124000000
}
real_time {
  sec: 37
  nsec: 169276374
}
iterations: 8781
real_time_factor: 1.0002295526823406
step_size {
  nsec: 4000000
}

sim_time {
  sec: 35
  nsec: 224000000
}
real_time {
  sec: 37
  nsec: 269276442
}
iterations: 8806
real_time_factor: 1.0000557531082357
step_size {
  nsec: 4000000
}

sim_time {
  sec: 35
  nsec: 328000000
}
real_time {
  sec: 37
  nsec: 373276305
}
iterations: 8832
real_time_factor: 0.99993075479523041
step_size {
  nsec: 4000000
}

sim_time {
  sec: 35
  nsec: 428000000
}
real_time {
  sec: 37
  nsec: 473276682
}
iterations: 8857
real_time_factor: 0.99989351134104221
step_size {
  nsec: 4000000
}

sim_time {
  sec: 35
  nsec: 532000000
}
real_time {
  sec: 37
  nsec: 577276193
}
iterations: 8883
real_time_factor: 0.99997475063754637
step_size {
  nsec: 4000000
}

sim_time {
  sec: 35
  nsec: 636000000
}
real_time {
  sec: 37
  nsec: 681275888
}
iterations: 8909
real_time_factor: 1.0000537528892177
step_size {
  nsec: 4000000
}

sim_time {
  sec: 35
  nsec: 736000000
}
real_time {
  sec: 37
  nsec: 781278168
}
iterations: 8934
real_time_factor: 0.99975980770619854
step_size {
  nsec: 4000000
}

sim_time {
  sec: 35
  nsec: 840000000
}
real_time {
  sec: 37
  nsec: 885275799
}
iterations: 8960
real_time_factor: 0.99997950042024142
step_size {
  nsec: 4000000
}

sim_time {
  sec: 35
  nsec: 940000000
}
real_time {
  sec: 37
  nsec: 985276227
}
iterations: 8985
real_time_factor: 0.99998650018224755
step_size {
  nsec: 4000000
}

sim_time {
  sec: 36
  nsec: 44000000
}
real_time {
  sec: 38
  nsec: 89276294
}
iterations: 9011
real_time_factor: 0.99994450308007909
step_size {
  nsec: 4000000
}

sim_time {
  sec: 36
  nsec: 144000000
}
real_time {
  sec: 38
  nsec: 189276277
}
iterations: 9036
real_time_factor: 0.99998650018224755
step_size {
  nsec: 4000000
}

sim_time {
  sec: 36
  nsec: 244000000
}
real_time {
  sec: 38
  nsec: 289276459
}
iterations: 9061
real_time_factor: 0.99998400025599588
step_size {
  nsec: 4000000
}

sim_time {
  sec: 36
  nsec: 344000000
}
real_time {
  sec: 38
  nsec: 389277391
}
iterations: 9086
real_time_factor: 0.999847523252704
step_size {
  nsec: 4000000
}

sim_time {
  sec: 36
  nsec: 448000000
}
real_time {
  sec: 38
  nsec: 493276182
}
iterations: 9112
real_time_factor: 1.0001070114502251
step_size {
  nsec: 4000000
}

sim_time {
  sec: 36
  nsec: 548000000
}
real_time {
  sec: 38
  nsec: 593276939
}
iterations: 9137
real_time_factor: 1.0003498723678605
step_size {
  nsec: 4000000
}

sim_time {
  sec: 36
  nsec: 648000000
}
real_time {
  sec: 38
  nsec: 693277185
}
iterations: 9162
real_time_factor: 1.0007465569314709
step_size {
  nsec: 4000000
}

sim_time {
  sec: 36
  nsec: 752000000
}
real_time {
  sec: 38
  nsec: 797276663
}
iterations: 9188
real_time_factor: 1.0000235005522631
step_size {
  nsec: 4000000
}

sim_time {
  sec: 36
  nsec: 852000000
}
real_time {
  sec: 38
  nsec: 897277086
}
iterations: 9213
real_time_factor: 0.999960751540502
step_size {
  nsec: 4000000
}

sim_time {
  sec: 36
  nsec: 956000000
}
real_time {
  sec: 39
  nsec: 1276701
}
iterations: 9239
real_time_factor: 0.99999350004224974
step_size {
  nsec: 4000000
}

sim_time {
  sec: 37
  nsec: 60000000
}
real_time {
  sec: 39
  nsec: 105278929
}
iterations: 9265
real_time_factor: 0.99935017255029912
step_size {
  nsec: 4000000
}

sim_time {
  sec: 37
  nsec: 164000000
}
real_time {
  sec: 39
  nsec: 209277403
}
iterations: 9291
real_time_factor: 1.0000282507980851
step_size {
  nsec: 4000000
}

sim_time {
  sec: 37
  nsec: 264000000
}
real_time {
  sec: 39
  nsec: 309278385
}
iterations: 9316
real_time_factor: 0.99952847244312493
step_size {
  nsec: 4000000
}

sim_time {
  sec: 37
  nsec: 368000000
}
real_time {
  sec: 39
  nsec: 413276856
}
iterations: 9342
real_time_factor: 0.99998875012656108
step_size {
  nsec: 4000000
}

sim_time {
  sec: 37
  nsec: 472000000
}
real_time {
  sec: 39
  nsec: 517276698
}
iterations: 9368
real_time_factor: 1.0000515026523866
step_size {
  nsec: 4000000
}

sim_time {
  sec: 37
  nsec: 576000000
}
real_time {
  sec: 39
  nsec: 621276382
}
iterations: 9394
real_time_factor: 1.0000282507980851
step_size {
  nsec: 4000000
}

sim_time {
  sec: 37
  nsec: 680000000
}
real_time {
  sec: 39
  nsec: 725276335
}
iterations: 9420
real_time_factor: 0.999847523252704
step_size {
  nsec: 4000000
}

sim_time {
  sec: 37
  nsec: 784000000
}
real_time {
  sec: 39
  nsec: 829277001
}
iterations: 9446
real_time_factor: 0.99975056223472247
step_size {
  nsec: 4000000
}

sim_time {
  sec: 37
  nsec: 888000000
}
real_time {
  sec: 39
  nsec: 933276175
}
iterations: 9472
real_time_factor: 1.0000120001440018
step_size {
  nsec: 4000000
}

sim_time {
  sec: 37
  nsec: 992000000
}
real_time {
  sec: 40
  nsec: 37276008
}
iterations: 9498
real_time_factor: 0.99994025356984917
step_size {
  nsec: 4000000
}

sim_time {
  sec: 38
  nsec: 92000000
}
real_time {
  sec: 40
  nsec: 137275981
}
iterations: 9523
real_time_factor: 1.0000235005522631
step_size {
  nsec: 4000000
}

sim_time {
  sec: 38
  nsec: 192000000
}
real_time {
  sec: 40
  nsec: 237282543
}
iterations: 9548
real_time_factor: 0.9984172590401067
step_size {
  nsec: 4000000
}

sim_time {
  sec: 38
  nsec: 296000000
}
real_time {
  sec: 40
  nsec: 341276499
}
iterations: 9574
real_time_factor: 1.0016419415526903
step_size {
  nsec: 4000000
}

sim_time {
  sec: 38
  nsec: 400000000
}
real_time {
  sec: 40
  nsec: 445277650
}
iterations: 9600
real_time_factor: 0.99971583077510218
step_size {
  nsec: 4000000
}

sim_time {
  sec: 38
  nsec: 500000000
}
real_time {
  sec: 40
  nsec: 545280839
}
iterations: 9625
real_time_factor: 0.99967660461840591
step_size {
  nsec: 4000000
}

sim_time {
  sec: 38
  nsec: 604000000
}
real_time {
  sec: 40
  nsec: 649276768
}
iterations: 9651
real_time_factor: 1.0005050049012238
step_size {
  nsec: 4000000
}

sim_time {
  sec: 38
  nsec: 708000000
}
real_time {
  sec: 40
  nsec: 753275613
}
iterations: 9677
real_time_factor: 1.0001022604561316
step_size {
  nsec: 4000000
}

sim_time {
  sec: 38
  nsec: 808000000
}
real_time {
  sec: 40
  nsec: 853277108
}
iterations: 9702
real_time_factor: 1.2332950189680774
step_size {
  nsec: 4000000
}

sim_time {
  sec: 38
  nsec: 912000000
}
real_time {
  sec: 40
  nsec: 957276452
}
iterations: 9728
real_time_factor: 0.99997525061254733
step_size {
  nsec: 4000000
}

sim_time {
  sec: 39
  nsec: 16000000
}
real_time {
  sec: 41
  nsec: 61276289
}
iterations: 9754
real_time_factor: 0.9999957500180624
step_size {
  nsec: 4000000
}

sim_time {
  sec: 39
  nsec: 116000000
}
real_time {
  sec: 41
  nsec: 161276515
}
iterations: 9779
real_time_factor: 1.0000352512426063
step_size {
  nsec: 4000000
}

sim_time {
  sec: 39
  nsec: 216000000
}
real_time {
  sec: 41
  nsec: 261277061
}
iterations: 9804
real_time_factor: 0.99992400577556106
step_size {
  nsec: 4000000
}

sim_time {
  sec: 39
  nsec: 320000000
}
real_time {
  sec: 41
  nsec: 365275854
}
iterations: 9830
real_time_factor: 1.0001322674923758
step_size {
  nsec: 4000000
}

sim_time {
  sec: 39
  nsec: 424000000
}
real_time {
  sec: 41
  nsec: 469276342
}
iterations: 9856
real_time_factor: 0.99994700280885118
step_size {
  nsec: 4000000
}

sim_time {
  sec: 39
  nsec: 528000000
}
real_time {
  sec: 41
  nsec: 573276162
}
iterations: 9882
real_time_factor: 0.99998900012099867
step_size {
  nsec: 4000000
}

sim_time {
  sec: 39
  nsec: 628000000
}
real_time {
  sec: 41
  nsec: 673276254
}
iterations: 9907
real_time_factor: 0.99996350133220135
step_size {
  nsec: 4000000
}

sim_time {
  sec: 39
  nsec: 728000000
}
real_time {
  sec: 41
  nsec: 773276771
}
iterations: 9932
real_time_factor: 1.0000767558910146
step_size {
  nsec: 4000000
}

sim_time {
  sec: 39
  nsec: 828000000
}
real_time {
  sec: 41
  nsec: 873277409
}
iterations: 9957
real_time_factor: 1.0010919410346837
step_size {
  nsec: 4000000
}

sim_time {
  sec: 39
  nsec: 932000000
}
real_time {
  sec: 41
  nsec: 977276276
}
iterations: 9983
real_time_factor: 1.0002783274446114
step_size {
  nsec: 4000000
}

sim_time {
  sec: 40
  nsec: 36000000
}
real_time {
  sec: 42
  nsec: 81276133
}
iterations: 10009
real_time_factor: 0.99999150007224935
step_size {
  nsec: 4000000
}

sim_time {
  sec: 40
  nsec: 136000000
}
real_time {
  sec: 42
  nsec: 181275984
}
iterations: 10034
real_time_factor: 1.0001695287351207
step_size {
  nsec: 4000000
}

sim_time {
  sec: 40
  nsec: 240000000
}
real_time {
  sec: 42
  nsec: 285276013
}
iterations: 10060
real_time_factor: 1.0000465021623506
step_size {
  nsec: 4000000
}

sim_time {
  sec: 40
  nsec: 344000000
}
real_time {
  sec: 42
  nsec: 389276170
}
iterations: 10086
real_time_factor: 0.99997750050623857
step_size {
  nsec: 4000000
}

sim_time {
  sec: 40
  nsec: 444000000
}
real_time {
  sec: 42
  nsec: 489276460
}
iterations: 10111
real_time_factor: 0.99992875507620083
step_size {
  nsec: 4000000
}

sim_time {
  sec: 40
  nsec: 544000000
}
real_time {
  sec: 42
  nsec: 589276642
}
iterations: 10136
real_time_factor: 0.99988501322347934
step_size {
  nsec: 4000000
}

sim_time {
  sec: 40
  nsec: 644000000
}
real_time {
  sec: 42
  nsec: 689281451
}
iterations: 10161
real_time_factor: 0.99886304414000759
step_size {
  nsec: 4000000
}

sim_time {
  sec: 40
  nsec: 748000000
}
real_time {
  sec: 42
  nsec: 793276146
}
iterations: 10187
real_time_factor: 1.0000817566836089
step_size {
  nsec: 4000000
}

sim_time {
  sec: 40
  nsec: 848000000
}
real_time {
  sec: 42
  nsec: 893276852
}
iterations: 10212
real_time_factor: 0.99986176911042046
step_size {
  nsec: 4000000
}

sim_time {
  sec: 40
  nsec: 952000000
}
real_time {
  sec: 42
  nsec: 997276788
}
iterations: 10238
real_time_factor: 0.99994500302483369
step_size {
  nsec: 4000000
}

sim_time {
  sec: 41
  nsec: 56000000
}
real_time {
  sec: 43
  nsec: 101276519
}
iterations: 10264
real_time_factor: 1.0000307509455917
step_size {
  nsec: 4000000
}

sim_time {
  sec: 41
  nsec: 156000000
}
real_time {
  sec: 43
  nsec: 201276918
}
iterations: 10289
real_time_factor: 1.0000052500275627
step_size {
  nsec: 4000000
}

sim_time {
  sec: 41
  nsec: 260000000
}
real_time {
  sec: 43
  nsec: 305281210
}
iterations: 10315
real_time_factor: 0.99877051349788415
step_size {
  nsec: 4000000
}

sim_time {
  sec: 41
  nsec: 364000000
}
real_time {
  sec: 43
  nsec: 409276862
}
iterations: 10341
real_time_factor: 1.0000330010890359
step_size {
  nsec: 4000000
}

sim_time {
  sec: 41
  nsec: 464000000
}
real_time {
  sec: 43
  nsec: 509277757
}
iterations: 10366
real_time_factor: 0.9997690533486765
step_size {
  nsec: 4000000
}

sim_time {
  sec: 41
  nsec: 568000000
}
real_time {
  sec: 43
  nsec: 613276335
}
iterations: 10392
real_time_factor: 1.0000377514251162
step_size {
  nsec: 4000000
}

sim_time {
  sec: 41
  nsec: 668000000
}
real_time {
  sec: 43
  nsec: 713276646
}
iterations: 10417
real_time_factor: 1.0003178509971544
step_size {
  nsec: 4000000
}

sim_time {
  sec: 41
  nsec: 768000000
}
real_time {
  sec: 43
  nsec: 813277089
}
iterations: 10442
real_time_factor: 1.0007766026436515
step_size {
  nsec: 4000000
}

sim_time {
  sec: 41
  nsec: 872000000
}
real_time {
  sec: 43
  nsec: 917276203
}
iterations: 10468
real_time_factor: 0.99998425024805859
step_size {
  nsec: 4000000
}

sim_time {
  sec: 41
  nsec: 976000000
}
real_time {
  sec: 44
  nsec: 21276068
}
iterations: 10494
real_time_factor: 1.0000492524256819
step_size {
  nsec: 4000000
}

sim_time {
  sec: 42
  nsec: 80000000
}
real_time {
  sec: 44
  nsec: 125276683
}
iterations: 10520
real_time_factor: 0.99979704120063628
step_size {
  nsec: 4000000
}

sim_time {
  sec: 42
  nsec: 184000000
}
real_time {
  sec: 44
  nsec: 229276777
}
iterations: 10546
real_time_factor: 0.9998962607629458
step_size {
  nsec: 4000000
}

sim_time {
  sec: 42
  nsec: 288000000
}
real_time {
  sec: 44
  nsec: 333275997
}
iterations: 10572
real_time_factor: 1.0000052500275627
step_size {
  nsec: 4000000
}

sim_time {
  sec: 42
  nsec: 388000000
}
real_time {
  sec: 44
  nsec: 433276415
}
iterations: 10597
real_time_factor: 1.0000585034224503
step_size {
  nsec: 4000000
}

sim_time {
  sec: 42
  nsec: 488000000
}
real_time {
  sec: 44
  nsec: 533276795
}
iterations: 10622
real_time_factor: 0.99999825000306253
step_size {
  nsec: 4000000
}

sim_time {
  sec: 42
  nsec: 588000000
}
real_time {
  sec: 44
  nsec: 633278232
}
iterations: 10647
real_time_factor: 0.99958866926259848
step_size {
  nsec: 4000000
}

sim_time {
  sec: 42
  nsec: 692000000
}
real_time {
  sec: 44
  nsec: 737276469
}
iterations: 10673
real_time_factor: 0.99995925166049482
step_size {
  nsec: 4000000
}

sim_time {
  sec: 42
  nsec: 796000000
}
real_time {
  sec: 44
  nsec: 841276478
}
iterations: 10699
real_time_factor: 1.0000585034224503
step_size {
  nsec: 4000000
}

sim_time {
  sec: 42
  nsec: 900000000
}
real_time {
  sec: 44
  nsec: 945278383
}
iterations: 10725
real_time_factor: 0.99943382074055043
step_size {
  nsec: 4000000
}

sim_time {
  sec: 43
}
real_time {
  sec: 45
  nsec: 45279245
}
iterations: 10750
real_time_factor: 0.99933444326078835
step_size {
  nsec: 4000000
}

sim_time {
  sec: 43
  nsec: 104000000
}
real_time {
  sec: 45
  nsec: 149278687
}
iterations: 10776
real_time_factor: 0.9995914170082979
step_size {
  nsec: 4000000
}

sim_time {
  sec: 43
  nsec: 208000000
}
real_time {
  sec: 45
  nsec: 253277061
}
iterations: 10802
real_time_factor: 0.9999430032488148
step_size {
  nsec: 4000000
}

sim_time {
  sec: 43
  nsec: 308000000
}
real_time {
  sec: 45
  nsec: 353283677
}
iterations: 10827
real_time_factor: 0.99818430275329173
step_size {
  nsec: 4000000
}

sim_time {
  sec: 43
  nsec: 412000000
}
real_time {
  sec: 45
  nsec: 457276133
}
iterations: 10853
real_time_factor: 1.0000097500950633
step_size {
  nsec: 4000000
}

sim_time {
  sec: 43
  nsec: 512000000
}
real_time {
  sec: 45
  nsec: 557276571
}
iterations: 10878
real_time_factor: 1.0001237653159578
step_size {
  nsec: 4000000
}

sim_time {
  sec: 43
  nsec: 616000000
}
real_time {
  sec: 45
  nsec: 661276527
}
iterations: 10904
real_time_factor: 0.9999590016809311
step_size {
  nsec: 4000000
}

sim_time {
  sec: 43
  nsec: 716000000
}
real_time {
  sec: 45
  nsec: 761276421
}
iterations: 10929
real_time_factor: 0.99992425573762789
step_size {
  nsec: 4000000
}

sim_time {
  sec: 43
  nsec: 816000000
}
real_time {
  sec: 45
  nsec: 861280555
}
iterations: 10954
real_time_factor: 0.9989670680516346
step_size {
  nsec: 4000000
}

sim_time {
  sec: 43
  nsec: 920000000
}
real_time {
  sec: 45
  nsec: 965276251
}
iterations: 10980
real_time_factor: 0.999873516000226
step_size {
  nsec: 4000000
}

sim_time {
  sec: 44
  nsec: 20000000
}
real_time {
  sec: 46
  nsec: 65276533
}
iterations: 11005
real_time_factor: 1.0000172502975677
step_size {
  nsec: 4000000
}

sim_time {
  sec: 44
  nsec: 120000000
}
real_time {
  sec: 46
  nsec: 165276797
}
iterations: 11030
real_time_factor: 0.99989901019996985
step_size {
  nsec: 4000000
}

sim_time {
  sec: 44
  nsec: 224000000
}
real_time {
  sec: 46
  nsec: 269281091
}
iterations: 11056
real_time_factor: 0.99883984751710886
step_size {
  nsec: 4000000
}

sim_time {
  sec: 44
  nsec: 328000000
}
real_time {
  sec: 46
  nsec: 373277105
}
iterations: 11082
real_time_factor: 0.99977630005286322
step_size {
  nsec: 4000000
}

sim_time {
  sec: 44
  nsec: 428000000
}
real_time {
  sec: 46
  nsec: 473277178
}
iterations: 11107
real_time_factor: 0.99999625001406245
step_size {
  nsec: 4000000
}

sim_time {
  sec: 44
  nsec: 528000000
}
real_time {
  sec: 46
  nsec: 573281613
}
iterations: 11132
real_time_factor: 0.99880069007139682
step_size {
  nsec: 4000000
}

sim_time {
  sec: 44
  nsec: 632000000
}
real_time {
  sec: 46
  nsec: 677276683
}
iterations: 11158
real_time_factor: 0.999996000016
step_size {
  nsec: 4000000
}

sim_time {
  sec: 44
  nsec: 732000000
}
real_time {
  sec: 46
  nsec: 777326915
}
iterations: 11183
real_time_factor: 0.98760481882019246
step_size {
  nsec: 4000000
}

sim_time {
  sec: 44
  nsec: 836000000
}
real_time {
  sec: 46
  nsec: 881276049
}
iterations: 11209
real_time_factor: 1.0000445019803381
step_size {
  nsec: 4000000
}

sim_time {
  sec: 44
  nsec: 936000000
}
real_time {
  sec: 46
  nsec: 981276557
}
iterations: 11234
real_time_factor: 1.0016748002660447
step_size {
  nsec: 4000000
}

sim_time {
  sec: 45
  nsec: 40000000
}
real_time {
  sec: 47
  nsec: 85276414
}
iterations: 11260
real_time_factor: 1.0000562531642405
step_size {
  nsec: 4000000
}

sim_time {
  sec: 45
  nsec: 140000000
}
real_time {
  sec: 47
  nsec: 185276580
}
iterations: 11285
real_time_factor: 0.999980000399992
step_size {
  nsec: 4000000
}

sim_time {
  sec: 45
  nsec: 244000000
}
real_time {
  sec: 47
  nsec: 289276033
}
iterations: 11311
real_time_factor: 1.0001975390139553
step_size {
  nsec: 4000000
}

sim_time {
  sec: 45
  nsec: 344000000
}
real_time {
  sec: 47
  nsec: 389277017
}
iterations: 11336
real_time_factor: 0.99983427746850961
step_size {
  nsec: 4000000
}

sim_time {
  sec: 45
  nsec: 448000000
}
real_time {
  sec: 47
  nsec: 493276896
}
iterations: 11362
real_time_factor: 1.0000935087430676
step_size {
  nsec: 4000000
}

sim_time {
  sec: 45
  nsec: 548000000
}
real_time {
  sec: 47
  nsec: 593277464
}
iterations: 11387
real_time_factor: 0.999878264821258
step_size {
  nsec: 4000000
}

sim_time {
  sec: 45
  nsec: 652000000
}
real_time {
  sec: 47
  nsec: 697277260
}
iterations: 11413
real_time_factor: 0.99990825841729025
step_size {
  nsec: 4000000
}

sim_time {
  sec: 45
  nsec: 756000000
}
real_time {
  sec: 47
  nsec: 801276679
}
iterations: 11439
real_time_factor: 1.0000680046243144
step_size {
  nsec: 4000000
}

sim_time {
  sec: 45
  nsec: 856000000
}
real_time {
  sec: 47
  nsec: 901278138
}
iterations: 11464
real_time_factor: 0.99956344066728853
step_size {
  nsec: 4000000
}

sim_time {
  sec: 45
  nsec: 960000000
}
real_time {
  sec: 48
  nsec: 5277185
}
iterations: 11490
real_time_factor: 0.99994750275610533
step_size {
  nsec: 4000000
}

sim_time {
  sec: 46
  nsec: 64000000
}
real_time {
  sec: 48
  nsec: 109277462
}
iterations: 11516
real_time_factor: 0.99982028230425579
step_size {
  nsec: 4000000
}

sim_time {
  sec: 46
  nsec: 164000000
}
real_time {
  sec: 48
  nsec: 209280371
}
iterations: 11541
real_time_factor: 0.999094071450712
step_size {
  nsec: 4000000
}

sim_time {
  sec: 46
  nsec: 268000000
}
real_time {
  sec: 48
  nsec: 313277947
}
iterations: 11567
real_time_factor: 0.99971158320824438
step_size {
  nsec: 4000000
}

sim_time {
  sec: 46
  nsec: 372000000
}
real_time {
  sec: 48
  nsec: 417276487
}
iterations: 11593
real_time_factor: 1.0000452520476553
step_size {
  nsec: 4000000
}

sim_time {
  sec: 46
  nsec: 476000000
}
real_time {
  sec: 48
  nsec: 521277000
}
iterations: 11619
real_time_factor: 1.0000310009610298
step_size {
  nsec: 4000000
}

sim_time {
  sec: 46
  nsec: 576000000
}
real_time {
  sec: 48
  nsec: 621284665
}
iterations: 11644
real_time_factor: 0.99787577195046051
step_size {
  nsec: 4000000
}

sim_time {
  sec: 46
  nsec: 680000000
}
real_time {
  sec: 48
  nsec: 725276307
}
iterations: 11670
real_time_factor: 1.00002150046226
step_size {
  nsec: 4000000
}

sim_time {
  sec: 46
  nsec: 784000000
}
real_time {
  sec: 48
  nsec: 829276977
}
iterations: 11696
real_time_factor: 0.99982278141199477
step_size {
  nsec: 4000000
}

sim_time {
  sec: 46
  nsec: 884000000
}
real_time {
  sec: 48
  nsec: 929278557
}
iterations: 11721
real_time_factor: 0.99978104795049882
step_size {
  nsec: 4000000
}

sim_time {
  sec: 46
  nsec: 984000000
}
real_time {
  sec: 49
  nsec: 29278805
}
iterations: 11746
real_time_factor: 0.99949650363629317
step_size {
  nsec: 4000000
}

sim_time {
  sec: 47
  nsec: 88000000
}
real_time {
  sec: 49
  nsec: 133277401
}
iterations: 11772
real_time_factor: 1.0001997899080342
step_size {
  nsec: 4000000
}

sim_time {
  sec: 47
  nsec: 192000000
}
real_time {
  sec: 49
  nsec: 237277179
}
iterations: 11798
real_time_factor: 0.99996375131401483
step_size {
  nsec: 4000000
}

sim_time {
  sec: 47
  nsec: 296000000
}
real_time {
  sec: 49
  nsec: 341277046
}
iterations: 11824
real_time_factor: 0.9999942500330623
step_size {
  nsec: 4000000
}

sim_time {
  sec: 47
  nsec: 400000000
}
real_time {
  sec: 49
  nsec: 445284887
}
iterations: 11850
real_time_factor: 0.99816412663009557
step_size {
  nsec: 4000000
}

sim_time {
  sec: 47
  nsec: 504000000
}
real_time {
  sec: 49
  nsec: 549276598
}
iterations: 11876
real_time_factor: 0.99991975643954578
step_size {
  nsec: 4000000
}

sim_time {
  sec: 47
  nsec: 604000000
}
real_time {
  sec: 49
  nsec: 649277275
}
iterations: 11901
real_time_factor: 0.99983677664621251
step_size {
  nsec: 4000000
}

sim_time {
  sec: 47
  nsec: 708000000
}
real_time {
  sec: 49
  nsec: 753276986
}
iterations: 11927
real_time_factor: 0.99981553403397072
step_size {
  nsec: 4000000
}

sim_time {
  sec: 47
  nsec: 808000000
}
real_time {
  sec: 49
  nsec: 853276940
}
iterations: 11952
real_time_factor: 1.0006521750550921
step_size {
  nsec: 4000000
}

sim_time {
  sec: 47
  nsec: 912000000
}
real_time {
  sec: 49
  nsec: 957276670
}
iterations: 11978
real_time_factor: 0.999980000399992
step_size {
  nsec: 4000000
}

sim_time {
  sec: 48
  nsec: 12000000
}
real_time {
  sec: 50
  nsec: 57277449
}
iterations: 12003
real_time_factor: 0.99980428831056323
step_size {
  nsec: 4000000
}

sim_time {
  sec: 48
  nsec: 116000000
}
real_time {
  sec: 50
  nsec: 161276715
}
iterations: 12029
real_time_factor: 1.000075005625422
step_size {
  nsec: 4000000
}

sim_time {
  sec: 48
  nsec: 220000000
}
real_time {
  sec: 50
  nsec: 265276300
}
iterations: 12055
real_time_factor: 1.000061003721227
step_size {
  nsec: 4000000
}

sim_time {
  sec: 48
  nsec: 320000000
}
real_time {
  sec: 50
  nsec: 365333844
}
iterations: 12080
real_time_factor: 0.98583818797026024
step_size {
  nsec: 4000000
}

sim_time {
  sec: 48
  nsec: 424000000
}
real_time {
  sec: 50
  nsec: 469276650
}
iterations: 12106
real_time_factor: 1.0004151722965031
step_size {
  nsec: 4000000
}

sim_time {
  sec: 48
  nsec: 528000000
}
real_time {
  sec: 50
  nsec: 573276539
}
iterations: 12132
real_time_factor: 0.99995725182748441
step_size {
  nsec: 4000000
}

sim_time {
  sec: 48
  nsec: 628000000
}
real_time {
  sec: 50
  nsec: 673277036
}
iterations: 12157
real_time_factor: 1.00016752806095
step_size {
  nsec: 4000000
}

sim_time {
  sec: 48
  nsec: 732000000
}
real_time {
  sec: 50
  nsec: 777275805
}
iterations: 12183
real_time_factor: 1.0002137956988306
step_size {
  nsec: 4000000
}

sim_time {
  sec: 48
  nsec: 832000000
}
real_time {
  sec: 50
  nsec: 877278209
}
iterations: 12208
real_time_factor: 0.99975306099393446
step_size {
  nsec: 4000000
}

sim_time {
  sec: 48
  nsec: 932000000
}
real_time {
  sec: 50
  nsec: 977280084
}
iterations: 12233
real_time_factor: 0.99910604986188611
step_size {
  nsec: 4000000
}

sim_time {
  sec: 49
  nsec: 36000000
}
real_time {
  sec: 51
  nsec: 81282271
}
iterations: 12259
real_time_factor: 0.99856755484257831
step_size {
  nsec: 4000000
}

sim_time {
  sec: 49
  nsec: 140000000
}
real_time {
  sec: 51
  nsec: 185276216
}
iterations: 12285
real_time_factor: 0.99996400129595331
step_size {
  nsec: 4000000
}

sim_time {
  sec: 49
  nsec: 244000000
}
real_time {
  sec: 51
  nsec: 289276600
}
iterations: 12311
real_time_factor: 0.99991550713964672
step_size {
  nsec: 4000000
}

sim_time {
  sec: 49
  nsec: 348000000
}
real_time {
  sec: 51
  nsec: 393276782
}
iterations: 12337
real_time_factor: 0.99996825100803044
step_size {
  nsec: 4000000
}

sim_time {
  sec: 49
  nsec: 452000000
}
real_time {
  sec: 51
  nsec: 497276351
}
iterations: 12363
real_time_factor: 0.99992925500520835
step_size {
  nsec: 4000000
}

sim_time {
  sec: 49
  nsec: 552000000
}
real_time {
  sec: 51
  nsec: 597276628
}
iterations: 12388
real_time_factor: 1.0000335011222876
step_size {
  nsec: 4000000
}

sim_time {
  sec: 49
  nsec: 656000000
}
real_time {
  sec: 51
  nsec: 701276420
}
iterations: 12414
real_time_factor: 1.00000350001225
step_size {
  nsec: 4000000
}

sim_time {
  sec: 49
  nsec: 760000000
}
real_time {
  sec: 51
  nsec: 805276333
}
iterations: 12440
real_time_factor: 0.99991975643954578
step_size {
  nsec: 4000000
}

sim_time {
  sec: 49
  nsec: 864000000
}
real_time {
  sec: 51
  nsec: 909275865
}
iterations: 12466
real_time_factor: 1.0000682546583803
step_size {
  nsec: 4000000
}

sim_time {
  sec: 49
  nsec: 964000000
}
real_time {
  sec: 52
  nsec: 9276514
}
iterations: 12491
real_time_factor: 1.0000240005760139
step_size {
  nsec: 4000000
}

sim_time {
  sec: 50
  nsec: 64000000
}
real_time {
  sec: 52
  nsec: 109277161
}
iterations: 12516
real_time_factor: 1.0000612537517923
step_size {
  nsec: 4000000
}

sim_time {
  sec: 50
  nsec: 164000000
}
real_time {
  sec: 52
  nsec: 209277575
}
iterations: 12541
real_time_factor: 0.9998507722722384
step_size {
  nsec: 4000000
}

sim_time {
  sec: 50
  nsec: 268000000
}
real_time {
  sec: 52
  nsec: 313276640
}
iterations: 12567
real_time_factor: 1.0000032500105625
step_size {
  nsec: 4000000
}

sim_time {
  sec: 50
  nsec: 372000000
}
real_time {
  sec: 52
  nsec: 417276500
}
iterations: 12593
real_time_factor: 0.99988076421886685
step_size {
  nsec: 4000000
}

sim_time {
  sec: 50
  nsec: 476000000
}
real_time {
  sec: 52
  nsec: 521276212
}
iterations: 12619
real_time_factor: 0.99998025039005478
step_size {
  nsec: 4000000
}

sim_time {
  sec: 50
  nsec: 576000000
}
real_time {
  sec: 52
  nsec: 621276299
}
iterations: 12644
real_time_factor: 1.0000242505880768
step_size {
  nsec: 4000000
}

sim_time {
  sec: 50
  nsec: 676000000
}
real_time {
  sec: 52
  nsec: 721276886
}
iterations: 12669
real_time_factor: 1.00117162108958
step_size {
  nsec: 4000000
}

sim_time {
  sec: 50
  nsec: 780000000
}
real_time {
  sec: 52
  nsec: 825280219
}
iterations: 12695
real_time_factor: 0.99913599714646761
step_size {
  nsec: 4000000
}

sim_time {
  sec: 50
  nsec: 884000000
}
real_time {
  sec: 52
  nsec: 929275795
}
iterations: 12721
real_time_factor: 1.0001492722788876
step_size {
  nsec: 4000000
}

sim_time {
  sec: 50
  nsec: 984000000
}
real_time {
  sec: 53
  nsec: 29276079
}
iterations: 12746
real_time_factor: 0.9999872501625604
step_size {
  nsec: 4000000
}

sim_time {
  sec: 51
  nsec: 84000000
}
real_time {
  sec: 53
  nsec: 129332695
}
iterations: 12771
real_time_factor: 0.98637641554262911
step_size {
  nsec: 4000000
}

sim_time {
  sec: 51
  nsec: 188000000
}
real_time {
  sec: 53
  nsec: 233275866
}
iterations: 12797
real_time_factor: 1.0000290008410244
step_size {
  nsec: 4000000
}

sim_time {
  sec: 51
  nsec: 288000000
}
real_time {
  sec: 53
  nsec: 333276985
}
iterations: 12822
real_time_factor: 0.99988551310874907
step_size {
  nsec: 4000000
}

sim_time {
  sec: 51
  nsec: 388000000
}
real_time {
  sec: 53
  nsec: 433277159
}
iterations: 12847
real_time_factor: 1.0002440595505304
step_size {
  nsec: 4000000
}

sim_time {
  sec: 51
  nsec: 492000000
}
real_time {
  sec: 53
  nsec: 537276032
}
iterations: 12873
real_time_factor: 1.0000475022563571
step_size {
  nsec: 4000000
}

sim_time {
  sec: 51
  nsec: 592000000
}
real_time {
  sec: 53
  nsec: 637276438
}
iterations: 12898
real_time_factor: 1.0002558154247949
step_size {
  nsec: 4000000
}

sim_time {
  sec: 51
  nsec: 696000000
}
real_time {
  sec: 53
  nsec: 741277903
}
iterations: 12924
real_time_factor: 0.9996633633623877
step_size {
  nsec: 4000000
}

sim_time {
  sec: 51
  nsec: 800000000
}
real_time {
  sec: 53
  nsec: 845276435
}
iterations: 12950
real_time_factor: 1.0002047919311479
step_size {
  nsec: 4000000
}

sim_time {
  sec: 51
  nsec: 904000000
}
real_time {
  sec: 53
  nsec: 949276808
}
iterations: 12976
real_time_factor: 0.99983202821925921
step_size {
  nsec: 4000000
}

sim_time {
  sec: 52
  nsec: 4000000
}
real_time {
  sec: 54
  nsec: 49280760
}
iterations: 13001
real_time_factor: 1.000475976445794
step_size {
  nsec: 4000000
}

sim_time {
  sec: 52
  nsec: 108000000
}
real_time {
  sec: 54
  nsec: 153276494
}
iterations: 13027
real_time_factor: 1.0002210488517962
step_size {
  nsec: 4000000
}

sim_time {
  sec: 52
  nsec: 212000000
}
real_time {
  sec: 54
  nsec: 257281752
}
iterations: 13053
real_time_factor: 0.99868572957987289
step_size {
  nsec: 4000000
}

sim_time {
  sec: 52
  nsec: 316000000
}
real_time {
  sec: 54
  nsec: 361276287
}
iterations: 13079
real_time_factor: 1.0000057500330626
step_size {
  nsec: 4000000
}

sim_time {
  sec: 52
  nsec: 416000000
}
real_time {
  sec: 54
  nsec: 461276474
}
iterations: 13104
real_time_factor: 1.0001030106100928
step_size {
  nsec: 4000000
}

sim_time {
  sec: 52
  nsec: 520000000
}
real_time {
  sec: 54
  nsec: 565276693
}
iterations: 13130
real_time_factor: 0.99997350070223134
step_size {
  nsec: 4000000
}

sim_time {
  sec: 52
  nsec: 620000000
}
real_time {
  sec: 54
  nsec: 665277047
}
iterations: 13155
real_time_factor: 1.0001677781447837
step_size {
  nsec: 4000000
}

sim_time {
  sec: 52
  nsec: 720000000
}
real_time {
  sec: 54
  nsec: 765278929
}
iterations: 13180
real_time_factor: 0.99930723026262047
step_size {
  nsec: 4000000
}

sim_time {
  sec: 52
  nsec: 824000000
}
real_time {
  sec: 54
  nsec: 869276055
}
iterations: 13206
real_time_factor: 0.99998975010506141
step_size {
  nsec: 4000000
}

sim_time {
  sec: 52
  nsec: 924000000
}
real_time {
  sec: 54
  nsec: 969277243
}
iterations: 13231
real_time_factor: 0.999908508371484
step_size {
  nsec: 4000000
}

sim_time {
  sec: 53
  nsec: 24000000
}
real_time {
  sec: 55
  nsec: 69277782
}
iterations: 13256
real_time_factor: 0.9996840998244555
step_size {
  nsec: 4000000
}

sim_time {
  sec: 53
  nsec: 128000000
}
real_time {
  sec: 55
  nsec: 173278178
}
iterations: 13282
real_time_factor: 0.999739567842577
step_size {
  nsec: 4000000
}

sim_time {
  sec: 53
  nsec: 232000000
}
real_time {
  sec: 55
  nsec: 277276160
}
iterations: 13308
real_time_factor: 1.0001195142819568
step_size {
  nsec: 4000000
}

sim_time {
  sec: 53
  nsec: 336000000
}
real_time {
  sec: 55
  nsec: 381276097
}
iterations: 13334
real_time_factor: 0.999999000001
step_size {
  nsec: 4000000
}

sim_time {
  sec: 53
  nsec: 436000000
}
real_time {
  sec: 55
  nsec: 481276547
}
iterations: 13359
real_time_factor: 0.99990175965211414
step_size {
  nsec: 4000000
}

sim_time {
  sec: 53
  nsec: 536000000
}
real_time {
  sec: 55
  nsec: 581276776
}
iterations: 13384
real_time_factor: 1.00000350001225
step_size {
  nsec: 4000000
}

sim_time {
  sec: 53
  nsec: 636000000
}
real_time {
  sec: 55
  nsec: 681280448
}
iterations: 13409
real_time_factor: 0.9990346827378046
step_size {
  nsec: 4000000
}

sim_time {
  sec: 53
  nsec: 740000000
}
real_time {
  sec: 55
  nsec: 785275903
}
iterations: 13435
real_time_factor: 1.0000130001690022
step_size {
  nsec: 4000000
}

sim_time {
  sec: 53
  nsec: 840000000
}
real_time {
  sec: 55
  nsec: 885276548
}
iterations: 13460
real_time_factor: 1.0000615037824827
step_size {
  nsec: 4000000
}

sim_time {
  sec: 53
  nsec: 944000000
}
real_time {
  sec: 55
  nsec: 989276753
}
iterations: 13486
real_time_factor: 0.99997800048398933
step_size {
  nsec: 4000000
}

sim_time {
  sec: 54
  nsec: 48000000
}
real_time {
  sec: 56
  nsec: 93275957
}
iterations: 13512
real_time_factor: 1.0000870075696586
step_size {
  nsec: 4000000
}

sim_time {
  sec: 54
  nsec: 148000000
}
real_time {
  sec: 56
  nsec: 193276472
}
iterations: 13537
real_time_factor: 1.000054502970412
step_size {
  nsec: 4000000
}

sim_time {
  sec: 54
  nsec: 252000000
}
real_time {
  sec: 56
  nsec: 297276116
}
iterations: 13563
real_time_factor: 1.0000335011222876
step_size {
  nsec: 4000000
}

sim_time {
  sec: 54
  nsec: 352000000
}
real_time {
  sec: 56
  nsec: 397277449
}
iterations: 13588
real_time_factor: 0.999605655568878
step_size {
  nsec: 4000000
}

sim_time {
  sec: 54
  nsec: 452000000
}
real_time {
  sec: 56
  nsec: 497283228
}
iterations: 13613
real_time_factor: 0.99970983422061743
step_size {
  nsec: 4000000
}

sim_time {
  sec: 54
  nsec: 556000000
}
real_time {
  sec: 56
  nsec: 601276991
}
iterations: 13639
real_time_factor: 0.99986251890365074
step_size {
  nsec: 4000000
}

sim_time {
  sec: 54
  nsec: 660000000
}
real_time {
  sec: 56
  nsec: 705276358
}
iterations: 13665
real_time_factor: 0.99994550297008811
step_size {
  nsec: 4000000
}

sim_time {
  sec: 54
  nsec: 760000000
}
real_time {
  sec: 56
  nsec: 805276784
}
iterations: 13690
real_time_factor: 1.0000337511391009
step_size {
  nsec: 4000000
}

sim_time {
  sec: 54
  nsec: 860000000
}
real_time {
  sec: 56
  nsec: 905279081
}
iterations: 13715
real_time_factor: 1.0024866681804214
step_size {
  nsec: 4000000
}

sim_time {
  sec: 54
  nsec: 964000000
}
real_time {
  sec: 57
  nsec: 9276456
}
iterations: 13741
real_time_factor: 0.9999157570974645
step_size {
  nsec: 4000000
}

sim_time {
  sec: 55
  nsec: 64000000
}
real_time {
  sec: 57
  nsec: 109276596
}
iterations: 13766
real_time_factor: 0.99998500022499659
step_size {
  nsec: 4000000
}

sim_time {
  sec: 55
  nsec: 164000000
}
real_time {
  sec: 57
  nsec: 209277225
}
iterations: 13791
real_time_factor: 0.99987176644595332
step_size {
  nsec: 4000000
}

sim_time {
  sec: 55
  nsec: 268000000
}
real_time {
  sec: 57
  nsec: 313276048
}
iterations: 13817
real_time_factor: 1.0000407516606302
step_size {
  nsec: 4000000
}

sim_time {
  sec: 55
  nsec: 368000000
}
real_time {
  sec: 57
  nsec: 413276654
}
iterations: 13842
real_time_factor: 1.0000362513141101
step_size {
  nsec: 4000000
}

sim_time {
  sec: 55
  nsec: 468000000
}
real_time {
  sec: 57
  nsec: 513279224
}
iterations: 13867
real_time_factor: 0.999508491699207
step_size {
  nsec: 4000000
}

sim_time {
  sec: 55
  nsec: 572000000
}
real_time {
  sec: 57
  nsec: 617276602
}
iterations: 13893
real_time_factor: 1.0001472716857558
step_size {
  nsec: 4000000
}

sim_time {
  sec: 55
  nsec: 676000000
}
real_time {
  sec: 57
  nsec: 721276972
}
iterations: 13919
real_time_factor: 0.99974906298519073
step_size {
  nsec: 4000000
}

sim_time {
  sec: 55
  nsec: 780000000
}
real_time {
  sec: 57
  nsec: 825276276
}
iterations: 13945
real_time_factor: 0.99996450126020531
step_size {
  nsec: 4000000
}

sim_time {
  sec: 55
  nsec: 884000000
}
real_time {
  sec: 57
  nsec: 929276914
}
iterations: 13971
real_time_factor: 0.99983252805155132
step_size {
  nsec: 4000000
}

sim_time {
  sec: 55
  nsec: 988000000
}
real_time {
  sec: 58
  nsec: 33276174
}
iterations: 13997
real_time_factor: 1.0000360012960468
step_size {
  nsec: 4000000
}

sim_time {
  sec: 56
  nsec: 88000000
}
real_time {
  sec: 58
  nsec: 133277448
}
iterations: 14022
real_time_factor: 1.0002490620164421
step_size {
  nsec: 4000000
}

sim_time {
  sec: 56
  nsec: 192000000
}
real_time {
  sec: 58
  nsec: 237276383
}
iterations: 14048
real_time_factor: 0.99998525021755924
step_size {
  nsec: 4000000
}

sim_time {
  sec: 56
  nsec: 292000000
}
real_time {
  sec: 58
  nsec: 337276521
}
iterations: 14073
real_time_factor: 1.0000802564405793
step_size {
  nsec: 4000000
}

sim_time {
  sec: 56
  nsec: 392000000
}
real_time {
  sec: 58
  nsec: 437278705
}
iterations: 14098
real_time_factor: 0.9994440592420466
step_size {
  nsec: 4000000
}

sim_time {
  sec: 56
  nsec: 496000000
}
real_time {
  sec: 58
  nsec: 541277912
}
iterations: 14124
real_time_factor: 0.99958017632594309
step_size {
  nsec: 4000000
}

sim_time {
  sec: 56
  nsec: 600000000
}
real_time {
  sec: 58
  nsec: 645277480
}
iterations: 14150
real_time_factor: 0.99992975493471581
step_size {
  nsec: 4000000
}

sim_time {
  sec: 56
  nsec: 704000000
}
real_time {
  sec: 58
  nsec: 749276196
}
iterations: 14176
real_time_factor: 1.0000060000360003
step_size {
  nsec: 4000000
}

sim_time {
  sec: 56
  nsec: 804000000
}
real_time {
  sec: 58
  nsec: 849277195
}
iterations: 14201
real_time_factor: 1.0004784788325016
step_size {
  nsec: 4000000
}

sim_time {
  sec: 56
  nsec: 908000000
}
real_time {
  sec: 58
  nsec: 953276763
}
iterations: 14227
real_time_factor: 0.99981603384977169
step_size {
  nsec: 4000000
}

sim_time {
  sec: 57
  nsec: 12000000
}
real_time {
  sec: 59
  nsec: 57279007
}
iterations: 14253
real_time_factor: 0.99926329313713469
step_size {
  nsec: 4000000
}

sim_time {
  sec: 57
  nsec: 116000000
}
real_time {
  sec: 59
  nsec: 161276074
}
iterations: 14279
real_time_factor: 1.0001427703804717
step_size {
  nsec: 4000000
}

sim_time {
  sec: 57
  nsec: 216000000
}
real_time {
  sec: 59
  nsec: 261276985
}
iterations: 14304
real_time_factor: 1.0002725742764904
step_size {
  nsec: 4000000
}

sim_time {
  sec: 57
  nsec: 316000000
}
real_time {
  sec: 59
  nsec: 361276942
}
iterations: 14329
real_time_factor: 1.0012668528856135
step_size {
  nsec: 4000000
}

sim_time {
  sec: 57
  nsec: 416000000
}
real_time {
  sec: 59
  nsec: 461277565
}
iterations: 14354
real_time_factor: 1.0005390404080199
step_size {
  nsec: 4000000
}

sim_time {
  sec: 57
  nsec: 520000000
}
real_time {
  sec: 59
  nsec: 565276841
}
iterations: 14380
real_time_factor: 1.0001242654399809
step_size {
  nsec: 4000000
}

sim_time {
  sec: 57
  nsec: 620000000
}
real_time {
  sec: 59
  nsec: 665277529
}
iterations: 14405
real_time_factor: 0.99991825668251622
step_size {
  nsec: 4000000
}

sim_time {
  sec: 57
  nsec: 724000000
}
real_time {
  sec: 59
  nsec: 769276619
}
iterations: 14431
real_time_factor: 1.0000085000722505
step_size {
  nsec: 4000000
}

sim_time {
  sec: 57
  nsec: 824000000
}
real_time {
  sec: 59
  nsec: 869277150
}
iterations: 14456
real_time_factor: 1.000302591533939
step_size {
  nsec: 4000000
}

sim_time {
  sec: 57
  nsec: 924000000
}
real_time {
  sec: 59
  nsec: 969279487
}
iterations: 14481
real_time_factor: 0.9991454808275223
step_size {
  nsec: 4000000
}

sim_time {
  sec: 58
  nsec: 28000000
}
real_time {
  sec: 60
  nsec: 73276502
}
iterations: 14507
real_time_factor: 0.99997375068904437
step_size {
  nsec: 4000000
}

sim_time {
  sec: 58
  nsec: 128000000
}
real_time {
  sec: 60
  nsec: 173277237
}
iterations: 14532
real_time_factor: 0.99996925094553346
step_size {
  nsec: 4000000
}

sim_time {
  sec: 58
  nsec: 232000000
}
real_time {
  sec: 60
  nsec: 277276063
}
iterations: 14558
real_time_factor: 1.0001565244960837
step_size {
  nsec: 4000000
}

sim_time {
  sec: 58
  nsec: 336000000
}
real_time {
  sec: 60
  nsec: 381276684
}
iterations: 14584
real_time_factor: 0.9999205063197476
step_size {
  nsec: 4000000
}

sim_time {
  sec: 58
  nsec: 436000000
}
real_time {
  sec: 60
  nsec: 481276533
}
iterations: 14609
real_time_factor: 1.0003884007966093
step_size {
  nsec: 4000000
}

sim_time {
  sec: 58
  nsec: 540000000
}
real_time {
  sec: 60
  nsec: 585275841
}
iterations: 14635
real_time_factor: 1.0000382514631185
step_size {
  nsec: 4000000
}

sim_time {
  sec: 58
  nsec: 640000000
}
real_time {
  sec: 60
  nsec: 685281514
}
iterations: 14660
real_time_factor: 0.99878323232721733
step_size {
  nsec: 4000000
}

sim_time {
  sec: 58
  nsec: 744000000
}
real_time {
  sec: 60
  nsec: 789276553
}
iterations: 14686
real_time_factor: 1.0001192642222585
step_size {
  nsec: 4000000
}

sim_time {
  sec: 58
  nsec: 844000000
}
real_time {
  sec: 60
  nsec: 889280708
}
iterations: 14711
real_time_factor: 0.99884982442717207
step_size {
  nsec: 4000000
}

sim_time {
  sec: 58
  nsec: 948000000
}
real_time {
  sec: 60
  nsec: 993277107
}
iterations: 14737
real_time_factor: 1.0001542737967331
step_size {
  nsec: 4000000
}

sim_time {
  sec: 59
  nsec: 52000000
}
real_time {
  sec: 61
  nsec: 97276571
}
iterations: 14763
real_time_factor: 0.99996900096097019
step_size {
  nsec: 4000000
}

sim_time {
  sec: 59
  nsec: 152000000
}
real_time {
  sec: 61
  nsec: 197277160
}
iterations: 14788
real_time_factor: 0.99985327153240267
step_size {
  nsec: 4000000
}

sim_time {
  sec: 59
  nsec: 256000000
}
real_time {
  sec: 61
  nsec: 301279005
}
iterations: 14814
real_time_factor: 0.99947852208110421
step_size {
  nsec: 4000000
}

sim_time {
  sec: 59
  nsec: 360000000
}
real_time {
  sec: 61
  nsec: 405276477
}
iterations: 14840
real_time_factor: 0.99997625056404915
step_size {
  nsec: 4000000
}

sim_time {
  sec: 59
  nsec: 464000000
}
real_time {
  sec: 61
  nsec: 509276248
}
iterations: 14866
real_time_factor: 0.999936504031994
step_size {
  nsec: 4000000
}

sim_time {
  sec: 59
  nsec: 564000000
}
real_time {
  sec: 61
  nsec: 609280592
}
iterations: 14891
real_time_factor: 0.99994150342204979
step_size {
  nsec: 4000000
}

sim_time {
  sec: 59
  nsec: 668000000
}
real_time {
  sec: 61
  nsec: 713276476
}
iterations: 14917
real_time_factor: 0.99998775015006069
step_size {
  nsec: 4000000
}

sim_time {
  sec: 59
  nsec: 772000000
}
real_time {
  sec: 61
  nsec: 817276130
}
iterations: 14943
real_time_factor: 0.99994125345135976
step_size {
  nsec: 4000000
}

sim_time {
  sec: 59
  nsec: 872000000
}
real_time {
  sec: 61
  nsec: 917276402
}
iterations: 14968
real_time_factor: 1.0001335178246296
step_size {
  nsec: 4000000
}

sim_time {
  sec: 59
  nsec: 972000000
}
real_time {
  sec: 62
  nsec: 17278316
}
iterations: 14993
real_time_factor: 0.99984877287310292
step_size {
  nsec: 4000000
}

sim_time {
  sec: 60
  nsec: 76000000
}
real_time {
  sec: 62
  nsec: 121276575
}
iterations: 15019
real_time_factor: 1.0000085000722505
step_size {
  nsec: 4000000
}

sim_time {
  sec: 60
  nsec: 180000000
}
real_time {
  sec: 62
  nsec: 225275795
}
iterations: 15045
real_time_factor: 1.0001035107133589
step_size {
  nsec: 4000000
}

sim_time {
  sec: 60
  nsec: 280000000
}
real_time {
  sec: 62
  nsec: 325276023
}
iterations: 15070
real_time_factor: 1.0000665044225441
step_size {
  nsec: 4000000
}

sim_time {
  sec: 60
  nsec: 380000000
}
real_time {
  sec: 62
  nsec: 425276205
}
iterations: 15095
real_time_factor: 1.0003536250064398
step_size {
  nsec: 4000000
}

sim_time {
  sec: 60
  nsec: 484000000
}
real_time {
  sec: 62
  nsec: 529276602
}
iterations: 15121
real_time_factor: 0.9999160070554074
step_size {
  nsec: 4000000
}

sim_time {
  sec: 60
  nsec: 588000000
}
real_time {
  sec: 62
  nsec: 633275925
}
iterations: 15147
real_time_factor: 1.00005750330644
step_size {
  nsec: 4000000
}

sim_time {
  sec: 60
  nsec: 692000000
}
real_time {
  sec: 62
  nsec: 737275897
}
iterations: 15173
real_time_factor: 1.000041001681069
step_size {
  nsec: 4000000
}

sim_time {
  sec: 60
  nsec: 792000000
}
real_time {
  sec: 62
  nsec: 837276978
}
iterations: 15198
real_time_factor: 1.0001127627139961
step_size {
  nsec: 4000000
}

sim_time {
  sec: 60
  nsec: 896000000
}
real_time {
  sec: 62
  nsec: 941276384
}
iterations: 15224
real_time_factor: 0.99998075037055534
step_size {
  nsec: 4000000
}

sim_time {
  sec: 60
  nsec: 996000000
}
real_time {
  sec: 63
  nsec: 41277529
}
iterations: 15249
real_time_factor: 0.99991375743842092
step_size {
  nsec: 4000000
}

sim_time {
  sec: 61
  nsec: 100000000
}
real_time {
  sec: 63
  nsec: 145276130
}
iterations: 15275
real_time_factor: 0.99997150081222685
step_size {
  nsec: 4000000
}

sim_time {
  sec: 61
  nsec: 200000000
}
real_time {
  sec: 63
  nsec: 245276262
}
iterations: 15300
real_time_factor: 1.000205292136211
step_size {
  nsec: 4000000
}

sim_time {
  sec: 61
  nsec: 304000000
}
real_time {
  sec: 63
  nsec: 349276589
}
iterations: 15326
real_time_factor: 0.99994600291584257
step_size {
  nsec: 4000000
}

sim_time {
  sec: 61
  nsec: 408000000
}
real_time {
  sec: 63
  nsec: 453275952
}
iterations: 15352
real_time_factor: 1.0000412517016326
step_size {
  nsec: 4000000
}

sim_time {
  sec: 61
  nsec: 508000000
}
real_time {
  sec: 63
  nsec: 553276416
}
iterations: 15377
real_time_factor: 1.00005725327775
step_size {
  nsec: 4000000
}

sim_time {
  sec: 61
  nsec: 612000000
}
real_time {
  sec: 63
  nsec: 657279086
}
iterations: 15403
real_time_factor: 0.99926154571771464
step_size {
  nsec: 4000000
}

sim_time {
  sec: 61
  nsec: 716000000
}
real_time {
  sec: 63
  nsec: 761276636
}
iterations: 15429
real_time_factor: 0.99986501822253993
step_size {
  nsec: 4000000
}

sim_time {
  sec: 61
  nsec: 820000000
}
real_time {
  sec: 63
  nsec: 865276167
}
iterations: 15455
real_time_factor: 0.999987500156248
step_size {
  nsec: 4000000
}

sim_time {
  sec: 61
  nsec: 920000000
}
real_time {
  sec: 63
  nsec: 965277084
}
iterations: 15480
real_time_factor: 1.0002700729196883
step_size {
  nsec: 4000000
}

sim_time {
  sec: 62
  nsec: 24000000
}
real_time {
  sec: 64
  nsec: 69276244
}
iterations: 15506
real_time_factor: 0.9999855002102469
step_size {
  nsec: 4000000
}

sim_time {
  sec: 62
  nsec: 124000000
}
real_time {
  sec: 64
  nsec: 169276772
}
iterations: 15531
real_time_factor: 0.99991850664170867
step_size {
  nsec: 4000000
}

sim_time {
  sec: 62
  nsec: 228000000
}
real_time {
  sec: 64
  nsec: 273277317
}
iterations: 15557
real_time_factor: 0.99974706399280977
step_size {
  nsec: 4000000
}

sim_time {
  sec: 62
  nsec: 332000000
}
real_time {
  sec: 64
  nsec: 377276157
}
iterations: 15583
real_time_factor: 0.99994375316388451
step_size {
  nsec: 4000000
}

sim_time {
  sec: 62
  nsec: 436000000
}
real_time {
  sec: 64
  nsec: 481276275
}
iterations: 15609
real_time_factor: 0.99993225458975155
step_size {
  nsec: 4000000
}

sim_time {
  sec: 62
  nsec: 540000000
}
real_time {
  sec: 64
  nsec: 585276149
}
iterations: 15635
real_time_factor: 1.0000157502480664
step_size {
  nsec: 4000000
}

sim_time {
  sec: 62
  nsec: 640000000
}
real_time {
  sec: 64
  nsec: 685275954
}
iterations: 15660
real_time_factor: 1.0000850072256142
step_size {
  nsec: 4000000
}

sim_time {
  sec: 62
  nsec: 740000000
}
real_time {
  sec: 64
  nsec: 785281781
}
iterations: 15685
real_time_factor: 0.99856605913907626
step_size {
  nsec: 4000000
}

sim_time {
  sec: 62
  nsec: 844000000
}
real_time {
  sec: 64
  nsec: 889276983
}
iterations: 15711
real_time_factor: 0.99990900828024654
step_size {
  nsec: 4000000
}

sim_time {
  sec: 62
  nsec: 948000000
}
real_time {
  sec: 64
  nsec: 993276906
}
iterations: 15737
real_time_factor: 0.9999205063197476
step_size {
  nsec: 4000000
}

sim_time {
  sec: 63
  nsec: 52000000
}
real_time {
  sec: 65
  nsec: 97276237
}
iterations: 15763
real_time_factor: 0.99998075037055534
step_size {
  nsec: 4000000
}

sim_time {
  sec: 63
  nsec: 152000000
}
real_time {
  sec: 65
  nsec: 197276234
}
iterations: 15788
real_time_factor: 1.0000320010240327
step_size {
  nsec: 4000000
}

sim_time {
  sec: 63
  nsec: 256000000
}
real_time {
  sec: 65
  nsec: 301276305
}
iterations: 15814
real_time_factor: 0.99999250005624962
step_size {
  nsec: 4000000
}

sim_time {
  sec: 63
  nsec: 360000000
}
real_time {
  sec: 65
  nsec: 405276440
}
iterations: 15840
real_time_factor: 0.99995075242544307
step_size {
  nsec: 4000000
}

sim_time {
  sec: 63
  nsec: 464000000
}
real_time {
  sec: 65
  nsec: 509276537
}
iterations: 15866
real_time_factor: 0.99995575195797581
step_size {
  nsec: 4000000
}

sim_time {
  sec: 63
  nsec: 568000000
}
real_time {
  sec: 65
  nsec: 613278131
}
iterations: 15892
real_time_factor: 0.99966636135189879
step_size {
  nsec: 4000000
}

sim_time {
  sec: 63
  nsec: 672000000
}
real_time {
  sec: 65
  nsec: 717276411
}
iterations: 15918
real_time_factor: 0.999960001599936
step_size {
  nsec: 4000000
}

sim_time {
  sec: 63
  nsec: 772000000
}
real_time {
  sec: 65
  nsec: 817276586
}
iterations: 15943
real_time_factor: 1.0004534555287183
step_size {
  nsec: 4000000
}

sim_time {
  sec: 63
  nsec: 876000000
}
real_time {
  sec: 65
  nsec: 921276634
}
iterations: 15969
real_time_factor: 0.99991625701347508
step_size {
  nsec: 4000000
}

sim_time {
  sec: 63
  nsec: 980000000
}
real_time {
  sec: 66
  nsec: 25276191
}
iterations: 15995
real_time_factor: 1.00012451550218
step_size {
  nsec: 4000000
}

sim_time {
  sec: 64
  nsec: 84000000
}
real_time {
  sec: 66
  nsec: 129276461
}
iterations: 16021
real_time_factor: 0.99999475002756233
step_size {
  nsec: 4000000
}

sim_time {
  sec: 64
  nsec: 188000000
}
real_time {
  sec: 66
  nsec: 233276515
}
iterations: 16047
real_time_factor: 1.00005725327775
step_size {
  nsec: 4000000
}

sim_time {
  sec: 64
  nsec: 288000000
}
real_time {
  sec: 66
  nsec: 333277046
}
iterations: 16072
real_time_factor: 0.99999025009506159
step_size {
  nsec: 4000000
}

sim_time {
  sec: 64
  nsec: 392000000
}
real_time {
  sec: 66
  nsec: 437277023
}
iterations: 16098
real_time_factor: 1.0000272507425827
step_size {
  nsec: 4000000
}

sim_time {
  sec: 64
  nsec: 492000000
}
real_time {
  sec: 66
  nsec: 537277397
}
iterations: 16123
real_time_factor: 0.99973806862602
step_size {
  nsec: 4000000
}

sim_time {
  sec: 64
  nsec: 596000000
}
real_time {
  sec: 66
  nsec: 641278226
}
iterations: 16149
real_time_factor: 0.99981203533735663
step_size {
  nsec: 4000000
}

sim_time {
  sec: 64
  nsec: 696000000
}
real_time {
  sec: 66
  nsec: 741303044
}
iterations: 16174
real_time_factor: 0.99360096140829024
step_size {
  nsec: 4000000
}

sim_time {
  sec: 64
  nsec: 800000000
}
real_time {
  sec: 66
  nsec: 845276393
}
iterations: 16200
real_time_factor: 0.99994850265211344
step_size {
  nsec: 4000000
}

sim_time {
  sec: 64
  nsec: 900000000
}
real_time {
  sec: 66
  nsec: 945276599
}
iterations: 16225
real_time_factor: 0.99990000999900008
step_size {
  nsec: 4000000
}

sim_time {
  sec: 65
  nsec: 4000000
}
real_time {
  sec: 67
  nsec: 49276383
}
iterations: 16251
real_time_factor: 1.0000065000422502
step_size {
  nsec: 4000000
}

sim_time {
  sec: 65
  nsec: 108000000
}
real_time {
  sec: 67
  nsec: 153276128
}
iterations: 16277
real_time_factor: 0.99996025157999968
step_size {
  nsec: 4000000
}

sim_time {
  sec: 65
  nsec: 208000000
}
real_time {
  sec: 67
  nsec: 253276461
}
iterations: 16302
real_time_factor: 1.0002798282819618
step_size {
  nsec: 4000000
}

sim_time {
  sec: 65
  nsec: 312000000
}
real_time {
  sec: 67
  nsec: 357276109
}
iterations: 16328
real_time_factor: 0.99996475124251871
step_size {
  nsec: 4000000
}

sim_time {
  sec: 65
  nsec: 416000000
}
real_time {
  sec: 67
  nsec: 461277136
}
iterations: 16354
real_time_factor: 0.99977505061361194
step_size {
  nsec: 4000000
}

sim_time {
  sec: 65
  nsec: 520000000
}
real_time {
  sec: 67
  nsec: 565277025
}
iterations: 16380
real_time_factor: 0.99995325218546038
step_size {
  nsec: 4000000
}

sim_time {
  sec: 65
  nsec: 624000000
}
real_time {
  sec: 67
  nsec: 669276580
}
iterations: 16406
real_time_factor: 1.0000250006250155
step_size {
  nsec: 4000000
}

sim_time {
  sec: 65
  nsec: 724000000
}
real_time {
  sec: 67
  nsec: 769277078
}
iterations: 16431
real_time_factor: 1.0001337678914555
step_size {
  nsec: 4000000
}

sim_time {
  sec: 65
  nsec: 828000000
}
real_time {
  sec: 67
  nsec: 873275767
}
iterations: 16457
real_time_factor: 1.0002775770276251
step_size {
  nsec: 4000000
}

sim_time {
  sec: 65
  nsec: 928000000
}
real_time {
  sec: 67
  nsec: 973276205
}
iterations: 16482
real_time_factor: 1.0000090000810007
step_size {
  nsec: 4000000
}

sim_time {
  sec: 66
  nsec: 28000000
}
real_time {
  sec: 68
  nsec: 73276795
}
iterations: 16507
real_time_factor: 1.0000160002560041
step_size {
  nsec: 4000000
}

sim_time {
  sec: 66
  nsec: 128000000
}
real_time {
  sec: 68
  nsec: 173276646
}
iterations: 16532
real_time_factor: 0.99988151404058623
step_size {
  nsec: 4000000
}

sim_time {
  sec: 66
  nsec: 228000000
}
real_time {
  sec: 68
  nsec: 273280361
}
iterations: 16557
real_time_factor: 0.99898004137775331
step_size {
  nsec: 4000000
}

sim_time {
  sec: 66
  nsec: 332000000
}
real_time {
  sec: 68
  nsec: 377277027
}
iterations: 16583
real_time_factor: 0.99988601299451862
step_size {
  nsec: 4000000
}

sim_time {
  sec: 66
  nsec: 436000000
}
real_time {
  sec: 68
  nsec: 481276415
}
iterations: 16609
real_time_factor: 0.99988151404058623
step_size {
  nsec: 4000000
}

sim_time {
  sec: 66
  nsec: 536000000
}
real_time {
  sec: 68
  nsec: 581276537
}
iterations: 16634
real_time_factor: 1.0001037607651795
step_size {
  nsec: 4000000
}

sim_time {
  sec: 66
  nsec: 640000000
}
real_time {
  sec: 68
  nsec: 685276031
}
iterations: 16660
real_time_factor: 1.00000450002025
step_size {
  nsec: 4000000
}

sim_time {
  sec: 66
  nsec: 740000000
}
real_time {
  sec: 68
  nsec: 785276738
}
iterations: 16685
real_time_factor: 1.0000135001822525
step_size {
  nsec: 4000000
}

sim_time {
  sec: 66
  nsec: 844000000
}
real_time {
  sec: 68
  nsec: 889276324
}
iterations: 16711
real_time_factor: 1.0000090000810007
step_size {
  nsec: 4000000
}

sim_time {
  sec: 66
  nsec: 944000000
}
real_time {
  sec: 68
  nsec: 989277530
}
iterations: 16736
real_time_factor: 0.99954171012590731
step_size {
  nsec: 4000000
}

sim_time {
  sec: 67
  nsec: 48000000
}
real_time {
  sec: 69
  nsec: 93276284
}
iterations: 16762
real_time_factor: 0.99998100036099313
step_size {
  nsec: 4000000
}

sim_time {
  sec: 67
  nsec: 152000000
}
real_time {
  sec: 69
  nsec: 197276231
}
iterations: 16788
real_time_factor: 0.99991850664170867
step_size {
  nsec: 4000000
}

sim_time {
  sec: 67
  nsec: 256000000
}
real_time {
  sec: 69
  nsec: 301275988
}
iterations: 16814
real_time_factor: 1.0000922585108476
step_size {
  nsec: 4000000
}

sim_time {
  sec: 67
  nsec: 356000000
}
real_time {
  sec: 69
  nsec: 401276124
}
iterations: 16839
real_time_factor: 0.99994625288890726
step_size {
  nsec: 4000000
}

sim_time {
  sec: 67
  nsec: 456000000
}
real_time {
  sec: 69
  nsec: 501276843
}
iterations: 16864
real_time_factor: 1.0004164233362136
step_size {
  nsec: 4000000
}

sim_time {
  sec: 67
  nsec: 560000000
}
real_time {
  sec: 69
  nsec: 605275971
}
iterations: 16890
real_time_factor: 1.0000390015210594
step_size {
  nsec: 4000000
}

sim_time {
  sec: 67
  nsec: 660000000
}
real_time {
  sec: 69
  nsec: 705277885
}
iterations: 16915
real_time_factor: 0.999636132447789
step_size {
  nsec: 4000000
}

sim_time {
  sec: 67
  nsec: 764000000
}
real_time {
  sec: 69
  nsec: 809276049
}
iterations: 16941
real_time_factor: 1.0000740054764052
step_size {
  nsec: 4000000
}

sim_time {
  sec: 67
  nsec: 868000000
}
real_time {
  sec: 69
  nsec: 913276288
}
iterations: 16967
real_time_factor: 0.99994875262642791
step_size {
  nsec: 4000000
}

sim_time {
  sec: 67
  nsec: 968000000
}
real_time {
  sec: 70
  nsec: 13277368
}
iterations: 16992
real_time_factor: 1.0231513573381694
step_size {
  nsec: 4000000
}

sim_time {
  sec: 68
  nsec: 72000000
}
real_time {
  sec: 70
  nsec: 117276070
}
iterations: 17018
real_time_factor: 1.0000877577007383
step_size {
  nsec: 4000000
}

sim_time {
  sec: 68
  nsec: 172000000
}
real_time {
  sec: 70
  nsec: 217276417
}
iterations: 17043
real_time_factor: 0.99994850265211344
step_size {
  nsec: 4000000
}

sim_time {
  sec: 68
  nsec: 276000000
}
real_time {
  sec: 70
  nsec: 321276113
}
iterations: 17069
real_time_factor: 1.00006675445586
step_size {
  nsec: 4000000
}

sim_time {
  sec: 68
  nsec: 380000000
}
real_time {
  sec: 70
  nsec: 425275624
}
iterations: 17095
real_time_factor: 1.000110762266921
step_size {
  nsec: 4000000
}

sim_time {
  sec: 68
  nsec: 480000000
}
real_time {
  sec: 70
  nsec: 525276134
}
iterations: 17120
real_time_factor: 1.0000230005290123
step_size {
  nsec: 4000000
}

sim_time {
  sec: 68
  nsec: 580000000
}
real_time {
  sec: 70
  nsec: 625276570
}
iterations: 17145
real_time_factor: 0.99984227488113753
step_size {
  nsec: 4000000
}

sim_time {
  sec: 68
  nsec: 684000000
}
real_time {
  sec: 70
  nsec: 729276137
}
iterations: 17171
real_time_factor: 1.0000877577007383
step_size {
  nsec: 4000000
}

sim_time {
  sec: 68
  nsec: 788000000
}
real_time {
  sec: 70
  nsec: 833276158
}
iterations: 17197
real_time_factor: 0.99998800014399825
step_size {
  nsec: 4000000
}

sim_time {
  sec: 68
  nsec: 892000000
}
real_time {
  sec: 70
  nsec: 937276262
}
iterations: 17223
real_time_factor: 0.99998125035155594
step_size {
  nsec: 4000000
}

sim_time {
  sec: 68
  nsec: 992000000
}
real_time {
  sec: 71
  nsec: 37276485
}
iterations: 17248
real_time_factor: 1.000150272578455
step_size {
  nsec: 4000000
}

sim_time {
  sec: 69
  nsec: 96000000
}
real_time {
  sec: 71
  nsec: 141276302
}
iterations: 17274
real_time_factor: 1.0000252506375786
step_size {
  nsec: 4000000
}

sim_time {
  sec: 69
  nsec: 200000000
}
real_time {
  sec: 71
  nsec: 245276560
}
iterations: 17300
real_time_factor: 0.99995800176392591
step_size {
  nsec: 4000000
}

sim_time {
  sec: 69
  nsec: 300000000
}
real_time {
  sec: 71
  nsec: 345283675
}
iterations: 17325
real_time_factor: 0.99827124377359511
step_size {
  nsec: 4000000
}

sim_time {
  sec: 69
  nsec: 404000000
}
real_time {
  sec: 71
  nsec: 449276432
}
iterations: 17351
real_time_factor: 0.99994875262642791
step_size {
  nsec: 4000000
}

sim_time {
  sec: 69
  nsec: 504000000
}
real_time {
  sec: 71
  nsec: 549278612
}
iterations: 17376
real_time_factor: 1.000182783403667
step_size {
  nsec: 4000000
}

sim_time {
  sec: 69
  nsec: 608000000
}
real_time {
  sec: 71
  nsec: 653276330
}
iterations: 17402
real_time_factor: 0.99998825013806092
step_size {
  nsec: 4000000
}

sim_time {
  sec: 69
  nsec: 708000000
}
real_time {
  sec: 71
  nsec: 753276747
}
iterations: 17427
real_time_factor: 1.0000807565210892
step_size {
  nsec: 4000000
}

sim_time {
  sec: 69
  nsec: 812000000
}
real_time {
  sec: 71
  nsec: 857276970
}
iterations: 17453
real_time_factor: 1.0000812566020989
step_size {
  nsec: 4000000
}

sim_time {
  sec: 69
  nsec: 916000000
}
real_time {
  sec: 71
  nsec: 961276232
}
iterations: 17479
real_time_factor: 1.0000762558145058
step_size {
  nsec: 4000000
}

sim_time {
  sec: 70
  nsec: 16000000
}
real_time {
  sec: 72
  nsec: 61320681
}
iterations: 17504
real_time_factor: 0.98969259900451767
step_size {
  nsec: 4000000
}

sim_time {
  sec: 70
  nsec: 120000000
}
real_time {
  sec: 72
  nsec: 165277556
}
iterations: 17530
real_time_factor: 1.000528028667129
step_size {
  nsec: 4000000
}

