sim_time {
  nsec: 4000000
}
real_time {
  sec: 1
  nsec: 775783927
}
iterations: 1
real_time_factor: 0.0022525263007406419
step_size {
  nsec: 4000000
}

sim_time {
  nsec: 108000000
}
real_time {
  sec: 1
  nsec: 879770202
}
iterations: 27
real_time_factor: 0.99981278505599824
step_size {
  nsec: 4000000
}

sim_time {
  nsec: 212000000
}
real_time {
  sec: 1
  nsec: 983825042
}
iterations: 53
real_time_factor: 0.98627232211654037
step_size {
  nsec: 4000000
}

sim_time {
  nsec: 316000000
}
real_time {
  sec: 2
  nsec: 87769614
}
iterations: 79
real_time_factor: 0.99998625018906
step_size {
  nsec: 4000000
}

sim_time {
  nsec: 416000000
}
real_time {
  sec: 2
  nsec: 187770149
}
iterations: 104
real_time_factor: 0.99979654140382435
step_size {
  nsec: 4000000
}

sim_time {
  nsec: 516000000
}
real_time {
  sec: 2
  nsec: 287777055
}
iterations: 129
real_time_factor: 0.99889023295119128
step_size {
  nsec: 4000000
}

sim_time {
  nsec: 620000000
}
real_time {
  sec: 2
  nsec: 391769896
}
iterations: 155
real_time_factor: 0.99998150034224365
step_size {
  nsec: 4000000
}

sim_time {
  nsec: 724000000
}
real_time {
  sec: 2
  nsec: 495769264
}
iterations: 181
real_time_factor: 1.0000140001960027
step_size {
  nsec: 4000000
}

sim_time {
  nsec: 824000000
}
real_time {
  sec: 2
  nsec: 595769753
}
iterations: 206
real_time_factor: 1.0004401936852214
step_size {
  nsec: 4000000
}

sim_time {
  nsec: 928000000
}
real_time {
  sec: 2
  nsec: 699769389
}
iterations: 232
real_time_factor: 0.99997250075622923
step_size {
  nsec: 4000000
}

sim_time {
  sec: 1
  nsec: 28000000
}
real_time {
  sec: 2
  nsec: 799769749
}
iterations: 257
real_time_factor: 1.0000232505405751
step_size {
  nsec: 4000000
}

sim_time {
  sec: 1
  nsec: 132000000
}
real_time {
  sec: 2
  nsec: 903769523
}
iterations: 283
real_time_factor: 1.0000465021623506
step_size {
  nsec: 4000000
}

sim_time {
  sec: 1
  nsec: 232000000
}
real_time {
  sec: 3
  nsec: 3769604
}
iterations: 308
real_time_factor: 0.99994475305239383
step_size {
  nsec: 4000000
}

sim_time {
  sec: 1
  nsec: 336000000
}
real_time {
  sec: 3
  nsec: 107769416
}
iterations: 334
real_time_factor: 1.0000162502640668
step_size {
  nsec: 4000000
}

sim_time {
  sec: 1
  nsec: 440000000
}
real_time {
  sec: 3
  nsec: 211769275
}
iterations: 360
real_time_factor: 1.000055503080421
step_size {
  nsec: 4000000
}

sim_time {
  sec: 1
  nsec: 544000000
}
real_time {
  sec: 3
  nsec: 315769762
}
iterations: 386
real_time_factor: 0.9998820139223572
step_size {
  nsec: 4000000
}

sim_time {
  sec: 1
  nsec: 648000000
}
real_time {
  sec: 3
  nsec: 419769973
}
iterations: 412
real_time_factor: 0.99984502402127673
step_size {
  nsec: 4000000
}

sim_time {
  sec: 1
  nsec: 752000000
}
real_time {
  sec: 3
  nsec: 523769312
}
iterations: 438
real_time_factor: 0.99998400025599588
step_size {
  nsec: 4000000
}

sim_time {
  sec: 1
  nsec: 784000000
}
real_time {
  sec: 3
  nsec: 843853533
}
iterations: 446
real_time_factor: 0.013694707869473178
step_size {
  nsec: 4000000
}

sim_time {
  sec: 1
  nsec: 888000000
}
real_time {
  sec: 3
  nsec: 947849085
}
iterations: 472
real_time_factor: 1.0002295526823406
step_size {
  nsec: 4000000
}

sim_time {
  sec: 1
  nsec: 992000000
}
real_time {
  sec: 4
  nsec: 51848971
}
iterations: 498
real_time_factor: 0.99995375213896354
step_size {
  nsec: 4000000
}

sim_time {
  sec: 2
  nsec: 96000000
}
real_time {
  sec: 4
  nsec: 155848931
}
iterations: 524
real_time_factor: 1.0000392515406229
step_size {
  nsec: 4000000
}

sim_time {
  sec: 2
  nsec: 196000000
}
real_time {
  sec: 4
  nsec: 255848890
}
iterations: 549
real_time_factor: 1.0000972594584823
step_size {
  nsec: 4000000
}

sim_time {
  sec: 2
  nsec: 300000000
}
real_time {
  sec: 4
  nsec: 359848914
}
iterations: 575
real_time_factor: 1.0000187503515692
step_size {
  nsec: 4000000
}

sim_time {
  sec: 2
  nsec: 404000000
}
real_time {
  sec: 4
  nsec: 463848976
}
iterations: 601
real_time_factor: 1.0000370013690507
step_size {
  nsec: 4000000
}

sim_time {
  sec: 2
  nsec: 504000000
}
real_time {
  sec: 4
  nsec: 563849010
}
iterations: 626
real_time_factor: 0.999967751040029
step_size {
  nsec: 4000000
}

sim_time {
  sec: 2
  nsec: 608000000
}
real_time {
  sec: 4
  nsec: 667849117
}
iterations: 652
real_time_factor: 0.999998000004
step_size {
  nsec: 4000000
}

sim_time {
  sec: 2
  nsec: 712000000
}
real_time {
  sec: 4
  nsec: 771848975
}
iterations: 678
real_time_factor: 0.99987526556062134
step_size {
  nsec: 4000000
}

sim_time {
  sec: 2
  nsec: 816000000
}
real_time {
  sec: 4
  nsec: 875848813
}
iterations: 704
real_time_factor: 0.99998175033305647
step_size {
  nsec: 4000000
}

sim_time {
  sec: 2
  nsec: 916000000
}
real_time {
  sec: 4
  nsec: 975849384
}
iterations: 729
real_time_factor: 1.0000232505405751
step_size {
  nsec: 4000000
}

sim_time {
  sec: 3
  nsec: 20000000
}
real_time {
  sec: 5
  nsec: 79849788
}
iterations: 755
real_time_factor: 0.99995600193591483
step_size {
  nsec: 4000000
}

sim_time {
  sec: 3
  nsec: 124000000
}
real_time {
  sec: 5
  nsec: 183850496
}
iterations: 781
real_time_factor: 0.99973856836437269
step_size {
  nsec: 4000000
}

sim_time {
  sec: 3
  nsec: 228000000
}
real_time {
  sec: 5
  nsec: 287849159
}
iterations: 807
real_time_factor: 1.0000325010562843
step_size {
  nsec: 4000000
}

sim_time {
  sec: 3
  nsec: 328000000
}
real_time {
  sec: 5
  nsec: 387849544
}
iterations: 832
real_time_factor: 1.0000047500225626
step_size {
  nsec: 4000000
}

sim_time {
  sec: 3
  nsec: 432000000
}
real_time {
  sec: 5
  nsec: 491848874
}
iterations: 858
real_time_factor: 1.0001690285658276
step_size {
  nsec: 4000000
}

sim_time {
  sec: 3
  nsec: 532000000
}
real_time {
  sec: 5
  nsec: 591849206
}
iterations: 883
real_time_factor: 0.99995600193591483
step_size {
  nsec: 4000000
}

sim_time {
  sec: 3
  nsec: 636000000
}
real_time {
  sec: 5
  nsec: 695849009
}
iterations: 909
real_time_factor: 1.0000650042252746
step_size {
  nsec: 4000000
}

sim_time {
  sec: 3
  nsec: 736000000
}
real_time {
  sec: 5
  nsec: 795849348
}
iterations: 934
real_time_factor: 1.0000972594584823
step_size {
  nsec: 4000000
}

sim_time {
  sec: 3
  nsec: 836000000
}
real_time {
  sec: 5
  nsec: 895850344
}
iterations: 959
real_time_factor: 0.99995150235213592
step_size {
  nsec: 4000000
}

sim_time {
  sec: 3
  nsec: 936000000
}
real_time {
  sec: 5
  nsec: 995850645
}
iterations: 984
real_time_factor: 0.99967160787681242
step_size {
  nsec: 4000000
}

sim_time {
  sec: 4
  nsec: 40000000
}
real_time {
  sec: 6
  nsec: 99849270
}
iterations: 1010
real_time_factor: 1.0002825798288015
step_size {
  nsec: 4000000
}

sim_time {
  sec: 4
  nsec: 140000000
}
real_time {
  sec: 6
  nsec: 199849766
}
iterations: 1035
real_time_factor: 1.000058003364195
step_size {
  nsec: 4000000
}

sim_time {
  sec: 4
  nsec: 240000000
}
real_time {
  sec: 6
  nsec: 299850327
}
iterations: 1060
real_time_factor: 1.0004401936852214
step_size {
  nsec: 4000000
}

sim_time {
  sec: 4
  nsec: 340000000
}
real_time {
  sec: 6
  nsec: 399851313
}
iterations: 1085
real_time_factor: 0.99970158907566087
step_size {
  nsec: 4000000
}

sim_time {
  sec: 4
  nsec: 444000000
}
real_time {
  sec: 6
  nsec: 503850309
}
iterations: 1111
real_time_factor: 0.99999550002025
step_size {
  nsec: 4000000
}

sim_time {
  sec: 4
  nsec: 544000000
}
real_time {
  sec: 6
  nsec: 603853341
}
iterations: 1136
real_time_factor: 0.9990334351514909
step_size {
  nsec: 4000000
}

sim_time {
  sec: 4
  nsec: 648000000
}
real_time {
  sec: 6
  nsec: 707850235
}
iterations: 1162
real_time_factor: 0.99997725051755071
step_size {
  nsec: 4000000
}

sim_time {
  sec: 4
  nsec: 752000000
}
real_time {
  sec: 6
  nsec: 811849627
}
iterations: 1188
real_time_factor: 1.0002040416244915
step_size {
  nsec: 4000000
}

sim_time {
  sec: 4
  nsec: 852000000
}
real_time {
  sec: 6
  nsec: 911849743
}
iterations: 1213
real_time_factor: 1.0000162502640668
step_size {
  nsec: 4000000
}

sim_time {
  sec: 4
  nsec: 956000000
}
real_time {
  sec: 7
  nsec: 15850043
}
iterations: 1239
real_time_factor: 0.99998175033305647
step_size {
  nsec: 4000000
}

sim_time {
  sec: 5
  nsec: 60000000
}
real_time {
  sec: 7
  nsec: 119849436
}
iterations: 1265
real_time_factor: 0.99989826035200924
step_size {
  nsec: 4000000
}

sim_time {
  sec: 5
  nsec: 160000000
}
real_time {
  sec: 7
  nsec: 219850301
}
iterations: 1290
real_time_factor: 0.9997895443009247
step_size {
  nsec: 4000000
}

sim_time {
  sec: 5
  nsec: 264000000
}
real_time {
  sec: 7
  nsec: 323848991
}
iterations: 1316
real_time_factor: 1.0001620262482522
step_size {
  nsec: 4000000
}

sim_time {
  sec: 5
  nsec: 364000000
}
real_time {
  sec: 7
  nsec: 423849245
}
iterations: 1341
real_time_factor: 0.99994225333486986
step_size {
  nsec: 4000000
}

sim_time {
  sec: 5
  nsec: 464000000
}
real_time {
  sec: 7
  nsec: 523850786
}
iterations: 1366
real_time_factor: 0.99988001439827223
step_size {
  nsec: 4000000
}

sim_time {
  sec: 5
  nsec: 568000000
}
real_time {
  sec: 7
  nsec: 627849458
}
iterations: 1392
real_time_factor: 1.0001182639847161
step_size {
  nsec: 4000000
}

sim_time {
  sec: 5
  nsec: 672000000
}
real_time {
  sec: 7
  nsec: 731849590
}
iterations: 1418
real_time_factor: 0.99988701276755731
step_size {
  nsec: 4000000
}

sim_time {
  sec: 5
  nsec: 772000000
}
real_time {
  sec: 7
  nsec: 831850400
}
iterations: 1443
real_time_factor: 0.99987751500441191
step_size {
  nsec: 4000000
}

sim_time {
  sec: 5
  nsec: 876000000
}
real_time {
  sec: 7
  nsec: 935850477
}
iterations: 1469
real_time_factor: 0.99988926226420427
step_size {
  nsec: 4000000
}

sim_time {
  sec: 5
  nsec: 976000000
}
real_time {
  sec: 8
  nsec: 35850695
}
iterations: 1494
real_time_factor: 0.99985876994874479
step_size {
  nsec: 4000000
}

sim_time {
  sec: 6
  nsec: 80000000
}
real_time {
  sec: 8
  nsec: 139849346
}
iterations: 1520
real_time_factor: 0.99998625018906
step_size {
  nsec: 4000000
}

sim_time {
  sec: 6
  nsec: 180000000
}
real_time {
  sec: 8
  nsec: 239849637
}
iterations: 1545
real_time_factor: 1.0010105201200612
step_size {
  nsec: 4000000
}

sim_time {
  sec: 6
  nsec: 280000000
}
real_time {
  sec: 8
  nsec: 339851011
}
iterations: 1570
real_time_factor: 1.0002200484106503
step_size {
  nsec: 4000000
}

sim_time {
  sec: 6
  nsec: 384000000
}
real_time {
  sec: 8
  nsec: 443849783
}
iterations: 1596
real_time_factor: 0.9998660179535942
step_size {
  nsec: 4000000
}

sim_time {
  sec: 6
  nsec: 488000000
}
real_time {
  sec: 8
  nsec: 547849425
}
iterations: 1622
real_time_factor: 1.0000280007840219
step_size {
  nsec: 4000000
}

sim_time {
  sec: 6
  nsec: 588000000
}
real_time {
  sec: 8
  nsec: 647850846
}
iterations: 1647
real_time_factor: 0.99982877932154124
step_size {
  nsec: 4000000
}

sim_time {
  sec: 6
  nsec: 692000000
}
real_time {
  sec: 8
  nsec: 751849701
}
iterations: 1673
real_time_factor: 0.99998150034224365
step_size {
  nsec: 4000000
}

sim_time {
  sec: 6
  nsec: 796000000
}
real_time {
  sec: 8
  nsec: 855849130
}
iterations: 1699
real_time_factor: 0.99999775000506252
step_size {
  nsec: 4000000
}

sim_time {
  sec: 6
  nsec: 896000000
}
real_time {
  sec: 8
  nsec: 955849522
}
iterations: 1724
real_time_factor: 0.99992825514769312
step_size {
  nsec: 4000000
}

sim_time {
  sec: 6
  nsec: 996000000
}
real_time {
  sec: 9
  nsec: 55849599
}
iterations: 1749
real_time_factor: 0.99998400025599588
step_size {
  nsec: 4000000
}

sim_time {
  sec: 7
  nsec: 96000000
}
real_time {
  sec: 9
  nsec: 155852825
}
iterations: 1774
real_time_factor: 0.99916045542732723
step_size {
  nsec: 4000000
}

sim_time {
  sec: 7
  nsec: 200000000
}
real_time {
  sec: 9
  nsec: 259850660
}
iterations: 1800
real_time_factor: 0.99991450730962506
step_size {
  nsec: 4000000
}

sim_time {
  sec: 7
  nsec: 304000000
}
real_time {
  sec: 9
  nsec: 363849237
}
iterations: 1826
real_time_factor: 1.0000765058526977
step_size {
  nsec: 4000000
}

sim_time {
  sec: 7
  nsec: 404000000
}
real_time {
  sec: 9
  nsec: 463849842
}
iterations: 1851
real_time_factor: 0.99995625191397874
step_size {
  nsec: 4000000
}

sim_time {
  sec: 7
  nsec: 508000000
}
real_time {
  sec: 9
  nsec: 567850262
}
iterations: 1877
real_time_factor: 0.999900509899265
step_size {
  nsec: 4000000
}

sim_time {
  sec: 7
  nsec: 608000000
}
real_time {
  sec: 9
  nsec: 667854617
}
iterations: 1902
real_time_factor: 0.99874258308789232
step_size {
  nsec: 4000000
}

sim_time {
  sec: 7
  nsec: 712000000
}
real_time {
  sec: 9
  nsec: 771850036
}
iterations: 1928
real_time_factor: 1.0000185003422564
step_size {
  nsec: 4000000
}

sim_time {
  sec: 7
  nsec: 812000000
}
real_time {
  sec: 9
  nsec: 871850992
}
iterations: 1953
real_time_factor: 0.99987526556062134
step_size {
  nsec: 4000000
}

sim_time {
  sec: 7
  nsec: 916000000
}
real_time {
  sec: 9
  nsec: 975850624
}
iterations: 1979
real_time_factor: 0.99988676282411015
step_size {
  nsec: 4000000
}

sim_time {
  sec: 8
  nsec: 20000000
}
real_time {
  sec: 10
  nsec: 79849719
}
iterations: 2005
real_time_factor: 1.0000487523766783
step_size {
  nsec: 4000000
}

sim_time {
  sec: 8
  nsec: 120000000
}
real_time {
  sec: 10
  nsec: 179850443
}
iterations: 2030
real_time_factor: 0.99997975041005416
step_size {
  nsec: 4000000
}

sim_time {
  sec: 8
  nsec: 224000000
}
real_time {
  sec: 10
  nsec: 283851632
}
iterations: 2056
real_time_factor: 0.99958816967409425
step_size {
  nsec: 4000000
}

sim_time {
  sec: 8
  nsec: 328000000
}
real_time {
  sec: 10
  nsec: 387849837
}
iterations: 2082
real_time_factor: 0.99994925257543177
step_size {
  nsec: 4000000
}

sim_time {
  sec: 8
  nsec: 432000000
}
real_time {
  sec: 10
  nsec: 491850135
}
iterations: 2108
real_time_factor: 0.99994925257543177
step_size {
  nsec: 4000000
}

sim_time {
  sec: 8
  nsec: 536000000
}
real_time {
  sec: 10
  nsec: 595849008
}
iterations: 2134
real_time_factor: 1.0000022500050625
step_size {
  nsec: 4000000
}

sim_time {
  sec: 8
  nsec: 636000000
}
real_time {
  sec: 10
  nsec: 695850732
}
iterations: 2159
real_time_factor: 1.0005420436521486
step_size {
  nsec: 4000000
}

sim_time {
  sec: 8
  nsec: 736000000
}
real_time {
  sec: 10
  nsec: 795852522
}
iterations: 2184
real_time_factor: 1.0010035060147797
step_size {
  nsec: 4000000
}

sim_time {
  sec: 8
  nsec: 840000000
}
real_time {
  sec: 10
  nsec: 899849399
}
iterations: 2210
real_time_factor: 1.0000092500855633
step_size {
  nsec: 4000000
}

sim_time {
  sec: 8
  nsec: 940000000
}
real_time {
  sec: 10
  nsec: 999849957
}
iterations: 2235
real_time_factor: 0.99994925257543177
step_size {
  nsec: 4000000
}

sim_time {
  sec: 9
  nsec: 44000000
}
real_time {
  sec: 11
  nsec: 103849884
}
iterations: 2261
real_time_factor: 0.99994675283541157
step_size {
  nsec: 4000000
}

sim_time {
  sec: 9
  nsec: 144000000
}
real_time {
  sec: 11
  nsec: 203851692
}
iterations: 2286
real_time_factor: 0.99940085918491861
step_size {
  nsec: 4000000
}

sim_time {
  sec: 9
  nsec: 244000000
}
real_time {
  sec: 11
  nsec: 303873258
}
iterations: 2311
real_time_factor: 0.99417117440446656
step_size {
  nsec: 4000000
}

sim_time {
  sec: 9
  nsec: 348000000
}
real_time {
  sec: 11
  nsec: 407851204
}
iterations: 2337
real_time_factor: 0.99980128949371316
step_size {
  nsec: 4000000
}

sim_time {
  sec: 9
  nsec: 452000000
}
real_time {
  sec: 11
  nsec: 511849405
}
iterations: 2363
real_time_factor: 0.99997725051755071
step_size {
  nsec: 4000000
}

sim_time {
  sec: 9
  nsec: 556000000
}
real_time {
  sec: 11
  nsec: 615849587
}
iterations: 2389
real_time_factor: 0.99997725051755071
step_size {
  nsec: 4000000
}

sim_time {
  sec: 9
  nsec: 660000000
}
real_time {
  sec: 11
  nsec: 719849335
}
iterations: 2415
real_time_factor: 0.99998150034224365
step_size {
  nsec: 4000000
}

sim_time {
  sec: 9
  nsec: 764000000
}
real_time {
  sec: 11
  nsec: 823848943
}
iterations: 2441
real_time_factor: 1.0001435205952054
step_size {
  nsec: 4000000
}

sim_time {
  sec: 9
  nsec: 864000000
}
real_time {
  sec: 11
  nsec: 923849487
}
iterations: 2466
real_time_factor: 0.99989126182527654
step_size {
  nsec: 4000000
}

sim_time {
  sec: 9
  nsec: 968000000
}
real_time {
  sec: 12
  nsec: 27850395
}
iterations: 2492
real_time_factor: 0.99974331590364174
step_size {
  nsec: 4000000
}

sim_time {
  sec: 10
  nsec: 72000000
}
real_time {
  sec: 12
  nsec: 131849859
}
iterations: 2518
real_time_factor: 1.0000720051843732
step_size {
  nsec: 4000000
}

sim_time {
  sec: 10
  nsec: 172000000
}
real_time {
  sec: 12
  nsec: 231854397
}
iterations: 2543
real_time_factor: 0.99969934042336772
step_size {
  nsec: 4000000
}

sim_time {
  sec: 10
  nsec: 276000000
}
real_time {
  sec: 12
  nsec: 335850009
}
iterations: 2569
real_time_factor: 0.99995175232795019
step_size {
  nsec: 4000000
}

sim_time {
  sec: 10
  nsec: 376000000
}
real_time {
  sec: 12
  nsec: 435850353
}
iterations: 2594
real_time_factor: 1.0031863707099675
step_size {
  nsec: 4000000
}

sim_time {
  sec: 10
  nsec: 476000000
}
real_time {
  sec: 12
  nsec: 535850966
}
iterations: 2619
real_time_factor: 0.99985002249662547
step_size {
  nsec: 4000000
}

sim_time {
  sec: 10
  nsec: 580000000
}
real_time {
  sec: 12
  nsec: 639849944
}
iterations: 2645
real_time_factor: 0.99998175033305647
step_size {
  nsec: 4000000
}

sim_time {
  sec: 10
  nsec: 684000000
}
real_time {
  sec: 12
  nsec: 743849301
}
iterations: 2671
real_time_factor: 1.0001045109213913
step_size {
  nsec: 4000000
}

sim_time {
  sec: 10
  nsec: 784000000
}
real_time {
  sec: 12
  nsec: 843850010
}
iterations: 2696
real_time_factor: 0.999935254192291
step_size {
  nsec: 4000000
}

sim_time {
  sec: 10
  nsec: 884000000
}
real_time {
  sec: 12
  nsec: 943895652
}
iterations: 2721
real_time_factor: 0.98915148113069906
step_size {
  nsec: 4000000
}

sim_time {
  sec: 10
  nsec: 988000000
}
real_time {
  sec: 13
  nsec: 47849727
}
iterations: 2747
real_time_factor: 1.0000255006502665
step_size {
  nsec: 4000000
}

sim_time {
  sec: 11
  nsec: 92000000
}
real_time {
  sec: 13
  nsec: 151850190
}
iterations: 2773
real_time_factor: 0.99991900656046862
step_size {
  nsec: 4000000
}

sim_time {
  sec: 11
  nsec: 196000000
}
real_time {
  sec: 13
  nsec: 255850708
}
iterations: 2799
real_time_factor: 0.99977330140390663
step_size {
  nsec: 4000000
}

sim_time {
  sec: 11
  nsec: 300000000
}
real_time {
  sec: 13
  nsec: 359849561
}
iterations: 2825
real_time_factor: 1.0000532528357136
step_size {
  nsec: 4000000
}

sim_time {
  sec: 11
  nsec: 404000000
}
real_time {
  sec: 13
  nsec: 463849014
}
iterations: 2851
real_time_factor: 1.0000812566020989
step_size {
  nsec: 4000000
}

sim_time {
  sec: 11
  nsec: 504000000
}
real_time {
  sec: 13
  nsec: 563849303
}
iterations: 2876
real_time_factor: 1.000085757353693
step_size {
  nsec: 4000000
}

sim_time {
  sec: 11
  nsec: 608000000
}
real_time {
  sec: 13
  nsec: 667849312
}
iterations: 2902
real_time_factor: 0.99988426339651182
step_size {
  nsec: 4000000
}

sim_time {
  sec: 11
  nsec: 708000000
}
real_time {
  sec: 13
  nsec: 767850775
}
iterations: 2927
real_time_factor: 0.999905258976712
step_size {
  nsec: 4000000
}

sim_time {
  sec: 11
  nsec: 812000000
}
real_time {
  sec: 13
  nsec: 871849479
}
iterations: 2953
real_time_factor: 0.99999075008556171
step_size {
  nsec: 4000000
}

sim_time {
  sec: 11
  nsec: 916000000
}
real_time {
  sec: 13
  nsec: 975849127
}
iterations: 2979
real_time_factor: 1.0000185003422564
step_size {
  nsec: 4000000
}

sim_time {
  sec: 12
  nsec: 16000000
}
real_time {
  sec: 14
  nsec: 75849924
}
iterations: 3004
real_time_factor: 1.000064754192834
step_size {
  nsec: 4000000
}

sim_time {
  sec: 12
  nsec: 120000000
}
real_time {
  sec: 14
  nsec: 179849858
}
iterations: 3030
real_time_factor: 0.999919256520036
step_size {
  nsec: 4000000
}

sim_time {
  sec: 12
  nsec: 220000000
}
real_time {
  sec: 14
  nsec: 279850479
}
iterations: 3055
real_time_factor: 0.99997475063754637
step_size {
  nsec: 4000000
}

sim_time {
  sec: 12
  nsec: 324000000
}
real_time {
  sec: 14
  nsec: 383849978
}
iterations: 3081
real_time_factor: 0.99992850511188447
step_size {
  nsec: 4000000
}

sim_time {
  sec: 12
  nsec: 428000000
}
real_time {
  sec: 14
  nsec: 487849330
}
iterations: 3107
real_time_factor: 0.99999325004556217
step_size {
  nsec: 4000000
}

sim_time {
  sec: 12
  nsec: 528000000
}
real_time {
  sec: 14
  nsec: 587849988
}
iterations: 3132
real_time_factor: 1.0000277507700839
step_size {
  nsec: 4000000
}

sim_time {
  sec: 12
  nsec: 632000000
}
real_time {
  sec: 14
  nsec: 691849571
}
iterations: 3158
real_time_factor: 0.99992150616176634
step_size {
  nsec: 4000000
}

sim_time {
  sec: 12
  nsec: 736000000
}
real_time {
  sec: 14
  nsec: 795849690
}
iterations: 3184
real_time_factor: 0.99995625191397874
step_size {
  nsec: 4000000
}

sim_time {
  sec: 12
  nsec: 836000000
}
real_time {
  sec: 14
  nsec: 895851995
}
iterations: 3209
real_time_factor: 0.99947302784606817
step_size {
  nsec: 4000000
}

sim_time {
  sec: 12
  nsec: 940000000
}
real_time {
  sec: 14
  nsec: 999850707
}
iterations: 3235
real_time_factor: 0.99995875170149229
step_size {
  nsec: 4000000
}

sim_time {
  sec: 13
  nsec: 44000000
}
real_time {
  sec: 15
  nsec: 103849642
}
iterations: 3261
real_time_factor: 0.99993775387482131
step_size {
  nsec: 4000000
}

sim_time {
  sec: 13
  nsec: 148000000
}
real_time {
  sec: 15
  nsec: 207849308
}
iterations: 3287
real_time_factor: 0.99994925257543177
step_size {
  nsec: 4000000
}

sim_time {
  sec: 13
  nsec: 248000000
}
real_time {
  sec: 15
  nsec: 307850020
}
iterations: 3312
real_time_factor: 1.0003661340050458
step_size {
  nsec: 4000000
}

sim_time {
  sec: 13
  nsec: 352000000
}
real_time {
  sec: 15
  nsec: 411850963
}
iterations: 3338
real_time_factor: 0.99966036539085845
step_size {
  nsec: 4000000
}

sim_time {
  sec: 13
  nsec: 456000000
}
real_time {
  sec: 15
  nsec: 515850148
}
iterations: 3364
real_time_factor: 0.99981053590344626
step_size {
  nsec: 4000000
}

sim_time {
  sec: 13
  nsec: 560000000
}
real_time {
  sec: 15
  nsec: 619849646
}
iterations: 3390
real_time_factor: 1.0000142502030653
step_size {
  nsec: 4000000
}

sim_time {
  sec: 13
  nsec: 660000000
}
real_time {
  sec: 15
  nsec: 719849480
}
iterations: 3415
real_time_factor: 1.0001877852566818
step_size {
  nsec: 4000000
}

sim_time {
  sec: 13
  nsec: 764000000
}
real_time {
  sec: 15
  nsec: 823849450
}
iterations: 3441
real_time_factor: 0.99992875507620083
step_size {
  nsec: 4000000
}

sim_time {
  sec: 13
  nsec: 868000000
}
real_time {
  sec: 15
  nsec: 927849282
}
iterations: 3467
real_time_factor: 0.99993775387482131
step_size {
  nsec: 4000000
}

sim_time {
  sec: 13
  nsec: 968000000
}
real_time {
  sec: 16
  nsec: 27849967
}
iterations: 3492
real_time_factor: 1.0001297668372471
step_size {
  nsec: 4000000
}

sim_time {
  sec: 14
  nsec: 72000000
}
real_time {
  sec: 16
  nsec: 131849076
}
iterations: 3518
real_time_factor: 0.99998875012656108
step_size {
  nsec: 4000000
}

sim_time {
  sec: 14
  nsec: 172000000
}
real_time {
  sec: 16
  nsec: 231849511
}
iterations: 3543
real_time_factor: 1.0000325010562843
step_size {
  nsec: 4000000
}

sim_time {
  sec: 14
  nsec: 276000000
}
real_time {
  sec: 16
  nsec: 335849621
}
iterations: 3569
real_time_factor: 0.99993750390600589
step_size {
  nsec: 4000000
}

sim_time {
  sec: 14
  nsec: 376000000
}
real_time {
  sec: 16
  nsec: 435850119
}
iterations: 3594
real_time_factor: 0.9998290292360007
step_size {
  nsec: 4000000
}

sim_time {
  sec: 14
  nsec: 480000000
}
real_time {
  sec: 16
  nsec: 539849155
}
iterations: 3620
real_time_factor: 0.99999550002025
step_size {
  nsec: 4000000
}

sim_time {
  sec: 14
  nsec: 584000000
}
real_time {
  sec: 16
  nsec: 643849144
}
iterations: 3646
real_time_factor: 0.99995625191397874
step_size {
  nsec: 4000000
}

sim_time {
  sec: 14
  nsec: 684000000
}
real_time {
  sec: 16
  nsec: 743850060
}
iterations: 3671
real_time_factor: 1.0000395015603116
step_size {
  nsec: 4000000
}

sim_time {
  sec: 14
  nsec: 788000000
}
real_time {
  sec: 16
  nsec: 847849641
}
iterations: 3697
real_time_factor: 0.99997925043055358
step_size {
  nsec: 4000000
}

sim_time {
  sec: 14
  nsec: 892000000
}
real_time {
  sec: 16
  nsec: 951849204
}
iterations: 3723
real_time_factor: 1.0000602536302812
step_size {
  nsec: 4000000
}

sim_time {
  sec: 14
  nsec: 996000000
}
real_time {
  sec: 17
  nsec: 55849488
}
iterations: 3749
real_time_factor: 0.99999100008099928
step_size {
  nsec: 4000000
}

sim_time {
  sec: 15
  nsec: 96000000
}
real_time {
  sec: 17
  nsec: 155850394
}
iterations: 3774
real_time_factor: 1.000774098765395
step_size {
  nsec: 4000000
}

sim_time {
  sec: 15
  nsec: 200000000
}
real_time {
  sec: 17
  nsec: 259853744
}
iterations: 3800
real_time_factor: 0.999035680809099
step_size {
  nsec: 4000000
}

sim_time {
  sec: 15
  nsec: 304000000
}
real_time {
  sec: 17
  nsec: 363851020
}
iterations: 3826
real_time_factor: 0.99985652058929542
step_size {
  nsec: 4000000
}

sim_time {
  sec: 15
  nsec: 408000000
}
real_time {
  sec: 17
  nsec: 467849277
}
iterations: 3852
real_time_factor: 1.0003821459797642
step_size {
  nsec: 4000000
}

sim_time {
  sec: 15
  nsec: 508000000
}
real_time {
  sec: 17
  nsec: 567850618
}
iterations: 3877
real_time_factor: 0.9998125351496594
step_size {
  nsec: 4000000
}

sim_time {
  sec: 15
  nsec: 608000000
}
real_time {
  sec: 17
  nsec: 667856107
}
iterations: 3902
real_time_factor: 0.99850498840610891
step_size {
  nsec: 4000000
}

sim_time {
  sec: 15
  nsec: 712000000
}
real_time {
  sec: 17
  nsec: 771849642
}
iterations: 3928
real_time_factor: 0.99995375213896354
step_size {
  nsec: 4000000
}

sim_time {
  sec: 15
  nsec: 812000000
}
real_time {
  sec: 17
  nsec: 871851001
}
iterations: 3953
real_time_factor: 0.99975955782634274
step_size {
  nsec: 4000000
}

sim_time {
  sec: 15
  nsec: 916000000
}
real_time {
  sec: 17
  nsec: 975850026
}
iterations: 3979
real_time_factor: 0.99990975814432748
step_size {
  nsec: 4000000
}

sim_time {
  sec: 16
  nsec: 20000000
}
real_time {
  sec: 18
  nsec: 79850384
}
iterations: 4005
real_time_factor: 0.99997725051755071
step_size {
  nsec: 4000000
}

sim_time {
  sec: 16
  nsec: 124000000
}
real_time {
  sec: 18
  nsec: 183850474
}
iterations: 4031
real_time_factor: 0.99986126924889174
step_size {
  nsec: 4000000
}

sim_time {
  sec: 16
  nsec: 228000000
}
real_time {
  sec: 18
  nsec: 287849684
}
iterations: 4057
real_time_factor: 0.99995400211590268
step_size {
  nsec: 4000000
}

sim_time {
  sec: 16
  nsec: 328000000
}
real_time {
  sec: 18
  nsec: 387850498
}
iterations: 4082
real_time_factor: 1.0007668375893028
step_size {
  nsec: 4000000
}

sim_time {
  sec: 16
  nsec: 432000000
}
real_time {
  sec: 18
  nsec: 491849754
}
iterations: 4108
real_time_factor: 1.00000250000625
step_size {
  nsec: 4000000
}

sim_time {
  sec: 16
  nsec: 536000000
}
real_time {
  sec: 18
  nsec: 595849899
}
iterations: 4134
real_time_factor: 0.99976405568285887
step_size {
  nsec: 4000000
}

sim_time {
  sec: 16
  nsec: 640000000
}
real_time {
  sec: 18
  nsec: 699849257
}
iterations: 4160
real_time_factor: 1.0001300169021974
step_size {
  nsec: 4000000
}

sim_time {
  sec: 16
  nsec: 740000000
}
real_time {
  sec: 18
  nsec: 799850227
}
iterations: 4185
real_time_factor: 1.0000812566020989
step_size {
  nsec: 4000000
}

sim_time {
  sec: 16
  nsec: 840000000
}
real_time {
  sec: 18
  nsec: 899849966
}
iterations: 4210
real_time_factor: 0.9999050090241427
step_size {
  nsec: 4000000
}

sim_time {
  sec: 16
  nsec: 944000000
}
real_time {
  sec: 19
  nsec: 3849211
}
iterations: 4236
real_time_factor: 1.0001325175585765
step_size {
  nsec: 4000000
}

sim_time {
  sec: 17
  nsec: 44000000
}
real_time {
  sec: 19
  nsec: 103850107
}
iterations: 4261
real_time_factor: 1.0005563093079752
step_size {
  nsec: 4000000
}

sim_time {
  sec: 17
  nsec: 148000000
}
real_time {
  sec: 19
  nsec: 207850289
}
iterations: 4287
real_time_factor: 0.99999550002025
step_size {
  nsec: 4000000
}

sim_time {
  sec: 17
  nsec: 252000000
}
real_time {
  sec: 19
  nsec: 311852045
}
iterations: 4313
real_time_factor: 0.99952347718225332
step_size {
  nsec: 4000000
}

sim_time {
  sec: 17
  nsec: 356000000
}
real_time {
  sec: 19
  nsec: 415849431
}
iterations: 4339
real_time_factor: 1.0000095000902509
step_size {
  nsec: 4000000
}

sim_time {
  sec: 17
  nsec: 456000000
}
real_time {
  sec: 19
  nsec: 515851345
}
iterations: 4364
real_time_factor: 0.99950974047229835
step_size {
  nsec: 4000000
}

sim_time {
  sec: 17
  nsec: 560000000
}
real_time {
  sec: 19
  nsec: 619849211
}
iterations: 4390
real_time_factor: 0.99999125007656187
step_size {
  nsec: 4000000
}

sim_time {
  sec: 17
  nsec: 660000000
}
real_time {
  sec: 19
  nsec: 719849533
}
iterations: 4415
real_time_factor: 1.0001115124336364
step_size {
  nsec: 4000000
}

sim_time {
  sec: 17
  nsec: 760000000
}
real_time {
  sec: 19
  nsec: 819851725
}
iterations: 4440
real_time_factor: 1.0007412991173212
step_size {
  nsec: 4000000
}

sim_time {
  sec: 17
  nsec: 864000000
}
real_time {
  sec: 19
  nsec: 923849665
}
iterations: 4466
real_time_factor: 0.999831028556174
step_size {
  nsec: 4000000
}

sim_time {
  sec: 17
  nsec: 964000000
}
real_time {
  sec: 20
  nsec: 23850542
}
iterations: 4491
real_time_factor: 1.0136372217724208
step_size {
  nsec: 4000000
}

sim_time {
  sec: 18
  nsec: 64000000
}
real_time {
  sec: 20
  nsec: 123850218
}
iterations: 4516
real_time_factor: 0.99978029827945314
step_size {
  nsec: 4000000
}

sim_time {
  sec: 18
  nsec: 168000000
}
real_time {
  sec: 20
  nsec: 227849308
}
iterations: 4542
real_time_factor: 0.99999775000506252
step_size {
  nsec: 4000000
}

sim_time {
  sec: 18
  nsec: 268000000
}
real_time {
  sec: 20
  nsec: 327849778
}
iterations: 4567
real_time_factor: 1.000058003364195
step_size {
  nsec: 4000000
}

sim_time {
  sec: 18
  nsec: 368000000
}
real_time {
  sec: 20
  nsec: 427849904
}
iterations: 4592
real_time_factor: 0.99988426339651182
step_size {
  nsec: 4000000
}

sim_time {
  sec: 18
  nsec: 472000000
}
real_time {
  sec: 20
  nsec: 531849946
}
iterations: 4618
real_time_factor: 0.999863518629707
step_size {
  nsec: 4000000
}

sim_time {
  sec: 18
  nsec: 576000000
}
real_time {
  sec: 20
  nsec: 635850044
}
iterations: 4644
real_time_factor: 0.99985677051762334
step_size {
  nsec: 4000000
}

sim_time {
  sec: 18
  nsec: 680000000
}
real_time {
  sec: 20
  nsec: 739850150
}
iterations: 4670
real_time_factor: 0.99993325445526515
step_size {
  nsec: 4000000
}

sim_time {
  sec: 18
  nsec: 784000000
}
real_time {
  sec: 20
  nsec: 843849795
}
iterations: 4696
real_time_factor: 1.0000022500050625
step_size {
  nsec: 4000000
}

sim_time {
  sec: 18
  nsec: 888000000
}
real_time {
  sec: 20
  nsec: 947849808
}
iterations: 4722
real_time_factor: 0.99992175612258338
step_size {
  nsec: 4000000
}

sim_time {
  sec: 18
  nsec: 992000000
}
real_time {
  sec: 21
  nsec: 51849582
}
iterations: 4748
real_time_factor: 0.99995600193591483
step_size {
  nsec: 4000000
}

sim_time {
  sec: 19
  nsec: 92000000
}
real_time {
  sec: 21
  nsec: 151849884
}
iterations: 4773
real_time_factor: 0.99997450065023341
step_size {
  nsec: 4000000
}

sim_time {
  sec: 19
  nsec: 192000000
}
real_time {
  sec: 21
  nsec: 251849907
}
iterations: 4798
real_time_factor: 1.000127516258323
step_size {
  nsec: 4000000
}

sim_time {
  sec: 19
  nsec: 296000000
}
real_time {
  sec: 21
  nsec: 355849514
}
iterations: 4824
real_time_factor: 1.0000302509150902
step_size {
  nsec: 4000000
}

sim_time {
  sec: 19
  nsec: 400000000
}
real_time {
  sec: 21
  nsec: 459849110
}
iterations: 4850
real_time_factor: 0.99996575117302233
step_size {
  nsec: 4000000
}

sim_time {
  sec: 19
  nsec: 504000000
}
real_time {
  sec: 21
  nsec: 563849060
}
iterations: 4876
real_time_factor: 1.0000417517431353
step_size {
  nsec: 4000000
}

sim_time {
  sec: 19
  nsec: 608000000
}
real_time {
  sec: 21
  nsec: 667849416
}
iterations: 4902
real_time_factor: 0.99995650189216767
step_size {
  nsec: 4000000
}

sim_time {
  sec: 19
  nsec: 712000000
}
real_time {
  sec: 21
  nsec: 771849412
}
iterations: 4928
real_time_factor: 0.999905258976712
step_size {
  nsec: 4000000
}

sim_time {
  sec: 19
  nsec: 816000000
}
real_time {
  sec: 21
  nsec: 875849898
}
iterations: 4954
real_time_factor: 0.99994225333486986
step_size {
  nsec: 4000000
}

sim_time {
  sec: 19
  nsec: 920000000
}
real_time {
  sec: 21
  nsec: 979849939
}
iterations: 4980
real_time_factor: 0.99985202190075873
step_size {
  nsec: 4000000
}

sim_time {
  sec: 20
  nsec: 20000000
}
real_time {
  sec: 22
  nsec: 79852943
}
iterations: 5005
real_time_factor: 0.99919764429163382
step_size {
  nsec: 4000000
}

sim_time {
  sec: 20
  nsec: 124000000
}
real_time {
  sec: 22
  nsec: 183850531
}
iterations: 5031
real_time_factor: 0.99973631954571984
step_size {
  nsec: 4000000
}

sim_time {
  sec: 20
  nsec: 224000000
}
real_time {
  sec: 22
  nsec: 283855637
}
iterations: 5056
real_time_factor: 0.99878447928870562
step_size {
  nsec: 4000000
}

sim_time {
  sec: 20
  nsec: 328000000
}
real_time {
  sec: 22
  nsec: 387849623
}
iterations: 5082
real_time_factor: 0.99991900656046862
step_size {
  nsec: 4000000
}

sim_time {
  sec: 20
  nsec: 428000000
}
real_time {
  sec: 22
  nsec: 487852220
}
iterations: 5107
real_time_factor: 0.99933419359351827
step_size {
  nsec: 4000000
}

sim_time {
  sec: 20
  nsec: 532000000
}
real_time {
  sec: 22
  nsec: 591849354
}
iterations: 5133
real_time_factor: 1.0000745055506635
step_size {
  nsec: 4000000
}

sim_time {
  sec: 20
  nsec: 636000000
}
real_time {
  sec: 22
  nsec: 695849395
}
iterations: 5159
real_time_factor: 1.0000097500950633
step_size {
  nsec: 4000000
}

sim_time {
  sec: 20
  nsec: 736000000
}
real_time {
  sec: 22
  nsec: 795849270
}
iterations: 5184
real_time_factor: 1.0001160134575611
step_size {
  nsec: 4000000
}

sim_time {
  sec: 20
  nsec: 836000000
}
real_time {
  sec: 22
  nsec: 895850164
}
iterations: 5209
real_time_factor: 0.99998625018906
step_size {
  nsec: 4000000
}

sim_time {
  sec: 20
  nsec: 940000000
}
real_time {
  sec: 22
  nsec: 999850843
}
iterations: 5235
real_time_factor: 0.99990075984958493
step_size {
  nsec: 4000000
}

sim_time {
  sec: 21
  nsec: 44000000
}
real_time {
  sec: 23
  nsec: 103850189
}
iterations: 5261
real_time_factor: 0.99990075984958493
step_size {
  nsec: 4000000
}

sim_time {
  sec: 21
  nsec: 148000000
}
real_time {
  sec: 23
  nsec: 207849304
}
iterations: 5287
real_time_factor: 1.0000232505405751
step_size {
  nsec: 4000000
}

sim_time {
  sec: 21
  nsec: 248000000
}
real_time {
  sec: 23
  nsec: 307850095
}
iterations: 5312
real_time_factor: 1.0001762810695385
step_size {
  nsec: 4000000
}

sim_time {
  sec: 21
  nsec: 352000000
}
real_time {
  sec: 23
  nsec: 411849904
}
iterations: 5338
real_time_factor: 0.999967751040029
step_size {
  nsec: 4000000
}

sim_time {
  sec: 21
  nsec: 452000000
}
real_time {
  sec: 23
  nsec: 511853825
}
iterations: 5363
real_time_factor: 0.99896881444129293
step_size {
  nsec: 4000000
}

sim_time {
  sec: 21
  nsec: 552000000
}
real_time {
  sec: 23
  nsec: 611852700
}
iterations: 5388
real_time_factor: 1.0231147192956878
step_size {
  nsec: 4000000
}

sim_time {
  sec: 21
  nsec: 656000000
}
real_time {
  sec: 23
  nsec: 715849102
}
iterations: 5414
real_time_factor: 1.0000602536302812
step_size {
  nsec: 4000000
}

sim_time {
  sec: 21
  nsec: 760000000
}
real_time {
  sec: 23
  nsec: 819849261
}
iterations: 5440
real_time_factor: 1.0000212504515722
step_size {
  nsec: 4000000
}

sim_time {
  sec: 21
  nsec: 860000000
}
real_time {
  sec: 23
  nsec: 919850710
}
iterations: 5465
real_time_factor: 1.0000095000902509
step_size {
  nsec: 4000000
}

sim_time {
  sec: 21
  nsec: 964000000
}
real_time {
  sec: 24
  nsec: 23849916
}
iterations: 5491
real_time_factor: 0.99996350133220135
step_size {
  nsec: 4000000
}

sim_time {
  sec: 22
  nsec: 68000000
}
real_time {
  sec: 24
  nsec: 127849808
}
iterations: 5517
real_time_factor: 0.99987976445832394
step_size {
  nsec: 4000000
}

sim_time {
  sec: 22
  nsec: 172000000
}
real_time {
  sec: 24
  nsec: 231849950
}
iterations: 5543
real_time_factor: 0.99997950042024142
step_size {
  nsec: 4000000
}

sim_time {
  sec: 22
  nsec: 276000000
}
real_time {
  sec: 24
  nsec: 335849230
}
iterations: 5569
real_time_factor: 1.0000237505640759
step_size {
  nsec: 4000000
}

sim_time {
  sec: 22
  nsec: 380000000
}
real_time {
  sec: 24
  nsec: 439849724
}
iterations: 5595
real_time_factor: 0.99989601081487522
step_size {
  nsec: 4000000
}

sim_time {
  sec: 22
  nsec: 480000000
}
real_time {
  sec: 24
  nsec: 539852034
}
iterations: 5620
real_time_factor: 1.0000095000902509
step_size {
  nsec: 4000000
}

sim_time {
  sec: 22
  nsec: 584000000
}
real_time {
  sec: 24
  nsec: 643849842
}
iterations: 5646
real_time_factor: 0.99995400211590268
step_size {
  nsec: 4000000
}

sim_time {
  sec: 22
  nsec: 684000000
}
real_time {
  sec: 24
  nsec: 743851114
}
iterations: 5671
real_time_factor: 1.0001230151308611
step_size {
  nsec: 4000000
}

sim_time {
  sec: 22
  nsec: 788000000
}
real_time {
  sec: 24
  nsec: 847850857
}
iterations: 5697
real_time_factor: 0.99984977257167107
step_size {
  nsec: 4000000
}

sim_time {
  sec: 22
  nsec: 888000000
}
real_time {
  sec: 24
  nsec: 947851991
}
iterations: 5722
real_time_factor: 0.99958592153200532
step_size {
  nsec: 4000000
}

sim_time {
  sec: 22
  nsec: 992000000
}
real_time {
  sec: 25
  nsec: 51853206
}
iterations: 5748
real_time_factor: 0.99904965401661672
step_size {
  nsec: 4000000
}

sim_time {
  sec: 23
  nsec: 96000000
}
real_time {
  sec: 25
  nsec: 155854680
}
iterations: 5774
real_time_factor: 0.99890170757252406
step_size {
  nsec: 4000000
}

sim_time {
  sec: 23
  nsec: 200000000
}
real_time {
  sec: 25
  nsec: 259850108
}
iterations: 5800
real_time_factor: 1.0000325010562843
step_size {
  nsec: 4000000
}

sim_time {
  sec: 23
  nsec: 300000000
}
real_time {
  sec: 25
  nsec: 359849976
}
iterations: 5825
real_time_factor: 1.0007623307054148
step_size {
  nsec: 4000000
}

sim_time {
  sec: 23
  nsec: 404000000
}
real_time {
  sec: 25
  nsec: 463850027
}
iterations: 5851
real_time_factor: 0.99998375026405817
step_size {
  nsec: 4000000
}

sim_time {
  sec: 23
  nsec: 508000000
}
real_time {
  sec: 25
  nsec: 567850862
}
iterations: 5877
real_time_factor: 0.99969234468092449
step_size {
  nsec: 4000000
}

sim_time {
  sec: 23
  nsec: 612000000
}
real_time {
  sec: 25
  nsec: 671849966
}
iterations: 5903
real_time_factor: 0.99995375213896354
step_size {
  nsec: 4000000
}

sim_time {
  sec: 23
  nsec: 716000000
}
real_time {
  sec: 25
  nsec: 775849616
}
iterations: 5929
real_time_factor: 0.99997250075622923
step_size {
  nsec: 4000000
}

sim_time {
  sec: 23
  nsec: 820000000
}
real_time {
  sec: 25
  nsec: 879849275
}
iterations: 5955
real_time_factor: 1.0000282507980851
step_size {
  nsec: 4000000
}

sim_time {
  sec: 23
  nsec: 924000000
}
real_time {
  sec: 25
  nsec: 983849472
}
iterations: 5981
real_time_factor: 0.99989576086692966
step_size {
  nsec: 4000000
}

sim_time {
  sec: 24
  nsec: 24000000
}
real_time {
  sec: 26
  nsec: 83850567
}
iterations: 6006
real_time_factor: 0.99964612527165386
step_size {
  nsec: 4000000
}

sim_time {
  sec: 24
  nsec: 124000000
}
real_time {
  sec: 26
  nsec: 183850708
}
iterations: 6031
real_time_factor: 1.0001020104050613
step_size {
  nsec: 4000000
}

sim_time {
  sec: 24
  nsec: 228000000
}
real_time {
  sec: 26
  nsec: 287852404
}
iterations: 6057
real_time_factor: 0.99961864548674684
step_size {
  nsec: 4000000
}

sim_time {
  sec: 24
  nsec: 332000000
}
real_time {
  sec: 26
  nsec: 391854369
}
iterations: 6083
real_time_factor: 0.99874931616882756
step_size {
  nsec: 4000000
}

sim_time {
  sec: 24
  nsec: 436000000
}
real_time {
  sec: 26
  nsec: 495849703
}
iterations: 6109
real_time_factor: 1.0000120001440018
step_size {
  nsec: 4000000
}

sim_time {
  sec: 24
  nsec: 540000000
}
real_time {
  sec: 26
  nsec: 599849113
}
iterations: 6135
real_time_factor: 0.99999550002025
step_size {
  nsec: 4000000
}

sim_time {
  sec: 24
  nsec: 640000000
}
real_time {
  sec: 26
  nsec: 699849282
}
iterations: 6160
real_time_factor: 1.0003128478431629
step_size {
  nsec: 4000000
}

sim_time {
  sec: 24
  nsec: 744000000
}
real_time {
  sec: 26
  nsec: 803850802
}
iterations: 6186
real_time_factor: 0.999847273328999
step_size {
  nsec: 4000000
}

sim_time {
  sec: 24
  nsec: 844000000
}
real_time {
  sec: 26
  nsec: 903854609
}
iterations: 6211
real_time_factor: 0.99867799999750329
step_size {
  nsec: 4000000
}

sim_time {
  sec: 24
  nsec: 948000000
}
real_time {
  sec: 27
  nsec: 7850370
}
iterations: 6237
real_time_factor: 0.99995400211590268
step_size {
  nsec: 4000000
}

sim_time {
  sec: 25
  nsec: 52000000
}
real_time {
  sec: 27
  nsec: 111850760
}
iterations: 6263
real_time_factor: 0.99989851030120447
step_size {
  nsec: 4000000
}

sim_time {
  sec: 25
  nsec: 156000000
}
real_time {
  sec: 27
  nsec: 215849492
}
iterations: 6289
real_time_factor: 0.99997275074254222
step_size {
  nsec: 4000000
}

sim_time {
  sec: 25
  nsec: 260000000
}
real_time {
  sec: 27
  nsec: 319849623
}
iterations: 6315
real_time_factor: 0.99991000809927111
step_size {
  nsec: 4000000
}

sim_time {
  sec: 25
  nsec: 364000000
}
real_time {
  sec: 27
  nsec: 423850485
}
iterations: 6341
real_time_factor: 0.99972707450865916
step_size {
  nsec: 4000000
}

sim_time {
  sec: 25
  nsec: 468000000
}
real_time {
  sec: 27
  nsec: 527848792
}
iterations: 6367
real_time_factor: 1.0001347681600095
step_size {
  nsec: 4000000
}

sim_time {
  sec: 25
  nsec: 568000000
}
real_time {
  sec: 27
  nsec: 627849210
}
iterations: 6392
real_time_factor: 1.0000190003610068
step_size {
  nsec: 4000000
}

sim_time {
  sec: 25
  nsec: 668000000
}
real_time {
  sec: 27
  nsec: 727849823
}
iterations: 6417
real_time_factor: 0.99988926226420427
step_size {
  nsec: 4000000
}

sim_time {
  sec: 25
  nsec: 772000000
}
real_time {
  sec: 27
  nsec: 831849222
}
iterations: 6443
real_time_factor: 1.0001692786504115
step_size {
  nsec: 4000000
}

sim_time {
  sec: 25
  nsec: 876000000
}
real_time {
  sec: 27
  nsec: 935849556
}
iterations: 6469
real_time_factor: 0.99998150034224365
step_size {
  nsec: 4000000
}

sim_time {
  sec: 25
  nsec: 980000000
}
real_time {
  sec: 28
  nsec: 39849389
}
iterations: 6495
real_time_factor: 1.0000352512426063
step_size {
  nsec: 4000000
}

sim_time {
  sec: 26
  nsec: 80000000
}
real_time {
  sec: 28
  nsec: 139850780
}
iterations: 6520
real_time_factor: 0.999970000899973
step_size {
  nsec: 4000000
}

sim_time {
  sec: 26
  nsec: 184000000
}
real_time {
  sec: 28
  nsec: 243851170
}
iterations: 6546
real_time_factor: 0.99981728339146025
step_size {
  nsec: 4000000
}

sim_time {
  sec: 26
  nsec: 288000000
}
real_time {
  sec: 28
  nsec: 347849439
}
iterations: 6572
real_time_factor: 1.0001667778102
step_size {
  nsec: 4000000
}

sim_time {
  sec: 26
  nsec: 388000000
}
real_time {
  sec: 28
  nsec: 447850237
}
iterations: 6597
real_time_factor: 1.0000325010562843
step_size {
  nsec: 4000000
}

sim_time {
  sec: 26
  nsec: 492000000
}
real_time {
  sec: 28
  nsec: 551849190
}
iterations: 6623
real_time_factor: 0.99993300448869926
step_size {
  nsec: 4000000
}

sim_time {
  sec: 26
  nsec: 592000000
}
real_time {
  sec: 28
  nsec: 651849525
}
iterations: 6648
real_time_factor: 1.0000075000562505
step_size {
  nsec: 4000000
}

sim_time {
  sec: 26
  nsec: 692000000
}
real_time {
  sec: 28
  nsec: 751850833
}
iterations: 6673
real_time_factor: 0.99973157207289842
step_size {
  nsec: 4000000
}

sim_time {
  sec: 26
  nsec: 796000000
}
real_time {
  sec: 28
  nsec: 855851980
}
iterations: 6699
real_time_factor: 0.99957468097324587
step_size {
  nsec: 4000000
}

sim_time {
  sec: 26
  nsec: 900000000
}
real_time {
  sec: 28
  nsec: 959850026
}
iterations: 6725
real_time_factor: 0.99994250330605994
step_size {
  nsec: 4000000
}

sim_time {
  sec: 27
  nsec: 4000000
}
real_time {
  sec: 29
  nsec: 63849388
}
iterations: 6751
real_time_factor: 1.0000605036604715
step_size {
  nsec: 4000000
}

sim_time {
  sec: 27
  nsec: 104000000
}
real_time {
  sec: 29
  nsec: 163849546
}
iterations: 6776
real_time_factor: 1.000099759951055
step_size {
  nsec: 4000000
}

sim_time {
  sec: 27
  nsec: 204000000
}
real_time {
  sec: 29
  nsec: 263850316
}
iterations: 6801
real_time_factor: 0.99990975814432748
step_size {
  nsec: 4000000
}

sim_time {
  sec: 27
  nsec: 304000000
}
real_time {
  sec: 29
  nsec: 363851354
}
iterations: 6826
real_time_factor: 1.000185284323921
step_size {
  nsec: 4000000
}

sim_time {
  sec: 27
  nsec: 404000000
}
real_time {
  sec: 29
  nsec: 463852132
}
iterations: 6851
real_time_factor: 0.99941958707480627
step_size {
  nsec: 4000000
}

sim_time {
  sec: 27
  nsec: 508000000
}
real_time {
  sec: 29
  nsec: 567850771
}
iterations: 6877
real_time_factor: 1.0001297668372471
step_size {
  nsec: 4000000
}

sim_time {
  sec: 27
  nsec: 612000000
}
real_time {
  sec: 29
  nsec: 671853892
}
iterations: 6903
real_time_factor: 0.99916968998762024
step_size {
  nsec: 4000000
}

sim_time {
  sec: 27
  nsec: 716000000
}
real_time {
  sec: 29
  nsec: 775849881
}
iterations: 6929
real_time_factor: 0.99999100008099928
step_size {
  nsec: 4000000
}

sim_time {
  sec: 27
  nsec: 816000000
}
real_time {
  sec: 29
  nsec: 875850743
}
iterations: 6954
real_time_factor: 0.999905258976712
step_size {
  nsec: 4000000
}

sim_time {
  sec: 27
  nsec: 920000000
}
real_time {
  sec: 29
  nsec: 979849752
}
iterations: 6980
real_time_factor: 1.0000602536302812
step_size {
  nsec: 4000000
}

sim_time {
  sec: 28
  nsec: 20000000
}
real_time {
  sec: 30
  nsec: 79855521
}
iterations: 7005
real_time_factor: 0.99887850915384757
step_size {
  nsec: 4000000
}

sim_time {
  sec: 28
  nsec: 124000000
}
real_time {
  sec: 30
  nsec: 183850260
}
iterations: 7031
real_time_factor: 1.0000117501380641
step_size {
  nsec: 4000000
}

sim_time {
  sec: 28
  nsec: 224000000
}
real_time {
  sec: 30
  nsec: 283850918
}
iterations: 7056
real_time_factor: 1.0001415200250836
step_size {
  nsec: 4000000
}

sim_time {
  sec: 28
  nsec: 328000000
}
real_time {
  sec: 30
  nsec: 387849649
}
iterations: 7082
real_time_factor: 0.9998730161269519
step_size {
  nsec: 4000000
}

sim_time {
  sec: 28
  nsec: 428000000
}
real_time {
  sec: 30
  nsec: 487850328
}
iterations: 7107
real_time_factor: 1.0007973853167511
step_size {
  nsec: 4000000
}

sim_time {
  sec: 28
  nsec: 532000000
}
real_time {
  sec: 30
  nsec: 591848858
}
iterations: 7133
real_time_factor: 0.99996300136894933
step_size {
  nsec: 4000000
}

sim_time {
  sec: 28
  nsec: 632000000
}
real_time {
  sec: 30
  nsec: 691850691
}
iterations: 7158
real_time_factor: 0.99968335029879285
step_size {
  nsec: 4000000
}

sim_time {
  sec: 28
  nsec: 736000000
}
real_time {
  sec: 30
  nsec: 795850412
}
iterations: 7184
real_time_factor: 0.99982228158944753
step_size {
  nsec: 4000000
}

sim_time {
  sec: 28
  nsec: 840000000
}
real_time {
  sec: 30
  nsec: 899849347
}
iterations: 7210
real_time_factor: 1.0000487523766783
step_size {
  nsec: 4000000
}

sim_time {
  sec: 28
  nsec: 940000000
}
real_time {
  sec: 30
  nsec: 999849726
}
iterations: 7235
real_time_factor: 1.0000347512076044
step_size {
  nsec: 4000000
}

sim_time {
  sec: 29
  nsec: 44000000
}
real_time {
  sec: 31
  nsec: 103850780
}
iterations: 7261
real_time_factor: 0.99970183892654019
step_size {
  nsec: 4000000
}

sim_time {
  sec: 29
  nsec: 148000000
}
real_time {
  sec: 31
  nsec: 207849001
}
iterations: 7287
real_time_factor: 1.0000257506630796
step_size {
  nsec: 4000000
}

sim_time {
  sec: 29
  nsec: 248000000
}
real_time {
  sec: 31
  nsec: 307849936
}
iterations: 7312
real_time_factor: 1.00024080797452
step_size {
  nsec: 4000000
}

sim_time {
  sec: 29
  nsec: 348000000
}
real_time {
  sec: 31
  nsec: 407854204
}
iterations: 7337
real_time_factor: 1.0003316099286914
step_size {
  nsec: 4000000
}

sim_time {
  sec: 29
  nsec: 452000000
}
real_time {
  sec: 31
  nsec: 511850406
}
iterations: 7363
real_time_factor: 1.0000375014063028
step_size {
  nsec: 4000000
}

sim_time {
  sec: 29
  nsec: 552000000
}
real_time {
  sec: 31
  nsec: 611851370
}
iterations: 7388
real_time_factor: 0.99948176870292749
step_size {
  nsec: 4000000
}

sim_time {
  sec: 29
  nsec: 656000000
}
real_time {
  sec: 31
  nsec: 715849267
}
iterations: 7414
real_time_factor: 0.99994675283541157
step_size {
  nsec: 4000000
}

sim_time {
  sec: 29
  nsec: 760000000
}
real_time {
  sec: 31
  nsec: 819848625
}
iterations: 7440
real_time_factor: 1.0000257506630796
step_size {
  nsec: 4000000
}

sim_time {
  sec: 29
  nsec: 860000000
}
real_time {
  sec: 31
  nsec: 919850578
}
iterations: 7465
real_time_factor: 1.0000422517851379
step_size {
  nsec: 4000000
}

sim_time {
  sec: 29
  nsec: 964000000
}
real_time {
  sec: 32
  nsec: 23850790
}
iterations: 7491
real_time_factor: 0.99993550415998167
step_size {
  nsec: 4000000
}

sim_time {
  sec: 30
  nsec: 64000000
}
real_time {
  sec: 32
  nsec: 123851094
}
iterations: 7516
real_time_factor: 0.9998915117709728
step_size {
  nsec: 4000000
}

sim_time {
  sec: 30
  nsec: 168000000
}
real_time {
  sec: 32
  nsec: 227850667
}
iterations: 7542
real_time_factor: 0.99985652058929542
step_size {
  nsec: 4000000
}

sim_time {
  sec: 30
  nsec: 268000000
}
real_time {
  sec: 32
  nsec: 327854758
}
iterations: 7567
real_time_factor: 0.99918167021209625
step_size {
  nsec: 4000000
}

sim_time {
  sec: 30
  nsec: 372000000
}
real_time {
  sec: 32
  nsec: 431850729
}
iterations: 7593
real_time_factor: 0.99977355129063272
step_size {
  nsec: 4000000
}

sim_time {
  sec: 30
  nsec: 476000000
}
real_time {
  sec: 32
  nsec: 535849653
}
iterations: 7619
real_time_factor: 1.0001322674923758
step_size {
  nsec: 4000000
}

sim_time {
  sec: 30
  nsec: 576000000
}
real_time {
  sec: 32
  nsec: 635850115
}
iterations: 7644
real_time_factor: 1.001080165498573
step_size {
  nsec: 4000000
}

sim_time {
  sec: 30
  nsec: 680000000
}
real_time {
  sec: 32
  nsec: 739851816
}
iterations: 7670
real_time_factor: 0.999361907422111
step_size {
  nsec: 4000000
}

sim_time {
  sec: 30
  nsec: 784000000
}
real_time {
  sec: 32
  nsec: 843860370
}
iterations: 7696
real_time_factor: 0.99732915252952592
step_size {
  nsec: 4000000
}

sim_time {
  sec: 30
  nsec: 888000000
}
real_time {
  sec: 32
  nsec: 947849163
}
iterations: 7722
real_time_factor: 1.0000235005522631
step_size {
  nsec: 4000000
}

sim_time {
  sec: 30
  nsec: 988000000
}
real_time {
  sec: 33
  nsec: 47853088
}
iterations: 7747
real_time_factor: 0.9990776016043188
step_size {
  nsec: 4000000
}

sim_time {
  sec: 31
  nsec: 88000000
}
real_time {
  sec: 33
  nsec: 147857596
}
iterations: 7772
real_time_factor: 0.99933169692767965
step_size {
  nsec: 4000000
}

sim_time {
  sec: 31
  nsec: 192000000
}
real_time {
  sec: 33
  nsec: 251850937
}
iterations: 7798
real_time_factor: 0.99998850013224849
step_size {
  nsec: 4000000
}

sim_time {
  sec: 31
  nsec: 296000000
}
real_time {
  sec: 33
  nsec: 355853276
}
iterations: 7824
real_time_factor: 0.999361907422111
step_size {
  nsec: 4000000
}

sim_time {
  sec: 31
  nsec: 400000000
}
real_time {
  sec: 33
  nsec: 459852144
}
iterations: 7850
real_time_factor: 0.99962089377603547
step_size {
  nsec: 4000000
}

sim_time {
  sec: 31
  nsec: 504000000
}
real_time {
  sec: 33
  nsec: 563849142
}
iterations: 7876
real_time_factor: 1.0000047500225626
step_size {
  nsec: 4000000
}

sim_time {
  sec: 31
  nsec: 608000000
}
real_time {
  sec: 33
  nsec: 667853102
}
iterations: 7902
real_time_factor: 0.99903842551544142
step_size {
  nsec: 4000000
}

sim_time {
  sec: 31
  nsec: 712000000
}
real_time {
  sec: 33
  nsec: 771850229
}
iterations: 7928
real_time_factor: 1.0000095000902509
step_size {
  nsec: 4000000
}

sim_time {
  sec: 31
  nsec: 812000000
}
real_time {
  sec: 33
  nsec: 871850968
}
iterations: 7953
real_time_factor: 1.000679211014476
step_size {
  nsec: 4000000
}

sim_time {
  sec: 31
  nsec: 916000000
}
real_time {
  sec: 33
  nsec: 975849882
}
iterations: 7979
real_time_factor: 1.0001135128837122
step_size {
  nsec: 4000000
}

sim_time {
  sec: 32
  nsec: 20000000
}
real_time {
  sec: 34
  nsec: 79850943
}
iterations: 8005
real_time_factor: 0.99973432060429945
step_size {
  nsec: 4000000
}

sim_time {
  sec: 32
  nsec: 124000000
}
real_time {
  sec: 34
  nsec: 183853033
}
iterations: 8031
real_time_factor: 0.99930623164867793
step_size {
  nsec: 4000000
}

sim_time {
  sec: 32
  nsec: 224000000
}
real_time {
  sec: 34
  nsec: 283905410
}
iterations: 8056
real_time_factor: 0.98613056664541554
step_size {
  nsec: 4000000
}

sim_time {
  sec: 32
  nsec: 328000000
}
real_time {
  sec: 34
  nsec: 387849231
}
iterations: 8082
real_time_factor: 0.99996800102396721
step_size {
  nsec: 4000000
}

sim_time {
  sec: 32
  nsec: 428000000
}
real_time {
  sec: 34
  nsec: 487850841
}
iterations: 8107
real_time_factor: 1.0010430868965463
step_size {
  nsec: 4000000
}

sim_time {
  sec: 32
  nsec: 532000000
}
real_time {
  sec: 34
  nsec: 591851199
}
iterations: 8133
real_time_factor: 0.99953971196264124
step_size {
  nsec: 4000000
}

sim_time {
  sec: 32
  nsec: 636000000
}
real_time {
  sec: 34
  nsec: 695918334
}
iterations: 8159
real_time_factor: 0.98302512219002269
step_size {
  nsec: 4000000
}

sim_time {
  sec: 32
  nsec: 740000000
}
real_time {
  sec: 34
  nsec: 799849720
}
iterations: 8185
real_time_factor: 1.0000305009302783
step_size {
  nsec: 4000000
}

sim_time {
  sec: 32
  nsec: 844000000
}
real_time {
  sec: 34
  nsec: 903849318
}
iterations: 8211
real_time_factor: 0.99997275074254222
step_size {
  nsec: 4000000
}

sim_time {
  sec: 32
  nsec: 948000000
}
real_time {
  sec: 35
  nsec: 7849259
}
iterations: 8237
real_time_factor: 1.0000652542578403
step_size {
  nsec: 4000000
}

sim_time {
  sec: 33
  nsec: 48000000
}
real_time {
  sec: 35
  nsec: 107855025
}
iterations: 8262
real_time_factor: 0.99924856507906057
step_size {
  nsec: 4000000
}

sim_time {
  sec: 33
  nsec: 152000000
}
real_time {
  sec: 35
  nsec: 211854355
}
iterations: 8288
real_time_factor: 0.998897217471911
step_size {
  nsec: 4000000
}

sim_time {
  sec: 33
  nsec: 256000000
}
real_time {
  sec: 35
  nsec: 315849454
}
iterations: 8314
real_time_factor: 1.0000047500225626
step_size {
  nsec: 4000000
}

sim_time {
  sec: 33
  nsec: 360000000
}
real_time {
  sec: 35
  nsec: 419849116
}
iterations: 8340
real_time_factor: 0.99997725051755071
step_size {
  nsec: 4000000
}

sim_time {
  sec: 33
  nsec: 464000000
}
real_time {
  sec: 35
  nsec: 523848844
}
iterations: 8366
real_time_factor: 1.0000697548654018
step_size {
  nsec: 4000000
}

sim_time {
  sec: 33
  nsec: 564000000
}
real_time {
  sec: 35
  nsec: 623849518
}
iterations: 8391
real_time_factor: 1.0000812566020989
step_size {
  nsec: 4000000
}

sim_time {
  sec: 33
  nsec: 668000000
}
real_time {
  sec: 35
  nsec: 727849674
}
iterations: 8417
real_time_factor: 1.0000975095071769
step_size {
  nsec: 4000000
}

sim_time {
  sec: 33
  nsec: 772000000
}
real_time {
  sec: 35
  nsec: 831848960
}
iterations: 8443
real_time_factor: 0.99992150616176634
step_size {
  nsec: 4000000
}

sim_time {
  sec: 33
  nsec: 876000000
}
real_time {
  sec: 35
  nsec: 935850149
}
iterations: 8469
real_time_factor: 0.99970433744220144
step_size {
  nsec: 4000000
}

sim_time {
  sec: 33
  nsec: 980000000
}
real_time {
  sec: 36
  nsec: 39849275
}
iterations: 8495
real_time_factor: 0.99999350004224974
step_size {
  nsec: 4000000
}

sim_time {
  sec: 34
  nsec: 80000000
}
real_time {
  sec: 36
  nsec: 139849077
}
iterations: 8520
real_time_factor: 1.0001880353506458
step_size {
  nsec: 4000000
}

sim_time {
  sec: 34
  nsec: 184000000
}
real_time {
  sec: 36
  nsec: 243850036
}
iterations: 8546
real_time_factor: 0.99972507560420887
step_size {
  nsec: 4000000
}

sim_time {
  sec: 34
  nsec: 284000000
}
real_time {
  sec: 36
  nsec: 343849635
}
iterations: 8571
real_time_factor: 1.0000165002722545
step_size {
  nsec: 4000000
}

sim_time {
  sec: 34
  nsec: 384000000
}
real_time {
  sec: 36
  nsec: 443851049
}
iterations: 8596
real_time_factor: 0.99952572504346693
step_size {
  nsec: 4000000
}

sim_time {
  sec: 34
  nsec: 484000000
}
real_time {
  sec: 36
  nsec: 543856073
}
iterations: 8621
real_time_factor: 0.99844965729463575
step_size {
  nsec: 4000000
}

sim_time {
  sec: 34
  nsec: 588000000
}
real_time {
  sec: 36
  nsec: 647850662
}
iterations: 8647
real_time_factor: 1.0005420436521486
step_size {
  nsec: 4000000
}

sim_time {
  sec: 34
  nsec: 692000000
}
real_time {
  sec: 36
  nsec: 751849889
}
iterations: 8673
real_time_factor: 1.0001437706670333
step_size {
  nsec: 4000000
}

sim_time {
  sec: 34
  nsec: 792000000
}
real_time {
  sec: 36
  nsec: 852250791
}
iterations: 8698
real_time_factor: 0.91012783428028343
step_size {
  nsec: 4000000
}

sim_time {
  sec: 34
  nsec: 896000000
}
real_time {
  sec: 36
  nsec: 955850575
}
iterations: 8724
real_time_factor: 0.99962089377603547
step_size {
  nsec: 4000000
}

sim_time {
  sec: 35
}
real_time {
  sec: 37
  nsec: 59851848
}
iterations: 8750
real_time_factor: 0.999489011243002
step_size {
  nsec: 4000000
}

sim_time {
  sec: 35
  nsec: 104000000
}
real_time {
  sec: 37
  nsec: 163849954
}
iterations: 8776
real_time_factor: 1.0000190003610068
step_size {
  nsec: 4000000
}

sim_time {
  sec: 35
  nsec: 204000000
}
real_time {
  sec: 37
  nsec: 263851757
}
iterations: 8801
real_time_factor: 1.0018343587107994
step_size {
  nsec: 4000000
}

sim_time {
  sec: 35
  nsec: 308000000
}
real_time {
  sec: 37
  nsec: 367849465
}
iterations: 8827
real_time_factor: 1.0001805325861317
step_size {
  nsec: 4000000
}

sim_time {
  sec: 35
  nsec: 408000000
}
real_time {
  sec: 37
  nsec: 467849989
}
iterations: 8852
real_time_factor: 1.0002663209079417
step_size {
  nsec: 4000000
}

sim_time {
  sec: 35
  nsec: 508000000
}
real_time {
  sec: 37
  nsec: 567856883
}
iterations: 8877
real_time_factor: 0.9988258801778509
step_size {
  nsec: 4000000
}

sim_time {
  sec: 35
  nsec: 612000000
}
real_time {
  sec: 37
  nsec: 671849721
}
iterations: 8903
real_time_factor: 1.0004146718814948
step_size {
  nsec: 4000000
}

sim_time {
  sec: 35
  nsec: 716000000
}
real_time {
  sec: 37
  nsec: 775849382
}
iterations: 8929
real_time_factor: 0.99988926226420427
step_size {
  nsec: 4000000
}

sim_time {
  sec: 35
  nsec: 820000000
}
real_time {
  sec: 37
  nsec: 879849378
}
iterations: 8955
real_time_factor: 1.0000115001322516
step_size {
  nsec: 4000000
}

sim_time {
  sec: 35
  nsec: 920000000
}
real_time {
  sec: 37
  nsec: 979853021
}
iterations: 8980
real_time_factor: 0.99980378850650564
step_size {
  nsec: 4000000
}

sim_time {
  sec: 36
  nsec: 24000000
}
real_time {
  sec: 38
  nsec: 83855580
}
iterations: 9006
real_time_factor: 0.99886503959875594
step_size {
  nsec: 4000000
}

sim_time {
  sec: 36
  nsec: 128000000
}
real_time {
  sec: 38
  nsec: 187851409
}
iterations: 9032
real_time_factor: 1.0001460213191127
step_size {
  nsec: 4000000
}

sim_time {
  sec: 36
  nsec: 232000000
}
real_time {
  sec: 38
  nsec: 291849588
}
iterations: 9058
real_time_factor: 1.0000190003610068
step_size {
  nsec: 4000000
}

sim_time {
  sec: 36
  nsec: 336000000
}
real_time {
  sec: 38
  nsec: 395849352
}
iterations: 9084
real_time_factor: 1.0000325010562843
step_size {
  nsec: 4000000
}

sim_time {
  sec: 36
  nsec: 436000000
}
real_time {
  sec: 38
  nsec: 495851922
}
iterations: 9109
real_time_factor: 0.99941259524714354
step_size {
  nsec: 4000000
}

sim_time {
  sec: 36
  nsec: 536000000
}
real_time {
  sec: 38
  nsec: 595855232
}
iterations: 9134
real_time_factor: 0.99877500245948347
step_size {
  nsec: 4000000
}

sim_time {
  sec: 36
  nsec: 640000000
}
real_time {
  sec: 38
  nsec: 699848977
}
iterations: 9160
real_time_factor: 1.0000510026011327
step_size {
  nsec: 4000000
}

sim_time {
  sec: 36
  nsec: 740000000
}
real_time {
  sec: 38
  nsec: 799857490
}
iterations: 9185
real_time_factor: 0.99793303120910815
step_size {
  nsec: 4000000
}

sim_time {
  sec: 36
  nsec: 844000000
}
real_time {
  sec: 38
  nsec: 903849753
}
iterations: 9211
real_time_factor: 0.99988926226420427
step_size {
  nsec: 4000000
}

sim_time {
  sec: 36
  nsec: 944000000
}
real_time {
  sec: 39
  nsec: 3854193
}
iterations: 9236
real_time_factor: 0.9988188966547058
step_size {
  nsec: 4000000
}

sim_time {
  sec: 37
  nsec: 44000000
}
real_time {
  sec: 39
  nsec: 103854241
}
iterations: 9261
real_time_factor: 0.99896656908428227
step_size {
  nsec: 4000000
}

sim_time {
  sec: 37
  nsec: 148000000
}
real_time {
  sec: 39
  nsec: 207849462
}
iterations: 9287
real_time_factor: 1.0000605036604715
step_size {
  nsec: 4000000
}

sim_time {
  sec: 37
  nsec: 252000000
}
real_time {
  sec: 39
  nsec: 311849618
}
iterations: 9313
real_time_factor: 0.99986376856153347
step_size {
  nsec: 4000000
}

sim_time {
  sec: 37
  nsec: 356000000
}
real_time {
  sec: 39
  nsec: 415849164
}
iterations: 9339
real_time_factor: 1.0000142502030653
step_size {
  nsec: 4000000
}

sim_time {
  sec: 37
  nsec: 456000000
}
real_time {
  sec: 39
  nsec: 515849854
}
iterations: 9364
real_time_factor: 1.0011242625468402
step_size {
  nsec: 4000000
}

sim_time {
  sec: 37
  nsec: 556000000
}
real_time {
  sec: 39
  nsec: 615854074
}
iterations: 9389
real_time_factor: 0.99883735332073464
step_size {
  nsec: 4000000
}

sim_time {
  sec: 37
  nsec: 660000000
}
real_time {
  sec: 39
  nsec: 719850471
}
iterations: 9415
real_time_factor: 1.0000420017640741
step_size {
  nsec: 4000000
}

sim_time {
  sec: 37
  nsec: 760000000
}
real_time {
  sec: 39
  nsec: 819851025
}
iterations: 9440
real_time_factor: 1.0011844011465563
step_size {
  nsec: 4000000
}

sim_time {
  sec: 37
  nsec: 864000000
}
real_time {
  sec: 39
  nsec: 923849536
}
iterations: 9466
real_time_factor: 0.99998900012099867
step_size {
  nsec: 4000000
}

sim_time {
  sec: 37
  nsec: 964000000
}
real_time {
  sec: 40
  nsec: 23856938
}
iterations: 9491
real_time_factor: 0.99892765116647275
step_size {
  nsec: 4000000
}

sim_time {
  sec: 38
  nsec: 68000000
}
real_time {
  sec: 40
  nsec: 127849811
}
iterations: 9517
real_time_factor: 0.999882513804628
step_size {
  nsec: 4000000
}

sim_time {
  sec: 38
  nsec: 168000000
}
real_time {
  sec: 40
  nsec: 227865676
}
iterations: 9542
real_time_factor: 0.996101259669653
step_size {
  nsec: 4000000
}

sim_time {
  sec: 38
  nsec: 272000000
}
real_time {
  sec: 40
  nsec: 331848923
}
iterations: 9568
real_time_factor: 1.0002037915225228
step_size {
  nsec: 4000000
}

sim_time {
  sec: 38
  nsec: 372000000
}
real_time {
  sec: 40
  nsec: 431852726
}
iterations: 9593
real_time_factor: 1.00185317791585
step_size {
  nsec: 4000000
}

sim_time {
  sec: 38
  nsec: 476000000
}
real_time {
  sec: 40
  nsec: 535849441
}
iterations: 9619
real_time_factor: 1.0001555241840105
step_size {
  nsec: 4000000
}

sim_time {
  sec: 38
  nsec: 580000000
}
real_time {
  sec: 40
  nsec: 639849601
}
iterations: 9645
real_time_factor: 0.99999350004224974
step_size {
  nsec: 4000000
}

sim_time {
  sec: 38
  nsec: 680000000
}
real_time {
  sec: 40
  nsec: 739849874
}
iterations: 9670
real_time_factor: 1.0000605036604715
step_size {
  nsec: 4000000
}

sim_time {
  sec: 38
  nsec: 780000000
}
real_time {
  sec: 40
  nsec: 839851078
}
iterations: 9695
real_time_factor: 0.99967885316841965
step_size {
  nsec: 4000000
}

sim_time {
  sec: 38
  nsec: 884000000
}
real_time {
  sec: 40
  nsec: 943852077
}
iterations: 9721
real_time_factor: 0.99926703762789992
step_size {
  nsec: 4000000
}

sim_time {
  sec: 38
  nsec: 988000000
}
real_time {
  sec: 41
  nsec: 47849334
}
iterations: 9747
real_time_factor: 1.0001207645823234
step_size {
  nsec: 4000000
}

sim_time {
  sec: 39
  nsec: 88000000
}
real_time {
  sec: 41
  nsec: 147849662
}
iterations: 9772
real_time_factor: 0.99993550415998167
step_size {
  nsec: 4000000
}

sim_time {
  sec: 39
  nsec: 192000000
}
real_time {
  sec: 41
  nsec: 251849590
}
iterations: 9798
real_time_factor: 1.0000490024011177
step_size {
  nsec: 4000000
}

sim_time {
  sec: 39
  nsec: 292000000
}
real_time {
  sec: 41
  nsec: 351851047
}
iterations: 9823
real_time_factor: 0.999565189142723
step_size {
  nsec: 4000000
}

sim_time {
  sec: 39
  nsec: 396000000
}
real_time {
  sec: 41
  nsec: 455849357
}
iterations: 9849
real_time_factor: 1.0003568773159826
step_size {
  nsec: 4000000
}

sim_time {
  sec: 39
  nsec: 496000000
}
real_time {
  sec: 41
  nsec: 555850021
}
iterations: 9874
real_time_factor: 1.0005445463693616
step_size {
  nsec: 4000000
}

sim_time {
  sec: 39
  nsec: 600000000
}
real_time {
  sec: 41
  nsec: 659849287
}
iterations: 9900
real_time_factor: 1.0001230151308611
step_size {
  nsec: 4000000
}

sim_time {
  sec: 39
  nsec: 700000000
}
real_time {
  sec: 41
  nsec: 759849564
}
iterations: 9925
real_time_factor: 0.99998850013224849
step_size {
  nsec: 4000000
}

sim_time {
  sec: 39
  nsec: 804000000
}
real_time {
  sec: 41
  nsec: 863850186
}
iterations: 9951
real_time_factor: 0.99994500302483369
step_size {
  nsec: 4000000
}

sim_time {
  sec: 39
  nsec: 904000000
}
real_time {
  sec: 41
  nsec: 963852467
}
iterations: 9976
real_time_factor: 0.99932720296060673
step_size {
  nsec: 4000000
}

sim_time {
  sec: 40
  nsec: 8000000
}
real_time {
  sec: 42
  nsec: 67849876
}
iterations: 10002
real_time_factor: 0.99997475063754637
step_size {
  nsec: 4000000
}

sim_time {
  sec: 40
  nsec: 108000000
}
real_time {
  sec: 42
  nsec: 167852647
}
iterations: 10027
real_time_factor: 0.99969034591535277
step_size {
  nsec: 4000000
}

sim_time {
  sec: 40
  nsec: 212000000
}
real_time {
  sec: 42
  nsec: 271849639
}
iterations: 10053
real_time_factor: 0.99996575117302233
step_size {
  nsec: 4000000
}

sim_time {
  sec: 40
  nsec: 312000000
}
real_time {
  sec: 42
  nsec: 371852435
}
iterations: 10078
real_time_factor: 1.0001022604561316
step_size {
  nsec: 4000000
}

sim_time {
  sec: 40
  nsec: 416000000
}
real_time {
  sec: 42
  nsec: 475849728
}
iterations: 10104
real_time_factor: 1.0001207645823234
step_size {
  nsec: 4000000
}

sim_time {
  sec: 40
  nsec: 520000000
}
real_time {
  sec: 42
  nsec: 579853698
}
iterations: 10130
real_time_factor: 0.9989296468833645
step_size {
  nsec: 4000000
}

sim_time {
  sec: 40
  nsec: 624000000
}
real_time {
  sec: 42
  nsec: 683855963
}
iterations: 10156
real_time_factor: 0.99834823284875174
step_size {
  nsec: 4000000
}

sim_time {
  sec: 40
  nsec: 728000000
}
real_time {
  sec: 42
  nsec: 787849766
}
iterations: 10182
real_time_factor: 0.99994475305239383
step_size {
  nsec: 4000000
}

sim_time {
  sec: 40
  nsec: 828000000
}
real_time {
  sec: 42
  nsec: 887849926
}
iterations: 10207
real_time_factor: 1.0016441989525806
step_size {
  nsec: 4000000
}

sim_time {
  sec: 40
  nsec: 932000000
}
real_time {
  sec: 42
  nsec: 991850208
}
iterations: 10233
real_time_factor: 0.99988701276755731
step_size {
  nsec: 4000000
}

sim_time {
  sec: 41
  nsec: 36000000
}
real_time {
  sec: 43
  nsec: 95855325
}
iterations: 10259
real_time_factor: 0.99843794383686724
step_size {
  nsec: 4000000
}

sim_time {
  sec: 41
  nsec: 140000000
}
real_time {
  sec: 43
  nsec: 199849108
}
iterations: 10285
real_time_factor: 1.000007250052563
step_size {
  nsec: 4000000
}

sim_time {
  sec: 41
  nsec: 240000000
}
real_time {
  sec: 43
  nsec: 299849438
}
iterations: 10310
real_time_factor: 0.99996325135051289
step_size {
  nsec: 4000000
}

sim_time {
  sec: 41
  nsec: 340000000
}
real_time {
  sec: 43
  nsec: 399849745
}
iterations: 10335
real_time_factor: 0.99980828676101352
step_size {
  nsec: 4000000
}

sim_time {
  sec: 41
  nsec: 440000000
}
real_time {
  sec: 43
  nsec: 499849896
}
iterations: 10360
real_time_factor: 1.0000560031361756
step_size {
  nsec: 4000000
}

sim_time {
  sec: 41
  nsec: 544000000
}
real_time {
  sec: 43
  nsec: 603849255
}
iterations: 10386
real_time_factor: 0.999919256520036
step_size {
  nsec: 4000000
}

sim_time {
  sec: 41
  nsec: 644000000
}
real_time {
  sec: 43
  nsec: 703850876
}
iterations: 10411
real_time_factor: 1.0015325952538872
step_size {
  nsec: 4000000
}

sim_time {
  sec: 41
  nsec: 748000000
}
real_time {
  sec: 43
  nsec: 807849849
}
iterations: 10437
real_time_factor: 1.0000095000902509
step_size {
  nsec: 4000000
}

sim_time {
  sec: 41
  nsec: 852000000
}
real_time {
  sec: 43
  nsec: 911849043
}
iterations: 10463
real_time_factor: 1.0000212504515722
step_size {
  nsec: 4000000
}

sim_time {
  sec: 41
  nsec: 952000000
}
real_time {
  sec: 44
  nsec: 11851962
}
iterations: 10488
real_time_factor: 0.99932270903395226
step_size {
  nsec: 4000000
}

sim_time {
  sec: 42
  nsec: 56000000
}
real_time {
  sec: 44
  nsec: 115850370
}
iterations: 10514
real_time_factor: 1.0001670278936583
step_size {
  nsec: 4000000
}

sim_time {
  sec: 42
  nsec: 160000000
}
real_time {
  sec: 44
  nsec: 219851000
}
iterations: 10540
real_time_factor: 0.99945205041336083
step_size {
  nsec: 4000000
}

sim_time {
  sec: 42
  nsec: 260000000
}
real_time {
  sec: 44
  nsec: 319856001
}
iterations: 10565
real_time_factor: 0.99855833140902817
step_size {
  nsec: 4000000
}

sim_time {
  sec: 42
  nsec: 364000000
}
real_time {
  sec: 44
  nsec: 423850067
}
iterations: 10591
real_time_factor: 1.0000120001440018
step_size {
  nsec: 4000000
}

sim_time {
  sec: 42
  nsec: 468000000
}
real_time {
  sec: 44
  nsec: 527853817
}
iterations: 10617
real_time_factor: 0.99896881444129293
step_size {
  nsec: 4000000
}

sim_time {
  sec: 42
  nsec: 572000000
}
real_time {
  sec: 44
  nsec: 631848855
}
iterations: 10643
real_time_factor: 1.0000467521856646
step_size {
  nsec: 4000000
}

sim_time {
  sec: 42
  nsec: 672000000
}
real_time {
  sec: 44
  nsec: 731849303
}
iterations: 10668
real_time_factor: 0.99997025088503622
step_size {
  nsec: 4000000
}

sim_time {
  sec: 42
  nsec: 776000000
}
real_time {
  sec: 44
  nsec: 835849206
}
iterations: 10694
real_time_factor: 1.0000697548654018
step_size {
  nsec: 4000000
}

sim_time {
  sec: 42
  nsec: 876000000
}
real_time {
  sec: 44
  nsec: 935850979
}
iterations: 10719
real_time_factor: 0.99958617132507144
step_size {
  nsec: 4000000
}

sim_time {
  sec: 42
  nsec: 980000000
}
real_time {
  sec: 45
  nsec: 39849331
}
iterations: 10745
real_time_factor: 1.0000442519581492
step_size {
  nsec: 4000000
}

sim_time {
  sec: 43
  nsec: 84000000
}
real_time {
  sec: 45
  nsec: 143850191
}
iterations: 10771
real_time_factor: 0.99983377763446823
step_size {
  nsec: 4000000
}

sim_time {
  sec: 43
  nsec: 188000000
}
real_time {
  sec: 45
  nsec: 247849006
}
iterations: 10797
real_time_factor: 1.0000117501380641
step_size {
  nsec: 4000000
}

sim_time {
  sec: 43
  nsec: 288000000
}
real_time {
  sec: 45
  nsec: 347849943
}
iterations: 10822
real_time_factor: 1.0001485220555253
step_size {
  nsec: 4000000
}

sim_time {
  sec: 43
  nsec: 392000000
}
real_time {
  sec: 45
  nsec: 451850264
}
iterations: 10848
real_time_factor: 0.99975506001029746
step_size {
  nsec: 4000000
}

sim_time {
  sec: 43
  nsec: 496000000
}
real_time {
  sec: 45
  nsec: 555849371
}
iterations: 10874
real_time_factor: 0.99997700052898786
step_size {
  nsec: 4000000
}

sim_time {
  sec: 43
  nsec: 596000000
}
real_time {
  sec: 45
  nsec: 655849313
}
iterations: 10899
real_time_factor: 1.0009200957980624
step_size {
  nsec: 4000000
}

sim_time {
  sec: 43
  nsec: 696000000
}
real_time {
  sec: 45
  nsec: 755856059
}
iterations: 10924
real_time_factor: 0.99915172018955911
step_size {
  nsec: 4000000
}

sim_time {
  sec: 43
  nsec: 800000000
}
real_time {
  sec: 45
  nsec: 859849687
}
iterations: 10950
real_time_factor: 1.0001277663221477
step_size {
  nsec: 4000000
}

sim_time {
  sec: 43
  nsec: 904000000
}
real_time {
  sec: 45
  nsec: 963850400
}
iterations: 10976
real_time_factor: 0.99987076670340358
step_size {
  nsec: 4000000
}

sim_time {
  sec: 44
  nsec: 4000000
}
real_time {
  sec: 46
  nsec: 63850688
}
iterations: 11001
real_time_factor: 0.99969959027312294
step_size {
  nsec: 4000000
}

sim_time {
  sec: 44
  nsec: 108000000
}
real_time {
  sec: 46
  nsec: 167849628
}
iterations: 11027
real_time_factor: 0.99991675692998561
step_size {
  nsec: 4000000
}

sim_time {
  sec: 44
  nsec: 208000000
}
real_time {
  sec: 46
  nsec: 267849956
}
iterations: 11052
real_time_factor: 0.99984077535652449
step_size {
  nsec: 4000000
}

sim_time {
  sec: 44
  nsec: 308000000
}
real_time {
  sec: 46
  nsec: 367853409
}
iterations: 11077
real_time_factor: 0.99897130929425426
step_size {
  nsec: 4000000
}

sim_time {
  sec: 44
  nsec: 408000000
}
real_time {
  sec: 46
  nsec: 467852777
}
iterations: 11102
real_time_factor: 0.99924157564408611
step_size {
  nsec: 4000000
}

sim_time {
  sec: 44
  nsec: 512000000
}
real_time {
  sec: 46
  nsec: 571849457
}
iterations: 11128
real_time_factor: 1.0001460213191127
step_size {
  nsec: 4000000
}

sim_time {
  sec: 44
  nsec: 616000000
}
real_time {
  sec: 46
  nsec: 675849514
}
iterations: 11154
real_time_factor: 1.0000375014063028
step_size {
  nsec: 4000000
}

sim_time {
  sec: 44
  nsec: 716000000
}
real_time {
  sec: 46
  nsec: 775850432
}
iterations: 11179
real_time_factor: 0.99984977257167107
step_size {
  nsec: 4000000
}

sim_time {
  sec: 44
  nsec: 816000000
}
real_time {
  sec: 46
  nsec: 875850682
}
iterations: 11204
real_time_factor: 0.999748063488001
step_size {
  nsec: 4000000
}

sim_time {
  sec: 44
  nsec: 920000000
}
real_time {
  sec: 46
  nsec: 979849845
}
iterations: 11230
real_time_factor: 0.99994475305239383
step_size {
  nsec: 4000000
}

sim_time {
  sec: 45
  nsec: 20000000
}
real_time {
  sec: 47
  nsec: 79850868
}
iterations: 11255
real_time_factor: 1.0000397515801254
step_size {
  nsec: 4000000
}

sim_time {
  sec: 45
  nsec: 124000000
}
real_time {
  sec: 47
  nsec: 183849973
}
iterations: 11281
real_time_factor: 0.99996800102396721
step_size {
  nsec: 4000000
}

sim_time {
  sec: 45
  nsec: 228000000
}
real_time {
  sec: 47
  nsec: 287849634
}
iterations: 11307
real_time_factor: 0.99995425209296673
step_size {
  nsec: 4000000
}

sim_time {
  sec: 45
  nsec: 328000000
}
real_time {
  sec: 47
  nsec: 387852084
}
iterations: 11332
real_time_factor: 0.99943606819851893
step_size {
  nsec: 4000000
}

sim_time {
  sec: 45
  nsec: 432000000
}
real_time {
  sec: 47
  nsec: 491850443
}
iterations: 11358
real_time_factor: 0.99988476328103182
step_size {
  nsec: 4000000
}

sim_time {
  sec: 45
  nsec: 536000000
}
real_time {
  sec: 47
  nsec: 595849599
}
iterations: 11384
real_time_factor: 1.0000977595559966
step_size {
  nsec: 4000000
}

sim_time {
  sec: 45
  nsec: 636000000
}
real_time {
  sec: 47
  nsec: 695850184
}
iterations: 11409
real_time_factor: 0.99981978248420722
step_size {
  nsec: 4000000
}

sim_time {
  sec: 45
  nsec: 736000000
}
real_time {
  sec: 47
  nsec: 795850003
}
iterations: 11434
real_time_factor: 0.99994475305239383
step_size {
  nsec: 4000000
}

sim_time {
  sec: 45
  nsec: 840000000
}
real_time {
  sec: 47
  nsec: 899849358
}
iterations: 11460
real_time_factor: 0.99999100008099928
step_size {
  nsec: 4000000
}

sim_time {
  sec: 45
  nsec: 940000000
}
real_time {
  sec: 47
  nsec: 999850274
}
iterations: 11485
real_time_factor: 1.0025834067934551
step_size {
  nsec: 4000000
}

sim_time {
  sec: 46
  nsec: 44000000
}
real_time {
  sec: 48
  nsec: 103849707
}
iterations: 11511
real_time_factor: 1.0000002500000624
step_size {
  nsec: 4000000
}

sim_time {
  sec: 46
  nsec: 148000000
}
real_time {
  sec: 48
  nsec: 207849492
}
iterations: 11537
real_time_factor: 0.99998900012099867
step_size {
  nsec: 4000000
}

sim_time {
  sec: 46
  nsec: 252000000
}
real_time {
  sec: 48
  nsec: 311849713
}
iterations: 11563
real_time_factor: 0.99991250765558015
step_size {
  nsec: 4000000
}

sim_time {
  sec: 46
  nsec: 356000000
}
real_time {
  sec: 48
  nsec: 415849210
}
iterations: 11589
real_time_factor: 1.0000142502030653
step_size {
  nsec: 4000000
}

sim_time {
  sec: 46
  nsec: 460000000
}
real_time {
  sec: 48
  nsec: 519853496
}
iterations: 11615
real_time_factor: 0.99889497243674186
step_size {
  nsec: 4000000
}

sim_time {
  sec: 46
  nsec: 560000000
}
real_time {
  sec: 48
  nsec: 619854987
}
iterations: 11640
real_time_factor: 0.99885331639278108
step_size {
  nsec: 4000000
}

sim_time {
  sec: 46
  nsec: 664000000
}
real_time {
  sec: 48
  nsec: 723849990
}
iterations: 11666
real_time_factor: 1.0002112946359918
step_size {
  nsec: 4000000
}

sim_time {
  sec: 46
  nsec: 764000000
}
real_time {
  sec: 48
  nsec: 823856605
}
iterations: 11691
real_time_factor: 0.9981820609215466
step_size {
  nsec: 4000000
}

sim_time {
  sec: 46
  nsec: 868000000
}
real_time {
  sec: 48
  nsec: 927849182
}
iterations: 11717
real_time_factor: 1.0000722552204397
step_size {
  nsec: 4000000
}

sim_time {
  sec: 46
  nsec: 972000000
}
real_time {
  sec: 49
  nsec: 31850101
}
iterations: 11743
real_time_factor: 0.99992625543866143
step_size {
  nsec: 4000000
}

sim_time {
  sec: 47
  nsec: 76000000
}
real_time {
  sec: 49
  nsec: 135849256
}
iterations: 11769
real_time_factor: 0.99996325135051289
step_size {
  nsec: 4000000
}

sim_time {
  sec: 47
  nsec: 176000000
}
real_time {
  sec: 49
  nsec: 235849546
}
iterations: 11794
real_time_factor: 1.0000582533932603
step_size {
  nsec: 4000000
}

sim_time {
  sec: 47
  nsec: 276000000
}
real_time {
  sec: 49
  nsec: 335850207
}
iterations: 11819
real_time_factor: 0.99988226386343
step_size {
  nsec: 4000000
}

sim_time {
  sec: 47
  nsec: 380000000
}
real_time {
  sec: 49
  nsec: 439849505
}
iterations: 11845
real_time_factor: 0.99997475063754637
step_size {
  nsec: 4000000
}

sim_time {
  sec: 47
  nsec: 480000000
}
real_time {
  sec: 49
  nsec: 539849591
}
iterations: 11870
real_time_factor: 0.99994700280885118
step_size {
  nsec: 4000000
}

sim_time {
  sec: 47
  nsec: 584000000
}
real_time {
  sec: 49
  nsec: 643850894
}
iterations: 11896
real_time_factor: 0.99963013684936575
step_size {
  nsec: 4000000
}

sim_time {
  sec: 47
  nsec: 688000000
}
real_time {
  sec: 49
  nsec: 747849548
}
iterations: 11922
real_time_factor: 1.0001370187715717
step_size {
  nsec: 4000000
}

sim_time {
  sec: 47
  nsec: 788000000
}
real_time {
  sec: 49
  nsec: 847849751
}
iterations: 11947
real_time_factor: 0.9998915117709728
step_size {
  nsec: 4000000
}

sim_time {
  sec: 47
  nsec: 892000000
}
real_time {
  sec: 49
  nsec: 951849773
}
iterations: 11973
real_time_factor: 0.9999957500180624
step_size {
  nsec: 4000000
}

sim_time {
  sec: 47
  nsec: 996000000
}
real_time {
  sec: 50
  nsec: 55849201
}
iterations: 11999
real_time_factor: 1.0000537528892177
step_size {
  nsec: 4000000
}

sim_time {
  sec: 48
  nsec: 96000000
}
real_time {
  sec: 50
  nsec: 155854085
}
iterations: 12024
real_time_factor: 0.9988188966547058
step_size {
  nsec: 4000000
}

sim_time {
  sec: 48
  nsec: 200000000
}
real_time {
  sec: 50
  nsec: 259849369
}
iterations: 12050
real_time_factor: 1.0002273016543008
step_size {
  nsec: 4000000
}

sim_time {
  sec: 48
  nsec: 300000000
}
real_time {
  sec: 50
  nsec: 359857442
}
iterations: 12075
real_time_factor: 1.0050675505900752
step_size {
  nsec: 4000000
}

sim_time {
  sec: 48
  nsec: 404000000
}
real_time {
  sec: 50
  nsec: 463853670
}
iterations: 12101
real_time_factor: 1.0003801444548928
step_size {
  nsec: 4000000
}

sim_time {
  sec: 48
  nsec: 508000000
}
real_time {
  sec: 50
  nsec: 567849131
}
iterations: 12127
real_time_factor: 0.99996350133220135
step_size {
  nsec: 4000000
}

sim_time {
  sec: 48
  nsec: 612000000
}
real_time {
  sec: 50
  nsec: 671849030
}
iterations: 12153
real_time_factor: 1.0000537528892177
step_size {
  nsec: 4000000
}

sim_time {
  sec: 48
  nsec: 712000000
}
real_time {
  sec: 50
  nsec: 771849385
}
iterations: 12178
real_time_factor: 1.0001162635156338
step_size {
  nsec: 4000000
}

sim_time {
  sec: 48
  nsec: 816000000
}
real_time {
  sec: 50
  nsec: 875849215
}
iterations: 12204
real_time_factor: 0.99998650018224755
step_size {
  nsec: 4000000
}

sim_time {
  sec: 48
  nsec: 916000000
}
real_time {
  sec: 50
  nsec: 975849389
}
iterations: 12229
real_time_factor: 1.0001602756841783
step_size {
  nsec: 4000000
}

sim_time {
  sec: 49
  nsec: 16000000
}
real_time {
  sec: 51
  nsec: 75850267
}
iterations: 12254
real_time_factor: 0.99981278505599824
step_size {
  nsec: 4000000
}

sim_time {
  sec: 49
  nsec: 120000000
}
real_time {
  sec: 51
  nsec: 179850383
}
iterations: 12280
real_time_factor: 1.0000607536907866
step_size {
  nsec: 4000000
}

sim_time {
  sec: 49
  nsec: 220000000
}
real_time {
  sec: 51
  nsec: 279853270
}
iterations: 12305
real_time_factor: 0.99911927635789055
step_size {
  nsec: 4000000
}

sim_time {
  sec: 49
  nsec: 324000000
}
real_time {
  sec: 51
  nsec: 383850211
}
iterations: 12331
real_time_factor: 0.99990550892940622
step_size {
  nsec: 4000000
}

sim_time {
  sec: 49
  nsec: 428000000
}
real_time {
  sec: 51
  nsec: 487848963
}
iterations: 12357
real_time_factor: 1.0001277663221477
step_size {
  nsec: 4000000
}

sim_time {
  sec: 49
  nsec: 528000000
}
real_time {
  sec: 51
  nsec: 587849374
}
iterations: 12382
real_time_factor: 0.99996325135051289
step_size {
  nsec: 4000000
}

sim_time {
  sec: 49
  nsec: 628000000
}
real_time {
  sec: 51
  nsec: 687849239
}
iterations: 12407
real_time_factor: 1.0000930086498043
step_size {
  nsec: 4000000
}

sim_time {
  sec: 49
  nsec: 732000000
}
real_time {
  sec: 51
  nsec: 791849726
}
iterations: 12433
real_time_factor: 0.9998525217530414
step_size {
  nsec: 4000000
}

sim_time {
  sec: 49
  nsec: 832000000
}
real_time {
  sec: 51
  nsec: 891850784
}
iterations: 12458
real_time_factor: 0.999673856404348
step_size {
  nsec: 4000000
}

sim_time {
  sec: 49
  nsec: 936000000
}
real_time {
  sec: 51
  nsec: 995850747
}
iterations: 12484
real_time_factor: 0.99977829916216077
step_size {
  nsec: 4000000
}

sim_time {
  sec: 50
  nsec: 40000000
}
real_time {
  sec: 52
  nsec: 99849173
}
iterations: 12510
real_time_factor: 1.0000742555134718
step_size {
  nsec: 4000000
}

sim_time {
  sec: 50
  nsec: 140000000
}
real_time {
  sec: 52
  nsec: 199858950
}
iterations: 12535
real_time_factor: 0.997962908213609
step_size {
  nsec: 4000000
}

sim_time {
  sec: 50
  nsec: 244000000
}
real_time {
  sec: 52
  nsec: 303849205
}
iterations: 12561
real_time_factor: 1.0000767558910146
step_size {
  nsec: 4000000
}

sim_time {
  sec: 50
  nsec: 348000000
}
real_time {
  sec: 52
  nsec: 407848923
}
iterations: 12587
real_time_factor: 1.0001230151308611
step_size {
  nsec: 4000000
}

sim_time {
  sec: 50
  nsec: 452000000
}
real_time {
  sec: 52
  nsec: 511849170
}
iterations: 12613
real_time_factor: 0.99995400211590268
step_size {
  nsec: 4000000
}

sim_time {
  sec: 50
  nsec: 552000000
}
real_time {
  sec: 52
  nsec: 611850777
}
iterations: 12638
real_time_factor: 0.99961864548674684
step_size {
  nsec: 4000000
}

sim_time {
  sec: 50
  nsec: 652000000
}
real_time {
  sec: 52
  nsec: 711850748
}
iterations: 12663
real_time_factor: 1.0008667506060249
step_size {
  nsec: 4000000
}

sim_time {
  sec: 50
  nsec: 756000000
}
real_time {
  sec: 52
  nsec: 815853539
}
iterations: 12689
real_time_factor: 0.999008484079551
step_size {
  nsec: 4000000
}

sim_time {
  sec: 50
  nsec: 860000000
}
real_time {
  sec: 52
  nsec: 919849248
}
iterations: 12715
real_time_factor: 1.0001900361068603
step_size {
  nsec: 4000000
}

sim_time {
  sec: 50
  nsec: 964000000
}
real_time {
  sec: 53
  nsec: 23850983
}
iterations: 12741
real_time_factor: 0.99958167506898365
step_size {
  nsec: 4000000
}

sim_time {
  sec: 51
  nsec: 64000000
}
real_time {
  sec: 53
  nsec: 123850600
}
iterations: 12766
real_time_factor: 0.99962339188710658
step_size {
  nsec: 4000000
}

sim_time {
  sec: 51
  nsec: 164000000
}
real_time {
  sec: 53
  nsec: 223851597
}
iterations: 12791
real_time_factor: 1.0006859702325945
step_size {
  nsec: 4000000
}

sim_time {
  sec: 51
  nsec: 264000000
}
real_time {
  sec: 53
  nsec: 323853048
}
iterations: 12816
real_time_factor: 0.99916295123760068
step_size {
  nsec: 4000000
}

sim_time {
  sec: 51
  nsec: 368000000
}
real_time {
  sec: 53
  nsec: 427850969
}
iterations: 12842
real_time_factor: 0.99961389913146048
step_size {
  nsec: 4000000
}

sim_time {
  sec: 51
  nsec: 472000000
}
real_time {
  sec: 53
  nsec: 531850048
}
iterations: 12868
real_time_factor: 0.99987076670340358
step_size {
  nsec: 4000000
}

sim_time {
  sec: 51
  nsec: 572000000
}
real_time {
  sec: 53
  nsec: 631851322
}
iterations: 12893
real_time_factor: 1.0002760761970304
step_size {
  nsec: 4000000
}

sim_time {
  sec: 51
  nsec: 676000000
}
real_time {
  sec: 53
  nsec: 735849392
}
iterations: 12919
real_time_factor: 0.99983602689158979
step_size {
  nsec: 4000000
}

sim_time {
  sec: 51
  nsec: 780000000
}
real_time {
  sec: 53
  nsec: 839849257
}
iterations: 12945
real_time_factor: 0.99998875012656108
step_size {
  nsec: 4000000
}

sim_time {
  sec: 51
  nsec: 884000000
}
real_time {
  sec: 53
  nsec: 943849520
}
iterations: 12971
real_time_factor: 0.999840525436193
step_size {
  nsec: 4000000
}

sim_time {
  sec: 51
  nsec: 984000000
}
real_time {
  sec: 54
  nsec: 43849572
}
iterations: 12996
real_time_factor: 0.99999350004224974
step_size {
  nsec: 4000000
}

sim_time {
  sec: 52
  nsec: 84000000
}
real_time {
  sec: 54
  nsec: 143854975
}
iterations: 13021
real_time_factor: 0.99862963048956066
step_size {
  nsec: 4000000
}

sim_time {
  sec: 52
  nsec: 188000000
}
real_time {
  sec: 54
  nsec: 247849275
}
iterations: 13047
real_time_factor: 0.99996125150150428
step_size {
  nsec: 4000000
}

sim_time {
  sec: 52
  nsec: 288000000
}
real_time {
  sec: 54
  nsec: 347850569
}
iterations: 13072
real_time_factor: 1.0005422939233064
step_size {
  nsec: 4000000
}

sim_time {
  sec: 52
  nsec: 392000000
}
real_time {
  sec: 54
  nsec: 451849406
}
iterations: 13098
real_time_factor: 1.000007250052563
step_size {
  nsec: 4000000
}

sim_time {
  sec: 52
  nsec: 492000000
}
real_time {
  sec: 54
  nsec: 551850282
}
iterations: 13123
real_time_factor: 1.0000490024011177
step_size {
  nsec: 4000000
}

sim_time {
  sec: 52
  nsec: 592000000
}
real_time {
  sec: 54
  nsec: 651851491
}
iterations: 13148
real_time_factor: 0.99939436701358975
step_size {
  nsec: 4000000
}

sim_time {
  sec: 52
  nsec: 696000000
}
real_time {
  sec: 54
  nsec: 755849217
}
iterations: 13174
real_time_factor: 1.0000002500000624
step_size {
  nsec: 4000000
}

sim_time {
  sec: 52
  nsec: 800000000
}
real_time {
  sec: 54
  nsec: 859849267
}
iterations: 13200
real_time_factor: 0.99999350004224974
step_size {
  nsec: 4000000
}

sim_time {
  sec: 52
  nsec: 900000000
}
real_time {
  sec: 54
  nsec: 959854207
}
iterations: 13225
real_time_factor: 0.99938512829981352
step_size {
  nsec: 4000000
}

sim_time {
  sec: 53
  nsec: 4000000
}
real_time {
  sec: 55
  nsec: 63849858
}
iterations: 13251
real_time_factor: 0.99993575412779734
step_size {
  nsec: 4000000
}

sim_time {
  sec: 53
  nsec: 104000000
}
real_time {
  sec: 55
  nsec: 163857521
}
iterations: 13276
real_time_factor: 0.998135731986582
step_size {
  nsec: 4000000
}

sim_time {
  sec: 53
  nsec: 208000000
}
real_time {
  sec: 55
  nsec: 267852589
}
iterations: 13302
real_time_factor: 1.0008507231146475
step_size {
  nsec: 4000000
}

sim_time {
  sec: 53
  nsec: 312000000
}
real_time {
  sec: 55
  nsec: 371849046
}
iterations: 13328
real_time_factor: 0.99994250330605994
step_size {
  nsec: 4000000
}

sim_time {
  sec: 53
  nsec: 412000000
}
real_time {
  sec: 55
  nsec: 471849524
}
iterations: 13353
real_time_factor: 0.99986851728997639
step_size {
  nsec: 4000000
}

sim_time {
  sec: 53
  nsec: 512000000
}
real_time {
  sec: 55
  nsec: 571855659
}
iterations: 13378
real_time_factor: 1.0005352863782124
step_size {
  nsec: 4000000
}

sim_time {
  sec: 53
  nsec: 616000000
}
real_time {
  sec: 55
  nsec: 675849587
}
iterations: 13404
real_time_factor: 1.0000377514251162
step_size {
  nsec: 4000000
}

sim_time {
  sec: 53
  nsec: 716000000
}
real_time {
  sec: 55
  nsec: 775853315
}
iterations: 13429
real_time_factor: 0.99941484260965208
step_size {
  nsec: 4000000
}

sim_time {
  sec: 53
  nsec: 820000000
}
real_time {
  sec: 55
  nsec: 879850067
}
iterations: 13455
real_time_factor: 0.999998000004
step_size {
  nsec: 4000000
}

sim_time {
  sec: 53
  nsec: 920000000
}
real_time {
  sec: 55
  nsec: 979852711
}
iterations: 13480
real_time_factor: 0.9990776016043188
step_size {
  nsec: 4000000
}

sim_time {
  sec: 54
  nsec: 24000000
}
real_time {
  sec: 56
  nsec: 83850029
}
iterations: 13506
real_time_factor: 0.99981278505599824
step_size {
  nsec: 4000000
}

sim_time {
  sec: 54
  nsec: 124000000
}
real_time {
  sec: 56
  nsec: 183850496
}
iterations: 13531
real_time_factor: 1.0002643198465195
step_size {
  nsec: 4000000
}

sim_time {
  sec: 54
  nsec: 224000000
}
real_time {
  sec: 56
  nsec: 283851537
}
iterations: 13556
real_time_factor: 1.00007475558798
step_size {
  nsec: 4000000
}

sim_time {
  sec: 54
  nsec: 328000000
}
real_time {
  sec: 56
  nsec: 387850180
}
iterations: 13582
real_time_factor: 1.0001137629405346
step_size {
  nsec: 4000000
}

sim_time {
  sec: 54
  nsec: 428000000
}
real_time {
  sec: 56
  nsec: 487852276
}
iterations: 13607
real_time_factor: 0.99929025409702754
step_size {
  nsec: 4000000
}

sim_time {
  sec: 54
  nsec: 532000000
}
real_time {
  sec: 56
  nsec: 591849575
}
iterations: 13633
real_time_factor: 0.99991250765558015
step_size {
  nsec: 4000000
}

sim_time {
  sec: 54
  nsec: 636000000
}
real_time {
  sec: 56
  nsec: 695849235
}
iterations: 13659
real_time_factor: 0.99995175232795019
step_size {
  nsec: 4000000
}

sim_time {
  sec: 54
  nsec: 740000000
}
real_time {
  sec: 56
  nsec: 799848896
}
iterations: 13685
real_time_factor: 1.0000905081909912
step_size {
  nsec: 4000000
}

sim_time {
  sec: 54
  nsec: 844000000
}
real_time {
  sec: 56
  nsec: 903849028
}
iterations: 13711
real_time_factor: 0.99998425024805859
step_size {
  nsec: 4000000
}

sim_time {
  sec: 54
  nsec: 948000000
}
real_time {
  sec: 57
  nsec: 7849252
}
iterations: 13737
real_time_factor: 0.99994950255012127
step_size {
  nsec: 4000000
}

sim_time {
  sec: 55
  nsec: 52000000
}
real_time {
  sec: 57
  nsec: 111848921
}
iterations: 13763
real_time_factor: 1.0000490024011177
step_size {
  nsec: 4000000
}

sim_time {
  sec: 55
  nsec: 156000000
}
real_time {
  sec: 57
  nsec: 215849034
}
iterations: 13789
real_time_factor: 1.0000515026523866
step_size {
  nsec: 4000000
}

sim_time {
  sec: 55
  nsec: 260000000
}
real_time {
  sec: 57
  nsec: 319849009
}
iterations: 13815
real_time_factor: 1.000005000025
step_size {
  nsec: 4000000
}

sim_time {
  sec: 55
  nsec: 360000000
}
real_time {
  sec: 57
  nsec: 419849587
}
iterations: 13840
real_time_factor: 1.0006026129236332
step_size {
  nsec: 4000000
}

sim_time {
  sec: 55
  nsec: 464000000
}
real_time {
  sec: 57
  nsec: 523849394
}
iterations: 13866
real_time_factor: 0.99998675017556016
step_size {
  nsec: 4000000
}

sim_time {
  sec: 55
  nsec: 568000000
}
real_time {
  sec: 57
  nsec: 627848841
}
iterations: 13892
real_time_factor: 1.0001347681600095
step_size {
  nsec: 4000000
}

sim_time {
  sec: 55
  nsec: 668000000
}
real_time {
  sec: 57
  nsec: 727849308
}
iterations: 13917
real_time_factor: 1.0000885078329431
step_size {
  nsec: 4000000
}

sim_time {
  sec: 55
  nsec: 768000000
}
real_time {
  sec: 57
  nsec: 827851423
}
iterations: 13942
real_time_factor: 0.99956768697538312
step_size {
  nsec: 4000000
}

sim_time {
  sec: 55
  nsec: 872000000
}
real_time {
  sec: 57
  nsec: 931849239
}
iterations: 13968
real_time_factor: 1.0000027500075626
step_size {
  nsec: 4000000
}

sim_time {
  sec: 55
  nsec: 972000000
}
real_time {
  sec: 58
  nsec: 31849605
}
iterations: 13993
real_time_factor: 1.0000142502030653
step_size {
  nsec: 4000000
}

sim_time {
  sec: 56
  nsec: 76000000
}
real_time {
  sec: 58
  nsec: 135849690
}
iterations: 14019
real_time_factor: 1.0000257506630796
step_size {
  nsec: 4000000
}

sim_time {
  sec: 56
  nsec: 180000000
}
real_time {
  sec: 58
  nsec: 239849006
}
iterations: 14045
real_time_factor: 1.0000420017640741
step_size {
  nsec: 4000000
}

sim_time {
  sec: 56
  nsec: 280000000
}
real_time {
  sec: 58
  nsec: 339849824
}
iterations: 14070
real_time_factor: 1.000164777147035
step_size {
  nsec: 4000000
}

sim_time {
  sec: 56
  nsec: 384000000
}
real_time {
  sec: 58
  nsec: 443849761
}
iterations: 14096
real_time_factor: 1.0000882577887498
step_size {
  nsec: 4000000
}

sim_time {
  sec: 56
  nsec: 484000000
}
real_time {
  sec: 58
  nsec: 543850958
}
iterations: 14121
real_time_factor: 1.0000190003610068
step_size {
  nsec: 4000000
}

sim_time {
  sec: 56
  nsec: 588000000
}
real_time {
  sec: 58
  nsec: 647850303
}
iterations: 14147
real_time_factor: 0.99992400577556106
step_size {
  nsec: 4000000
}

sim_time {
  sec: 56
  nsec: 692000000
}
real_time {
  sec: 58
  nsec: 751849054
}
iterations: 14173
real_time_factor: 0.99999125007656187
step_size {
  nsec: 4000000
}

sim_time {
  sec: 56
  nsec: 792000000
}
real_time {
  sec: 58
  nsec: 851850595
}
iterations: 14198
real_time_factor: 1.000234054768816
step_size {
  nsec: 4000000
}

sim_time {
  sec: 56
  nsec: 892000000
}
real_time {
  sec: 58
  nsec: 951853274
}
iterations: 14223
real_time_factor: 0.99917468171290513
step_size {
  nsec: 4000000
}

sim_time {
  sec: 56
  nsec: 996000000
}
real_time {
  sec: 59
  nsec: 55854580
}
iterations: 14249
real_time_factor: 0.99896432373736532
step_size {
  nsec: 4000000
}

sim_time {
  sec: 57
  nsec: 100000000
}
real_time {
  sec: 59
  nsec: 159850155
}
iterations: 14275
real_time_factor: 1.0009458938697069
step_size {
  nsec: 4000000
}

sim_time {
  sec: 57
  nsec: 204000000
}
real_time {
  sec: 59
  nsec: 263849286
}
iterations: 14301
real_time_factor: 1.0000397515801254
step_size {
  nsec: 4000000
}

sim_time {
  sec: 57
  nsec: 304000000
}
real_time {
  sec: 59
  nsec: 363849687
}
iterations: 14326
real_time_factor: 1.0000537528892177
step_size {
  nsec: 4000000
}

sim_time {
  sec: 57
  nsec: 404000000
}
real_time {
  sec: 59
  nsec: 463849884
}
iterations: 14351
real_time_factor: 1.0000377514251162
step_size {
  nsec: 4000000
}

sim_time {
  sec: 57
  nsec: 504000000
}
real_time {
  sec: 59
  nsec: 563852785
}
iterations: 14376
real_time_factor: 0.99916569664330279
step_size {
  nsec: 4000000
}

sim_time {
  sec: 57
  nsec: 608000000
}
real_time {
  sec: 59
  nsec: 667849750
}
iterations: 14402
real_time_factor: 1.0001322674923758
step_size {
  nsec: 4000000
}

sim_time {
  sec: 57
  nsec: 708000000
}
real_time {
  sec: 59
  nsec: 767849928
}
iterations: 14427
real_time_factor: 0.9998660179535942
step_size {
  nsec: 4000000
}

sim_time {
  sec: 57
  nsec: 812000000
}
real_time {
  sec: 59
  nsec: 871849086
}
iterations: 14453
real_time_factor: 1.0000720051843732
step_size {
  nsec: 4000000
}

sim_time {
  sec: 57
  nsec: 912000000
}
real_time {
  sec: 59
  nsec: 971850486
}
iterations: 14478
real_time_factor: 0.999996000016
step_size {
  nsec: 4000000
}

sim_time {
  sec: 58
  nsec: 12000000
}
real_time {
  sec: 60
  nsec: 71850351
}
iterations: 14503
real_time_factor: 0.9999610015209407
step_size {
  nsec: 4000000
}

sim_time {
  sec: 58
  nsec: 116000000
}
real_time {
  sec: 60
  nsec: 175849461
}
iterations: 14529
real_time_factor: 1.0003363631020932
step_size {
  nsec: 4000000
}

sim_time {
  sec: 58
  nsec: 216000000
}
real_time {
  sec: 60
  nsec: 275854298
}
iterations: 14554
real_time_factor: 0.99868946974332928
step_size {
  nsec: 4000000
}

sim_time {
  sec: 58
  nsec: 320000000
}
real_time {
  sec: 60
  nsec: 379850419
}
iterations: 14580
real_time_factor: 0.99969484314912871
step_size {
  nsec: 4000000
}

sim_time {
  sec: 58
  nsec: 420000000
}
real_time {
  sec: 60
  nsec: 479856051
}
iterations: 14605
real_time_factor: 0.99848878722054168
step_size {
  nsec: 4000000
}

sim_time {
  sec: 58
  nsec: 524000000
}
real_time {
  sec: 60
  nsec: 583855829
}
iterations: 14631
real_time_factor: 0.99853265626162357
step_size {
  nsec: 4000000
}

sim_time {
  sec: 58
  nsec: 628000000
}
real_time {
  sec: 60
  nsec: 687850015
}
iterations: 14657
real_time_factor: 1.0001577748889887
step_size {
  nsec: 4000000
}

sim_time {
  sec: 58
  nsec: 732000000
}
real_time {
  sec: 60
  nsec: 791849117
}
iterations: 14683
real_time_factor: 0.99999825000306253
step_size {
  nsec: 4000000
}

sim_time {
  sec: 58
  nsec: 832000000
}
real_time {
  sec: 60
  nsec: 891850461
}
iterations: 14708
real_time_factor: 0.99997275074254222
step_size {
  nsec: 4000000
}

sim_time {
  sec: 58
  nsec: 932000000
}
real_time {
  sec: 60
  nsec: 991850778
}
iterations: 14733
real_time_factor: 0.99984777317653384
step_size {
  nsec: 4000000
}

sim_time {
  sec: 59
  nsec: 36000000
}
real_time {
  sec: 61
  nsec: 95853463
}
iterations: 14759
real_time_factor: 0.99916544706034283
step_size {
  nsec: 4000000
}

sim_time {
  sec: 59
  nsec: 140000000
}
real_time {
  sec: 61
  nsec: 199849954
}
iterations: 14785
real_time_factor: 1.0003015909296653
step_size {
  nsec: 4000000
}

sim_time {
  sec: 59
  nsec: 244000000
}
real_time {
  sec: 61
  nsec: 303850139
}
iterations: 14811
real_time_factor: 0.999926505401853
step_size {
  nsec: 4000000
}

sim_time {
  sec: 59
  nsec: 348000000
}
real_time {
  sec: 61
  nsec: 407849111
}
iterations: 14837
real_time_factor: 1.0001022604561316
step_size {
  nsec: 4000000
}

sim_time {
  sec: 59
  nsec: 448000000
}
real_time {
  sec: 61
  nsec: 507851521
}
iterations: 14862
real_time_factor: 0.99975955782634274
step_size {
  nsec: 4000000
}

sim_time {
  sec: 59
  nsec: 552000000
}
real_time {
  sec: 61
  nsec: 611849854
}
iterations: 14888
real_time_factor: 1.0000442519581492
step_size {
  nsec: 4000000
}

sim_time {
  sec: 59
  nsec: 652000000
}
real_time {
  sec: 61
  nsec: 711850856
}
iterations: 14913
real_time_factor: 0.99964412669089808
step_size {
  nsec: 4000000
}

sim_time {
  sec: 59
  nsec: 756000000
}
real_time {
  sec: 61
  nsec: 815849365
}
iterations: 14939
real_time_factor: 0.99998875012656108
step_size {
  nsec: 4000000
}

sim_time {
  sec: 59
  nsec: 856000000
}
real_time {
  sec: 61
  nsec: 915850616
}
iterations: 14964
real_time_factor: 0.99966935935939183
step_size {
  nsec: 4000000
}

sim_time {
  sec: 59
  nsec: 956000000
}
real_time {
  sec: 62
  nsec: 15849784
}
iterations: 14989
real_time_factor: 1.0001925370633846
step_size {
  nsec: 4000000
}

sim_time {
  sec: 60
  nsec: 56000000
}
real_time {
  sec: 62
  nsec: 115853257
}
iterations: 15014
real_time_factor: 0.99907310992226961
step_size {
  nsec: 4000000
}

sim_time {
  sec: 60
  nsec: 160000000
}
real_time {
  sec: 62
  nsec: 219850183
}
iterations: 15040
real_time_factor: 1.0006374060276395
step_size {
  nsec: 4000000
}

sim_time {
  sec: 60
  nsec: 264000000
}
real_time {
  sec: 62
  nsec: 323848960
}
iterations: 15066
real_time_factor: 1.0001787819572749
step_size {
  nsec: 4000000
}

sim_time {
  sec: 60
  nsec: 364000000
}
real_time {
  sec: 62
  nsec: 423849915
}
iterations: 15091
real_time_factor: 0.99988476328103182
step_size {
  nsec: 4000000
}

sim_time {
  sec: 60
  nsec: 468000000
}
real_time {
  sec: 62
  nsec: 527849701
}
iterations: 15117
real_time_factor: 0.99994500302483369
step_size {
  nsec: 4000000
}

sim_time {
  sec: 60
  nsec: 572000000
}
real_time {
  sec: 62
  nsec: 631849173
}
iterations: 15143
real_time_factor: 1.0000515026523866
step_size {
  nsec: 4000000
}

sim_time {
  sec: 60
  nsec: 672000000
}
real_time {
  sec: 62
  nsec: 731849129
}
iterations: 15168
real_time_factor: 1.0001600256040966
step_size {
  nsec: 4000000
}

sim_time {
  sec: 60
  nsec: 772000000
}
real_time {
  sec: 62
  nsec: 831850620
}
iterations: 15193
real_time_factor: 1.0009919830552076
step_size {
  nsec: 4000000
}

sim_time {
  sec: 60
  nsec: 876000000
}
real_time {
  sec: 62
  nsec: 935849461
}
iterations: 15219
real_time_factor: 0.99994500302483369
step_size {
  nsec: 4000000
}

sim_time {
  sec: 60
  nsec: 976000000
}
real_time {
  sec: 63
  nsec: 35852203
}
iterations: 15244
real_time_factor: 0.99940110888550038
step_size {
  nsec: 4000000
}

sim_time {
  sec: 61
  nsec: 80000000
}
real_time {
  sec: 63
  nsec: 139850896
}
iterations: 15270
real_time_factor: 0.99983402755142647
step_size {
  nsec: 4000000
}

sim_time {
  sec: 61
  nsec: 184000000
}
real_time {
  sec: 63
  nsec: 243850136
}
iterations: 15296
real_time_factor: 1.0004797300305497
step_size {
  nsec: 4000000
}

sim_time {
  sec: 61
  nsec: 284000000
}
real_time {
  sec: 63
  nsec: 343851229
}
iterations: 15321
real_time_factor: 0.99965087193297741
step_size {
  nsec: 4000000
}

sim_time {
  sec: 61
  nsec: 384000000
}
real_time {
  sec: 63
  nsec: 443851036
}
iterations: 15346
real_time_factor: 0.99992150616176634
step_size {
  nsec: 4000000
}

sim_time {
  sec: 61
  nsec: 484000000
}
real_time {
  sec: 63
  nsec: 543852721
}
iterations: 15371
real_time_factor: 0.99968135156918736
step_size {
  nsec: 4000000
}

sim_time {
  sec: 61
  nsec: 588000000
}
real_time {
  sec: 63
  nsec: 647849174
}
iterations: 15397
real_time_factor: 1.000095509121121
step_size {
  nsec: 4000000
}

sim_time {
  sec: 61
  nsec: 688000000
}
real_time {
  sec: 63
  nsec: 747849138
}
iterations: 15422
real_time_factor: 1.0000282507980851
step_size {
  nsec: 4000000
}

sim_time {
  sec: 61
  nsec: 788000000
}
real_time {
  sec: 63
  nsec: 847851573
}
iterations: 15447
real_time_factor: 1.0002017907112759
step_size {
  nsec: 4000000
}

sim_time {
  sec: 61
  nsec: 892000000
}
real_time {
  sec: 63
  nsec: 951850766
}
iterations: 15473
real_time_factor: 0.99964637509481025
step_size {
  nsec: 4000000
}

sim_time {
  sec: 61
  nsec: 992000000
}
real_time {
  sec: 64
  nsec: 51851470
}
iterations: 15498
real_time_factor: 0.999514485838504
step_size {
  nsec: 4000000
}

sim_time {
  sec: 62
  nsec: 96000000
}
real_time {
  sec: 64
  nsec: 155850543
}
iterations: 15524
real_time_factor: 1.0000212504515722
step_size {
  nsec: 4000000
}

sim_time {
  sec: 62
  nsec: 200000000
}
real_time {
  sec: 64
  nsec: 259848716
}
iterations: 15550
real_time_factor: 1.000095509121121
step_size {
  nsec: 4000000
}

sim_time {
  sec: 62
  nsec: 300000000
}
real_time {
  sec: 64
  nsec: 359849068
}
iterations: 15575
real_time_factor: 1.0000377514251162
step_size {
  nsec: 4000000
}

sim_time {
  sec: 62
  nsec: 400000000
}
real_time {
  sec: 64
  nsec: 459849773
}
iterations: 15600
real_time_factor: 1.0000397515801254
step_size {
  nsec: 4000000
}

sim_time {
  sec: 62
  nsec: 504000000
}
real_time {
  sec: 64
  nsec: 563849197
}
iterations: 15626
real_time_factor: 1.0000512526266971
step_size {
  nsec: 4000000
}

sim_time {
  sec: 62
  nsec: 604000000
}
real_time {
  sec: 64
  nsec: 663854965
}
iterations: 15651
real_time_factor: 0.99929724421300725
step_size {
  nsec: 4000000
}

sim_time {
  sec: 62
  nsec: 708000000
}
real_time {
  sec: 64
  nsec: 767850909
}
iterations: 15677
real_time_factor: 0.99953746403851618
step_size {
  nsec: 4000000
}

sim_time {
  sec: 62
  nsec: 812000000
}
real_time {
  sec: 64
  nsec: 871849397
}
iterations: 15703
real_time_factor: 1.000005000025
step_size {
  nsec: 4000000
}

sim_time {
  sec: 62
  nsec: 912000000
}
real_time {
  sec: 64
  nsec: 971853081
}
iterations: 15728
real_time_factor: 1.0000585034224503
step_size {
  nsec: 4000000
}

sim_time {
  sec: 63
  nsec: 16000000
}
real_time {
  sec: 65
  nsec: 75849107
}
iterations: 15754
real_time_factor: 1.0000585034224503
step_size {
  nsec: 4000000
}

sim_time {
  sec: 63
  nsec: 120000000
}
real_time {
  sec: 65
  nsec: 179849291
}
iterations: 15780
real_time_factor: 1.0000210004410093
step_size {
  nsec: 4000000
}

sim_time {
  sec: 63
  nsec: 220000000
}
real_time {
  sec: 65
  nsec: 279852429
}
iterations: 15805
real_time_factor: 1.0006351531634705
step_size {
  nsec: 4000000
}

sim_time {
  sec: 63
  nsec: 324000000
}
real_time {
  sec: 65
  nsec: 383849260
}
iterations: 15831
real_time_factor: 1.000070004900343
step_size {
  nsec: 4000000
}

sim_time {
  sec: 63
  nsec: 428000000
}
real_time {
  sec: 65
  nsec: 487849888
}
iterations: 15857
real_time_factor: 0.99973881823373645
step_size {
  nsec: 4000000
}

sim_time {
  sec: 63
  nsec: 528000000
}
real_time {
  sec: 65
  nsec: 587850730
}
iterations: 15882
real_time_factor: 1.0008439616706788
step_size {
  nsec: 4000000
}

sim_time {
  sec: 63
  nsec: 628000000
}
real_time {
  sec: 65
  nsec: 687851360
}
iterations: 15907
real_time_factor: 0.99950299713467483
step_size {
  nsec: 4000000
}

sim_time {
  sec: 63
  nsec: 728000000
}
real_time {
  sec: 65
  nsec: 787857669
}
iterations: 15932
real_time_factor: 0.99844965729463575
step_size {
  nsec: 4000000
}

sim_time {
  sec: 63
  nsec: 832000000
}
real_time {
  sec: 65
  nsec: 891850731
}
iterations: 15958
real_time_factor: 1.0001602756841783
step_size {
  nsec: 4000000
}

sim_time {
  sec: 63
  nsec: 936000000
}
real_time {
  sec: 65
  nsec: 995849729
}
iterations: 15984
real_time_factor: 1.0001045109213913
step_size {
  nsec: 4000000
}

sim_time {
  sec: 64
  nsec: 40000000
}
real_time {
  sec: 66
  nsec: 99849050
}
iterations: 16010
real_time_factor: 1.0000027500075626
step_size {
  nsec: 4000000
}

sim_time {
  sec: 64
  nsec: 140000000
}
real_time {
  sec: 66
  nsec: 199849957
}
iterations: 16035
real_time_factor: 1.0000467521856646
step_size {
  nsec: 4000000
}

sim_time {
  sec: 64
  nsec: 240000000
}
real_time {
  sec: 66
  nsec: 299855317
}
iterations: 16060
real_time_factor: 0.99994475305239383
step_size {
  nsec: 4000000
}

sim_time {
  sec: 64
  nsec: 344000000
}
real_time {
  sec: 66
  nsec: 403849619
}
iterations: 16086
real_time_factor: 1.0000007500005625
step_size {
  nsec: 4000000
}

sim_time {
  sec: 64
  nsec: 448000000
}
real_time {
  sec: 66
  nsec: 507849293
}
iterations: 16112
real_time_factor: 0.99986851728997639
step_size {
  nsec: 4000000
}

sim_time {
  sec: 64
  nsec: 548000000
}
real_time {
  sec: 66
  nsec: 607849838
}
iterations: 16137
real_time_factor: 0.99989176171679417
step_size {
  nsec: 4000000
}

sim_time {
  sec: 64
  nsec: 652000000
}
real_time {
  sec: 66
  nsec: 711849530
}
iterations: 16163
real_time_factor: 0.99997275074254222
step_size {
  nsec: 4000000
}

sim_time {
  sec: 64
  nsec: 752000000
}
real_time {
  sec: 66
  nsec: 811849649
}
iterations: 16188
real_time_factor: 1.0003431176893673
step_size {
  nsec: 4000000
}

sim_time {
  sec: 64
  nsec: 856000000
}
real_time {
  sec: 66
  nsec: 915849377
}
iterations: 16214
real_time_factor: 1.0000910082817536
step_size {
  nsec: 4000000
}

sim_time {
  sec: 64
  nsec: 956000000
}
real_time {
  sec: 67
  nsec: 15853301
}
iterations: 16239
real_time_factor: 0.99956119263643262
step_size {
  nsec: 4000000
}

sim_time {
  sec: 65
  nsec: 56000000
}
real_time {
  sec: 67
  nsec: 115853226
}
iterations: 16264
real_time_factor: 0.99969034591535277
step_size {
  nsec: 4000000
}

sim_time {
  sec: 65
  nsec: 156000000
}
real_time {
  sec: 67
  nsec: 215853123
}
iterations: 16289
real_time_factor: 1.0001902862019498
step_size {
  nsec: 4000000
}

sim_time {
  sec: 65
  nsec: 260000000
}
real_time {
  sec: 67
  nsec: 319851944
}
iterations: 16315
real_time_factor: 0.99927877054735748
step_size {
  nsec: 4000000
}

sim_time {
  sec: 65
  nsec: 360000000
}
real_time {
  sec: 67
  nsec: 419858730
}
iterations: 16340
real_time_factor: 0.99950049962531229
step_size {
  nsec: 4000000
}

sim_time {
  sec: 65
  nsec: 464000000
}
real_time {
  sec: 67
  nsec: 523849263
}
iterations: 16366
real_time_factor: 1.0000607536907866
step_size {
  nsec: 4000000
}

sim_time {
  sec: 65
  nsec: 564000000
}
real_time {
  sec: 67
  nsec: 623853670
}
iterations: 16391
real_time_factor: 0.99995400211590268
step_size {
  nsec: 4000000
}

sim_time {
  sec: 65
  nsec: 668000000
}
real_time {
  sec: 67
  nsec: 727849184
}
iterations: 16417
real_time_factor: 0.99996350133220135
step_size {
  nsec: 4000000
}

sim_time {
  sec: 65
  nsec: 768000000
}
real_time {
  sec: 67
  nsec: 827849674
}
iterations: 16442
real_time_factor: 1.0000142502030653
step_size {
  nsec: 4000000
}

sim_time {
  sec: 65
  nsec: 868000000
}
real_time {
  sec: 67
  nsec: 927852052
}
iterations: 16467
real_time_factor: 0.99922784668147691
step_size {
  nsec: 4000000
}

sim_time {
  sec: 65
  nsec: 972000000
}
real_time {
  sec: 68
  nsec: 31849538
}
iterations: 16493
real_time_factor: 1.0000097500950633
step_size {
  nsec: 4000000
}

sim_time {
  sec: 66
  nsec: 72000000
}
real_time {
  sec: 68
  nsec: 131850268
}
iterations: 16518
real_time_factor: 0.99993550415998167
step_size {
  nsec: 4000000
}

sim_time {
  sec: 66
  nsec: 176000000
}
real_time {
  sec: 68
  nsec: 235849514
}
iterations: 16544
real_time_factor: 1.0000607536907866
step_size {
  nsec: 4000000
}

sim_time {
  sec: 66
  nsec: 276000000
}
real_time {
  sec: 68
  nsec: 335850132
}
iterations: 16569
real_time_factor: 1.0000607536907866
step_size {
  nsec: 4000000
}

sim_time {
  sec: 66
  nsec: 380000000
}
real_time {
  sec: 68
  nsec: 439850249
}
iterations: 16595
real_time_factor: 0.99988476328103182
step_size {
  nsec: 4000000
}

sim_time {
  sec: 66
  nsec: 480000000
}
real_time {
  sec: 68
  nsec: 539850201
}
iterations: 16620
real_time_factor: 0.99987076670340358
step_size {
  nsec: 4000000
}

sim_time {
  sec: 66
  nsec: 584000000
}
real_time {
  sec: 68
  nsec: 643849215
}
iterations: 16646
real_time_factor: 1.0000007500005625
step_size {
  nsec: 4000000
}

sim_time {
  sec: 66
  nsec: 684000000
}
real_time {
  sec: 68
  nsec: 743849315
}
iterations: 16671
real_time_factor: 1.000010000100001
step_size {
  nsec: 4000000
}

sim_time {
  sec: 66
  nsec: 784000000
}
real_time {
  sec: 68
  nsec: 843849498
}
iterations: 16696
real_time_factor: 0.999914757266943
step_size {
  nsec: 4000000
}

sim_time {
  sec: 66
  nsec: 888000000
}
real_time {
  sec: 68
  nsec: 947849855
}
iterations: 16722
real_time_factor: 0.99993575412779734
step_size {
  nsec: 4000000
}

sim_time {
  sec: 66
  nsec: 988000000
}
real_time {
  sec: 69
  nsec: 47849954
}
iterations: 16747
real_time_factor: 1.0000677545903736
step_size {
  nsec: 4000000
}

sim_time {
  sec: 67
  nsec: 88000000
}
real_time {
  sec: 69
  nsec: 147855137
}
iterations: 16772
real_time_factor: 0.9990409207161125
step_size {
  nsec: 4000000
}

sim_time {
  sec: 67
  nsec: 192000000
}
real_time {
  sec: 69
  nsec: 251849762
}
iterations: 16798
real_time_factor: 0.9999590016809311
step_size {
  nsec: 4000000
}

sim_time {
  sec: 67
  nsec: 296000000
}
real_time {
  sec: 69
  nsec: 355848934
}
iterations: 16824
real_time_factor: 1.0000190003610068
step_size {
  nsec: 4000000
}

sim_time {
  sec: 67
  nsec: 396000000
}
real_time {
  sec: 69
  nsec: 455849876
}
iterations: 16849
real_time_factor: 1.0000420017640741
step_size {
  nsec: 4000000
}

sim_time {
  sec: 67
  nsec: 496000000
}
real_time {
  sec: 69
  nsec: 555851031
}
iterations: 16874
real_time_factor: 0.99963038666453075
step_size {
  nsec: 4000000
}

sim_time {
  sec: 67
  nsec: 600000000
}
real_time {
  sec: 69
  nsec: 659850573
}
iterations: 16900
real_time_factor: 0.99969034591535277
step_size {
  nsec: 4000000
}

sim_time {
  sec: 67
  nsec: 704000000
}
real_time {
  sec: 69
  nsec: 763849559
}
iterations: 16926
real_time_factor: 1.0000352512426063
step_size {
  nsec: 4000000
}

sim_time {
  sec: 67
  nsec: 804000000
}
real_time {
  sec: 69
  nsec: 863850371
}
iterations: 16951
real_time_factor: 0.99992625543866143
step_size {
  nsec: 4000000
}

sim_time {
  sec: 67
  nsec: 908000000
}
real_time {
  sec: 69
  nsec: 967849042
}
iterations: 16977
real_time_factor: 1.0000237505640759
step_size {
  nsec: 4000000
}

sim_time {
  sec: 68
  nsec: 8000000
}
real_time {
  sec: 70
  nsec: 67849807
}
iterations: 17002
real_time_factor: 0.99974856323634609
step_size {
  nsec: 4000000
}

sim_time {
  sec: 68
  nsec: 108000000
}
real_time {
  sec: 70
  nsec: 167850203
}
iterations: 17027
real_time_factor: 0.99983402755142647
step_size {
  nsec: 4000000
}

sim_time {
  sec: 68
  nsec: 212000000
}
real_time {
  sec: 70
  nsec: 271849864
}
iterations: 17053
real_time_factor: 0.99994500302483369
step_size {
  nsec: 4000000
}

sim_time {
  sec: 68
  nsec: 312000000
}
real_time {
  sec: 70
  nsec: 371854139
}
iterations: 17078
real_time_factor: 1.0001487721298543
step_size {
  nsec: 4000000
}

sim_time {
  sec: 68
  nsec: 416000000
}
real_time {
  sec: 70
  nsec: 475850218
}
iterations: 17104
real_time_factor: 1.0001022604561316
step_size {
  nsec: 4000000
}

sim_time {
  sec: 68
  nsec: 520000000
}
real_time {
  sec: 70
  nsec: 579849407
}
iterations: 17130
real_time_factor: 1.00007475558798
step_size {
  nsec: 4000000
}

sim_time {
  sec: 68
  nsec: 624000000
}
real_time {
  sec: 70
  nsec: 683849439
}
iterations: 17156
real_time_factor: 0.9998987602505246
step_size {
  nsec: 4000000
}

sim_time {
  sec: 68
  nsec: 728000000
}
real_time {
  sec: 70
  nsec: 787851638
}
iterations: 17182
real_time_factor: 0.999424331585007
step_size {
  nsec: 4000000
}

sim_time {
  sec: 68
  nsec: 832000000
}
real_time {
  sec: 70
  nsec: 891849988
}
iterations: 17208
real_time_factor: 1.0002623187931035
step_size {
  nsec: 4000000
}

sim_time {
  sec: 68
  nsec: 932000000
}
real_time {
  sec: 70
  nsec: 991854718
}
iterations: 17233
real_time_factor: 0.99904042167498119
step_size {
  nsec: 4000000
}

sim_time {
  sec: 69
  nsec: 36000000
}
real_time {
  sec: 71
  nsec: 95850906
}
iterations: 17259
real_time_factor: 1.0005518043200825
step_size {
  nsec: 4000000
}

sim_time {
  sec: 69
  nsec: 140000000
}
real_time {
  sec: 71
  nsec: 199849937
}
iterations: 17285
real_time_factor: 1.0000425018063268
step_size {
  nsec: 4000000
}

sim_time {
  sec: 69
  nsec: 240000000
}
real_time {
  sec: 71
  nsec: 299849915
}
iterations: 17310
real_time_factor: 1.0001880353506458
step_size {
  nsec: 4000000
}

sim_time {
  sec: 69
  nsec: 344000000
}
real_time {
  sec: 71
  nsec: 403849030
}
iterations: 17336
real_time_factor: 1.0001695287351207
step_size {
  nsec: 4000000
}

sim_time {
  sec: 69
  nsec: 444000000
}
real_time {
  sec: 71
  nsec: 503853370
}
iterations: 17361
real_time_factor: 1.0242454255918987
step_size {
  nsec: 4000000
}

sim_time {
  sec: 69
  nsec: 548000000
}
real_time {
  sec: 71
  nsec: 607848817
}
iterations: 17387
real_time_factor: 1.0000400016000639
step_size {
  nsec: 4000000
}

sim_time {
  sec: 69
  nsec: 648000000
}
real_time {
  sec: 71
  nsec: 707849750
}
iterations: 17412
real_time_factor: 1.000079006241493
step_size {
  nsec: 4000000
}

sim_time {
  sec: 69
  nsec: 752000000
}
real_time {
  sec: 71
  nsec: 811852067
}
iterations: 17438
real_time_factor: 0.99936914822518286
step_size {
  nsec: 4000000
}

sim_time {
  sec: 69
  nsec: 856000000
}
real_time {
  sec: 71
  nsec: 915849340
}
iterations: 17464
real_time_factor: 1.0002665710411824
step_size {
  nsec: 4000000
}

sim_time {
  sec: 69
  nsec: 956000000
}
real_time {
  sec: 72
  nsec: 15850364
}
iterations: 17489
real_time_factor: 1.0000490024011177
step_size {
  nsec: 4000000
}

sim_time {
  sec: 70
  nsec: 60000000
}
real_time {
  sec: 72
  nsec: 119850941
}
iterations: 17515
real_time_factor: 0.99961414893850975
step_size {
  nsec: 4000000
}

sim_time {
  sec: 70
  nsec: 164000000
}
real_time {
  sec: 72
  nsec: 223849258
}
iterations: 17541
real_time_factor: 1.0000540029161575
step_size {
  nsec: 4000000
}

sim_time {
  sec: 70
  nsec: 264000000
}
real_time {
  sec: 72
  nsec: 323849856
}
iterations: 17566
real_time_factor: 1.0000120001440018
step_size {
  nsec: 4000000
}

sim_time {
  sec: 70
  nsec: 364000000
}
real_time {
  sec: 72
  nsec: 423849825
}
iterations: 17591
real_time_factor: 1.0003638823622092
step_size {
  nsec: 4000000
}

sim_time {
  sec: 70
  nsec: 468000000
}
real_time {
  sec: 72
  nsec: 527851707
}
iterations: 17617
real_time_factor: 0.99935291898495726
step_size {
  nsec: 4000000
}

sim_time {
  sec: 70
  nsec: 572000000
}
real_time {
  sec: 72
  nsec: 631849767
}
iterations: 17643
real_time_factor: 0.99996325135051289
step_size {
  nsec: 4000000
}

sim_time {
  sec: 70
  nsec: 672000000
}
real_time {
  sec: 72
  nsec: 731850660
}
iterations: 17668
real_time_factor: 0.99994975252493568
step_size {
  nsec: 4000000
}

sim_time {
  sec: 70
  nsec: 772000000
}
real_time {
  sec: 72
  nsec: 831851221
}
iterations: 17693
real_time_factor: 0.999766554509522
step_size {
  nsec: 4000000
}

sim_time {
  sec: 70
  nsec: 876000000
}
real_time {
  sec: 72
  nsec: 935850760
}
iterations: 17719
real_time_factor: 0.99987801488218442
step_size {
  nsec: 4000000
}

sim_time {
  sec: 70
  nsec: 980000000
}
real_time {
  sec: 73
  nsec: 39849365
}
iterations: 17745
real_time_factor: 1.0000097500950633
step_size {
  nsec: 4000000
}

sim_time {
  sec: 71
  nsec: 80000000
}
real_time {
  sec: 73
  nsec: 139851962
}
iterations: 17770
real_time_factor: 0.99994500302483369
step_size {
  nsec: 4000000
}

