sim_time {
  nsec: 4000000
}
real_time {
  sec: 1
  nsec: 778526935
}
iterations: 1
real_time_factor: 0.0022490522472745121
step_size {
  nsec: 4000000
}

sim_time {
  nsec: 108000000
}
real_time {
  sec: 1
  nsec: 882509970
}
iterations: 27
real_time_factor: 0.99999625001406245
step_size {
  nsec: 4000000
}

sim_time {
  nsec: 208000000
}
real_time {
  sec: 1
  nsec: 982509973
}
iterations: 52
real_time_factor: 1.0195184253741825
step_size {
  nsec: 4000000
}

sim_time {
  nsec: 312000000
}
real_time {
  sec: 2
  nsec: 86947429
}
iterations: 78
real_time_factor: 0.90136376337398483
step_size {
  nsec: 4000000
}

sim_time {
  nsec: 416000000
}
real_time {
  sec: 2
  nsec: 190509886
}
iterations: 104
real_time_factor: 0.99993175465774464
step_size {
  nsec: 4000000
}

sim_time {
  nsec: 520000000
}
real_time {
  sec: 2
  nsec: 294509753
}
iterations: 130
real_time_factor: 0.99999400003599981
step_size {
  nsec: 4000000
}

sim_time {
  nsec: 624000000
}
real_time {
  sec: 2
  nsec: 398509785
}
iterations: 156
real_time_factor: 1.0000220004840106
step_size {
  nsec: 4000000
}

sim_time {
  nsec: 724000000
}
real_time {
  sec: 2
  nsec: 498510025
}
iterations: 181
real_time_factor: 0.99990625878823858
step_size {
  nsec: 4000000
}

sim_time {
  nsec: 828000000
}
real_time {
  sec: 2
  nsec: 602510262
}
iterations: 207
real_time_factor: 0.999873516000226
step_size {
  nsec: 4000000
}

sim_time {
  nsec: 932000000
}
real_time {
  sec: 2
  nsec: 706509748
}
iterations: 233
real_time_factor: 1.0000080000640006
step_size {
  nsec: 4000000
}

sim_time {
  sec: 1
  nsec: 36000000
}
real_time {
  sec: 2
  nsec: 810509789
}
iterations: 259
real_time_factor: 0.99995725182748441
step_size {
  nsec: 4000000
}

sim_time {
  sec: 1
  nsec: 140000000
}
real_time {
  sec: 2
  nsec: 914509757
}
iterations: 285
real_time_factor: 0.9999942500330623
step_size {
  nsec: 4000000
}

sim_time {
  sec: 1
  nsec: 244000000
}
real_time {
  sec: 3
  nsec: 18509909
}
iterations: 311
real_time_factor: 0.99996650112221241
step_size {
  nsec: 4000000
}

sim_time {
  sec: 1
  nsec: 348000000
}
real_time {
  sec: 3
  nsec: 122509591
}
iterations: 337
real_time_factor: 1.0000517526782011
step_size {
  nsec: 4000000
}

sim_time {
  sec: 1
  nsec: 452000000
}
real_time {
  sec: 3
  nsec: 226509694
}
iterations: 363
real_time_factor: 0.9999642512780168
step_size {
  nsec: 4000000
}

sim_time {
  sec: 1
  nsec: 552000000
}
real_time {
  sec: 3
  nsec: 326510461
}
iterations: 388
real_time_factor: 0.99981553403397072
step_size {
  nsec: 4000000
}

sim_time {
  sec: 1
  nsec: 656000000
}
real_time {
  sec: 3
  nsec: 430509823
}
iterations: 414
real_time_factor: 1.0001887856332883
step_size {
  nsec: 4000000
}

sim_time {
  sec: 1
  nsec: 756000000
}
real_time {
  sec: 3
  nsec: 530509840
}
iterations: 439
real_time_factor: 1.0000520027041406
step_size {
  nsec: 4000000
}

sim_time {
  sec: 1
  nsec: 808000000
}
real_time {
  sec: 3
  nsec: 868908460
}
iterations: 452
real_time_factor: 0.013774201538979141
step_size {
  nsec: 4000000
}

sim_time {
  sec: 1
  nsec: 912000000
}
real_time {
  sec: 3
  nsec: 972904305
}
iterations: 478
real_time_factor: 0.999991750068062
step_size {
  nsec: 4000000
}

sim_time {
  sec: 2
  nsec: 16000000
}
real_time {
  sec: 4
  nsec: 76904187
}
iterations: 504
real_time_factor: 1.0000797563605697
step_size {
  nsec: 4000000
}

sim_time {
  sec: 2
  nsec: 116000000
}
real_time {
  sec: 4
  nsec: 176904257
}
iterations: 529
real_time_factor: 0.99997300072898032
step_size {
  nsec: 4000000
}

sim_time {
  sec: 2
  nsec: 216000000
}
real_time {
  sec: 4
  nsec: 276904289
}
iterations: 554
real_time_factor: 0.99997300072898032
step_size {
  nsec: 4000000
}

sim_time {
  sec: 2
  nsec: 320000000
}
real_time {
  sec: 4
  nsec: 380904121
}
iterations: 580
real_time_factor: 1.0000382514631185
step_size {
  nsec: 4000000
}

sim_time {
  sec: 2
  nsec: 420000000
}
real_time {
  sec: 4
  nsec: 480904330
}
iterations: 605
real_time_factor: 0.99994550297008811
step_size {
  nsec: 4000000
}

sim_time {
  sec: 2
  nsec: 524000000
}
real_time {
  sec: 4
  nsec: 584904145
}
iterations: 631
real_time_factor: 1.0000080000640006
step_size {
  nsec: 4000000
}

sim_time {
  sec: 2
  nsec: 628000000
}
real_time {
  sec: 4
  nsec: 688904191
}
iterations: 657
real_time_factor: 1.0000012500015625
step_size {
  nsec: 4000000
}

sim_time {
  sec: 2
  nsec: 728000000
}
real_time {
  sec: 4
  nsec: 788904408
}
iterations: 682
real_time_factor: 1.0002905844147725
step_size {
  nsec: 4000000
}

sim_time {
  sec: 2
  nsec: 832000000
}
real_time {
  sec: 4
  nsec: 892906409
}
iterations: 708
real_time_factor: 0.99956119263643262
step_size {
  nsec: 4000000
}

sim_time {
  sec: 2
  nsec: 936000000
}
real_time {
  sec: 4
  nsec: 996904612
}
iterations: 734
real_time_factor: 0.99994100348079462
step_size {
  nsec: 4000000
}

sim_time {
  sec: 3
  nsec: 40000000
}
real_time {
  sec: 5
  nsec: 100904511
}
iterations: 760
real_time_factor: 0.99994750275610533
step_size {
  nsec: 4000000
}

sim_time {
  sec: 3
  nsec: 144000000
}
real_time {
  sec: 5
  nsec: 204904573
}
iterations: 786
real_time_factor: 0.99988776259864831
step_size {
  nsec: 4000000
}

sim_time {
  sec: 3
  nsec: 244000000
}
real_time {
  sec: 5
  nsec: 304904603
}
iterations: 811
real_time_factor: 1.0000290008410244
step_size {
  nsec: 4000000
}

sim_time {
  sec: 3
  nsec: 348000000
}
real_time {
  sec: 5
  nsec: 408904897
}
iterations: 837
real_time_factor: 0.99995025247493941
step_size {
  nsec: 4000000
}

sim_time {
  sec: 3
  nsec: 452000000
}
real_time {
  sec: 5
  nsec: 512904580
}
iterations: 863
real_time_factor: 0.99991300756834156
step_size {
  nsec: 4000000
}

sim_time {
  sec: 3
  nsec: 556000000
}
real_time {
  sec: 5
  nsec: 616904541
}
iterations: 889
real_time_factor: 0.99991775676450612
step_size {
  nsec: 4000000
}

sim_time {
  sec: 3
  nsec: 656000000
}
real_time {
  sec: 5
  nsec: 716905043
}
iterations: 914
real_time_factor: 0.99985752030335673
step_size {
  nsec: 4000000
}

sim_time {
  sec: 3
  nsec: 760000000
}
real_time {
  sec: 5
  nsec: 820904253
}
iterations: 940
real_time_factor: 1.0001470216121771
step_size {
  nsec: 4000000
}

sim_time {
  sec: 3
  nsec: 860000000
}
real_time {
  sec: 5
  nsec: 920905265
}
iterations: 965
real_time_factor: 0.99990150970129443
step_size {
  nsec: 4000000
}

sim_time {
  sec: 3
  nsec: 964000000
}
real_time {
  sec: 6
  nsec: 24905262
}
iterations: 991
real_time_factor: 0.99989001209866912
step_size {
  nsec: 4000000
}

sim_time {
  sec: 4
  nsec: 68000000
}
real_time {
  sec: 6
  nsec: 128904871
}
iterations: 1017
real_time_factor: 1.0001007601515852
step_size {
  nsec: 4000000
}

sim_time {
  sec: 4
  nsec: 168000000
}
real_time {
  sec: 6
  nsec: 228905464
}
iterations: 1042
real_time_factor: 1.0009000593783961
step_size {
  nsec: 4000000
}

sim_time {
  sec: 4
  nsec: 272000000
}
real_time {
  sec: 6
  nsec: 332904320
}
iterations: 1068
real_time_factor: 1.0000082500680632
step_size {
  nsec: 4000000
}

sim_time {
  sec: 4
  nsec: 372000000
}
real_time {
  sec: 6
  nsec: 432905404
}
iterations: 1093
real_time_factor: 0.9997787989407344
step_size {
  nsec: 4000000
}

sim_time {
  sec: 4
  nsec: 476000000
}
real_time {
  sec: 6
  nsec: 536904473
}
iterations: 1119
real_time_factor: 1.0002002901080942
step_size {
  nsec: 4000000
}

sim_time {
  sec: 4
  nsec: 576000000
}
real_time {
  sec: 6
  nsec: 636909075
}
iterations: 1144
real_time_factor: 0.99994525299739834
step_size {
  nsec: 4000000
}

sim_time {
  sec: 4
  nsec: 680000000
}
real_time {
  sec: 6
  nsec: 740905246
}
iterations: 1170
real_time_factor: 1.0002070428578715
step_size {
  nsec: 4000000
}

sim_time {
  sec: 4
  nsec: 784000000
}
real_time {
  sec: 6
  nsec: 844904621
}
iterations: 1196
real_time_factor: 0.999966251139024
step_size {
  nsec: 4000000
}

sim_time {
  sec: 4
  nsec: 884000000
}
real_time {
  sec: 6
  nsec: 944904537
}
iterations: 1221
real_time_factor: 1.0001332677579287
step_size {
  nsec: 4000000
}

sim_time {
  sec: 4
  nsec: 984000000
}
real_time {
  sec: 7
  nsec: 44904945
}
iterations: 1246
real_time_factor: 0.99999875000156246
step_size {
  nsec: 4000000
}

sim_time {
  sec: 5
  nsec: 84000000
}
real_time {
  sec: 7
  nsec: 144905416
}
iterations: 1271
real_time_factor: 0.99995725182748441
step_size {
  nsec: 4000000
}

sim_time {
  sec: 5
  nsec: 184000000
}
real_time {
  sec: 7
  nsec: 244908294
}
iterations: 1296
real_time_factor: 0.99912451714185446
step_size {
  nsec: 4000000
}

sim_time {
  sec: 5
  nsec: 288000000
}
real_time {
  sec: 7
  nsec: 348905260
}
iterations: 1322
real_time_factor: 0.99979029398583652
step_size {
  nsec: 4000000
}

sim_time {
  sec: 5
  nsec: 392000000
}
real_time {
  sec: 7
  nsec: 452904937
}
iterations: 1348
real_time_factor: 1.0000382514631185
step_size {
  nsec: 4000000
}

sim_time {
  sec: 5
  nsec: 496000000
}
real_time {
  sec: 7
  nsec: 556904718
}
iterations: 1374
real_time_factor: 0.9998945111290759
step_size {
  nsec: 4000000
}

sim_time {
  sec: 5
  nsec: 596000000
}
real_time {
  sec: 7
  nsec: 656905382
}
iterations: 1399
real_time_factor: 1.0001977891127971
step_size {
  nsec: 4000000
}

sim_time {
  sec: 5
  nsec: 700000000
}
real_time {
  sec: 7
  nsec: 760905134
}
iterations: 1425
real_time_factor: 1.0000475022563571
step_size {
  nsec: 4000000
}

sim_time {
  sec: 5
  nsec: 804000000
}
real_time {
  sec: 7
  nsec: 864905480
}
iterations: 1451
real_time_factor: 0.99995950164018355
step_size {
  nsec: 4000000
}

sim_time {
  sec: 5
  nsec: 908000000
}
real_time {
  sec: 7
  nsec: 968904704
}
iterations: 1477
real_time_factor: 1.0000380014440549
step_size {
  nsec: 4000000
}

sim_time {
  sec: 6
  nsec: 12000000
}
real_time {
  sec: 8
  nsec: 72904216
}
iterations: 1503
real_time_factor: 1.0000427518276407
step_size {
  nsec: 4000000
}

sim_time {
  sec: 6
  nsec: 112000000
}
real_time {
  sec: 8
  nsec: 172904480
}
iterations: 1528
real_time_factor: 1.0000475022563571
step_size {
  nsec: 4000000
}

sim_time {
  sec: 6
  nsec: 212000000
}
real_time {
  sec: 8
  nsec: 272904652
}
iterations: 1553
real_time_factor: 0.99986701768664765
step_size {
  nsec: 4000000
}

sim_time {
  sec: 6
  nsec: 312000000
}
real_time {
  sec: 8
  nsec: 372906268
}
iterations: 1578
real_time_factor: 1.0000380014440549
step_size {
  nsec: 4000000
}

sim_time {
  sec: 6
  nsec: 416000000
}
real_time {
  sec: 8
  nsec: 476905656
}
iterations: 1604
real_time_factor: 0.99992725529217752
step_size {
  nsec: 4000000
}

sim_time {
  sec: 6
  nsec: 516000000
}
real_time {
  sec: 8
  nsec: 576910088
}
iterations: 1629
real_time_factor: 0.998577027735477
step_size {
  nsec: 4000000
}

sim_time {
  sec: 6
  nsec: 620000000
}
real_time {
  sec: 8
  nsec: 680904828
}
iterations: 1655
real_time_factor: 1.0000335011222876
step_size {
  nsec: 4000000
}

sim_time {
  sec: 6
  nsec: 720000000
}
real_time {
  sec: 8
  nsec: 780905795
}
iterations: 1680
real_time_factor: 0.99967035869921894
step_size {
  nsec: 4000000
}

sim_time {
  sec: 6
  nsec: 824000000
}
real_time {
  sec: 8
  nsec: 884905398
}
iterations: 1706
real_time_factor: 1.0001122626014771
step_size {
  nsec: 4000000
}

sim_time {
  sec: 6
  nsec: 928000000
}
real_time {
  sec: 8
  nsec: 988904963
}
iterations: 1732
real_time_factor: 0.9999315046919286
step_size {
  nsec: 4000000
}

sim_time {
  sec: 7
  nsec: 32000000
}
real_time {
  sec: 9
  nsec: 92904473
}
iterations: 1758
real_time_factor: 1.0000797563605697
step_size {
  nsec: 4000000
}

sim_time {
  sec: 7
  nsec: 132000000
}
real_time {
  sec: 9
  nsec: 192905011
}
iterations: 1783
real_time_factor: 1.0000107501155637
step_size {
  nsec: 4000000
}

sim_time {
  sec: 7
  nsec: 236000000
}
real_time {
  sec: 9
  nsec: 296906333
}
iterations: 1809
real_time_factor: 0.999612650098087
step_size {
  nsec: 4000000
}

sim_time {
  sec: 7
  nsec: 340000000
}
real_time {
  sec: 9
  nsec: 400904423
}
iterations: 1835
real_time_factor: 1.0000407516606302
step_size {
  nsec: 4000000
}

sim_time {
  sec: 7
  nsec: 440000000
}
real_time {
  sec: 9
  nsec: 500904806
}
iterations: 1860
real_time_factor: 1.0000822567656189
step_size {
  nsec: 4000000
}

sim_time {
  sec: 7
  nsec: 540000000
}
real_time {
  sec: 9
  nsec: 600905077
}
iterations: 1885
real_time_factor: 1.0001170136906019
step_size {
  nsec: 4000000
}

sim_time {
  sec: 7
  nsec: 644000000
}
real_time {
  sec: 9
  nsec: 704904982
}
iterations: 1911
real_time_factor: 1.0000242505880768
step_size {
  nsec: 4000000
}

sim_time {
  sec: 7
  nsec: 744000000
}
real_time {
  sec: 9
  nsec: 804905920
}
iterations: 1936
real_time_factor: 0.99984127519756238
step_size {
  nsec: 4000000
}

sim_time {
  sec: 7
  nsec: 848000000
}
real_time {
  sec: 9
  nsec: 908905871
}
iterations: 1962
real_time_factor: 0.99983002889508787
step_size {
  nsec: 4000000
}

sim_time {
  sec: 7
  nsec: 952000000
}
real_time {
  sec: 10
  nsec: 12905295
}
iterations: 1988
real_time_factor: 1.0000267507155816
step_size {
  nsec: 4000000
}

sim_time {
  sec: 8
  nsec: 52000000
}
real_time {
  sec: 10
  nsec: 112908002
}
iterations: 2013
real_time_factor: 0.99913375103785018
step_size {
  nsec: 4000000
}

sim_time {
  sec: 8
  nsec: 156000000
}
real_time {
  sec: 10
  nsec: 216905293
}
iterations: 2039
real_time_factor: 1.0007054973756497
step_size {
  nsec: 4000000
}

sim_time {
  sec: 8
  nsec: 260000000
}
real_time {
  sec: 10
  nsec: 320904511
}
iterations: 2065
real_time_factor: 0.99999875000156246
step_size {
  nsec: 4000000
}

sim_time {
  sec: 8
  nsec: 360000000
}
real_time {
  sec: 10
  nsec: 420904882
}
iterations: 2090
real_time_factor: 0.99996875097653193
step_size {
  nsec: 4000000
}

sim_time {
  sec: 8
  nsec: 464000000
}
real_time {
  sec: 10
  nsec: 524904442
}
iterations: 2116
real_time_factor: 0.99999200006399946
step_size {
  nsec: 4000000
}

sim_time {
  sec: 8
  nsec: 564000000
}
real_time {
  sec: 10
  nsec: 624904804
}
iterations: 2141
real_time_factor: 0.9999942500330623
step_size {
  nsec: 4000000
}

sim_time {
  sec: 8
  nsec: 664000000
}
real_time {
  sec: 10
  nsec: 724907075
}
iterations: 2166
real_time_factor: 0.99949425590651131
step_size {
  nsec: 4000000
}

sim_time {
  sec: 8
  nsec: 768000000
}
real_time {
  sec: 10
  nsec: 828904712
}
iterations: 2192
real_time_factor: 0.9999642512780168
step_size {
  nsec: 4000000
}

sim_time {
  sec: 8
  nsec: 868000000
}
real_time {
  sec: 10
  nsec: 928905555
}
iterations: 2217
real_time_factor: 0.99991800672344866
step_size {
  nsec: 4000000
}

sim_time {
  sec: 8
  nsec: 972000000
}
real_time {
  sec: 11
  nsec: 32904930
}
iterations: 2243
real_time_factor: 0.999952752232457
step_size {
  nsec: 4000000
}

sim_time {
  sec: 9
  nsec: 76000000
}
real_time {
  sec: 11
  nsec: 136904758
}
iterations: 2269
real_time_factor: 0.99991350748160279
step_size {
  nsec: 4000000
}

sim_time {
  sec: 9
  nsec: 176000000
}
real_time {
  sec: 11
  nsec: 236905451
}
iterations: 2294
real_time_factor: 0.9998925115550078
step_size {
  nsec: 4000000
}

sim_time {
  sec: 9
  nsec: 280000000
}
real_time {
  sec: 11
  nsec: 340905657
}
iterations: 2320
real_time_factor: 0.9998507722722384
step_size {
  nsec: 4000000
}

sim_time {
  sec: 9
  nsec: 384000000
}
real_time {
  sec: 11
  nsec: 444905326
}
iterations: 2346
real_time_factor: 1.0000362513141101
step_size {
  nsec: 4000000
}

sim_time {
  sec: 9
  nsec: 488000000
}
real_time {
  sec: 11
  nsec: 548905394
}
iterations: 2372
real_time_factor: 1.0000335011222876
step_size {
  nsec: 4000000
}

sim_time {
  sec: 9
  nsec: 588000000
}
real_time {
  sec: 11
  nsec: 648905652
}
iterations: 2397
real_time_factor: 1.0012711136788153
step_size {
  nsec: 4000000
}

sim_time {
  sec: 9
  nsec: 692000000
}
real_time {
  sec: 11
  nsec: 752904413
}
iterations: 2423
real_time_factor: 0.99998500022499659
step_size {
  nsec: 4000000
}

sim_time {
  sec: 9
  nsec: 792000000
}
real_time {
  sec: 11
  nsec: 852905735
}
iterations: 2448
real_time_factor: 0.9996656118528352
step_size {
  nsec: 4000000
}

sim_time {
  sec: 9
  nsec: 896000000
}
real_time {
  sec: 11
  nsec: 956904395
}
iterations: 2474
real_time_factor: 1.0001007601515852
step_size {
  nsec: 4000000
}

sim_time {
  sec: 10
}
real_time {
  sec: 12
  nsec: 60904574
}
iterations: 2500
real_time_factor: 0.99992925500520835
step_size {
  nsec: 4000000
}

sim_time {
  sec: 10
  nsec: 104000000
}
real_time {
  sec: 12
  nsec: 164903825
}
iterations: 2526
real_time_factor: 1.0001402696728217
step_size {
  nsec: 4000000
}

sim_time {
  sec: 10
  nsec: 204000000
}
real_time {
  sec: 12
  nsec: 264905228
}
iterations: 2551
real_time_factor: 1.0010067625514361
step_size {
  nsec: 4000000
}

sim_time {
  sec: 10
  nsec: 304000000
}
real_time {
  sec: 12
  nsec: 364907446
}
iterations: 2576
real_time_factor: 0.99944156202721735
step_size {
  nsec: 4000000
}

sim_time {
  sec: 10
  nsec: 408000000
}
real_time {
  sec: 12
  nsec: 468905188
}
iterations: 2602
real_time_factor: 0.99988301368739863
step_size {
  nsec: 4000000
}

sim_time {
  sec: 10
  nsec: 508000000
}
real_time {
  sec: 12
  nsec: 568905924
}
iterations: 2627
real_time_factor: 0.99968210109185274
step_size {
  nsec: 4000000
}

sim_time {
  sec: 10
  nsec: 612000000
}
real_time {
  sec: 12
  nsec: 672904545
}
iterations: 2653
real_time_factor: 0.99993625406380349
step_size {
  nsec: 4000000
}

sim_time {
  sec: 10
  nsec: 712000000
}
real_time {
  sec: 12
  nsec: 772906568
}
iterations: 2678
real_time_factor: 1.000376391617346
step_size {
  nsec: 4000000
}

sim_time {
  sec: 10
  nsec: 816000000
}
real_time {
  sec: 12
  nsec: 876904716
}
iterations: 2704
real_time_factor: 0.99995975161999728
step_size {
  nsec: 4000000
}

sim_time {
  sec: 10
  nsec: 920000000
}
real_time {
  sec: 12
  nsec: 980904596
}
iterations: 2730
real_time_factor: 1.0000107501155637
step_size {
  nsec: 4000000
}

sim_time {
  sec: 11
  nsec: 24000000
}
real_time {
  sec: 13
  nsec: 84904532
}
iterations: 2756
real_time_factor: 0.99998500022499659
step_size {
  nsec: 4000000
}

sim_time {
  sec: 11
  nsec: 128000000
}
real_time {
  sec: 13
  nsec: 188904114
}
iterations: 2782
real_time_factor: 0.99999675001056243
step_size {
  nsec: 4000000
}

sim_time {
  sec: 11
  nsec: 232000000
}
real_time {
  sec: 13
  nsec: 292904547
}
iterations: 2808
real_time_factor: 0.99995025247493941
step_size {
  nsec: 4000000
}

sim_time {
  sec: 11
  nsec: 336000000
}
real_time {
  sec: 13
  nsec: 396912934
}
iterations: 2834
real_time_factor: 0.99791286524234568
step_size {
  nsec: 4000000
}

sim_time {
  sec: 11
  nsec: 440000000
}
real_time {
  sec: 13
  nsec: 500904136
}
iterations: 2860
real_time_factor: 1.0002187978620323
step_size {
  nsec: 4000000
}

sim_time {
  sec: 11
  nsec: 544000000
}
real_time {
  sec: 13
  nsec: 604905800
}
iterations: 2886
real_time_factor: 0.99967960268733869
step_size {
  nsec: 4000000
}

sim_time {
  sec: 11
  nsec: 644000000
}
real_time {
  sec: 13
  nsec: 704905738
}
iterations: 2911
real_time_factor: 1.0004669679572942
step_size {
  nsec: 4000000
}

sim_time {
  sec: 11
  nsec: 744000000
}
real_time {
  sec: 13
  nsec: 804911890
}
iterations: 2936
real_time_factor: 0.99849875711867209
step_size {
  nsec: 4000000
}

sim_time {
  sec: 11
  nsec: 848000000
}
real_time {
  sec: 13
  nsec: 908904943
}
iterations: 2962
real_time_factor: 1.0000567532207454
step_size {
  nsec: 4000000
}

sim_time {
  sec: 11
  nsec: 948000000
}
real_time {
  sec: 14
  nsec: 8905770
}
iterations: 2987
real_time_factor: 0.99997825047305222
step_size {
  nsec: 4000000
}

sim_time {
  sec: 12
  nsec: 52000000
}
real_time {
  sec: 14
  nsec: 112904277
}
iterations: 3013
real_time_factor: 0.99999650001224993
step_size {
  nsec: 4000000
}

sim_time {
  sec: 12
  nsec: 152000000
}
real_time {
  sec: 14
  nsec: 212905000
}
iterations: 3038
real_time_factor: 0.99992725529217752
step_size {
  nsec: 4000000
}

sim_time {
  sec: 12
  nsec: 256000000
}
real_time {
  sec: 14
  nsec: 316904968
}
iterations: 3064
real_time_factor: 1.0000845071408535
step_size {
  nsec: 4000000
}

sim_time {
  sec: 12
  nsec: 356000000
}
real_time {
  sec: 14
  nsec: 416906034
}
iterations: 3089
real_time_factor: 0.99993175465774464
step_size {
  nsec: 4000000
}

sim_time {
  sec: 12
  nsec: 460000000
}
real_time {
  sec: 14
  nsec: 520905928
}
iterations: 3115
real_time_factor: 0.99982303132345574
step_size {
  nsec: 4000000
}

sim_time {
  sec: 12
  nsec: 564000000
}
real_time {
  sec: 14
  nsec: 624904776
}
iterations: 3141
real_time_factor: 1.0000450020250911
step_size {
  nsec: 4000000
}

sim_time {
  sec: 12
  nsec: 668000000
}
real_time {
  sec: 14
  nsec: 728904873
}
iterations: 3167
real_time_factor: 0.99990175965211414
step_size {
  nsec: 4000000
}

sim_time {
  sec: 12
  nsec: 768000000
}
real_time {
  sec: 14
  nsec: 828904790
}
iterations: 3192
real_time_factor: 1.0001310171632485
step_size {
  nsec: 4000000
}

sim_time {
  sec: 12
  nsec: 872000000
}
real_time {
  sec: 14
  nsec: 932904545
}
iterations: 3218
real_time_factor: 1.000038501482307
step_size {
  nsec: 4000000
}

sim_time {
  sec: 12
  nsec: 976000000
}
real_time {
  sec: 15
  nsec: 36905708
}
iterations: 3244
real_time_factor: 0.99976280627421144
step_size {
  nsec: 4000000
}

sim_time {
  sec: 13
  nsec: 76000000
}
real_time {
  sec: 15
  nsec: 136905930
}
iterations: 3269
real_time_factor: 0.9997513118611745
step_size {
  nsec: 4000000
}

sim_time {
  sec: 13
  nsec: 180000000
}
real_time {
  sec: 15
  nsec: 240905108
}
iterations: 3295
real_time_factor: 0.99995050245012873
step_size {
  nsec: 4000000
}

sim_time {
  sec: 13
  nsec: 284000000
}
real_time {
  sec: 15
  nsec: 344904388
}
iterations: 3321
real_time_factor: 1.0001147631690737
step_size {
  nsec: 4000000
}

sim_time {
  sec: 13
  nsec: 384000000
}
real_time {
  sec: 15
  nsec: 444909203
}
iterations: 3346
real_time_factor: 0.99933718960899187
step_size {
  nsec: 4000000
}

sim_time {
  sec: 13
  nsec: 488000000
}
real_time {
  sec: 15
  nsec: 548904270
}
iterations: 3372
real_time_factor: 1.0001285165143721
step_size {
  nsec: 4000000
}

sim_time {
  sec: 13
  nsec: 588000000
}
real_time {
  sec: 15
  nsec: 648913083
}
iterations: 3397
real_time_factor: 0.99786705916104323
step_size {
  nsec: 4000000
}

sim_time {
  sec: 13
  nsec: 692000000
}
real_time {
  sec: 15
  nsec: 752904346
}
iterations: 3423
real_time_factor: 0.99997100084097557
step_size {
  nsec: 4000000
}

sim_time {
  sec: 13
  nsec: 792000000
}
real_time {
  sec: 15
  nsec: 852909778
}
iterations: 3448
real_time_factor: 0.99955944417497988
step_size {
  nsec: 4000000
}

sim_time {
  sec: 13
  nsec: 896000000
}
real_time {
  sec: 15
  nsec: 956905348
}
iterations: 3474
real_time_factor: 0.99996200144394509
step_size {
  nsec: 4000000
}

sim_time {
  sec: 14
}
real_time {
  sec: 16
  nsec: 60904919
}
iterations: 3500
real_time_factor: 1.0002027911158988
step_size {
  nsec: 4000000
}

sim_time {
  sec: 14
  nsec: 100000000
}
real_time {
  sec: 16
  nsec: 160905685
}
iterations: 3525
real_time_factor: 0.99993425432277827
step_size {
  nsec: 4000000
}

sim_time {
  sec: 14
  nsec: 204000000
}
real_time {
  sec: 16
  nsec: 264905954
}
iterations: 3551
real_time_factor: 0.99973756888816689
step_size {
  nsec: 4000000
}

sim_time {
  sec: 14
  nsec: 308000000
}
real_time {
  sec: 16
  nsec: 368904676
}
iterations: 3577
real_time_factor: 1.0000522527302051
step_size {
  nsec: 4000000
}

sim_time {
  sec: 14
  nsec: 412000000
}
real_time {
  sec: 16
  nsec: 472909853
}
iterations: 3603
real_time_factor: 0.99873210958687941
step_size {
  nsec: 4000000
}

sim_time {
  sec: 14
  nsec: 516000000
}
real_time {
  sec: 16
  nsec: 576906539
}
iterations: 3629
real_time_factor: 0.99958017632594309
step_size {
  nsec: 4000000
}

sim_time {
  sec: 14
  nsec: 620000000
}
real_time {
  sec: 16
  nsec: 680905067
}
iterations: 3655
real_time_factor: 1.0000755057006805
step_size {
  nsec: 4000000
}

sim_time {
  sec: 14
  nsec: 720000000
}
real_time {
  sec: 16
  nsec: 780907573
}
iterations: 3680
real_time_factor: 0.999466784470485
step_size {
  nsec: 4000000
}

sim_time {
  sec: 14
  nsec: 824000000
}
real_time {
  sec: 16
  nsec: 884905027
}
iterations: 3706
real_time_factor: 0.99990650874143272
step_size {
  nsec: 4000000
}

sim_time {
  sec: 14
  nsec: 924000000
}
real_time {
  sec: 16
  nsec: 984908014
}
iterations: 3731
real_time_factor: 0.99918042225864234
step_size {
  nsec: 4000000
}

sim_time {
  sec: 15
  nsec: 28000000
}
real_time {
  sec: 17
  nsec: 88904727
}
iterations: 3757
real_time_factor: 1.0001402696728217
step_size {
  nsec: 4000000
}

sim_time {
  sec: 15
  nsec: 132000000
}
real_time {
  sec: 17
  nsec: 192904855
}
iterations: 3783
real_time_factor: 1.0000130001690022
step_size {
  nsec: 4000000
}

sim_time {
  sec: 15
  nsec: 236000000
}
real_time {
  sec: 17
  nsec: 296904261
}
iterations: 3809
real_time_factor: 1.0000452520476553
step_size {
  nsec: 4000000
}

sim_time {
  sec: 15
  nsec: 336000000
}
real_time {
  sec: 17
  nsec: 396905293
}
iterations: 3834
real_time_factor: 1.0000315009922813
step_size {
  nsec: 4000000
}

sim_time {
  sec: 15
  nsec: 436000000
}
real_time {
  sec: 17
  nsec: 496905417
}
iterations: 3859
real_time_factor: 1.0006476692038921
step_size {
  nsec: 4000000
}

sim_time {
  sec: 15
  nsec: 540000000
}
real_time {
  sec: 17
  nsec: 600904767
}
iterations: 3885
real_time_factor: 1.0001655273947838
step_size {
  nsec: 4000000
}

sim_time {
  sec: 15
  nsec: 640000000
}
real_time {
  sec: 17
  nsec: 700905436
}
iterations: 3910
real_time_factor: 1.0006847185186465
step_size {
  nsec: 4000000
}

sim_time {
  sec: 15
  nsec: 744000000
}
real_time {
  sec: 17
  nsec: 804905324
}
iterations: 3936
real_time_factor: 1.0001217648248675
step_size {
  nsec: 4000000
}

sim_time {
  sec: 15
  nsec: 848000000
}
real_time {
  sec: 17
  nsec: 908904729
}
iterations: 3962
real_time_factor: 1.00000150000225
step_size {
  nsec: 4000000
}

sim_time {
  sec: 15
  nsec: 948000000
}
real_time {
  sec: 18
  nsec: 8905094
}
iterations: 3987
real_time_factor: 1.0002770767502598
step_size {
  nsec: 4000000
}

sim_time {
  sec: 16
  nsec: 52000000
}
real_time {
  sec: 18
  nsec: 112904806
}
iterations: 4013
real_time_factor: 0.99997800048398933
step_size {
  nsec: 4000000
}

sim_time {
  sec: 16
  nsec: 152000000
}
real_time {
  sec: 18
  nsec: 212905399
}
iterations: 4038
real_time_factor: 1.0000037500140626
step_size {
  nsec: 4000000
}

sim_time {
  sec: 16
  nsec: 256000000
}
real_time {
  sec: 18
  nsec: 316904784
}
iterations: 4064
real_time_factor: 1.0000245006002646
step_size {
  nsec: 4000000
}

sim_time {
  sec: 16
  nsec: 360000000
}
real_time {
  sec: 18
  nsec: 420904641
}
iterations: 4090
real_time_factor: 0.99998050038024255
step_size {
  nsec: 4000000
}

sim_time {
  sec: 16
  nsec: 460000000
}
real_time {
  sec: 18
  nsec: 520905420
}
iterations: 4115
real_time_factor: 1.0000685046925715
step_size {
  nsec: 4000000
}

sim_time {
  sec: 16
  nsec: 564000000
}
real_time {
  sec: 18
  nsec: 624905454
}
iterations: 4141
real_time_factor: 0.99989676065946187
step_size {
  nsec: 4000000
}

sim_time {
  sec: 16
  nsec: 668000000
}
real_time {
  sec: 18
  nsec: 728904829
}
iterations: 4167
real_time_factor: 1.0000497524751857
step_size {
  nsec: 4000000
}

sim_time {
  sec: 16
  nsec: 772000000
}
real_time {
  sec: 18
  nsec: 832905306
}
iterations: 4193
real_time_factor: 0.99990425916718473
step_size {
  nsec: 4000000
}

sim_time {
  sec: 16
  nsec: 872000000
}
real_time {
  sec: 18
  nsec: 932905594
}
iterations: 4218
real_time_factor: 1.0000685046925715
step_size {
  nsec: 4000000
}

sim_time {
  sec: 16
  nsec: 976000000
}
real_time {
  sec: 19
  nsec: 36905109
}
iterations: 4244
real_time_factor: 1.0001077616113137
step_size {
  nsec: 4000000
}

sim_time {
  sec: 17
  nsec: 76000000
}
real_time {
  sec: 19
  nsec: 136905175
}
iterations: 4269
real_time_factor: 0.99995025247493941
step_size {
  nsec: 4000000
}

sim_time {
  sec: 17
  nsec: 180000000
}
real_time {
  sec: 19
  nsec: 240904882
}
iterations: 4295
real_time_factor: 0.99998050038024255
step_size {
  nsec: 4000000
}

sim_time {
  sec: 17
  nsec: 284000000
}
real_time {
  sec: 19
  nsec: 344905514
}
iterations: 4321
real_time_factor: 0.99990875832580273
step_size {
  nsec: 4000000
}

sim_time {
  sec: 17
  nsec: 384000000
}
real_time {
  sec: 19
  nsec: 444905837
}
iterations: 4346
real_time_factor: 0.99997825047305222
step_size {
  nsec: 4000000
}

sim_time {
  sec: 17
  nsec: 488000000
}
real_time {
  sec: 19
  nsec: 548904526
}
iterations: 4372
real_time_factor: 0.99997350070223134
step_size {
  nsec: 4000000
}

sim_time {
  sec: 17
  nsec: 588000000
}
real_time {
  sec: 19
  nsec: 648904700
}
iterations: 4397
real_time_factor: 0.99990425916718473
step_size {
  nsec: 4000000
}

sim_time {
  sec: 17
  nsec: 688000000
}
real_time {
  sec: 19
  nsec: 748904949
}
iterations: 4422
real_time_factor: 0.99994600291584257
step_size {
  nsec: 4000000
}

sim_time {
  sec: 17
  nsec: 792000000
}
real_time {
  sec: 19
  nsec: 852904434
}
iterations: 4448
real_time_factor: 1.0000245006002646
step_size {
  nsec: 4000000
}

sim_time {
  sec: 17
  nsec: 896000000
}
real_time {
  sec: 19
  nsec: 956904428
}
iterations: 4474
real_time_factor: 1.0000500025001251
step_size {
  nsec: 4000000
}

sim_time {
  sec: 17
  nsec: 996000000
}
real_time {
  sec: 20
  nsec: 56906085
}
iterations: 4499
real_time_factor: 0.99967485575316628
step_size {
  nsec: 4000000
}

sim_time {
  sec: 18
  nsec: 100000000
}
real_time {
  sec: 20
  nsec: 160904512
}
iterations: 4525
real_time_factor: 1.000017750315068
step_size {
  nsec: 4000000
}

sim_time {
  sec: 18
  nsec: 200000000
}
real_time {
  sec: 20
  nsec: 260904916
}
iterations: 4550
real_time_factor: 1.0000942588839
step_size {
  nsec: 4000000
}

sim_time {
  sec: 18
  nsec: 300000000
}
real_time {
  sec: 20
  nsec: 360905080
}
iterations: 4575
real_time_factor: 1.0000777560455325
step_size {
  nsec: 4000000
}

sim_time {
  sec: 18
  nsec: 404000000
}
real_time {
  sec: 20
  nsec: 464904997
}
iterations: 4601
real_time_factor: 0.99996900096097019
step_size {
  nsec: 4000000
}

sim_time {
  sec: 18
  nsec: 508000000
}
real_time {
  sec: 20
  nsec: 568904683
}
iterations: 4627
real_time_factor: 1.0000547529977266
step_size {
  nsec: 4000000
}

sim_time {
  sec: 18
  nsec: 608000000
}
real_time {
  sec: 20
  nsec: 668908810
}
iterations: 4652
real_time_factor: 0.99911079139565784
step_size {
  nsec: 4000000
}

sim_time {
  sec: 18
  nsec: 712000000
}
real_time {
  sec: 20
  nsec: 772905274
}
iterations: 4678
real_time_factor: 0.99994350319206959
step_size {
  nsec: 4000000
}

sim_time {
  sec: 18
  nsec: 816000000
}
real_time {
  sec: 20
  nsec: 876904802
}
iterations: 4704
real_time_factor: 0.99998300028899512
step_size {
  nsec: 4000000
}

sim_time {
  sec: 18
  nsec: 916000000
}
real_time {
  sec: 20
  nsec: 976904744
}
iterations: 4729
real_time_factor: 1.0001935374494966
step_size {
  nsec: 4000000
}

sim_time {
  sec: 19
  nsec: 20000000
}
real_time {
  sec: 21
  nsec: 80905476
}
iterations: 4755
real_time_factor: 0.99979079377640234
step_size {
  nsec: 4000000
}

sim_time {
  sec: 19
  nsec: 124000000
}
real_time {
  sec: 21
  nsec: 184904624
}
iterations: 4781
real_time_factor: 0.99994800270385942
step_size {
  nsec: 4000000
}

sim_time {
  sec: 19
  nsec: 228000000
}
real_time {
  sec: 21
  nsec: 288904617
}
iterations: 4807
real_time_factor: 1.0000592535107704
step_size {
  nsec: 4000000
}

sim_time {
  sec: 19
  nsec: 328000000
}
real_time {
  sec: 21
  nsec: 388905224
}
iterations: 4832
real_time_factor: 0.9998347773030507
step_size {
  nsec: 4000000
}

sim_time {
  sec: 19
  nsec: 428000000
}
real_time {
  sec: 21
  nsec: 488905793
}
iterations: 4857
real_time_factor: 1.0001007601515852
step_size {
  nsec: 4000000
}

sim_time {
  sec: 19
  nsec: 532000000
}
real_time {
  sec: 21
  nsec: 592904801
}
iterations: 4883
real_time_factor: 1.0000405016403164
step_size {
  nsec: 4000000
}

sim_time {
  sec: 19
  nsec: 632000000
}
real_time {
  sec: 21
  nsec: 692905110
}
iterations: 4908
real_time_factor: 0.9998070372418123
step_size {
  nsec: 4000000
}

sim_time {
  sec: 19
  nsec: 732000000
}
real_time {
  sec: 21
  nsec: 792908207
}
iterations: 4933
real_time_factor: 0.99919190354800558
step_size {
  nsec: 4000000
}

sim_time {
  sec: 19
  nsec: 836000000
}
real_time {
  sec: 21
  nsec: 896905307
}
iterations: 4959
real_time_factor: 0.99999675001056243
step_size {
  nsec: 4000000
}

sim_time {
  sec: 19
  nsec: 940000000
}
real_time {
  sec: 22
  nsec: 905019
}
iterations: 4985
real_time_factor: 0.99998525021755924
step_size {
  nsec: 4000000
}

sim_time {
  sec: 20
  nsec: 40000000
}
real_time {
  sec: 22
  nsec: 100904782
}
iterations: 5010
real_time_factor: 1.0002583167102905
step_size {
  nsec: 4000000
}

sim_time {
  sec: 20
  nsec: 144000000
}
real_time {
  sec: 22
  nsec: 204904936
}
iterations: 5036
real_time_factor: 1.0000222504950735
step_size {
  nsec: 4000000
}

sim_time {
  sec: 20
  nsec: 248000000
}
real_time {
  sec: 22
  nsec: 308904672
}
iterations: 5062
real_time_factor: 0.99998525021755924
step_size {
  nsec: 4000000
}

sim_time {
  sec: 20
  nsec: 348000000
}
real_time {
  sec: 22
  nsec: 408904730
}
iterations: 5087
real_time_factor: 1.0000477522801714
step_size {
  nsec: 4000000
}

sim_time {
  sec: 20
  nsec: 448000000
}
real_time {
  sec: 22
  nsec: 508905140
}
iterations: 5112
real_time_factor: 0.99995025247493941
step_size {
  nsec: 4000000
}

sim_time {
  sec: 20
  nsec: 552000000
}
real_time {
  sec: 22
  nsec: 612904692
}
iterations: 5138
real_time_factor: 1.000080006400512
step_size {
  nsec: 4000000
}

sim_time {
  sec: 20
  nsec: 652000000
}
real_time {
  sec: 22
  nsec: 712905360
}
iterations: 5163
real_time_factor: 0.99989976004905512
step_size {
  nsec: 4000000
}

sim_time {
  sec: 20
  nsec: 756000000
}
real_time {
  sec: 22
  nsec: 816904995
}
iterations: 5189
real_time_factor: 0.999939003720773
step_size {
  nsec: 4000000
}

sim_time {
  sec: 20
  nsec: 860000000
}
real_time {
  sec: 22
  nsec: 920904927
}
iterations: 5215
real_time_factor: 0.99987176644595332
step_size {
  nsec: 4000000
}

sim_time {
  sec: 20
  nsec: 964000000
}
real_time {
  sec: 23
  nsec: 24904821
}
iterations: 5241
real_time_factor: 0.99993425432277827
step_size {
  nsec: 4000000
}

sim_time {
  sec: 21
  nsec: 68000000
}
real_time {
  sec: 23
  nsec: 128905113
}
iterations: 5267
real_time_factor: 0.99989951009923506
step_size {
  nsec: 4000000
}

sim_time {
  sec: 21
  nsec: 172000000
}
real_time {
  sec: 23
  nsec: 232904097
}
iterations: 5293
real_time_factor: 1.0000250006250155
step_size {
  nsec: 4000000
}

sim_time {
  sec: 21
  nsec: 272000000
}
real_time {
  sec: 23
  nsec: 332904653
}
iterations: 5318
real_time_factor: 1.0000917584188349
step_size {
  nsec: 4000000
}

sim_time {
  sec: 21
  nsec: 372000000
}
real_time {
  sec: 23
  nsec: 432905588
}
iterations: 5343
real_time_factor: 0.9999250056245782
step_size {
  nsec: 4000000
}

sim_time {
  sec: 21
  nsec: 476000000
}
real_time {
  sec: 23
  nsec: 536905841
}
iterations: 5369
real_time_factor: 0.99979804079575929
step_size {
  nsec: 4000000
}

sim_time {
  sec: 21
  nsec: 580000000
}
real_time {
  sec: 23
  nsec: 640904669
}
iterations: 5395
real_time_factor: 1.0001217648248675
step_size {
  nsec: 4000000
}

sim_time {
  sec: 21
  nsec: 684000000
}
real_time {
  sec: 23
  nsec: 744905153
}
iterations: 5421
real_time_factor: 1.000004000016
step_size {
  nsec: 4000000
}

sim_time {
  sec: 21
  nsec: 784000000
}
real_time {
  sec: 23
  nsec: 844927561
}
iterations: 5446
real_time_factor: 0.99639628374078049
step_size {
  nsec: 4000000
}

sim_time {
  sec: 21
  nsec: 888000000
}
real_time {
  sec: 23
  nsec: 949143954
}
iterations: 5472
real_time_factor: 0.94373321039635383
step_size {
  nsec: 4000000
}

sim_time {
  sec: 21
  nsec: 992000000
}
real_time {
  sec: 24
  nsec: 52907095
}
iterations: 5498
real_time_factor: 0.99939062156849856
step_size {
  nsec: 4000000
}

sim_time {
  sec: 22
  nsec: 96000000
}
real_time {
  sec: 24
  nsec: 156904968
}
iterations: 5524
real_time_factor: 1.0001287665786971
step_size {
  nsec: 4000000
}

sim_time {
  sec: 22
  nsec: 196000000
}
real_time {
  sec: 24
  nsec: 256905540
}
iterations: 5549
real_time_factor: 0.99983252805155132
step_size {
  nsec: 4000000
}

sim_time {
  sec: 22
  nsec: 300000000
}
real_time {
  sec: 24
  nsec: 360904828
}
iterations: 5575
real_time_factor: 1.00000150000225
step_size {
  nsec: 4000000
}

sim_time {
  sec: 22
  nsec: 400000000
}
real_time {
  sec: 24
  nsec: 460905353
}
iterations: 5600
real_time_factor: 0.99990425916718473
step_size {
  nsec: 4000000
}

sim_time {
  sec: 22
  nsec: 500000000
}
real_time {
  sec: 24
  nsec: 560906193
}
iterations: 5625
real_time_factor: 1.0001915366792742
step_size {
  nsec: 4000000
}

sim_time {
  sec: 22
  nsec: 604000000
}
real_time {
  sec: 24
  nsec: 664904621
}
iterations: 5651
real_time_factor: 1.0000222504950735
step_size {
  nsec: 4000000
}

sim_time {
  sec: 22
  nsec: 704000000
}
real_time {
  sec: 24
  nsec: 764906220
}
iterations: 5676
real_time_factor: 0.9997540605011167
step_size {
  nsec: 4000000
}

sim_time {
  sec: 22
  nsec: 808000000
}
real_time {
  sec: 24
  nsec: 868904693
}
iterations: 5702
real_time_factor: 1.0001590252850203
step_size {
  nsec: 4000000
}

sim_time {
  sec: 22
  nsec: 912000000
}
real_time {
  sec: 24
  nsec: 972904834
}
iterations: 5728
real_time_factor: 0.99996650112221241
step_size {
  nsec: 4000000
}

sim_time {
  sec: 23
  nsec: 12000000
}
real_time {
  sec: 25
  nsec: 72906164
}
iterations: 5753
real_time_factor: 1.0012322666121329
step_size {
  nsec: 4000000
}

sim_time {
  sec: 23
  nsec: 112000000
}
real_time {
  sec: 25
  nsec: 172905448
}
iterations: 5778
real_time_factor: 0.9998392758364093
step_size {
  nsec: 4000000
}

sim_time {
  sec: 23
  nsec: 212000000
}
real_time {
  sec: 25
  nsec: 272909434
}
iterations: 5803
real_time_factor: 0.99886628676452227
step_size {
  nsec: 4000000
}

sim_time {
  sec: 23
  nsec: 316000000
}
real_time {
  sec: 25
  nsec: 376904971
}
iterations: 5829
real_time_factor: 0.9998507722722384
step_size {
  nsec: 4000000
}

sim_time {
  sec: 23
  nsec: 416000000
}
real_time {
  sec: 25
  nsec: 476905503
}
iterations: 5854
real_time_factor: 1.0000132501755647
step_size {
  nsec: 4000000
}

sim_time {
  sec: 23
  nsec: 520000000
}
real_time {
  sec: 25
  nsec: 580909224
}
iterations: 5880
real_time_factor: 0.99900474152625451
step_size {
  nsec: 4000000
}

sim_time {
  sec: 23
  nsec: 624000000
}
real_time {
  sec: 25
  nsec: 684905260
}
iterations: 5906
real_time_factor: 0.99999675001056243
step_size {
  nsec: 4000000
}

sim_time {
  sec: 23
  nsec: 724000000
}
real_time {
  sec: 25
  nsec: 784906460
}
iterations: 5931
real_time_factor: 0.9999250056245782
step_size {
  nsec: 4000000
}

sim_time {
  sec: 23
  nsec: 828000000
}
real_time {
  sec: 25
  nsec: 888904411
}
iterations: 5957
real_time_factor: 0.99999250005624962
step_size {
  nsec: 4000000
}

sim_time {
  sec: 23
  nsec: 928000000
}
real_time {
  sec: 25
  nsec: 988905176
}
iterations: 5982
real_time_factor: 1.0000940088368306
step_size {
  nsec: 4000000
}

sim_time {
  sec: 24
  nsec: 32000000
}
real_time {
  sec: 26
  nsec: 92905110
}
iterations: 6008
real_time_factor: 0.99997850046224
step_size {
  nsec: 4000000
}

sim_time {
  sec: 24
  nsec: 132000000
}
real_time {
  sec: 26
  nsec: 192905982
}
iterations: 6033
real_time_factor: 0.99988126409988809
step_size {
  nsec: 4000000
}

sim_time {
  sec: 24
  nsec: 236000000
}
real_time {
  sec: 26
  nsec: 296904794
}
iterations: 6059
real_time_factor: 1.000205292136211
step_size {
  nsec: 4000000
}

sim_time {
  sec: 24
  nsec: 340000000
}
real_time {
  sec: 26
  nsec: 400904980
}
iterations: 6085
real_time_factor: 1.000041001681069
step_size {
  nsec: 4000000
}

sim_time {
  sec: 24
  nsec: 440000000
}
real_time {
  sec: 26
  nsec: 500904947
}
iterations: 6110
real_time_factor: 1.0000155002402538
step_size {
  nsec: 4000000
}

sim_time {
  sec: 24
  nsec: 544000000
}
real_time {
  sec: 26
  nsec: 604904480
}
iterations: 6136
real_time_factor: 1.0000085000722505
step_size {
  nsec: 4000000
}

sim_time {
  sec: 24
  nsec: 644000000
}
real_time {
  sec: 26
  nsec: 704907788
}
iterations: 6161
real_time_factor: 0.99943032471491255
step_size {
  nsec: 4000000
}

sim_time {
  sec: 24
  nsec: 748000000
}
real_time {
  sec: 26
  nsec: 808905378
}
iterations: 6187
real_time_factor: 0.9999205063197476
step_size {
  nsec: 4000000
}

sim_time {
  sec: 24
  nsec: 848000000
}
real_time {
  sec: 26
  nsec: 909031687
}
iterations: 6212
real_time_factor: 0.96940884963644747
step_size {
  nsec: 4000000
}

sim_time {
  sec: 24
  nsec: 952000000
}
real_time {
  sec: 27
  nsec: 12904951
}
iterations: 6238
real_time_factor: 0.99995525200247293
step_size {
  nsec: 4000000
}

sim_time {
  sec: 25
  nsec: 52000000
}
real_time {
  sec: 27
  nsec: 112905343
}
iterations: 6263
real_time_factor: 0.99997825047305222
step_size {
  nsec: 4000000
}

sim_time {
  sec: 25
  nsec: 152000000
}
real_time {
  sec: 27
  nsec: 212905621
}
iterations: 6288
real_time_factor: 0.99986276883497738
step_size {
  nsec: 4000000
}

sim_time {
  sec: 25
  nsec: 252000000
}
real_time {
  sec: 27
  nsec: 312908733
}
iterations: 6313
real_time_factor: 0.99923608401377151
step_size {
  nsec: 4000000
}

sim_time {
  sec: 25
  nsec: 356000000
}
real_time {
  sec: 27
  nsec: 416905422
}
iterations: 6339
real_time_factor: 0.99996225142500872
step_size {
  nsec: 4000000
}

sim_time {
  sec: 25
  nsec: 460000000
}
real_time {
  sec: 27
  nsec: 520905184
}
iterations: 6365
real_time_factor: 1.0000642541283278
step_size {
  nsec: 4000000
}

sim_time {
  sec: 25
  nsec: 564000000
}
real_time {
  sec: 27
  nsec: 624904244
}
iterations: 6391
real_time_factor: 0.99996925094553346
step_size {
  nsec: 4000000
}

sim_time {
  sec: 25
  nsec: 668000000
}
real_time {
  sec: 27
  nsec: 728904766
}
iterations: 6417
real_time_factor: 0.99999925000056245
step_size {
  nsec: 4000000
}

sim_time {
  sec: 25
  nsec: 768000000
}
real_time {
  sec: 27
  nsec: 828904943
}
iterations: 6442
real_time_factor: 1.0000175003062555
step_size {
  nsec: 4000000
}

sim_time {
  sec: 25
  nsec: 868000000
}
real_time {
  sec: 27
  nsec: 928906045
}
iterations: 6467
real_time_factor: 0.99980728714540268
step_size {
  nsec: 4000000
}

sim_time {
  sec: 25
  nsec: 972000000
}
real_time {
  sec: 28
  nsec: 32904557
}
iterations: 6493
real_time_factor: 0.99998100036099313
step_size {
  nsec: 4000000
}

sim_time {
  sec: 26
  nsec: 72000000
}
real_time {
  sec: 28
  nsec: 132905586
}
iterations: 6518
real_time_factor: 1.000557310421905
step_size {
  nsec: 4000000
}

sim_time {
  sec: 26
  nsec: 176000000
}
real_time {
  sec: 28
  nsec: 236906171
}
iterations: 6544
real_time_factor: 0.999765305094629
step_size {
  nsec: 4000000
}

sim_time {
  sec: 26
  nsec: 276000000
}
real_time {
  sec: 28
  nsec: 336905234
}
iterations: 6569
real_time_factor: 1.0001057611842452
step_size {
  nsec: 4000000
}

sim_time {
  sec: 26
  nsec: 380000000
}
real_time {
  sec: 28
  nsec: 440904754
}
iterations: 6595
real_time_factor: 0.99993200462368559
step_size {
  nsec: 4000000
}

sim_time {
  sec: 26
  nsec: 480000000
}
real_time {
  sec: 28
  nsec: 540905150
}
iterations: 6620
real_time_factor: 1.0000620038442383
step_size {
  nsec: 4000000
}

sim_time {
  sec: 26
  nsec: 580000000
}
real_time {
  sec: 28
  nsec: 640906426
}
iterations: 6645
real_time_factor: 0.99994150342204979
step_size {
  nsec: 4000000
}

sim_time {
  sec: 26
  nsec: 684000000
}
real_time {
  sec: 28
  nsec: 745028743
}
iterations: 6671
real_time_factor: 0.97005559631136362
step_size {
  nsec: 4000000
}

sim_time {
  sec: 26
  nsec: 788000000
}
real_time {
  sec: 28
  nsec: 848904568
}
iterations: 6697
real_time_factor: 1.0001567745744144
step_size {
  nsec: 4000000
}

sim_time {
  sec: 26
  nsec: 892000000
}
real_time {
  sec: 28
  nsec: 952904745
}
iterations: 6723
real_time_factor: 0.99992525558714485
step_size {
  nsec: 4000000
}

sim_time {
  sec: 26
  nsec: 992000000
}
real_time {
  sec: 29
  nsec: 52905023
}
iterations: 6748
real_time_factor: 1.0000777560455325
step_size {
  nsec: 4000000
}

sim_time {
  sec: 27
  nsec: 96000000
}
real_time {
  sec: 29
  nsec: 156904828
}
iterations: 6774
real_time_factor: 1.0000942588839
step_size {
  nsec: 4000000
}

sim_time {
  sec: 27
  nsec: 196000000
}
real_time {
  sec: 29
  nsec: 256905926
}
iterations: 6799
real_time_factor: 1.0001197643417798
step_size {
  nsec: 4000000
}

sim_time {
  sec: 27
  nsec: 300000000
}
real_time {
  sec: 29
  nsec: 360905083
}
iterations: 6825
real_time_factor: 1.0001475217594595
step_size {
  nsec: 4000000
}

sim_time {
  sec: 27
  nsec: 404000000
}
real_time {
  sec: 29
  nsec: 464904813
}
iterations: 6851
real_time_factor: 0.99997400067598241
step_size {
  nsec: 4000000
}

sim_time {
  sec: 27
  nsec: 504000000
}
real_time {
  sec: 29
  nsec: 564905893
}
iterations: 6876
real_time_factor: 0.99973781875703094
step_size {
  nsec: 4000000
}

sim_time {
  sec: 27
  nsec: 608000000
}
real_time {
  sec: 29
  nsec: 668906651
}
iterations: 6902
real_time_factor: 0.999714831344359
step_size {
  nsec: 4000000
}

sim_time {
  sec: 27
  nsec: 712000000
}
real_time {
  sec: 29
  nsec: 772904781
}
iterations: 6928
real_time_factor: 1.0001587752055638
step_size {
  nsec: 4000000
}

sim_time {
  sec: 27
  nsec: 816000000
}
real_time {
  sec: 29
  nsec: 876904539
}
iterations: 6954
real_time_factor: 0.99995075242544307
step_size {
  nsec: 4000000
}

sim_time {
  sec: 27
  nsec: 916000000
}
real_time {
  sec: 29
  nsec: 976905027
}
iterations: 6979
real_time_factor: 0.99988126409988809
step_size {
  nsec: 4000000
}

sim_time {
  sec: 28
  nsec: 20000000
}
real_time {
  sec: 30
  nsec: 80905405
}
iterations: 7005
real_time_factor: 0.9998257803577727
step_size {
  nsec: 4000000
}

sim_time {
  sec: 28
  nsec: 120000000
}
real_time {
  sec: 30
  nsec: 180906214
}
iterations: 7030
real_time_factor: 0.99965936607101136
step_size {
  nsec: 4000000
}

sim_time {
  sec: 28
  nsec: 224000000
}
real_time {
  sec: 30
  nsec: 284904776
}
iterations: 7056
real_time_factor: 1.0000087500765631
step_size {
  nsec: 4000000
}

sim_time {
  sec: 28
  nsec: 328000000
}
real_time {
  sec: 30
  nsec: 388904737
}
iterations: 7082
real_time_factor: 0.99997150081222685
step_size {
  nsec: 4000000
}

sim_time {
  sec: 28
  nsec: 428000000
}
real_time {
  sec: 30
  nsec: 488905286
}
iterations: 7107
real_time_factor: 1.0000780060844745
step_size {
  nsec: 4000000
}

sim_time {
  sec: 28
  nsec: 528000000
}
real_time {
  sec: 30
  nsec: 588905299
}
iterations: 7132
real_time_factor: 0.99994850265211344
step_size {
  nsec: 4000000
}

sim_time {
  sec: 28
  nsec: 628000000
}
real_time {
  sec: 30
  nsec: 688909321
}
iterations: 7157
real_time_factor: 1.0004116694019589
step_size {
  nsec: 4000000
}

sim_time {
  sec: 28
  nsec: 732000000
}
real_time {
  sec: 30
  nsec: 792907318
}
iterations: 7183
real_time_factor: 1.0003606300071175
step_size {
  nsec: 4000000
}

sim_time {
  sec: 28
  nsec: 836000000
}
real_time {
  sec: 30
  nsec: 896906019
}
iterations: 7209
real_time_factor: 0.9996683600215629
step_size {
  nsec: 4000000
}

sim_time {
  sec: 28
  nsec: 936000000
}
real_time {
  sec: 30
  nsec: 996910513
}
iterations: 7234
real_time_factor: 0.9988156543378689
step_size {
  nsec: 4000000
}

sim_time {
  sec: 29
  nsec: 40000000
}
real_time {
  sec: 31
  nsec: 100905196
}
iterations: 7260
real_time_factor: 0.99996450126020531
step_size {
  nsec: 4000000
}

sim_time {
  sec: 29
  nsec: 144000000
}
real_time {
  sec: 31
  nsec: 204904847
}
iterations: 7286
real_time_factor: 1.000041001681069
step_size {
  nsec: 4000000
}

sim_time {
  sec: 29
  nsec: 244000000
}
real_time {
  sec: 31
  nsec: 304905414
}
iterations: 7311
real_time_factor: 1.0001705290752074
step_size {
  nsec: 4000000
}

sim_time {
  sec: 29
  nsec: 344000000
}
real_time {
  sec: 31
  nsec: 404904860
}
iterations: 7336
real_time_factor: 1.0002493121410512
step_size {
  nsec: 4000000
}

sim_time {
  sec: 29
  nsec: 448000000
}
real_time {
  sec: 31
  nsec: 508904494
}
iterations: 7362
real_time_factor: 1.0000455020703443
step_size {
  nsec: 4000000
}

sim_time {
  sec: 29
  nsec: 548000000
}
real_time {
  sec: 31
  nsec: 608904969
}
iterations: 7387
real_time_factor: 1.0000435018923324
step_size {
  nsec: 4000000
}

sim_time {
  sec: 29
  nsec: 648000000
}
real_time {
  sec: 31
  nsec: 708905631
}
iterations: 7412
real_time_factor: 1.0002493121410512
step_size {
  nsec: 4000000
}

sim_time {
  sec: 29
  nsec: 748000000
}
real_time {
  sec: 31
  nsec: 808907392
}
iterations: 7437
real_time_factor: 0.999483267150883
step_size {
  nsec: 4000000
}

sim_time {
  sec: 29
  nsec: 852000000
}
real_time {
  sec: 31
  nsec: 912906035
}
iterations: 7463
real_time_factor: 0.99957118396208022
step_size {
  nsec: 4000000
}

sim_time {
  sec: 29
  nsec: 952000000
}
real_time {
  sec: 32
  nsec: 12910666
}
iterations: 7488
real_time_factor: 0.99882712724583156
step_size {
  nsec: 4000000
}

sim_time {
  sec: 30
  nsec: 56000000
}
real_time {
  sec: 32
  nsec: 116905855
}
iterations: 7514
real_time_factor: 1.0000617538132979
step_size {
  nsec: 4000000
}

sim_time {
  sec: 30
  nsec: 156000000
}
real_time {
  sec: 32
  nsec: 216905687
}
iterations: 7539
real_time_factor: 1.0000550030251665
step_size {
  nsec: 4000000
}

sim_time {
  sec: 30
  nsec: 260000000
}
real_time {
  sec: 32
  nsec: 320905560
}
iterations: 7565
real_time_factor: 1.0001497724284212
step_size {
  nsec: 4000000
}

sim_time {
  sec: 30
  nsec: 360000000
}
real_time {
  sec: 32
  nsec: 420906142
}
iterations: 7590
real_time_factor: 1.0000595035404607
step_size {
  nsec: 4000000
}

sim_time {
  sec: 30
  nsec: 464000000
}
real_time {
  sec: 32
  nsec: 524904487
}
iterations: 7616
real_time_factor: 1.00026557050897
step_size {
  nsec: 4000000
}

sim_time {
  sec: 30
  nsec: 564000000
}
real_time {
  sec: 32
  nsec: 624904690
}
iterations: 7641
real_time_factor: 1.0000202504100708
step_size {
  nsec: 4000000
}

sim_time {
  sec: 30
  nsec: 664000000
}
real_time {
  sec: 32
  nsec: 724905522
}
iterations: 7666
real_time_factor: 1.0000922585108476
step_size {
  nsec: 4000000
}

sim_time {
  sec: 30
  nsec: 768000000
}
real_time {
  sec: 32
  nsec: 828904460
}
iterations: 7692
real_time_factor: 1.0000432518706435
step_size {
  nsec: 4000000
}

sim_time {
  sec: 30
  nsec: 868000000
}
real_time {
  sec: 32
  nsec: 928904700
}
iterations: 7717
real_time_factor: 0.99997400067598241
step_size {
  nsec: 4000000
}

sim_time {
  sec: 30
  nsec: 972000000
}
real_time {
  sec: 33
  nsec: 32904350
}
iterations: 7743
real_time_factor: 1.0000340011560394
step_size {
  nsec: 4000000
}

sim_time {
  sec: 31
  nsec: 72000000
}
real_time {
  sec: 33
  nsec: 132904811
}
iterations: 7768
real_time_factor: 1.0000435018923324
step_size {
  nsec: 4000000
}

sim_time {
  sec: 31
  nsec: 176000000
}
real_time {
  sec: 33
  nsec: 236904349
}
iterations: 7794
real_time_factor: 1.0000942588839
step_size {
  nsec: 4000000
}

sim_time {
  sec: 31
  nsec: 276000000
}
real_time {
  sec: 33
  nsec: 336904790
}
iterations: 7819
real_time_factor: 0.9999255055498365
step_size {
  nsec: 4000000
}

sim_time {
  sec: 31
  nsec: 376000000
}
real_time {
  sec: 33
  nsec: 436904945
}
iterations: 7844
real_time_factor: 0.9999205063197476
step_size {
  nsec: 4000000
}

sim_time {
  sec: 31
  nsec: 476000000
}
real_time {
  sec: 33
  nsec: 536905229
}
iterations: 7869
real_time_factor: 0.9999160070554074
step_size {
  nsec: 4000000
}

sim_time {
  sec: 31
  nsec: 580000000
}
real_time {
  sec: 33
  nsec: 640904710
}
iterations: 7895
real_time_factor: 1.00005725327775
step_size {
  nsec: 4000000
}

sim_time {
  sec: 31
  nsec: 684000000
}
real_time {
  sec: 33
  nsec: 744904617
}
iterations: 7921
real_time_factor: 0.99993250455594251
step_size {
  nsec: 4000000
}

sim_time {
  sec: 31
  nsec: 784000000
}
real_time {
  sec: 33
  nsec: 844905003
}
iterations: 7946
real_time_factor: 1.0000687547268874
step_size {
  nsec: 4000000
}

sim_time {
  sec: 31
  nsec: 884000000
}
real_time {
  sec: 33
  nsec: 944905964
}
iterations: 7971
real_time_factor: 0.99972632491855351
step_size {
  nsec: 4000000
}

sim_time {
  sec: 31
  nsec: 988000000
}
real_time {
  sec: 34
  nsec: 48904963
}
iterations: 7997
real_time_factor: 1.0001567745744144
step_size {
  nsec: 4000000
}

sim_time {
  sec: 32
  nsec: 92000000
}
real_time {
  sec: 34
  nsec: 152907128
}
iterations: 8023
real_time_factor: 0.9992548057286279
step_size {
  nsec: 4000000
}

sim_time {
  sec: 32
  nsec: 192000000
}
real_time {
  sec: 34
  nsec: 252908059
}
iterations: 8048
real_time_factor: 0.99914597997361754
step_size {
  nsec: 4000000
}

sim_time {
  sec: 32
  nsec: 296000000
}
real_time {
  sec: 34
  nsec: 356905306
}
iterations: 8074
real_time_factor: 1.0002843308210358
step_size {
  nsec: 4000000
}

sim_time {
  sec: 32
  nsec: 396000000
}
real_time {
  sec: 34
  nsec: 456905811
}
iterations: 8099
real_time_factor: 1.0003143487841053
step_size {
  nsec: 4000000
}

sim_time {
  sec: 32
  nsec: 500000000
}
real_time {
  sec: 34
  nsec: 560904688
}
iterations: 8125
real_time_factor: 1.0000502525251893
step_size {
  nsec: 4000000
}

sim_time {
  sec: 32
  nsec: 604000000
}
real_time {
  sec: 34
  nsec: 664904454
}
iterations: 8151
real_time_factor: 0.99999250005624962
step_size {
  nsec: 4000000
}

sim_time {
  sec: 32
  nsec: 708000000
}
real_time {
  sec: 34
  nsec: 768904424
}
iterations: 8177
real_time_factor: 0.99993925369033831
step_size {
  nsec: 4000000
}

sim_time {
  sec: 32
  nsec: 808000000
}
real_time {
  sec: 34
  nsec: 868907299
}
iterations: 8202
real_time_factor: 1.0005157658773098
step_size {
  nsec: 4000000
}

sim_time {
  sec: 32
  nsec: 912000000
}
real_time {
  sec: 34
  nsec: 972904583
}
iterations: 8228
real_time_factor: 0.99994150342204979
step_size {
  nsec: 4000000
}

sim_time {
  sec: 33
  nsec: 16000000
}
real_time {
  sec: 35
  nsec: 76904627
}
iterations: 8254
real_time_factor: 1.0000202504100708
step_size {
  nsec: 4000000
}

sim_time {
  sec: 33
  nsec: 120000000
}
real_time {
  sec: 35
  nsec: 180904253
}
iterations: 8280
real_time_factor: 1.0000225005062613
step_size {
  nsec: 4000000
}

sim_time {
  sec: 33
  nsec: 224000000
}
real_time {
  sec: 35
  nsec: 284904350
}
iterations: 8306
real_time_factor: 1.000041001681069
step_size {
  nsec: 4000000
}

sim_time {
  sec: 33
  nsec: 328000000
}
real_time {
  sec: 35
  nsec: 388904345
}
iterations: 8332
real_time_factor: 0.99996475124251871
step_size {
  nsec: 4000000
}

sim_time {
  sec: 33
  nsec: 428000000
}
real_time {
  sec: 35
  nsec: 488905838
}
iterations: 8357
real_time_factor: 0.99969859087485125
step_size {
  nsec: 4000000
}

sim_time {
  sec: 33
  nsec: 532000000
}
real_time {
  sec: 35
  nsec: 592905102
}
iterations: 8383
real_time_factor: 0.99985577080506138
step_size {
  nsec: 4000000
}

sim_time {
  sec: 33
  nsec: 632000000
}
real_time {
  sec: 35
  nsec: 692905743
}
iterations: 8408
real_time_factor: 0.9997448151359366
step_size {
  nsec: 4000000
}

sim_time {
  sec: 33
  nsec: 736000000
}
real_time {
  sec: 35
  nsec: 796905017
}
iterations: 8434
real_time_factor: 0.9998442742542849
step_size {
  nsec: 4000000
}

sim_time {
  sec: 33
  nsec: 840000000
}
real_time {
  sec: 35
  nsec: 900904335
}
iterations: 8460
real_time_factor: 1.0000460021160973
step_size {
  nsec: 4000000
}

sim_time {
  sec: 33
  nsec: 940000000
}
real_time {
  sec: 36
  nsec: 905338
}
iterations: 8485
real_time_factor: 0.9998257803577727
step_size {
  nsec: 4000000
}

sim_time {
  sec: 34
  nsec: 40000000
}
real_time {
  sec: 36
  nsec: 100908025
}
iterations: 8510
real_time_factor: 0.99910679852212125
step_size {
  nsec: 4000000
}

sim_time {
  sec: 34
  nsec: 140000000
}
real_time {
  sec: 36
  nsec: 200908628
}
iterations: 8535
real_time_factor: 0.99896781650359767
step_size {
  nsec: 4000000
}

sim_time {
  sec: 34
  nsec: 244000000
}
real_time {
  sec: 36
  nsec: 304904954
}
iterations: 8561
real_time_factor: 1.0007708437423926
step_size {
  nsec: 4000000
}

sim_time {
  sec: 34
  nsec: 348000000
}
real_time {
  sec: 36
  nsec: 408904715
}
iterations: 8587
real_time_factor: 0.999976500552237
step_size {
  nsec: 4000000
}

sim_time {
  sec: 34
  nsec: 452000000
}
real_time {
  sec: 36
  nsec: 512904422
}
iterations: 8613
real_time_factor: 1.0000202504100708
step_size {
  nsec: 4000000
}

sim_time {
  sec: 34
  nsec: 556000000
}
real_time {
  sec: 36
  nsec: 616904295
}
iterations: 8639
real_time_factor: 1.00008750765692
step_size {
  nsec: 4000000
}

sim_time {
  sec: 34
  nsec: 656000000
}
real_time {
  sec: 36
  nsec: 716904861
}
iterations: 8664
real_time_factor: 1.0008219250059112
step_size {
  nsec: 4000000
}

sim_time {
  sec: 34
  nsec: 756000000
}
real_time {
  sec: 36
  nsec: 816904838
}
iterations: 8689
real_time_factor: 1.0002585668395281
step_size {
  nsec: 4000000
}

sim_time {
  sec: 34
  nsec: 856000000
}
real_time {
  sec: 36
  nsec: 916910421
}
iterations: 8714
real_time_factor: 0.998750812421364
step_size {
  nsec: 4000000
}

sim_time {
  sec: 34
  nsec: 960000000
}
real_time {
  sec: 37
  nsec: 20904562
}
iterations: 8740
real_time_factor: 1.0001452711006273
step_size {
  nsec: 4000000
}

sim_time {
  sec: 35
  nsec: 60000000
}
real_time {
  sec: 37
  nsec: 120905302
}
iterations: 8765
real_time_factor: 0.99987676518869051
step_size {
  nsec: 4000000
}

sim_time {
  sec: 35
  nsec: 164000000
}
real_time {
  sec: 37
  nsec: 224904664
}
iterations: 8791
real_time_factor: 1.0000550030251665
step_size {
  nsec: 4000000
}

sim_time {
  sec: 35
  nsec: 268000000
}
real_time {
  sec: 37
  nsec: 328905118
}
iterations: 8817
real_time_factor: 0.99992325589011044
step_size {
  nsec: 4000000
}

sim_time {
  sec: 35
  nsec: 372000000
}
real_time {
  sec: 37
  nsec: 432904720
}
iterations: 8843
real_time_factor: 1.0000805064807716
step_size {
  nsec: 4000000
}

sim_time {
  sec: 35
  nsec: 476000000
}
real_time {
  sec: 37
  nsec: 536904164
}
iterations: 8869
real_time_factor: 1.0001085117735273
step_size {
  nsec: 4000000
}

sim_time {
  sec: 35
  nsec: 576000000
}
real_time {
  sec: 37
  nsec: 636904662
}
iterations: 8894
real_time_factor: 0.9999255055498365
step_size {
  nsec: 4000000
}

sim_time {
  sec: 35
  nsec: 676000000
}
real_time {
  sec: 37
  nsec: 736909430
}
iterations: 8919
real_time_factor: 0.99921960948499222
step_size {
  nsec: 4000000
}

sim_time {
  sec: 35
  nsec: 776000000
}
real_time {
  sec: 37
  nsec: 836934805
}
iterations: 8944
real_time_factor: 0.99240930929552584
step_size {
  nsec: 4000000
}

sim_time {
  sec: 35
  nsec: 880000000
}
real_time {
  sec: 37
  nsec: 940904876
}
iterations: 8970
real_time_factor: 1.0010906883049082
step_size {
  nsec: 4000000
}

sim_time {
  sec: 35
  nsec: 984000000
}
real_time {
  sec: 38
  nsec: 44905417
}
iterations: 8996
real_time_factor: 0.9997890445116081
step_size {
  nsec: 4000000
}

sim_time {
  sec: 36
  nsec: 88000000
}
real_time {
  sec: 38
  nsec: 148904866
}
iterations: 9022
real_time_factor: 1.0001432705235025
step_size {
  nsec: 4000000
}

sim_time {
  sec: 36
  nsec: 188000000
}
real_time {
  sec: 38
  nsec: 248905102
}
iterations: 9047
real_time_factor: 1.0011282715620504
step_size {
  nsec: 4000000
}

sim_time {
  sec: 36
  nsec: 292000000
}
real_time {
  sec: 38
  nsec: 352996369
}
iterations: 9073
real_time_factor: 0.97764731617480827
step_size {
  nsec: 4000000
}

sim_time {
  sec: 36
  nsec: 396000000
}
real_time {
  sec: 38
  nsec: 456904441
}
iterations: 9099
real_time_factor: 1.0000110001210014
step_size {
  nsec: 4000000
}

sim_time {
  sec: 36
  nsec: 496000000
}
real_time {
  sec: 38
  nsec: 556904882
}
iterations: 9124
real_time_factor: 1.0006086201932325
step_size {
  nsec: 4000000
}

sim_time {
  sec: 36
  nsec: 600000000
}
real_time {
  sec: 38
  nsec: 660904783
}
iterations: 9150
real_time_factor: 0.99999950000025
step_size {
  nsec: 4000000
}

sim_time {
  sec: 36
  nsec: 704000000
}
real_time {
  sec: 38
  nsec: 764904173
}
iterations: 9176
real_time_factor: 1.0000527527827092
step_size {
  nsec: 4000000
}

sim_time {
  sec: 36
  nsec: 804000000
}
real_time {
  sec: 38
  nsec: 864905829
}
iterations: 9201
real_time_factor: 0.99969384376034842
step_size {
  nsec: 4000000
}

sim_time {
  sec: 36
  nsec: 908000000
}
real_time {
  sec: 38
  nsec: 968904391
}
iterations: 9227
real_time_factor: 1.0003145989413671
step_size {
  nsec: 4000000
}

sim_time {
  sec: 37
  nsec: 12000000
}
real_time {
  sec: 39
  nsec: 72905343
}
iterations: 9253
real_time_factor: 0.99977030277293788
step_size {
  nsec: 4000000
}

sim_time {
  sec: 37
  nsec: 116000000
}
real_time {
  sec: 39
  nsec: 176904340
}
iterations: 9279
real_time_factor: 1.000138519184907
step_size {
  nsec: 4000000
}

sim_time {
  sec: 37
  nsec: 216000000
}
real_time {
  sec: 39
  nsec: 276904584
}
iterations: 9304
real_time_factor: 0.99999500002499986
step_size {
  nsec: 4000000
}

sim_time {
  sec: 37
  nsec: 316000000
}
real_time {
  sec: 39
  nsec: 376904772
}
iterations: 9329
real_time_factor: 1.0000342511731026
step_size {
  nsec: 4000000
}

sim_time {
  sec: 37
  nsec: 420000000
}
real_time {
  sec: 39
  nsec: 480904398
}
iterations: 9355
real_time_factor: 0.99995100240088231
step_size {
  nsec: 4000000
}

sim_time {
  sec: 37
  nsec: 520000000
}
real_time {
  sec: 39
  nsec: 580906419
}
iterations: 9380
real_time_factor: 1.0012813898586717
step_size {
  nsec: 4000000
}

sim_time {
  sec: 37
  nsec: 624000000
}
real_time {
  sec: 39
  nsec: 684904453
}
iterations: 9406
real_time_factor: 1.0000455020703443
step_size {
  nsec: 4000000
}

sim_time {
  sec: 37
  nsec: 724000000
}
real_time {
  sec: 39
  nsec: 784904864
}
iterations: 9431
real_time_factor: 0.99995775178498714
step_size {
  nsec: 4000000
}

sim_time {
  sec: 37
  nsec: 824000000
}
real_time {
  sec: 39
  nsec: 884905024
}
iterations: 9456
real_time_factor: 0.99982603027073291
step_size {
  nsec: 4000000
}

sim_time {
  sec: 37
  nsec: 928000000
}
real_time {
  sec: 39
  nsec: 988904779
}
iterations: 9482
real_time_factor: 1.0000110001210014
step_size {
  nsec: 4000000
}

sim_time {
  sec: 38
  nsec: 32000000
}
real_time {
  sec: 40
  nsec: 92904145
}
iterations: 9508
real_time_factor: 1.0000990098019704
step_size {
  nsec: 4000000
}

sim_time {
  sec: 38
  nsec: 136000000
}
real_time {
  sec: 40
  nsec: 196904427
}
iterations: 9534
real_time_factor: 0.99999950000025
step_size {
  nsec: 4000000
}

sim_time {
  sec: 38
  nsec: 236000000
}
real_time {
  sec: 40
  nsec: 296904678
}
iterations: 9559
real_time_factor: 0.99995775178498714
step_size {
  nsec: 4000000
}

sim_time {
  sec: 38
  nsec: 336000000
}
real_time {
  sec: 40
  nsec: 396904632
}
iterations: 9584
real_time_factor: 1.000002000004
step_size {
  nsec: 4000000
}

sim_time {
  sec: 38
  nsec: 436000000
}
real_time {
  sec: 40
  nsec: 496905143
}
iterations: 9609
real_time_factor: 0.999888512430864
step_size {
  nsec: 4000000
}

sim_time {
  sec: 38
  nsec: 540000000
}
real_time {
  sec: 40
  nsec: 600904229
}
iterations: 9635
real_time_factor: 1.0000390015210594
step_size {
  nsec: 4000000
}

sim_time {
  sec: 38
  nsec: 640000000
}
real_time {
  sec: 40
  nsec: 700904591
}
iterations: 9660
real_time_factor: 1.000727028185977
step_size {
  nsec: 4000000
}

sim_time {
  sec: 38
  nsec: 740000000
}
real_time {
  sec: 40
  nsec: 800905259
}
iterations: 9685
real_time_factor: 0.99979829069485227
step_size {
  nsec: 4000000
}

sim_time {
  sec: 38
  nsec: 840000000
}
real_time {
  sec: 40
  nsec: 900906612
}
iterations: 9710
real_time_factor: 1.0001037607651795
step_size {
  nsec: 4000000
}

sim_time {
  sec: 38
  nsec: 944000000
}
real_time {
  sec: 41
  nsec: 4904458
}
iterations: 9736
real_time_factor: 0.99999475002756233
step_size {
  nsec: 4000000
}

sim_time {
  sec: 39
  nsec: 44000000
}
real_time {
  sec: 41
  nsec: 104905607
}
iterations: 9761
real_time_factor: 0.9997887946171371
step_size {
  nsec: 4000000
}

sim_time {
  sec: 39
  nsec: 148000000
}
real_time {
  sec: 41
  nsec: 208905395
}
iterations: 9787
real_time_factor: 0.99986751755392411
step_size {
  nsec: 4000000
}

sim_time {
  sec: 39
  nsec: 252000000
}
real_time {
  sec: 41
  nsec: 312904849
}
iterations: 9813
real_time_factor: 1.0000367513506121
step_size {
  nsec: 4000000
}

sim_time {
  sec: 39
  nsec: 352000000
}
real_time {
  sec: 41
  nsec: 412905951
}
iterations: 9838
real_time_factor: 0.99961764625030924
step_size {
  nsec: 4000000
}

sim_time {
  sec: 39
  nsec: 456000000
}
real_time {
  sec: 41
  nsec: 516904850
}
iterations: 9864
real_time_factor: 1.0000735054026471
step_size {
  nsec: 4000000
}

sim_time {
  sec: 39
  nsec: 560000000
}
real_time {
  sec: 41
  nsec: 620904703
}
iterations: 9890
real_time_factor: 0.999992250060062
step_size {
  nsec: 4000000
}

sim_time {
  sec: 39
  nsec: 664000000
}
real_time {
  sec: 41
  nsec: 724904806
}
iterations: 9916
real_time_factor: 0.99990900828024654
step_size {
  nsec: 4000000
}

sim_time {
  sec: 39
  nsec: 764000000
}
real_time {
  sec: 41
  nsec: 824905748
}
iterations: 9941
real_time_factor: 0.99979354263344622
step_size {
  nsec: 4000000
}

sim_time {
  sec: 39
  nsec: 868000000
}
real_time {
  sec: 41
  nsec: 928904656
}
iterations: 9967
real_time_factor: 1.0000227505175743
step_size {
  nsec: 4000000
}

sim_time {
  sec: 39
  nsec: 972000000
}
real_time {
  sec: 42
  nsec: 32905139
}
iterations: 9993
real_time_factor: 0.99984202496005636
step_size {
  nsec: 4000000
}

sim_time {
  sec: 40
  nsec: 76000000
}
real_time {
  sec: 42
  nsec: 136904862
}
iterations: 10019
real_time_factor: 0.999914007395364
step_size {
  nsec: 4000000
}

sim_time {
  sec: 40
  nsec: 180000000
}
real_time {
  sec: 42
  nsec: 240904796
}
iterations: 10045
real_time_factor: 0.99995550198016192
step_size {
  nsec: 4000000
}

sim_time {
  sec: 40
  nsec: 284000000
}
real_time {
  sec: 42
  nsec: 344905804
}
iterations: 10071
real_time_factor: 0.99960165873899254
step_size {
  nsec: 4000000
}

sim_time {
  sec: 40
  nsec: 388000000
}
real_time {
  sec: 42
  nsec: 448904534
}
iterations: 10097
real_time_factor: 0.99995100240088231
step_size {
  nsec: 4000000
}

sim_time {
  sec: 40
  nsec: 492000000
}
real_time {
  sec: 42
  nsec: 552904171
}
iterations: 10123
real_time_factor: 1.0000250006250155
step_size {
  nsec: 4000000
}

sim_time {
  sec: 40
  nsec: 592000000
}
real_time {
  sec: 42
  nsec: 652904373
}
iterations: 10148
real_time_factor: 0.99999950000025
step_size {
  nsec: 4000000
}

sim_time {
  sec: 40
  nsec: 692000000
}
real_time {
  sec: 42
  nsec: 752905360
}
iterations: 10173
real_time_factor: 0.99967560526609112
step_size {
  nsec: 4000000
}

sim_time {
  sec: 40
  nsec: 796000000
}
real_time {
  sec: 42
  nsec: 856907322
}
iterations: 10199
real_time_factor: 0.99925929904458322
step_size {
  nsec: 4000000
}

sim_time {
  sec: 40
  nsec: 900000000
}
real_time {
  sec: 42
  nsec: 960905108
}
iterations: 10225
real_time_factor: 1.0007105044581652
step_size {
  nsec: 4000000
}

sim_time {
  sec: 41
}
real_time {
  sec: 43
  nsec: 60905669
}
iterations: 10250
real_time_factor: 0.999914007395364
step_size {
  nsec: 4000000
}

sim_time {
  sec: 41
  nsec: 100000000
}
real_time {
  sec: 43
  nsec: 161164564
}
iterations: 10275
real_time_factor: 0.93900526946282092
step_size {
  nsec: 4000000
}

sim_time {
  sec: 41
  nsec: 204000000
}
real_time {
  sec: 43
  nsec: 264905624
}
iterations: 10301
real_time_factor: 0.99981228524344556
step_size {
  nsec: 4000000
}

sim_time {
  sec: 41
  nsec: 308000000
}
real_time {
  sec: 43
  nsec: 368904890
}
iterations: 10327
real_time_factor: 1.0000342511731026
step_size {
  nsec: 4000000
}

sim_time {
  sec: 41
  nsec: 412000000
}
real_time {
  sec: 43
  nsec: 472906154
}
iterations: 10353
real_time_factor: 0.99952072981005613
step_size {
  nsec: 4000000
}

sim_time {
  sec: 41
  nsec: 516000000
}
real_time {
  sec: 43
  nsec: 576905883
}
iterations: 10379
real_time_factor: 0.99960365714994
step_size {
  nsec: 4000000
}

sim_time {
  sec: 41
  nsec: 616000000
}
real_time {
  sec: 43
  nsec: 676907970
}
iterations: 10404
real_time_factor: 0.99906312855120116
step_size {
  nsec: 4000000
}

sim_time {
  sec: 41
  nsec: 716000000
}
real_time {
  sec: 43
  nsec: 776907734
}
iterations: 10429
real_time_factor: 0.999379635091517
step_size {
  nsec: 4000000
}

sim_time {
  sec: 41
  nsec: 816000000
}
real_time {
  sec: 43
  nsec: 876911459
}
iterations: 10454
real_time_factor: 0.99830612408396058
step_size {
  nsec: 4000000
}

sim_time {
  sec: 41
  nsec: 920000000
}
real_time {
  sec: 43
  nsec: 980905771
}
iterations: 10480
real_time_factor: 1.0000505025503788
step_size {
  nsec: 4000000
}

sim_time {
  sec: 42
  nsec: 24000000
}
real_time {
  sec: 44
  nsec: 84905111
}
iterations: 10506
real_time_factor: 1.000240307733933
step_size {
  nsec: 4000000
}

sim_time {
  sec: 42
  nsec: 128000000
}
real_time {
  sec: 44
  nsec: 188904467
}
iterations: 10532
real_time_factor: 1.0000412517016326
step_size {
  nsec: 4000000
}

sim_time {
  sec: 42
  nsec: 228000000
}
real_time {
  sec: 44
  nsec: 288907867
}
iterations: 10557
real_time_factor: 0.99935891125842768
step_size {
  nsec: 4000000
}

sim_time {
  sec: 42
  nsec: 332000000
}
real_time {
  sec: 44
  nsec: 392904584
}
iterations: 10583
real_time_factor: 1.0000342511731026
step_size {
  nsec: 4000000
}

sim_time {
  sec: 42
  nsec: 432000000
}
real_time {
  sec: 44
  nsec: 492905382
}
iterations: 10608
real_time_factor: 1.0000065000422502
step_size {
  nsec: 4000000
}

sim_time {
  sec: 42
  nsec: 536000000
}
real_time {
  sec: 44
  nsec: 596905951
}
iterations: 10634
real_time_factor: 0.99970333803443823
step_size {
  nsec: 4000000
}

sim_time {
  sec: 42
  nsec: 640000000
}
real_time {
  sec: 44
  nsec: 700904852
}
iterations: 10660
real_time_factor: 1.0001942877403935
step_size {
  nsec: 4000000
}

sim_time {
  sec: 42
  nsec: 740000000
}
real_time {
  sec: 44
  nsec: 800906771
}
iterations: 10685
real_time_factor: 0.99972657478179716
step_size {
  nsec: 4000000
}

sim_time {
  sec: 42
  nsec: 844000000
}
real_time {
  sec: 44
  nsec: 904905266
}
iterations: 10711
real_time_factor: 1.0002240501872419
step_size {
  nsec: 4000000
}

sim_time {
  sec: 42
  nsec: 948000000
}
real_time {
  sec: 45
  nsec: 8905528
}
iterations: 10737
real_time_factor: 0.99982403097054917
step_size {
  nsec: 4000000
}

sim_time {
  sec: 43
  nsec: 52000000
}
real_time {
  sec: 45
  nsec: 112904801
}
iterations: 10763
real_time_factor: 0.99985152204897576
step_size {
  nsec: 4000000
}

sim_time {
  sec: 43
  nsec: 152000000
}
real_time {
  sec: 45
  nsec: 212906125
}
iterations: 10788
real_time_factor: 1.0002265513138726
step_size {
  nsec: 4000000
}

sim_time {
  sec: 43
  nsec: 256000000
}
real_time {
  sec: 45
  nsec: 316904636
}
iterations: 10814
real_time_factor: 0.99996025157999968
step_size {
  nsec: 4000000
}

sim_time {
  sec: 43
  nsec: 356000000
}
real_time {
  sec: 45
  nsec: 416904701
}
iterations: 10839
real_time_factor: 1.0548801392441784
step_size {
  nsec: 4000000
}

sim_time {
  sec: 43
  nsec: 460000000
}
real_time {
  sec: 45
  nsec: 520905489
}
iterations: 10865
real_time_factor: 0.99977754949523734
step_size {
  nsec: 4000000
}

sim_time {
  sec: 43
  nsec: 560000000
}
real_time {
  sec: 45
  nsec: 620906545
}
iterations: 10890
real_time_factor: 0.99996725107252737
step_size {
  nsec: 4000000
}

sim_time {
  sec: 43
  nsec: 664000000
}
real_time {
  sec: 45
  nsec: 724907130
}
iterations: 10916
real_time_factor: 0.999689596380324
step_size {
  nsec: 4000000
}

sim_time {
  sec: 43
  nsec: 768000000
}
real_time {
  sec: 45
  nsec: 828905511
}
iterations: 10942
real_time_factor: 1.0005878453591486
step_size {
  nsec: 4000000
}

sim_time {
  sec: 43
  nsec: 872000000
}
real_time {
  sec: 45
  nsec: 932905059
}
iterations: 10968
real_time_factor: 1.0000207504305714
step_size {
  nsec: 4000000
}

sim_time {
  sec: 43
  nsec: 976000000
}
real_time {
  sec: 46
  nsec: 36904677
}
iterations: 10994
real_time_factor: 0.99993700396875
step_size {
  nsec: 4000000
}

sim_time {
  sec: 44
  nsec: 76000000
}
real_time {
  sec: 46
  nsec: 136904704
}
iterations: 11019
real_time_factor: 1.0000227505175743
step_size {
  nsec: 4000000
}

sim_time {
  sec: 44
  nsec: 180000000
}
real_time {
  sec: 46
  nsec: 240904602
}
iterations: 11045
real_time_factor: 0.99997875045155293
step_size {
  nsec: 4000000
}

sim_time {
  sec: 44
  nsec: 280000000
}
real_time {
  sec: 46
  nsec: 340904850
}
iterations: 11070
real_time_factor: 1.0000342511731026
step_size {
  nsec: 4000000
}

sim_time {
  sec: 44
  nsec: 380000000
}
real_time {
  sec: 46
  nsec: 440907191
}
iterations: 11095
real_time_factor: 0.99958067590645727
step_size {
  nsec: 4000000
}

sim_time {
  sec: 44
  nsec: 484000000
}
real_time {
  sec: 46
  nsec: 544905764
}
iterations: 11121
real_time_factor: 0.99988626293759086
step_size {
  nsec: 4000000
}

sim_time {
  sec: 44
  nsec: 588000000
}
real_time {
  sec: 46
  nsec: 648905013
}
iterations: 11147
real_time_factor: 1.0001315172945242
step_size {
  nsec: 4000000
}

sim_time {
  sec: 44
  nsec: 688000000
}
real_time {
  sec: 46
  nsec: 748905558
}
iterations: 11172
real_time_factor: 1.0002380566574844
step_size {
  nsec: 4000000
}

sim_time {
  sec: 44
  nsec: 792000000
}
real_time {
  sec: 46
  nsec: 852904353
}
iterations: 11198
real_time_factor: 1.0000320010240327
step_size {
  nsec: 4000000
}

sim_time {
  sec: 44
  nsec: 892000000
}
real_time {
  sec: 46
  nsec: 952905130
}
iterations: 11223
real_time_factor: 0.99996925094553346
step_size {
  nsec: 4000000
}

sim_time {
  sec: 44
  nsec: 992000000
}
real_time {
  sec: 47
  nsec: 52905369
}
iterations: 11248
real_time_factor: 1.0001662776436582
step_size {
  nsec: 4000000
}

sim_time {
  sec: 45
  nsec: 96000000
}
real_time {
  sec: 47
  nsec: 156904469
}
iterations: 11274
real_time_factor: 1.0000295008702758
step_size {
  nsec: 4000000
}

sim_time {
  sec: 45
  nsec: 200000000
}
real_time {
  sec: 47
  nsec: 260904216
}
iterations: 11300
real_time_factor: 1.0000550030251665
step_size {
  nsec: 4000000
}

sim_time {
  sec: 45
  nsec: 300000000
}
real_time {
  sec: 47
  nsec: 360907711
}
iterations: 11325
real_time_factor: 0.999218111827495
step_size {
  nsec: 4000000
}

sim_time {
  sec: 45
  nsec: 404000000
}
real_time {
  sec: 47
  nsec: 464906987
}
iterations: 11351
real_time_factor: 0.999425829860745
step_size {
  nsec: 4000000
}

sim_time {
  sec: 45
  nsec: 508000000
}
real_time {
  sec: 47
  nsec: 568906299
}
iterations: 11377
real_time_factor: 0.99970333803443823
step_size {
  nsec: 4000000
}

sim_time {
  sec: 45
  nsec: 612000000
}
real_time {
  sec: 47
  nsec: 672905352
}
iterations: 11403
real_time_factor: 0.99986326869800557
step_size {
  nsec: 4000000
}

sim_time {
  sec: 45
  nsec: 716000000
}
real_time {
  sec: 47
  nsec: 776905441
}
iterations: 11429
real_time_factor: 0.99969209483479093
step_size {
  nsec: 4000000
}

sim_time {
  sec: 45
  nsec: 820000000
}
real_time {
  sec: 47
  nsec: 880904245
}
iterations: 11455
real_time_factor: 1.0000597535702758
step_size {
  nsec: 4000000
}

sim_time {
  sec: 45
  nsec: 920000000
}
real_time {
  sec: 47
  nsec: 980905009
}
iterations: 11480
real_time_factor: 0.99995575195797581
step_size {
  nsec: 4000000
}

sim_time {
  sec: 46
  nsec: 20000000
}
real_time {
  sec: 48
  nsec: 80905357
}
iterations: 11505
real_time_factor: 0.999976500552237
step_size {
  nsec: 4000000
}

sim_time {
  sec: 46
  nsec: 124000000
}
real_time {
  sec: 48
  nsec: 184905094
}
iterations: 11531
real_time_factor: 0.99995550198016192
step_size {
  nsec: 4000000
}

sim_time {
  sec: 46
  nsec: 228000000
}
real_time {
  sec: 48
  nsec: 288905523
}
iterations: 11557
real_time_factor: 0.99995825174298969
step_size {
  nsec: 4000000
}

sim_time {
  sec: 46
  nsec: 332000000
}
real_time {
  sec: 48
  nsec: 392905093
}
iterations: 11583
real_time_factor: 1.0000065000422502
step_size {
  nsec: 4000000
}

sim_time {
  sec: 46
  nsec: 436000000
}
real_time {
  sec: 48
  nsec: 496904709
}
iterations: 11609
real_time_factor: 0.99987226631797788
step_size {
  nsec: 4000000
}

sim_time {
  sec: 46
  nsec: 536000000
}
real_time {
  sec: 48
  nsec: 596908091
}
iterations: 11634
real_time_factor: 0.999356664147455
step_size {
  nsec: 4000000
}

sim_time {
  sec: 46
  nsec: 640000000
}
real_time {
  sec: 48
  nsec: 700904660
}
iterations: 11660
real_time_factor: 0.99998825013806092
step_size {
  nsec: 4000000
}

sim_time {
  sec: 46
  nsec: 740000000
}
real_time {
  sec: 48
  nsec: 800904942
}
iterations: 11685
real_time_factor: 1.0000202504100708
step_size {
  nsec: 4000000
}

sim_time {
  sec: 46
  nsec: 844000000
}
real_time {
  sec: 48
  nsec: 904905141
}
iterations: 11711
real_time_factor: 0.99992300592854355
step_size {
  nsec: 4000000
}

sim_time {
  sec: 46
  nsec: 948000000
}
real_time {
  sec: 49
  nsec: 8904747
}
iterations: 11737
real_time_factor: 0.99992775521968535
step_size {
  nsec: 4000000
}

sim_time {
  sec: 47
  nsec: 48000000
}
real_time {
  sec: 49
  nsec: 108911222
}
iterations: 11762
real_time_factor: 0.998515955660899
step_size {
  nsec: 4000000
}

sim_time {
  sec: 47
  nsec: 152000000
}
real_time {
  sec: 49
  nsec: 212904817
}
iterations: 11788
real_time_factor: 1.00005750330644
step_size {
  nsec: 4000000
}

sim_time {
  sec: 47
  nsec: 252000000
}
real_time {
  sec: 49
  nsec: 312905299
}
iterations: 11813
real_time_factor: 0.99985402131288836
step_size {
  nsec: 4000000
}

sim_time {
  sec: 47
  nsec: 356000000
}
real_time {
  sec: 49
  nsec: 416905626
}
iterations: 11839
real_time_factor: 0.99986526815511612
step_size {
  nsec: 4000000
}

sim_time {
  sec: 47
  nsec: 460000000
}
real_time {
  sec: 49
  nsec: 520904777
}
iterations: 11865
real_time_factor: 1.0000412517016326
step_size {
  nsec: 4000000
}

sim_time {
  sec: 47
  nsec: 560000000
}
real_time {
  sec: 49
  nsec: 620909657
}
iterations: 11890
real_time_factor: 0.99894735922022171
step_size {
  nsec: 4000000
}

sim_time {
  sec: 47
  nsec: 664000000
}
real_time {
  sec: 49
  nsec: 724910437
}
iterations: 11916
real_time_factor: 0.9985483603211831
step_size {
  nsec: 4000000
}

sim_time {
  sec: 47
  nsec: 768000000
}
real_time {
  sec: 49
  nsec: 828904486
}
iterations: 11942
real_time_factor: 1.0000230005290123
step_size {
  nsec: 4000000
}

sim_time {
  sec: 47
  nsec: 868000000
}
real_time {
  sec: 49
  nsec: 928904737
}
iterations: 11967
real_time_factor: 0.99999050009024915
step_size {
  nsec: 4000000
}

sim_time {
  sec: 47
  nsec: 972000000
}
real_time {
  sec: 50
  nsec: 32905109
}
iterations: 11993
real_time_factor: 1.0000137501890651
step_size {
  nsec: 4000000
}

sim_time {
  sec: 48
  nsec: 76000000
}
real_time {
  sec: 50
  nsec: 136904352
}
iterations: 12019
real_time_factor: 1.0000157502480664
step_size {
  nsec: 4000000
}

sim_time {
  sec: 48
  nsec: 180000000
}
real_time {
  sec: 50
  nsec: 240904612
}
iterations: 12045
real_time_factor: 0.99993475425728473
step_size {
  nsec: 4000000
}

sim_time {
  sec: 48
  nsec: 284000000
}
real_time {
  sec: 50
  nsec: 344904381
}
iterations: 12071
real_time_factor: 1.0000157502480664
step_size {
  nsec: 4000000
}

sim_time {
  sec: 48
  nsec: 388000000
}
real_time {
  sec: 50
  nsec: 448904658
}
iterations: 12097
real_time_factor: 0.99990950818950886
step_size {
  nsec: 4000000
}

sim_time {
  sec: 48
  nsec: 492000000
}
real_time {
  sec: 50
  nsec: 552904297
}
iterations: 12123
real_time_factor: 1.0000692547958947
step_size {
  nsec: 4000000
}

sim_time {
  sec: 48
  nsec: 592000000
}
real_time {
  sec: 50
  nsec: 652905001
}
iterations: 12148
real_time_factor: 1.00060636745868
step_size {
  nsec: 4000000
}

sim_time {
  sec: 48
  nsec: 696000000
}
real_time {
  sec: 50
  nsec: 756905084
}
iterations: 12174
real_time_factor: 0.99993250455594251
step_size {
  nsec: 4000000
}

sim_time {
  sec: 48
  nsec: 796000000
}
real_time {
  sec: 50
  nsec: 856904953
}
iterations: 12199
real_time_factor: 0.99989126182527654
step_size {
  nsec: 4000000
}

sim_time {
  sec: 48
  nsec: 900000000
}
real_time {
  sec: 50
  nsec: 960904982
}
iterations: 12225
real_time_factor: 1.0000202504100708
step_size {
  nsec: 4000000
}

sim_time {
  sec: 49
  nsec: 4000000
}
real_time {
  sec: 51
  nsec: 64905000
}
iterations: 12251
real_time_factor: 0.99987701512713933
step_size {
  nsec: 4000000
}

sim_time {
  sec: 49
  nsec: 104000000
}
real_time {
  sec: 51
  nsec: 164904989
}
iterations: 12276
real_time_factor: 0.99990250950532322
step_size {
  nsec: 4000000
}

sim_time {
  sec: 49
  nsec: 204000000
}
real_time {
  sec: 51
  nsec: 264905128
}
iterations: 12301
real_time_factor: 0.99993975362984377
step_size {
  nsec: 4000000
}

sim_time {
  sec: 49
  nsec: 308000000
}
real_time {
  sec: 51
  nsec: 368905174
}
iterations: 12327
real_time_factor: 0.99981478431120629
step_size {
  nsec: 4000000
}

sim_time {
  sec: 49
  nsec: 408000000
}
real_time {
  sec: 51
  nsec: 468906172
}
iterations: 12352
real_time_factor: 0.99970558670471543
step_size {
  nsec: 4000000
}

sim_time {
  sec: 49
  nsec: 512000000
}
real_time {
  sec: 51
  nsec: 572905373
}
iterations: 12378
real_time_factor: 1.0002243002993421
step_size {
  nsec: 4000000
}

sim_time {
  sec: 49
  nsec: 612000000
}
real_time {
  sec: 51
  nsec: 672906287
}
iterations: 12403
real_time_factor: 0.99952097957054087
step_size {
  nsec: 4000000
}

sim_time {
  sec: 49
  nsec: 716000000
}
real_time {
  sec: 51
  nsec: 776911462
}
iterations: 12429
real_time_factor: 0.998554841505631
step_size {
  nsec: 4000000
}

sim_time {
  sec: 49
  nsec: 820000000
}
real_time {
  sec: 51
  nsec: 880904348
}
iterations: 12455
real_time_factor: 1.0000622538753037
step_size {
  nsec: 4000000
}

sim_time {
  sec: 49
  nsec: 924000000
}
real_time {
  sec: 51
  nsec: 984904356
}
iterations: 12481
real_time_factor: 0.99999500002499986
step_size {
  nsec: 4000000
}

sim_time {
  sec: 50
  nsec: 24000000
}
real_time {
  sec: 52
  nsec: 84905176
}
iterations: 12506
real_time_factor: 1.0000370013690507
step_size {
  nsec: 4000000
}

sim_time {
  sec: 50
  nsec: 128000000
}
real_time {
  sec: 52
  nsec: 188904831
}
iterations: 12532
real_time_factor: 1.0000112501265639
step_size {
  nsec: 4000000
}

sim_time {
  sec: 50
  nsec: 228000000
}
real_time {
  sec: 52
  nsec: 288905390
}
iterations: 12557
real_time_factor: 1.0000092500855633
step_size {
  nsec: 4000000
}

sim_time {
  sec: 50
  nsec: 328000000
}
real_time {
  sec: 52
  nsec: 388905766
}
iterations: 12582
real_time_factor: 1.0003261063106572
step_size {
  nsec: 4000000
}

sim_time {
  sec: 50
  nsec: 432000000
}
real_time {
  sec: 52
  nsec: 492904641
}
iterations: 12608
real_time_factor: 1.0002105443195792
step_size {
  nsec: 4000000
}

sim_time {
  sec: 50
  nsec: 536000000
}
real_time {
  sec: 52
  nsec: 596904850
}
iterations: 12634
real_time_factor: 1.0000922585108476
step_size {
  nsec: 4000000
}

sim_time {
  sec: 50
  nsec: 640000000
}
real_time {
  sec: 52
  nsec: 700910031
}
iterations: 12660
real_time_factor: 0.998642844374495
step_size {
  nsec: 4000000
}

sim_time {
  sec: 50
  nsec: 744000000
}
real_time {
  sec: 52
  nsec: 804907731
}
iterations: 12686
real_time_factor: 0.9993149695883472
step_size {
  nsec: 4000000
}

sim_time {
  sec: 50
  nsec: 848000000
}
real_time {
  sec: 52
  nsec: 908905607
}
iterations: 12712
real_time_factor: 1.0007893726176522
step_size {
  nsec: 4000000
}

sim_time {
  sec: 50
  nsec: 948000000
}
real_time {
  sec: 53
  nsec: 8906305
}
iterations: 12737
real_time_factor: 0.99968984622520862
step_size {
  nsec: 4000000
}

sim_time {
  sec: 51
  nsec: 52000000
}
real_time {
  sec: 53
  nsec: 112904626
}
iterations: 12763
real_time_factor: 1.0001290166431469
step_size {
  nsec: 4000000
}

sim_time {
  sec: 51
  nsec: 152000000
}
real_time {
  sec: 53
  nsec: 212905748
}
iterations: 12788
real_time_factor: 0.99984227488113753
step_size {
  nsec: 4000000
}

sim_time {
  sec: 51
  nsec: 256000000
}
real_time {
  sec: 53
  nsec: 316904872
}
iterations: 12814
real_time_factor: 1.0000762558145058
step_size {
  nsec: 4000000
}

sim_time {
  sec: 51
  nsec: 360000000
}
real_time {
  sec: 53
  nsec: 420904791
}
iterations: 12840
real_time_factor: 0.99998825013806092
step_size {
  nsec: 4000000
}

sim_time {
  sec: 51
  nsec: 460000000
}
real_time {
  sec: 53
  nsec: 520904831
}
iterations: 12865
real_time_factor: 1.0000065000422502
step_size {
  nsec: 4000000
}

sim_time {
  sec: 51
  nsec: 564000000
}
real_time {
  sec: 53
  nsec: 624904824
}
iterations: 12891
real_time_factor: 1.0001180139256431
step_size {
  nsec: 4000000
}

sim_time {
  sec: 51
  nsec: 664000000
}
real_time {
  sec: 53
  nsec: 724905512
}
iterations: 12916
real_time_factor: 1.001998987981022
step_size {
  nsec: 4000000
}

sim_time {
  sec: 51
  nsec: 764000000
}
real_time {
  sec: 53
  nsec: 824907338
}
iterations: 12941
real_time_factor: 0.99953246868777135
step_size {
  nsec: 4000000
}

sim_time {
  sec: 51
  nsec: 868000000
}
real_time {
  sec: 53
  nsec: 928904749
}
iterations: 12967
real_time_factor: 0.99994875262642791
step_size {
  nsec: 4000000
}

sim_time {
  sec: 51
  nsec: 972000000
}
real_time {
  sec: 54
  nsec: 32904558
}
iterations: 12993
real_time_factor: 0.99998825013806092
step_size {
  nsec: 4000000
}

sim_time {
  sec: 52
  nsec: 76000000
}
real_time {
  sec: 54
  nsec: 136904394
}
iterations: 13019
real_time_factor: 1.0000090000810007
step_size {
  nsec: 4000000
}

sim_time {
  sec: 52
  nsec: 180000000
}
real_time {
  sec: 54
  nsec: 240904329
}
iterations: 13045
real_time_factor: 0.9999930000489996
step_size {
  nsec: 4000000
}

sim_time {
  sec: 52
  nsec: 280000000
}
real_time {
  sec: 54
  nsec: 340904979
}
iterations: 13070
real_time_factor: 1.0001570246528706
step_size {
  nsec: 4000000
}

sim_time {
  sec: 52
  nsec: 384000000
}
real_time {
  sec: 54
  nsec: 444909664
}
iterations: 13096
real_time_factor: 0.99861517041243053
step_size {
  nsec: 4000000
}

sim_time {
  sec: 52
  nsec: 488000000
}
real_time {
  sec: 54
  nsec: 548910601
}
iterations: 13122
real_time_factor: 0.99852966506818708
step_size {
  nsec: 4000000
}

sim_time {
  sec: 52
  nsec: 592000000
}
real_time {
  sec: 54
  nsec: 652906491
}
iterations: 13148
real_time_factor: 1.000734038417179
step_size {
  nsec: 4000000
}

sim_time {
  sec: 52
  nsec: 696000000
}
real_time {
  sec: 54
  nsec: 756904704
}
iterations: 13174
real_time_factor: 1.0000185003422564
step_size {
  nsec: 4000000
}

sim_time {
  sec: 52
  nsec: 800000000
}
real_time {
  sec: 54
  nsec: 860904187
}
iterations: 13200
real_time_factor: 1.0000392515406229
step_size {
  nsec: 4000000
}

sim_time {
  sec: 52
  nsec: 900000000
}
real_time {
  sec: 54
  nsec: 960904873
}
iterations: 13225
real_time_factor: 0.99993250455594251
step_size {
  nsec: 4000000
}

sim_time {
  sec: 53
  nsec: 4000000
}
real_time {
  sec: 55
  nsec: 64905430
}
iterations: 13251
real_time_factor: 0.999826280183818
step_size {
  nsec: 4000000
}

sim_time {
  sec: 53
  nsec: 108000000
}
real_time {
  sec: 55
  nsec: 168904614
}
iterations: 13277
real_time_factor: 0.99997425066304546
step_size {
  nsec: 4000000
}

sim_time {
  sec: 53
  nsec: 212000000
}
real_time {
  sec: 55
  nsec: 272904789
}
iterations: 13303
real_time_factor: 0.99996050156018834
step_size {
  nsec: 4000000
}

sim_time {
  sec: 53
  nsec: 316000000
}
real_time {
  sec: 55
  nsec: 376904640
}
iterations: 13329
real_time_factor: 0.99997425066304546
step_size {
  nsec: 4000000
}

sim_time {
  sec: 53
  nsec: 420000000
}
real_time {
  sec: 55
  nsec: 480904638
}
iterations: 13355
real_time_factor: 0.999914257352432
step_size {
  nsec: 4000000
}

sim_time {
  sec: 53
  nsec: 520000000
}
real_time {
  sec: 55
  nsec: 580905108
}
iterations: 13380
real_time_factor: 0.99970633626372252
step_size {
  nsec: 4000000
}

sim_time {
  sec: 53
  nsec: 620000000
}
real_time {
  sec: 55
  nsec: 680905413
}
iterations: 13405
real_time_factor: 1.0001480219072423
step_size {
  nsec: 4000000
}

sim_time {
  sec: 53
  nsec: 724000000
}
real_time {
  sec: 55
  nsec: 784905078
}
iterations: 13431
real_time_factor: 0.99994900260086739
step_size {
  nsec: 4000000
}

sim_time {
  sec: 53
  nsec: 828000000
}
real_time {
  sec: 55
  nsec: 888904550
}
iterations: 13457
real_time_factor: 0.99998125035155594
step_size {
  nsec: 4000000
}

sim_time {
  sec: 53
  nsec: 928000000
}
real_time {
  sec: 55
  nsec: 988904807
}
iterations: 13482
real_time_factor: 1.0000067500455627
step_size {
  nsec: 4000000
}

sim_time {
  sec: 54
  nsec: 32000000
}
real_time {
  sec: 56
  nsec: 92904482
}
iterations: 13508
real_time_factor: 0.99999050009024915
step_size {
  nsec: 4000000
}

sim_time {
  sec: 54
  nsec: 132000000
}
real_time {
  sec: 56
  nsec: 192904627
}
iterations: 13533
real_time_factor: 0.99990250950532322
step_size {
  nsec: 4000000
}

sim_time {
  sec: 54
  nsec: 236000000
}
real_time {
  sec: 56
  nsec: 296904994
}
iterations: 13559
real_time_factor: 0.999914007395364
step_size {
  nsec: 4000000
}

sim_time {
  sec: 54
  nsec: 336000000
}
real_time {
  sec: 56
  nsec: 396905726
}
iterations: 13584
real_time_factor: 0.99953696450119478
step_size {
  nsec: 4000000
}

sim_time {
  sec: 54
  nsec: 440000000
}
real_time {
  sec: 56
  nsec: 500907872
}
iterations: 13610
real_time_factor: 0.99923433668951167
step_size {
  nsec: 4000000
}

sim_time {
  sec: 54
  nsec: 544000000
}
real_time {
  sec: 56
  nsec: 604904897
}
iterations: 13636
real_time_factor: 1.0000807565210892
step_size {
  nsec: 4000000
}

sim_time {
  sec: 54
  nsec: 648000000
}
real_time {
  sec: 56
  nsec: 708905226
}
iterations: 13662
real_time_factor: 0.99987026683287838
step_size {
  nsec: 4000000
}

sim_time {
  sec: 54
  nsec: 752000000
}
real_time {
  sec: 56
  nsec: 812904547
}
iterations: 13688
real_time_factor: 1.000185284323921
step_size {
  nsec: 4000000
}

sim_time {
  sec: 54
  nsec: 852000000
}
real_time {
  sec: 56
  nsec: 912905433
}
iterations: 13713
real_time_factor: 1.0000415017223214
step_size {
  nsec: 4000000
}

sim_time {
  sec: 54
  nsec: 956000000
}
real_time {
  sec: 57
  nsec: 16905624
}
iterations: 13739
real_time_factor: 0.99970858494748782
step_size {
  nsec: 4000000
}

sim_time {
  sec: 55
  nsec: 60000000
}
real_time {
  sec: 57
  nsec: 120904630
}
iterations: 13765
real_time_factor: 1.0000302509150902
step_size {
  nsec: 4000000
}

sim_time {
  sec: 55
  nsec: 164000000
}
real_time {
  sec: 57
  nsec: 224904736
}
iterations: 13791
real_time_factor: 0.99994900260086739
step_size {
  nsec: 4000000
}

sim_time {
  sec: 55
  nsec: 268000000
}
real_time {
  sec: 57
  nsec: 328904601
}
iterations: 13817
real_time_factor: 1.0000255006502665
step_size {
  nsec: 4000000
}

sim_time {
  sec: 55
  nsec: 372000000
}
real_time {
  sec: 57
  nsec: 432905782
}
iterations: 13843
real_time_factor: 0.99969884072423187
step_size {
  nsec: 4000000
}

sim_time {
  sec: 55
  nsec: 476000000
}
real_time {
  sec: 57
  nsec: 536904906
}
iterations: 13869
real_time_factor: 1.0000762558145058
step_size {
  nsec: 4000000
}

sim_time {
  sec: 55
  nsec: 576000000
}
real_time {
  sec: 57
  nsec: 636905187
}
iterations: 13894
real_time_factor: 0.99994875262642791
step_size {
  nsec: 4000000
}

sim_time {
  sec: 55
  nsec: 676000000
}
real_time {
  sec: 57
  nsec: 736905172
}
iterations: 13919
real_time_factor: 1.0002082933770957
step_size {
  nsec: 4000000
}

sim_time {
  sec: 55
  nsec: 780000000
}
real_time {
  sec: 57
  nsec: 840904361
}
iterations: 13945
real_time_factor: 1.0001642769824943
step_size {
  nsec: 4000000
}

sim_time {
  sec: 55
  nsec: 884000000
}
real_time {
  sec: 57
  nsec: 944904541
}
iterations: 13971
real_time_factor: 1.0000415017223214
step_size {
  nsec: 4000000
}

sim_time {
  sec: 55
  nsec: 984000000
}
real_time {
  sec: 58
  nsec: 44904406
}
iterations: 13996
real_time_factor: 1.0000482523281748
step_size {
  nsec: 4000000
}

sim_time {
  sec: 56
  nsec: 88000000
}
real_time {
  sec: 58
  nsec: 148904909
}
iterations: 14022
real_time_factor: 0.99998375026405817
step_size {
  nsec: 4000000
}

sim_time {
  sec: 56
  nsec: 192000000
}
real_time {
  sec: 58
  nsec: 252904374
}
iterations: 14048
real_time_factor: 0.99999075008556171
step_size {
  nsec: 4000000
}

sim_time {
  sec: 56
  nsec: 292000000
}
real_time {
  sec: 58
  nsec: 352905116
}
iterations: 14073
real_time_factor: 0.99991875660102614
step_size {
  nsec: 4000000
}

sim_time {
  sec: 56
  nsec: 396000000
}
real_time {
  sec: 58
  nsec: 456905016
}
iterations: 14099
real_time_factor: 0.99998600019599726
step_size {
  nsec: 4000000
}

sim_time {
  sec: 56
  nsec: 500000000
}
real_time {
  sec: 58
  nsec: 560905481
}
iterations: 14125
real_time_factor: 0.99979854059407025
step_size {
  nsec: 4000000
}

sim_time {
  sec: 56
  nsec: 604000000
}
real_time {
  sec: 58
  nsec: 664905307
}
iterations: 14151
real_time_factor: 0.99990975814432748
step_size {
  nsec: 4000000
}

sim_time {
  sec: 56
  nsec: 704000000
}
real_time {
  sec: 58
  nsec: 764906467
}
iterations: 14176
real_time_factor: 0.99954171012590731
step_size {
  nsec: 4000000
}

sim_time {
  sec: 56
  nsec: 808000000
}
real_time {
  sec: 58
  nsec: 868904237
}
iterations: 14202
real_time_factor: 1.0000970094099129
step_size {
  nsec: 4000000
}

sim_time {
  sec: 56
  nsec: 908000000
}
real_time {
  sec: 58
  nsec: 968906905
}
iterations: 14227
real_time_factor: 1.0007085016191464
step_size {
  nsec: 4000000
}

sim_time {
  sec: 57
  nsec: 12000000
}
real_time {
  sec: 59
  nsec: 72905398
}
iterations: 14253
real_time_factor: 1.0001200144017282
step_size {
  nsec: 4000000
}

sim_time {
  sec: 57
  nsec: 116000000
}
real_time {
  sec: 59
  nsec: 176906454
}
iterations: 14279
real_time_factor: 0.99961564778342726
step_size {
  nsec: 4000000
}

sim_time {
  sec: 57
  nsec: 220000000
}
real_time {
  sec: 59
  nsec: 280904889
}
iterations: 14305
real_time_factor: 0.99986551808781721
step_size {
  nsec: 4000000
}

sim_time {
  sec: 57
  nsec: 320000000
}
real_time {
  sec: 59
  nsec: 380905962
}
iterations: 14330
real_time_factor: 0.999833527717635
step_size {
  nsec: 4000000
}

sim_time {
  sec: 57
  nsec: 424000000
}
real_time {
  sec: 59
  nsec: 484904805
}
iterations: 14356
real_time_factor: 0.999895510919109
step_size {
  nsec: 4000000
}

sim_time {
  sec: 57
  nsec: 528000000
}
real_time {
  sec: 59
  nsec: 588904944
}
iterations: 14382
real_time_factor: 0.99995375213896354
step_size {
  nsec: 4000000
}

sim_time {
  sec: 57
  nsec: 632000000
}
real_time {
  sec: 59
  nsec: 692936647
}
iterations: 14408
real_time_factor: 0.99209769384410817
step_size {
  nsec: 4000000
}

sim_time {
  sec: 57
  nsec: 736000000
}
real_time {
  sec: 59
  nsec: 796904897
}
iterations: 14434
real_time_factor: 0.999970000899973
step_size {
  nsec: 4000000
}

sim_time {
  sec: 57
  nsec: 840000000
}
real_time {
  sec: 59
  nsec: 900904453
}
iterations: 14460
real_time_factor: 0.99996500122495713
step_size {
  nsec: 4000000
}

sim_time {
  sec: 57
  nsec: 944000000
}
real_time {
  sec: 60
  nsec: 4904721
}
iterations: 14486
real_time_factor: 0.999921006240507
step_size {
  nsec: 4000000
}

sim_time {
  sec: 58
  nsec: 44000000
}
real_time {
  sec: 60
  nsec: 104905582
}
iterations: 14511
real_time_factor: 0.9999420033638049
step_size {
  nsec: 4000000
}

sim_time {
  sec: 58
  nsec: 144000000
}
real_time {
  sec: 60
  nsec: 204908616
}
iterations: 14536
real_time_factor: 0.99886005096683406
step_size {
  nsec: 4000000
}

sim_time {
  sec: 58
  nsec: 248000000
}
real_time {
  sec: 60
  nsec: 308904586
}
iterations: 14562
real_time_factor: 1.0000092500855633
step_size {
  nsec: 4000000
}

sim_time {
  sec: 58
  nsec: 348000000
}
real_time {
  sec: 60
  nsec: 408904898
}
iterations: 14587
real_time_factor: 1.0000532528357136
step_size {
  nsec: 4000000
}

sim_time {
  sec: 58
  nsec: 452000000
}
real_time {
  sec: 60
  nsec: 512904572
}
iterations: 14613
real_time_factor: 0.99997675054054991
step_size {
  nsec: 4000000
}

sim_time {
  sec: 58
  nsec: 552000000
}
real_time {
  sec: 60
  nsec: 612905829
}
iterations: 14638
real_time_factor: 0.9998657680206432
step_size {
  nsec: 4000000
}

sim_time {
  sec: 58
  nsec: 656000000
}
real_time {
  sec: 60
  nsec: 716904456
}
iterations: 14664
real_time_factor: 0.99998125035155594
step_size {
  nsec: 4000000
}

sim_time {
  sec: 58
  nsec: 756000000
}
real_time {
  sec: 60
  nsec: 816905018
}
iterations: 14689
real_time_factor: 0.99992825514769312
step_size {
  nsec: 4000000
}

sim_time {
  sec: 58
  nsec: 856000000
}
real_time {
  sec: 60
  nsec: 916914553
}
iterations: 14714
real_time_factor: 0.99826925068662209
step_size {
  nsec: 4000000
}

sim_time {
  sec: 58
  nsec: 960000000
}
real_time {
  sec: 61
  nsec: 20904718
}
iterations: 14740
real_time_factor: 1.0000740054764052
step_size {
  nsec: 4000000
}

sim_time {
  sec: 59
  nsec: 60000000
}
real_time {
  sec: 61
  nsec: 120904854
}
iterations: 14765
real_time_factor: 0.99986551808781721
step_size {
  nsec: 4000000
}

sim_time {
  sec: 59
  nsec: 164000000
}
real_time {
  sec: 61
  nsec: 224909905
}
iterations: 14791
real_time_factor: 0.99885531181266274
step_size {
  nsec: 4000000
}

sim_time {
  sec: 59
  nsec: 268000000
}
real_time {
  sec: 61
  nsec: 328904337
}
iterations: 14817
real_time_factor: 1.000106261290262
step_size {
  nsec: 4000000
}

sim_time {
  sec: 59
  nsec: 372000000
}
real_time {
  sec: 61
  nsec: 432904581
}
iterations: 14843
real_time_factor: 0.99997925043055358
step_size {
  nsec: 4000000
}

sim_time {
  sec: 59
  nsec: 476000000
}
real_time {
  sec: 61
  nsec: 536904411
}
iterations: 14869
real_time_factor: 1.000055503080421
step_size {
  nsec: 4000000
}

sim_time {
  sec: 59
  nsec: 576000000
}
real_time {
  sec: 61
  nsec: 636905225
}
iterations: 14894
real_time_factor: 0.99978454643024428
step_size {
  nsec: 4000000
}

sim_time {
  sec: 59
  nsec: 676000000
}
real_time {
  sec: 61
  nsec: 736905611
}
iterations: 14919
real_time_factor: 1.000129516772422
step_size {
  nsec: 4000000
}

sim_time {
  sec: 59
  nsec: 780000000
}
real_time {
  sec: 61
  nsec: 840904486
}
iterations: 14945
real_time_factor: 0.99999750000625
step_size {
  nsec: 4000000
}

sim_time {
  sec: 59
  nsec: 880000000
}
real_time {
  sec: 61
  nsec: 940904713
}
iterations: 14970
real_time_factor: 1.0006161293816667
step_size {
  nsec: 4000000
}

sim_time {
  sec: 59
  nsec: 980000000
}
real_time {
  sec: 62
  nsec: 40907514
}
iterations: 14995
real_time_factor: 1.00050725717939
step_size {
  nsec: 4000000
}

sim_time {
  sec: 60
  nsec: 84000000
}
real_time {
  sec: 62
  nsec: 144904787
}
iterations: 15021
real_time_factor: 1.0000507525756932
step_size {
  nsec: 4000000
}

sim_time {
  sec: 60
  nsec: 184000000
}
real_time {
  sec: 62
  nsec: 244905151
}
iterations: 15046
real_time_factor: 1.0001575248101575
step_size {
  nsec: 4000000
}

sim_time {
  sec: 60
  nsec: 288000000
}
real_time {
  sec: 62
  nsec: 348904219
}
iterations: 15072
real_time_factor: 1.0000325010562843
step_size {
  nsec: 4000000
}

sim_time {
  sec: 60
  nsec: 388000000
}
real_time {
  sec: 62
  nsec: 448908786
}
iterations: 15097
real_time_factor: 0.9988924779650562
step_size {
  nsec: 4000000
}

sim_time {
  sec: 60
  nsec: 492000000
}
real_time {
  sec: 62
  nsec: 552904095
}
iterations: 15123
real_time_factor: 1.0001320174263002
step_size {
  nsec: 4000000
}

sim_time {
  sec: 60
  nsec: 592000000
}
real_time {
  sec: 62
  nsec: 652904904
}
iterations: 15148
real_time_factor: 0.99988876237518576
step_size {
  nsec: 4000000
}

sim_time {
  sec: 60
  nsec: 696000000
}
real_time {
  sec: 62
  nsec: 756905369
}
iterations: 15174
real_time_factor: 0.99981953257437028
step_size {
  nsec: 4000000
}

sim_time {
  sec: 60
  nsec: 800000000
}
real_time {
  sec: 62
  nsec: 860905307
}
iterations: 15200
real_time_factor: 0.99994700280885118
step_size {
  nsec: 4000000
}

sim_time {
  sec: 60
  nsec: 904000000
}
real_time {
  sec: 62
  nsec: 964904598
}
iterations: 15226
real_time_factor: 1.0000090000810007
step_size {
  nsec: 4000000
}

sim_time {
  sec: 61
  nsec: 8000000
}
real_time {
  sec: 63
  nsec: 68904285
}
iterations: 15252
real_time_factor: 1.0000207504305714
step_size {
  nsec: 4000000
}

sim_time {
  sec: 61
  nsec: 108000000
}
real_time {
  sec: 63
  nsec: 168905037
}
iterations: 15277
real_time_factor: 0.99992150616176634
step_size {
  nsec: 4000000
}

sim_time {
  sec: 61
  nsec: 212000000
}
real_time {
  sec: 63
  nsec: 272904260
}
iterations: 15303
real_time_factor: 0.99996050156018834
step_size {
  nsec: 4000000
}

sim_time {
  sec: 61
  nsec: 316000000
}
real_time {
  sec: 63
  nsec: 376904539
}
iterations: 15329
real_time_factor: 0.99996050156018834
step_size {
  nsec: 4000000
}

sim_time {
  sec: 61
  nsec: 416000000
}
real_time {
  sec: 63
  nsec: 476905401
}
iterations: 15354
real_time_factor: 0.99970833509323653
step_size {
  nsec: 4000000
}

sim_time {
  sec: 61
  nsec: 520000000
}
real_time {
  sec: 63
  nsec: 580904670
}
iterations: 15380
real_time_factor: 1.0000532528357136
step_size {
  nsec: 4000000
}

sim_time {
  sec: 61
  nsec: 624000000
}
real_time {
  sec: 63
  nsec: 684904402
}
iterations: 15406
real_time_factor: 0.99989601081487522
step_size {
  nsec: 4000000
}

sim_time {
  sec: 61
  nsec: 724000000
}
real_time {
  sec: 63
  nsec: 784904921
}
iterations: 15431
real_time_factor: 0.99991000809927111
step_size {
  nsec: 4000000
}

sim_time {
  sec: 61
  nsec: 828000000
}
real_time {
  sec: 63
  nsec: 888904867
}
iterations: 15457
real_time_factor: 0.99997225077004115
step_size {
  nsec: 4000000
}

sim_time {
  sec: 61
  nsec: 932000000
}
real_time {
  sec: 63
  nsec: 992904192
}
iterations: 15483
real_time_factor: 1.0000325010562843
step_size {
  nsec: 4000000
}

sim_time {
  sec: 62
  nsec: 32000000
}
real_time {
  sec: 64
  nsec: 92905822
}
iterations: 15508
real_time_factor: 1.0000232505405751
step_size {
  nsec: 4000000
}

sim_time {
  sec: 62
  nsec: 136000000
}
real_time {
  sec: 64
  nsec: 196904664
}
iterations: 15534
real_time_factor: 1.00024080797452
step_size {
  nsec: 4000000
}

sim_time {
  sec: 62
  nsec: 240000000
}
real_time {
  sec: 64
  nsec: 300904135
}
iterations: 15560
real_time_factor: 1.000058003364195
step_size {
  nsec: 4000000
}

sim_time {
  sec: 62
  nsec: 340000000
}
real_time {
  sec: 64
  nsec: 400904541
}
iterations: 15585
real_time_factor: 1.0001182639847161
step_size {
  nsec: 4000000
}

sim_time {
  sec: 62
  nsec: 440000000
}
real_time {
  sec: 64
  nsec: 500906522
}
iterations: 15610
real_time_factor: 0.99945404822615647
step_size {
  nsec: 4000000
}

sim_time {
  sec: 62
  nsec: 544000000
}
real_time {
  sec: 64
  nsec: 604904252
}
iterations: 15636
real_time_factor: 1.0000417517431353
step_size {
  nsec: 4000000
}

sim_time {
  sec: 62
  nsec: 644000000
}
real_time {
  sec: 64
  nsec: 704904751
}
iterations: 15661
real_time_factor: 1.0000092500855633
step_size {
  nsec: 4000000
}

sim_time {
  sec: 62
  nsec: 748000000
}
real_time {
  sec: 64
  nsec: 808904537
}
iterations: 15687
real_time_factor: 1.0000415017223214
step_size {
  nsec: 4000000
}

sim_time {
  sec: 62
  nsec: 852000000
}
real_time {
  sec: 64
  nsec: 912904323
}
iterations: 15713
real_time_factor: 1.0000092500855633
step_size {
  nsec: 4000000
}

sim_time {
  sec: 62
  nsec: 952000000
}
real_time {
  sec: 65
  nsec: 12904933
}
iterations: 15738
real_time_factor: 0.99992125620107419
step_size {
  nsec: 4000000
}

sim_time {
  sec: 63
  nsec: 56000000
}
real_time {
  sec: 65
  nsec: 116904302
}
iterations: 15764
real_time_factor: 1.0000322510400961
step_size {
  nsec: 4000000
}

sim_time {
  sec: 63
  nsec: 160000000
}
real_time {
  sec: 65
  nsec: 220904188
}
iterations: 15790
real_time_factor: 1.0000950090258574
step_size {
  nsec: 4000000
}

sim_time {
  sec: 63
  nsec: 260000000
}
real_time {
  sec: 65
  nsec: 320911203
}
iterations: 15815
real_time_factor: 0.99834748532491591
step_size {
  nsec: 4000000
}

sim_time {
  sec: 63
  nsec: 364000000
}
real_time {
  sec: 65
  nsec: 424905079
}
iterations: 15841
real_time_factor: 0.999935254192291
step_size {
  nsec: 4000000
}

sim_time {
  sec: 63
  nsec: 468000000
}
real_time {
  sec: 65
  nsec: 528904863
}
iterations: 15867
real_time_factor: 1.0000440019360852
step_size {
  nsec: 4000000
}

sim_time {
  sec: 63
  nsec: 572000000
}
real_time {
  sec: 65
  nsec: 632904600
}
iterations: 15893
real_time_factor: 1.0000117501380641
step_size {
  nsec: 4000000
}

sim_time {
  sec: 63
  nsec: 672000000
}
real_time {
  sec: 65
  nsec: 732904865
}
iterations: 15918
real_time_factor: 1.0000002500000624
step_size {
  nsec: 4000000
}

sim_time {
  sec: 63
  nsec: 776000000
}
real_time {
  sec: 65
  nsec: 836905844
}
iterations: 15944
real_time_factor: 0.99975905806700582
step_size {
  nsec: 4000000
}

sim_time {
  sec: 63
  nsec: 880000000
}
real_time {
  sec: 65
  nsec: 940904675
}
iterations: 15970
real_time_factor: 1.0001342680254823
step_size {
  nsec: 4000000
}

sim_time {
  sec: 63
  nsec: 984000000
}
real_time {
  sec: 66
  nsec: 44904699
}
iterations: 15996
real_time_factor: 0.99992850511188447
step_size {
  nsec: 4000000
}

sim_time {
  sec: 64
  nsec: 84000000
}
real_time {
  sec: 66
  nsec: 144905232
}
iterations: 16021
real_time_factor: 1.0009361255113844
step_size {
  nsec: 4000000
}

sim_time {
  sec: 64
  nsec: 188000000
}
real_time {
  sec: 66
  nsec: 248904431
}
iterations: 16047
real_time_factor: 0.99992350585180234
step_size {
  nsec: 4000000
}

sim_time {
  sec: 64
  nsec: 288000000
}
real_time {
  sec: 66
  nsec: 348904823
}
iterations: 16072
real_time_factor: 1.0001227650694122
step_size {
  nsec: 4000000
}

sim_time {
  sec: 64
  nsec: 392000000
}
real_time {
  sec: 66
  nsec: 452904244
}
iterations: 16098
real_time_factor: 1.0000210004410093
step_size {
  nsec: 4000000
}

sim_time {
  sec: 64
  nsec: 496000000
}
real_time {
  sec: 66
  nsec: 556904507
}
iterations: 16124
real_time_factor: 0.99991225769938685
step_size {
  nsec: 4000000
}

sim_time {
  sec: 64
  nsec: 596000000
}
real_time {
  sec: 66
  nsec: 656906484
}
iterations: 16149
real_time_factor: 0.99960665478134358
step_size {
  nsec: 4000000
}

sim_time {
  sec: 64
  nsec: 700000000
}
real_time {
  sec: 66
  nsec: 760905130
}
iterations: 16175
real_time_factor: 0.99994675283541157
step_size {
  nsec: 4000000
}

sim_time {
  sec: 64
  nsec: 804000000
}
real_time {
  sec: 66
  nsec: 864904377
}
iterations: 16201
real_time_factor: 1.0000115001322516
step_size {
  nsec: 4000000
}

sim_time {
  sec: 64
  nsec: 908000000
}
real_time {
  sec: 66
  nsec: 968904528
}
iterations: 16227
real_time_factor: 1.0000092500855633
step_size {
  nsec: 4000000
}

sim_time {
  sec: 65
  nsec: 8000000
}
real_time {
  sec: 67
  nsec: 68904709
}
iterations: 16252
real_time_factor: 1.0000695048305857
step_size {
  nsec: 4000000
}

sim_time {
  sec: 65
  nsec: 108000000
}
real_time {
  sec: 67
  nsec: 168905674
}
iterations: 16277
real_time_factor: 0.99984502402127673
step_size {
  nsec: 4000000
}

sim_time {
  sec: 65
  nsec: 212000000
}
real_time {
  sec: 67
  nsec: 272904825
}
iterations: 16303
real_time_factor: 1.0000602536302812
step_size {
  nsec: 4000000
}

sim_time {
  sec: 65
  nsec: 316000000
}
real_time {
  sec: 67
  nsec: 376904447
}
iterations: 16329
real_time_factor: 0.99997450065023341
step_size {
  nsec: 4000000
}

sim_time {
  sec: 65
  nsec: 416000000
}
real_time {
  sec: 67
  nsec: 476905894
}
iterations: 16354
real_time_factor: 0.999671358041044
step_size {
  nsec: 4000000
}

sim_time {
  sec: 65
  nsec: 520000000
}
real_time {
  sec: 67
  nsec: 580904701
}
iterations: 16380
real_time_factor: 0.99993750390600589
step_size {
  nsec: 4000000
}

sim_time {
  sec: 65
  nsec: 624000000
}
real_time {
  sec: 67
  nsec: 684904981
}
iterations: 16406
real_time_factor: 0.99988426339651182
step_size {
  nsec: 4000000
}

sim_time {
  sec: 65
  nsec: 728000000
}
real_time {
  sec: 67
  nsec: 788904640
}
iterations: 16432
real_time_factor: 1.0000232505405751
step_size {
  nsec: 4000000
}

sim_time {
  sec: 65
  nsec: 828000000
}
real_time {
  sec: 67
  nsec: 888905059
}
iterations: 16457
real_time_factor: 0.99992375581361925
step_size {
  nsec: 4000000
}

sim_time {
  sec: 65
  nsec: 932000000
}
real_time {
  sec: 67
  nsec: 992910570
}
iterations: 16483
real_time_factor: 0.99863187433216494
step_size {
  nsec: 4000000
}

sim_time {
  sec: 66
  nsec: 36000000
}
real_time {
  sec: 68
  nsec: 96907813
}
iterations: 16509
real_time_factor: 0.9993731431959304
step_size {
  nsec: 4000000
}

sim_time {
  sec: 66
  nsec: 140000000
}
real_time {
  sec: 68
  nsec: 200906656
}
iterations: 16535
real_time_factor: 0.99942183446875987
step_size {
  nsec: 4000000
}

sim_time {
  sec: 66
  nsec: 244000000
}
real_time {
  sec: 68
  nsec: 304905517
}
iterations: 16561
real_time_factor: 0.99995825174298969
step_size {
  nsec: 4000000
}

sim_time {
  sec: 66
  nsec: 348000000
}
real_time {
  sec: 68
  nsec: 408904739
}
iterations: 16587
real_time_factor: 1.0000532528357136
step_size {
  nsec: 4000000
}

sim_time {
  sec: 66
  nsec: 452000000
}
real_time {
  sec: 68
  nsec: 512904340
}
iterations: 16613
real_time_factor: 0.999960751540502
step_size {
  nsec: 4000000
}

sim_time {
  sec: 66
  nsec: 552000000
}
real_time {
  sec: 68
  nsec: 612904785
}
iterations: 16638
real_time_factor: 0.999998000004
step_size {
  nsec: 4000000
}

sim_time {
  sec: 66
  nsec: 652000000
}
real_time {
  sec: 68
  nsec: 712905656
}
iterations: 16663
real_time_factor: 0.999847273328999
step_size {
  nsec: 4000000
}

sim_time {
  sec: 66
  nsec: 756000000
}
real_time {
  sec: 68
  nsec: 816905138
}
iterations: 16689
real_time_factor: 0.99987726506571317
step_size {
  nsec: 4000000
}

sim_time {
  sec: 66
  nsec: 860000000
}
real_time {
  sec: 68
  nsec: 920904989
}
iterations: 16715
real_time_factor: 1.0000972594584823
step_size {
  nsec: 4000000
}

sim_time {
  sec: 66
  nsec: 964000000
}
real_time {
  sec: 69
  nsec: 24904970
}
iterations: 16741
real_time_factor: 0.999998000004
step_size {
  nsec: 4000000
}

sim_time {
  sec: 67
  nsec: 68000000
}
real_time {
  sec: 69
  nsec: 128904591
}
iterations: 16767
real_time_factor: 1.0000347512076044
step_size {
  nsec: 4000000
}

sim_time {
  sec: 67
  nsec: 168000000
}
real_time {
  sec: 69
  nsec: 228904922
}
iterations: 16792
real_time_factor: 1.0001365186347937
step_size {
  nsec: 4000000
}

sim_time {
  sec: 67
  nsec: 268000000
}
real_time {
  sec: 69
  nsec: 328908365
}
iterations: 16817
real_time_factor: 0.99906562387527065
step_size {
  nsec: 4000000
}

sim_time {
  sec: 67
  nsec: 372000000
}
real_time {
  sec: 69
  nsec: 432905103
}
iterations: 16843
real_time_factor: 0.99986826735577583
step_size {
  nsec: 4000000
}

sim_time {
  sec: 67
  nsec: 472000000
}
real_time {
  sec: 69
  nsec: 532906000
}
iterations: 16868
real_time_factor: 0.99973606967760509
step_size {
  nsec: 4000000
}

sim_time {
  sec: 67
  nsec: 576000000
}
real_time {
  sec: 69
  nsec: 636905506
}
iterations: 16894
real_time_factor: 0.99995375213896354
step_size {
  nsec: 4000000
}

sim_time {
  sec: 67
  nsec: 676000000
}
real_time {
  sec: 69
  nsec: 736906061
}
iterations: 16919
real_time_factor: 1.0008013917144154
step_size {
  nsec: 4000000
}

sim_time {
  sec: 67
  nsec: 780000000
}
real_time {
  sec: 69
  nsec: 840904373
}
iterations: 16945
real_time_factor: 1.0002480615192568
step_size {
  nsec: 4000000
}

sim_time {
  sec: 67
  nsec: 884000000
}
real_time {
  sec: 69
  nsec: 944904640
}
iterations: 16971
real_time_factor: 1.0000670044893007
step_size {
  nsec: 4000000
}

sim_time {
  sec: 67
  nsec: 988000000
}
real_time {
  sec: 70
  nsec: 48905063
}
iterations: 16997
real_time_factor: 0.99997950042024142
step_size {
  nsec: 4000000
}

sim_time {
  sec: 68
  nsec: 88000000
}
real_time {
  sec: 70
  nsec: 148909135
}
iterations: 17022
real_time_factor: 0.99921361888193994
step_size {
  nsec: 4000000
}

sim_time {
  sec: 68
  nsec: 192000000
}
real_time {
  sec: 70
  nsec: 252904178
}
iterations: 17048
real_time_factor: 1.0000255006502665
step_size {
  nsec: 4000000
}

sim_time {
  sec: 68
  nsec: 292000000
}
real_time {
  sec: 70
  nsec: 352905007
}
iterations: 17073
real_time_factor: 1.0000230005290123
step_size {
  nsec: 4000000
}

sim_time {
  sec: 68
  nsec: 396000000
}
real_time {
  sec: 70
  nsec: 456904567
}
iterations: 17099
real_time_factor: 1.0000627539378095
step_size {
  nsec: 4000000
}

sim_time {
  sec: 68
  nsec: 496000000
}
real_time {
  sec: 70
  nsec: 556904628
}
iterations: 17124
real_time_factor: 1.0002065426510574
step_size {
  nsec: 4000000
}

sim_time {
  sec: 68
  nsec: 600000000
}
real_time {
  sec: 70
  nsec: 660904884
}
iterations: 17150
real_time_factor: 0.99998625018906
step_size {
  nsec: 4000000
}

sim_time {
  sec: 68
  nsec: 704000000
}
real_time {
  sec: 70
  nsec: 764904963
}
iterations: 17176
real_time_factor: 0.99997475063754637
step_size {
  nsec: 4000000
}

sim_time {
  sec: 68
  nsec: 804000000
}
real_time {
  sec: 70
  nsec: 864905135
}
iterations: 17201
real_time_factor: 0.9998660179535942
step_size {
  nsec: 4000000
}

sim_time {
  sec: 68
  nsec: 908000000
}
real_time {
  sec: 70
  nsec: 968905308
}
iterations: 17227
real_time_factor: 1.000085507310875
step_size {
  nsec: 4000000
}

sim_time {
  sec: 69
  nsec: 12000000
}
real_time {
  sec: 71
  nsec: 72905099
}
iterations: 17253
real_time_factor: 1.0000047500225626
step_size {
  nsec: 4000000
}

sim_time {
  sec: 69
  nsec: 116000000
}
real_time {
  sec: 71
  nsec: 176904399
}
iterations: 17279
real_time_factor: 0.99997475063754637
step_size {
  nsec: 4000000
}

sim_time {
  sec: 69
  nsec: 216000000
}
real_time {
  sec: 71
  nsec: 276905264
}
iterations: 17304
real_time_factor: 0.999960751540502
step_size {
  nsec: 4000000
}

sim_time {
  sec: 69
  nsec: 320000000
}
real_time {
  sec: 71
  nsec: 380909397
}
iterations: 17330
real_time_factor: 0.99880692512793467
step_size {
  nsec: 4000000
}

sim_time {
  sec: 69
  nsec: 424000000
}
real_time {
  sec: 71
  nsec: 484904197
}
iterations: 17356
real_time_factor: 1.0000207504305714
step_size {
  nsec: 4000000
}

sim_time {
  sec: 69
  nsec: 524000000
}
real_time {
  sec: 71
  nsec: 584904894
}
iterations: 17381
real_time_factor: 1.000005000025
step_size {
  nsec: 4000000
}

sim_time {
  sec: 69
  nsec: 628000000
}
real_time {
  sec: 71
  nsec: 688904999
}
iterations: 17407
real_time_factor: 1.0000465021623506
step_size {
  nsec: 4000000
}

sim_time {
  sec: 69
  nsec: 728000000
}
real_time {
  sec: 71
  nsec: 788907401
}
iterations: 17432
real_time_factor: 0.99931097508268052
step_size {
  nsec: 4000000
}

sim_time {
  sec: 69
  nsec: 832000000
}
real_time {
  sec: 71
  nsec: 892904506
}
iterations: 17458
real_time_factor: 1.0000765058526977
step_size {
  nsec: 4000000
}

sim_time {
  sec: 69
  nsec: 936000000
}
real_time {
  sec: 71
  nsec: 996904336
}
iterations: 17484
real_time_factor: 1.0001550240287245
step_size {
  nsec: 4000000
}

sim_time {
  sec: 70
  nsec: 36000000
}
real_time {
  sec: 72
  nsec: 96905055
}
iterations: 17509
real_time_factor: 1.0000185003422564
step_size {
  nsec: 4000000
}

sim_time {
  sec: 70
  nsec: 140000000
}
real_time {
  sec: 72
  nsec: 200904213
}
iterations: 17535
real_time_factor: 1.0000095000902509
step_size {
  nsec: 4000000
}

sim_time {
  sec: 70
  nsec: 244000000
}
real_time {
  sec: 72
  nsec: 304904390
}
iterations: 17561
real_time_factor: 0.99992375581361925
step_size {
  nsec: 4000000
}

sim_time {
  sec: 70
  nsec: 344000000
}
real_time {
  sec: 72
  nsec: 404905161
}
iterations: 17586
real_time_factor: 0.99981953257437028
step_size {
  nsec: 4000000
}

sim_time {
  sec: 70
  nsec: 448000000
}
real_time {
  sec: 72
  nsec: 508904838
}
iterations: 17612
real_time_factor: 0.99997450065023341
step_size {
  nsec: 4000000
}

sim_time {
  sec: 70
  nsec: 552000000
}
real_time {
  sec: 72
  nsec: 612905422
}
iterations: 17638
real_time_factor: 0.99986101931831473
step_size {
  nsec: 4000000
}

