sim_time {
  nsec: 4000000
}
real_time {
  sec: 1
  nsec: 772509747
}
iterations: 1
real_time_factor: 0.00225668716731745
step_size {
  nsec: 4000000
}

sim_time {
  nsec: 108000000
}
real_time {
  sec: 1
  nsec: 876493570
}
iterations: 27
real_time_factor: 1.0000147502175658
step_size {
  nsec: 4000000
}

sim_time {
  nsec: 212000000
}
real_time {
  sec: 1
  nsec: 980493404
}
iterations: 53
real_time_factor: 1.0000212504515722
step_size {
  nsec: 4000000
}

sim_time {
  nsec: 312000000
}
real_time {
  sec: 2
  nsec: 80494802
}
iterations: 78
real_time_factor: 0.99965786709498672
step_size {
  nsec: 4000000
}

sim_time {
  nsec: 416000000
}
real_time {
  sec: 2
  nsec: 184501374
}
iterations: 104
real_time_factor: 0.99810161073637937
step_size {
  nsec: 4000000
}

sim_time {
  nsec: 520000000
}
real_time {
  sec: 2
  nsec: 288493681
}
iterations: 130
real_time_factor: 0.99997975041005416
step_size {
  nsec: 4000000
}

sim_time {
  nsec: 624000000
}
real_time {
  sec: 2
  nsec: 392493395
}
iterations: 156
real_time_factor: 1.0000027500075626
step_size {
  nsec: 4000000
}

sim_time {
  nsec: 728000000
}
real_time {
  sec: 2
  nsec: 496493477
}
iterations: 182
real_time_factor: 0.99996800102396721
step_size {
  nsec: 4000000
}

sim_time {
  nsec: 832000000
}
real_time {
  sec: 2
  nsec: 600493410
}
iterations: 208
real_time_factor: 0.999996000016
step_size {
  nsec: 4000000
}

sim_time {
  nsec: 932000000
}
real_time {
  sec: 2
  nsec: 700493930
}
iterations: 233
real_time_factor: 0.99998175033305647
step_size {
  nsec: 4000000
}

sim_time {
  sec: 1
  nsec: 36000000
}
real_time {
  sec: 2
  nsec: 804499594
}
iterations: 259
real_time_factor: 0.99849850786879235
step_size {
  nsec: 4000000
}

sim_time {
  sec: 1
  nsec: 140000000
}
real_time {
  sec: 2
  nsec: 908493546
}
iterations: 285
real_time_factor: 0.99999625001406245
step_size {
  nsec: 4000000
}

sim_time {
  sec: 1
  nsec: 244000000
}
real_time {
  sec: 3
  nsec: 12493314
}
iterations: 311
real_time_factor: 0.99994025356984917
step_size {
  nsec: 4000000
}

sim_time {
  sec: 1
  nsec: 344000000
}
real_time {
  sec: 3
  nsec: 112493545
}
iterations: 336
real_time_factor: 0.9999472527824157
step_size {
  nsec: 4000000
}

sim_time {
  sec: 1
  nsec: 448000000
}
real_time {
  sec: 3
  nsec: 216493404
}
iterations: 362
real_time_factor: 0.9999957500180624
step_size {
  nsec: 4000000
}

sim_time {
  sec: 1
  nsec: 552000000
}
real_time {
  sec: 3
  nsec: 320493429
}
iterations: 388
real_time_factor: 0.9999957500180624
step_size {
  nsec: 4000000
}

sim_time {
  sec: 1
  nsec: 652000000
}
real_time {
  sec: 3
  nsec: 420494132
}
iterations: 413
real_time_factor: 1.0001117624894582
step_size {
  nsec: 4000000
}

sim_time {
  sec: 1
  nsec: 744000000
}
real_time {
  sec: 3
  nsec: 795327248
}
iterations: 436
real_time_factor: 0.013945353674337649
step_size {
  nsec: 4000000
}

sim_time {
  sec: 1
  nsec: 848000000
}
real_time {
  sec: 3
  nsec: 899323497
}
iterations: 462
real_time_factor: 1.0000120001440018
step_size {
  nsec: 4000000
}

sim_time {
  sec: 1
  nsec: 952000000
}
real_time {
  sec: 4
  nsec: 3323522
}
iterations: 488
real_time_factor: 0.99994950255012127
step_size {
  nsec: 4000000
}

sim_time {
  sec: 2
  nsec: 56000000
}
real_time {
  sec: 4
  nsec: 107323425
}
iterations: 514
real_time_factor: 1.000003000009
step_size {
  nsec: 4000000
}

sim_time {
  sec: 2
  nsec: 156000000
}
real_time {
  sec: 4
  nsec: 207324989
}
iterations: 539
real_time_factor: 0.99964662491809142
step_size {
  nsec: 4000000
}

sim_time {
  sec: 2
  nsec: 260000000
}
real_time {
  sec: 4
  nsec: 311324273
}
iterations: 565
real_time_factor: 0.99988476328103182
step_size {
  nsec: 4000000
}

sim_time {
  sec: 2
  nsec: 360000000
}
real_time {
  sec: 4
  nsec: 411327197
}
iterations: 590
real_time_factor: 0.99913325190397329
step_size {
  nsec: 4000000
}

sim_time {
  sec: 2
  nsec: 464000000
}
real_time {
  sec: 4
  nsec: 515323454
}
iterations: 616
real_time_factor: 1.0000280007840219
step_size {
  nsec: 4000000
}

sim_time {
  sec: 2
  nsec: 564000000
}
real_time {
  sec: 4
  nsec: 615324794
}
iterations: 641
real_time_factor: 0.9996791030079345
step_size {
  nsec: 4000000
}

sim_time {
  sec: 2
  nsec: 664000000
}
real_time {
  sec: 4
  nsec: 715324469
}
iterations: 666
real_time_factor: 1.001512032791507
step_size {
  nsec: 4000000
}

sim_time {
  sec: 2
  nsec: 768000000
}
real_time {
  sec: 4
  nsec: 819323558
}
iterations: 692
real_time_factor: 1.0000910082817536
step_size {
  nsec: 4000000
}

sim_time {
  sec: 2
  nsec: 872000000
}
real_time {
  sec: 4
  nsec: 923323628
}
iterations: 718
real_time_factor: 1.0000702549354092
step_size {
  nsec: 4000000
}

sim_time {
  sec: 2
  nsec: 972000000
}
real_time {
  sec: 5
  nsec: 23323720
}
iterations: 743
real_time_factor: 1.0003060936646613
step_size {
  nsec: 4000000
}

sim_time {
  sec: 3
  nsec: 72000000
}
real_time {
  sec: 5
  nsec: 123326542
}
iterations: 768
real_time_factor: 0.99969259452718284
step_size {
  nsec: 4000000
}

sim_time {
  sec: 3
  nsec: 176000000
}
real_time {
  sec: 5
  nsec: 227323500
}
iterations: 794
real_time_factor: 1.0004151722965031
step_size {
  nsec: 4000000
}

sim_time {
  sec: 3
  nsec: 276000000
}
real_time {
  sec: 5
  nsec: 327323979
}
iterations: 819
real_time_factor: 0.99992175612258338
step_size {
  nsec: 4000000
}

sim_time {
  sec: 3
  nsec: 376000000
}
real_time {
  sec: 5
  nsec: 427325828
}
iterations: 844
real_time_factor: 0.99954021150270878
step_size {
  nsec: 4000000
}

sim_time {
  sec: 3
  nsec: 476000000
}
real_time {
  sec: 5
  nsec: 528072805
}
iterations: 869
real_time_factor: 0.84230475638967128
step_size {
  nsec: 4000000
}

sim_time {
  sec: 3
  nsec: 580000000
}
real_time {
  sec: 5
  nsec: 631325600
}
iterations: 895
real_time_factor: 0.99957692906477336
step_size {
  nsec: 4000000
}

sim_time {
  sec: 3
  nsec: 684000000
}
real_time {
  sec: 5
  nsec: 735323614
}
iterations: 921
real_time_factor: 0.99999350004224974
step_size {
  nsec: 4000000
}

sim_time {
  sec: 3
  nsec: 784000000
}
real_time {
  sec: 5
  nsec: 835323879
}
iterations: 946
real_time_factor: 1.0003896517693642
step_size {
  nsec: 4000000
}

sim_time {
  sec: 3
  nsec: 884000000
}
real_time {
  sec: 5
  nsec: 935324145
}
iterations: 971
real_time_factor: 0.99985951973747689
step_size {
  nsec: 4000000
}

sim_time {
  sec: 3
  nsec: 988000000
}
real_time {
  sec: 6
  nsec: 39326242
}
iterations: 997
real_time_factor: 0.9992468177111502
step_size {
  nsec: 4000000
}

sim_time {
  sec: 4
  nsec: 92000000
}
real_time {
  sec: 6
  nsec: 143323608
}
iterations: 1023
real_time_factor: 1.000070004900343
step_size {
  nsec: 4000000
}

sim_time {
  sec: 4
  nsec: 192000000
}
real_time {
  sec: 6
  nsec: 243328613
}
iterations: 1048
real_time_factor: 0.99887002828050764
step_size {
  nsec: 4000000
}

sim_time {
  sec: 4
  nsec: 296000000
}
real_time {
  sec: 6
  nsec: 347323738
}
iterations: 1074
real_time_factor: 0.99999125007656187
step_size {
  nsec: 4000000
}

sim_time {
  sec: 4
  nsec: 396000000
}
real_time {
  sec: 6
  nsec: 447324364
}
iterations: 1099
real_time_factor: 1.0001002600510702
step_size {
  nsec: 4000000
}

sim_time {
  sec: 4
  nsec: 500000000
}
real_time {
  sec: 6
  nsec: 551324516
}
iterations: 1125
real_time_factor: 1.0000582533932603
step_size {
  nsec: 4000000
}

sim_time {
  sec: 4
  nsec: 604000000
}
real_time {
  sec: 6
  nsec: 655324557
}
iterations: 1151
real_time_factor: 1.0001300169021974
step_size {
  nsec: 4000000
}

sim_time {
  sec: 4
  nsec: 708000000
}
real_time {
  sec: 6
  nsec: 759324551
}
iterations: 1177
real_time_factor: 0.99982927915058506
step_size {
  nsec: 4000000
}

sim_time {
  sec: 4
  nsec: 812000000
}
real_time {
  sec: 6
  nsec: 863323258
}
iterations: 1203
real_time_factor: 1.0000840070565928
step_size {
  nsec: 4000000
}

sim_time {
  sec: 4
  nsec: 916000000
}
real_time {
  sec: 6
  nsec: 967360706
}
iterations: 1229
real_time_factor: 0.99089687810506821
step_size {
  nsec: 4000000
}

sim_time {
  sec: 5
  nsec: 20000000
}
real_time {
  sec: 7
  nsec: 71323978
}
iterations: 1255
real_time_factor: 1.0003896517693642
step_size {
  nsec: 4000000
}

sim_time {
  sec: 5
  nsec: 124000000
}
real_time {
  sec: 7
  nsec: 175325352
}
iterations: 1281
real_time_factor: 0.99967635478013994
step_size {
  nsec: 4000000
}

sim_time {
  sec: 5
  nsec: 228000000
}
real_time {
  sec: 7
  nsec: 279324400
}
iterations: 1307
real_time_factor: 1.0000677545903736
step_size {
  nsec: 4000000
}

sim_time {
  sec: 5
  nsec: 328000000
}
real_time {
  sec: 7
  nsec: 379324618
}
iterations: 1332
real_time_factor: 1.0000607536907866
step_size {
  nsec: 4000000
}

sim_time {
  sec: 5
  nsec: 432000000
}
real_time {
  sec: 7
  nsec: 483324566
}
iterations: 1358
real_time_factor: 0.99995425209296673
step_size {
  nsec: 4000000
}

sim_time {
  sec: 5
  nsec: 536000000
}
real_time {
  sec: 7
  nsec: 587323897
}
iterations: 1384
real_time_factor: 0.999996000016
step_size {
  nsec: 4000000
}

sim_time {
  sec: 5
  nsec: 636000000
}
real_time {
  sec: 7
  nsec: 687324838
}
iterations: 1409
real_time_factor: 0.99981753330017276
step_size {
  nsec: 4000000
}

sim_time {
  sec: 5
  nsec: 736000000
}
real_time {
  sec: 7
  nsec: 787331750
}
iterations: 1434
real_time_factor: 0.99818430275329173
step_size {
  nsec: 4000000
}

sim_time {
  sec: 5
  nsec: 840000000
}
real_time {
  sec: 7
  nsec: 891323771
}
iterations: 1460
real_time_factor: 1.0000560031361756
step_size {
  nsec: 4000000
}

sim_time {
  sec: 5
  nsec: 944000000
}
real_time {
  sec: 7
  nsec: 995323764
}
iterations: 1486
real_time_factor: 1.0000680046243144
step_size {
  nsec: 4000000
}

sim_time {
  sec: 6
  nsec: 44000000
}
real_time {
  sec: 8
  nsec: 95324982
}
iterations: 1511
real_time_factor: 1.0000655042905311
step_size {
  nsec: 4000000
}

sim_time {
  sec: 6
  nsec: 148000000
}
real_time {
  sec: 8
  nsec: 199325104
}
iterations: 1537
real_time_factor: 0.99980378850650564
step_size {
  nsec: 4000000
}

sim_time {
  sec: 6
  nsec: 252000000
}
real_time {
  sec: 8
  nsec: 303324152
}
iterations: 1563
real_time_factor: 0.99987551549832043
step_size {
  nsec: 4000000
}

sim_time {
  sec: 6
  nsec: 352000000
}
real_time {
  sec: 8
  nsec: 403324042
}
iterations: 1588
real_time_factor: 1.0000240005760139
step_size {
  nsec: 4000000
}

sim_time {
  sec: 6
  nsec: 452000000
}
real_time {
  sec: 8
  nsec: 503325886
}
iterations: 1613
real_time_factor: 0.99982453079484546
step_size {
  nsec: 4000000
}

sim_time {
  sec: 6
  nsec: 552000000
}
real_time {
  sec: 8
  nsec: 603342283
}
iterations: 1638
real_time_factor: 0.995897152705143
step_size {
  nsec: 4000000
}

sim_time {
  sec: 6
  nsec: 656000000
}
real_time {
  sec: 8
  nsec: 707324790
}
iterations: 1664
real_time_factor: 1.0001602756841783
step_size {
  nsec: 4000000
}

sim_time {
  sec: 6
  nsec: 760000000
}
real_time {
  sec: 8
  nsec: 811323772
}
iterations: 1690
real_time_factor: 1.00006300396925
step_size {
  nsec: 4000000
}

sim_time {
  sec: 6
  nsec: 860000000
}
real_time {
  sec: 8
  nsec: 911325332
}
iterations: 1715
real_time_factor: 0.9998060376287
step_size {
  nsec: 4000000
}

sim_time {
  sec: 6
  nsec: 964000000
}
real_time {
  sec: 9
  nsec: 15324111
}
iterations: 1741
real_time_factor: 0.99993825381282708
step_size {
  nsec: 4000000
}

sim_time {
  sec: 7
  nsec: 64000000
}
real_time {
  sec: 9
  nsec: 115324392
}
iterations: 1766
real_time_factor: 0.99995675187048161
step_size {
  nsec: 4000000
}

sim_time {
  sec: 7
  nsec: 168000000
}
real_time {
  sec: 9
  nsec: 219324180
}
iterations: 1792
real_time_factor: 1.000014500210253
step_size {
  nsec: 4000000
}

sim_time {
  sec: 7
  nsec: 268000000
}
real_time {
  sec: 9
  nsec: 319324924
}
iterations: 1817
real_time_factor: 0.99986401849348494
step_size {
  nsec: 4000000
}

sim_time {
  sec: 7
  nsec: 372000000
}
real_time {
  sec: 9
  nsec: 423324057
}
iterations: 1843
real_time_factor: 1.0002182976434606
step_size {
  nsec: 4000000
}

sim_time {
  sec: 7
  nsec: 476000000
}
real_time {
  sec: 9
  nsec: 527323785
}
iterations: 1869
real_time_factor: 1.0000655042905311
step_size {
  nsec: 4000000
}

sim_time {
  sec: 7
  nsec: 576000000
}
real_time {
  sec: 9
  nsec: 627325040
}
iterations: 1894
real_time_factor: 1.0002993395773685
step_size {
  nsec: 4000000
}

sim_time {
  sec: 7
  nsec: 680000000
}
real_time {
  sec: 9
  nsec: 731325977
}
iterations: 1920
real_time_factor: 0.99966736068573181
step_size {
  nsec: 4000000
}

sim_time {
  sec: 7
  nsec: 784000000
}
real_time {
  sec: 9
  nsec: 835323699
}
iterations: 1946
real_time_factor: 0.999980000399992
step_size {
  nsec: 4000000
}

sim_time {
  sec: 7
  nsec: 888000000
}
real_time {
  sec: 9
  nsec: 939323959
}
iterations: 1972
real_time_factor: 0.99994275327737492
step_size {
  nsec: 4000000
}

sim_time {
  sec: 7
  nsec: 992000000
}
real_time {
  sec: 10
  nsec: 43323803
}
iterations: 1998
real_time_factor: 0.99998650018224755
step_size {
  nsec: 4000000
}

sim_time {
  sec: 8
  nsec: 92000000
}
real_time {
  sec: 10
  nsec: 143326082
}
iterations: 2023
real_time_factor: 0.99945479740801391
step_size {
  nsec: 4000000
}

sim_time {
  sec: 8
  nsec: 196000000
}
real_time {
  sec: 10
  nsec: 247323722
}
iterations: 2049
real_time_factor: 1.0000627539378095
step_size {
  nsec: 4000000
}

sim_time {
  sec: 8
  nsec: 296000000
}
real_time {
  sec: 10
  nsec: 347324612
}
iterations: 2074
real_time_factor: 1.0001510228044435
step_size {
  nsec: 4000000
}

sim_time {
  sec: 8
  nsec: 396000000
}
real_time {
  sec: 10
  nsec: 447325707
}
iterations: 2099
real_time_factor: 1.0012891597932339
step_size {
  nsec: 4000000
}

sim_time {
  sec: 8
  nsec: 500000000
}
real_time {
  sec: 10
  nsec: 551323577
}
iterations: 2125
real_time_factor: 0.99997075085553744
step_size {
  nsec: 4000000
}

sim_time {
  sec: 8
  nsec: 600000000
}
real_time {
  sec: 10
  nsec: 651324246
}
iterations: 2150
real_time_factor: 0.99988926226420427
step_size {
  nsec: 4000000
}

sim_time {
  sec: 8
  nsec: 704000000
}
real_time {
  sec: 10
  nsec: 755324421
}
iterations: 2176
real_time_factor: 0.99995450207015579
step_size {
  nsec: 4000000
}

sim_time {
  sec: 8
  nsec: 804000000
}
real_time {
  sec: 10
  nsec: 855325627
}
iterations: 2201
real_time_factor: 0.99989201166274044
step_size {
  nsec: 4000000
}

sim_time {
  sec: 8
  nsec: 908000000
}
real_time {
  sec: 10
  nsec: 959324747
}
iterations: 2227
real_time_factor: 1.0000262506890807
step_size {
  nsec: 4000000
}

sim_time {
  sec: 9
  nsec: 8000000
}
real_time {
  sec: 11
  nsec: 59325286
}
iterations: 2252
real_time_factor: 1.0000540029161575
step_size {
  nsec: 4000000
}

sim_time {
  sec: 9
  nsec: 108000000
}
real_time {
  sec: 11
  nsec: 159467547
}
iterations: 2277
real_time_factor: 0.96577160563875408
step_size {
  nsec: 4000000
}

sim_time {
  sec: 9
  nsec: 212000000
}
real_time {
  sec: 11
  nsec: 263324869
}
iterations: 2303
real_time_factor: 0.99999850000225
step_size {
  nsec: 4000000
}

sim_time {
  sec: 9
  nsec: 312000000
}
real_time {
  sec: 11
  nsec: 363325565
}
iterations: 2328
real_time_factor: 0.99963038666453075
step_size {
  nsec: 4000000
}

sim_time {
  sec: 9
  nsec: 416000000
}
real_time {
  sec: 11
  nsec: 467323824
}
iterations: 2354
real_time_factor: 1.0000582533932603
step_size {
  nsec: 4000000
}

sim_time {
  sec: 9
  nsec: 516000000
}
real_time {
  sec: 11
  nsec: 567330824
}
iterations: 2379
real_time_factor: 0.99875679747634127
step_size {
  nsec: 4000000
}

sim_time {
  sec: 9
  nsec: 620000000
}
real_time {
  sec: 11
  nsec: 671324305
}
iterations: 2405
real_time_factor: 0.99994975252493568
step_size {
  nsec: 4000000
}

sim_time {
  sec: 9
  nsec: 720000000
}
real_time {
  sec: 11
  nsec: 771324926
}
iterations: 2430
real_time_factor: 0.99986201904137229
step_size {
  nsec: 4000000
}

sim_time {
  sec: 9
  nsec: 820000000
}
real_time {
  sec: 11
  nsec: 871324391
}
iterations: 2455
real_time_factor: 1.00108041603901
step_size {
  nsec: 4000000
}

sim_time {
  sec: 9
  nsec: 920000000
}
real_time {
  sec: 11
  nsec: 971325864
}
iterations: 2480
real_time_factor: 1.0008950503988192
step_size {
  nsec: 4000000
}

sim_time {
  sec: 10
  nsec: 24000000
}
real_time {
  sec: 12
  nsec: 75323261
}
iterations: 2506
real_time_factor: 1.0000862574397043
step_size {
  nsec: 4000000
}

sim_time {
  sec: 10
  nsec: 124000000
}
real_time {
  sec: 12
  nsec: 175324076
}
iterations: 2531
real_time_factor: 1.0004081665319451
step_size {
  nsec: 4000000
}

sim_time {
  sec: 10
  nsec: 224000000
}
real_time {
  sec: 12
  nsec: 275324354
}
iterations: 2556
real_time_factor: 1.0000400016000639
step_size {
  nsec: 4000000
}

sim_time {
  sec: 10
  nsec: 324000000
}
real_time {
  sec: 12
  nsec: 375327937
}
iterations: 2581
real_time_factor: 0.99968360014055546
step_size {
  nsec: 4000000
}

sim_time {
  sec: 10
  nsec: 428000000
}
real_time {
  sec: 12
  nsec: 479323731
}
iterations: 2607
real_time_factor: 1.0000400016000639
step_size {
  nsec: 4000000
}

sim_time {
  sec: 10
  nsec: 528000000
}
real_time {
  sec: 12
  nsec: 579324527
}
iterations: 2632
real_time_factor: 0.99986201904137229
step_size {
  nsec: 4000000
}

sim_time {
  sec: 10
  nsec: 632000000
}
real_time {
  sec: 12
  nsec: 683324350
}
iterations: 2658
real_time_factor: 1.0000980096049412
step_size {
  nsec: 4000000
}

sim_time {
  sec: 10
  nsec: 732000000
}
real_time {
  sec: 12
  nsec: 783325109
}
iterations: 2683
real_time_factor: 0.99961864548674684
step_size {
  nsec: 4000000
}

sim_time {
  sec: 10
  nsec: 836000000
}
real_time {
  sec: 12
  nsec: 887325477
}
iterations: 2709
real_time_factor: 0.99986176911042046
step_size {
  nsec: 4000000
}

sim_time {
  sec: 10
  nsec: 940000000
}
real_time {
  sec: 12
  nsec: 991323651
}
iterations: 2735
real_time_factor: 1.0000562531642405
step_size {
  nsec: 4000000
}

sim_time {
  sec: 11
  nsec: 40000000
}
real_time {
  sec: 13
  nsec: 91323762
}
iterations: 2760
real_time_factor: 1.0000400016000639
step_size {
  nsec: 4000000
}

sim_time {
  sec: 11
  nsec: 140000000
}
real_time {
  sec: 13
  nsec: 191323983
}
iterations: 2785
real_time_factor: 1.0003248554968225
step_size {
  nsec: 4000000
}

sim_time {
  sec: 11
  nsec: 240000000
}
real_time {
  sec: 13
  nsec: 291325307
}
iterations: 2810
real_time_factor: 0.99959091741704709
step_size {
  nsec: 4000000
}

sim_time {
  sec: 11
  nsec: 344000000
}
real_time {
  sec: 13
  nsec: 395323747
}
iterations: 2836
real_time_factor: 1.0001280163860975
step_size {
  nsec: 4000000
}

sim_time {
  sec: 11
  nsec: 444000000
}
real_time {
  sec: 13
  nsec: 495324331
}
iterations: 2861
real_time_factor: 1.0001510228044435
step_size {
  nsec: 4000000
}

sim_time {
  sec: 11
  nsec: 548000000
}
real_time {
  sec: 13
  nsec: 599323716
}
iterations: 2887
real_time_factor: 1.0000607536907866
step_size {
  nsec: 4000000
}

sim_time {
  sec: 11
  nsec: 648000000
}
real_time {
  sec: 13
  nsec: 699323706
}
iterations: 2912
real_time_factor: 1.0000377514251162
step_size {
  nsec: 4000000
}

sim_time {
  sec: 11
  nsec: 748000000
}
real_time {
  sec: 13
  nsec: 799324539
}
iterations: 2937
real_time_factor: 1.000123265192435
step_size {
  nsec: 4000000
}

sim_time {
  sec: 11
  nsec: 848000000
}
real_time {
  sec: 13
  nsec: 899325112
}
iterations: 2962
real_time_factor: 0.9997183293607026
step_size {
  nsec: 4000000
}

sim_time {
  sec: 11
  nsec: 952000000
}
real_time {
  sec: 14
  nsec: 3324303
}
iterations: 2988
real_time_factor: 0.99982478070718106
step_size {
  nsec: 4000000
}

sim_time {
  sec: 12
  nsec: 56000000
}
real_time {
  sec: 14
  nsec: 107324985
}
iterations: 3014
real_time_factor: 0.99966261386781963
step_size {
  nsec: 4000000
}

sim_time {
  sec: 12
  nsec: 160000000
}
real_time {
  sec: 14
  nsec: 211323424
}
iterations: 3040
real_time_factor: 1.0000562531642405
step_size {
  nsec: 4000000
}

sim_time {
  sec: 12
  nsec: 260000000
}
real_time {
  sec: 14
  nsec: 311323932
}
iterations: 3065
real_time_factor: 1.0001025105073269
step_size {
  nsec: 4000000
}

sim_time {
  sec: 12
  nsec: 360000000
}
real_time {
  sec: 14
  nsec: 411327089
}
iterations: 3090
real_time_factor: 1.0014586244865646
step_size {
  nsec: 4000000
}

sim_time {
  sec: 12
  nsec: 464000000
}
real_time {
  sec: 14
  nsec: 515325315
}
iterations: 3116
real_time_factor: 0.99985951973747689
step_size {
  nsec: 4000000
}

sim_time {
  sec: 12
  nsec: 568000000
}
real_time {
  sec: 14
  nsec: 619325274
}
iterations: 3142
real_time_factor: 0.99995675187048161
step_size {
  nsec: 4000000
}

sim_time {
  sec: 12
  nsec: 668000000
}
real_time {
  sec: 14
  nsec: 719324346
}
iterations: 3167
real_time_factor: 1.001041082726035
step_size {
  nsec: 4000000
}

sim_time {
  sec: 12
  nsec: 772000000
}
real_time {
  sec: 14
  nsec: 823323814
}
iterations: 3193
real_time_factor: 1.0000725052566311
step_size {
  nsec: 4000000
}

sim_time {
  sec: 12
  nsec: 872000000
}
real_time {
  sec: 14
  nsec: 923324572
}
iterations: 3218
real_time_factor: 0.99997075085553744
step_size {
  nsec: 4000000
}

sim_time {
  sec: 12
  nsec: 972000000
}
real_time {
  sec: 15
  nsec: 23325645
}
iterations: 3243
real_time_factor: 1.000459210777747
step_size {
  nsec: 4000000
}

sim_time {
  sec: 13
  nsec: 76000000
}
real_time {
  sec: 15
  nsec: 127328037
}
iterations: 3269
real_time_factor: 0.99897629903756124
step_size {
  nsec: 4000000
}

sim_time {
  sec: 13
  nsec: 180000000
}
real_time {
  sec: 15
  nsec: 231324226
}
iterations: 3295
real_time_factor: 1.0002275517680272
step_size {
  nsec: 4000000
}

sim_time {
  sec: 13
  nsec: 284000000
}
real_time {
  sec: 15
  nsec: 335324101
}
iterations: 3321
real_time_factor: 1.0000862574397043
step_size {
  nsec: 4000000
}

sim_time {
  sec: 13
  nsec: 388000000
}
real_time {
  sec: 15
  nsec: 439324022
}
iterations: 3347
real_time_factor: 1.0000260006760175
step_size {
  nsec: 4000000
}

sim_time {
  sec: 13
  nsec: 492000000
}
real_time {
  sec: 15
  nsec: 543324136
}
iterations: 3373
real_time_factor: 1.0000307509455917
step_size {
  nsec: 4000000
}

sim_time {
  sec: 13
  nsec: 592000000
}
real_time {
  sec: 15
  nsec: 643324346
}
iterations: 3398
real_time_factor: 1.0001442708110646
step_size {
  nsec: 4000000
}

sim_time {
  sec: 13
  nsec: 692000000
}
real_time {
  sec: 15
  nsec: 743324048
}
iterations: 3423
real_time_factor: 0.99993600409573791
step_size {
  nsec: 4000000
}

sim_time {
  sec: 13
  nsec: 796000000
}
real_time {
  sec: 15
  nsec: 847324052
}
iterations: 3449
real_time_factor: 0.99997300072898032
step_size {
  nsec: 4000000
}

sim_time {
  sec: 13
  nsec: 896000000
}
real_time {
  sec: 15
  nsec: 947324966
}
iterations: 3474
real_time_factor: 0.99974606449961712
step_size {
  nsec: 4000000
}

sim_time {
  sec: 14
}
real_time {
  sec: 16
  nsec: 51323702
}
iterations: 3500
real_time_factor: 0.99998900012099867
step_size {
  nsec: 4000000
}

sim_time {
  sec: 14
  nsec: 100000000
}
real_time {
  sec: 16
  nsec: 151324421
}
iterations: 3525
real_time_factor: 1.037706088429162
step_size {
  nsec: 4000000
}

sim_time {
  sec: 14
  nsec: 204000000
}
real_time {
  sec: 16
  nsec: 255324034
}
iterations: 3551
real_time_factor: 1.0001372688401484
step_size {
  nsec: 4000000
}

sim_time {
  sec: 14
  nsec: 304000000
}
real_time {
  sec: 16
  nsec: 355328966
}
iterations: 3576
real_time_factor: 0.99906861828060789
step_size {
  nsec: 4000000
}

sim_time {
  sec: 14
  nsec: 408000000
}
real_time {
  sec: 16
  nsec: 459327043
}
iterations: 3602
real_time_factor: 0.9998690171587522
step_size {
  nsec: 4000000
}

sim_time {
  sec: 14
  nsec: 512000000
}
real_time {
  sec: 16
  nsec: 563752406
}
iterations: 3628
real_time_factor: 0.90380243240348634
step_size {
  nsec: 4000000
}

sim_time {
  sec: 14
  nsec: 616000000
}
real_time {
  sec: 16
  nsec: 667323577
}
iterations: 3654
real_time_factor: 1.0002227996286173
step_size {
  nsec: 4000000
}

sim_time {
  sec: 14
  nsec: 716000000
}
real_time {
  sec: 16
  nsec: 767324391
}
iterations: 3679
real_time_factor: 1.0002575663233282
step_size {
  nsec: 4000000
}

sim_time {
  sec: 14
  nsec: 820000000
}
real_time {
  sec: 16
  nsec: 871324110
}
iterations: 3705
real_time_factor: 0.999926505401853
step_size {
  nsec: 4000000
}

sim_time {
  sec: 14
  nsec: 920000000
}
real_time {
  sec: 16
  nsec: 971324115
}
iterations: 3730
real_time_factor: 0.99991975643954578
step_size {
  nsec: 4000000
}

sim_time {
  sec: 15
  nsec: 24000000
}
real_time {
  sec: 17
  nsec: 75323710
}
iterations: 3756
real_time_factor: 0.99994975252493568
step_size {
  nsec: 4000000
}

sim_time {
  sec: 15
  nsec: 128000000
}
real_time {
  sec: 17
  nsec: 179323343
}
iterations: 3782
real_time_factor: 1.000188285444735
step_size {
  nsec: 4000000
}

sim_time {
  sec: 15
  nsec: 228000000
}
real_time {
  sec: 17
  nsec: 279324384
}
iterations: 3807
real_time_factor: 0.99986176911042046
step_size {
  nsec: 4000000
}

sim_time {
  sec: 15
  nsec: 332000000
}
real_time {
  sec: 17
  nsec: 383323821
}
iterations: 3833
real_time_factor: 1.0000262506890807
step_size {
  nsec: 4000000
}

sim_time {
  sec: 15
  nsec: 432000000
}
real_time {
  sec: 17
  nsec: 483323947
}
iterations: 3858
real_time_factor: 0.99999150007224935
step_size {
  nsec: 4000000
}

sim_time {
  sec: 15
  nsec: 536000000
}
real_time {
  sec: 17
  nsec: 587323745
}
iterations: 3884
real_time_factor: 1.0000817566836089
step_size {
  nsec: 4000000
}

sim_time {
  sec: 15
  nsec: 636000000
}
real_time {
  sec: 17
  nsec: 687325555
}
iterations: 3909
real_time_factor: 0.9996928443735662
step_size {
  nsec: 4000000
}

sim_time {
  sec: 15
  nsec: 740000000
}
real_time {
  sec: 17
  nsec: 791323789
}
iterations: 3935
real_time_factor: 0.99996825100803044
step_size {
  nsec: 4000000
}

sim_time {
  sec: 15
  nsec: 840000000
}
real_time {
  sec: 17
  nsec: 891323794
}
iterations: 3960
real_time_factor: 1.00000050000025
step_size {
  nsec: 4000000
}

sim_time {
  sec: 15
  nsec: 944000000
}
real_time {
  sec: 17
  nsec: 995323693
}
iterations: 3986
real_time_factor: 1.000010000100001
step_size {
  nsec: 4000000
}

sim_time {
  sec: 16
  nsec: 44000000
}
real_time {
  sec: 18
  nsec: 95324976
}
iterations: 4011
real_time_factor: 0.99988726271112927
step_size {
  nsec: 4000000
}

sim_time {
  sec: 16
  nsec: 148000000
}
real_time {
  sec: 18
  nsec: 199324357
}
iterations: 4037
real_time_factor: 0.99997525061254733
step_size {
  nsec: 4000000
}

sim_time {
  sec: 16
  nsec: 252000000
}
real_time {
  sec: 18
  nsec: 303324719
}
iterations: 4063
real_time_factor: 0.99991975643954578
step_size {
  nsec: 4000000
}

sim_time {
  sec: 16
  nsec: 352000000
}
real_time {
  sec: 18
  nsec: 403325065
}
iterations: 4088
real_time_factor: 1.0001352682950369
step_size {
  nsec: 4000000
}

sim_time {
  sec: 16
  nsec: 456000000
}
real_time {
  sec: 18
  nsec: 507324465
}
iterations: 4114
real_time_factor: 1.0000075000562505
step_size {
  nsec: 4000000
}

sim_time {
  sec: 16
  nsec: 560000000
}
real_time {
  sec: 18
  nsec: 611326428
}
iterations: 4140
real_time_factor: 0.99940859996097309
step_size {
  nsec: 4000000
}

sim_time {
  sec: 16
  nsec: 664000000
}
real_time {
  sec: 18
  nsec: 715324114
}
iterations: 4166
real_time_factor: 0.99990150970129443
step_size {
  nsec: 4000000
}

sim_time {
  sec: 16
  nsec: 764000000
}
real_time {
  sec: 18
  nsec: 815323971
}
iterations: 4191
real_time_factor: 1.0000445019803381
step_size {
  nsec: 4000000
}

sim_time {
  sec: 16
  nsec: 868000000
}
real_time {
  sec: 18
  nsec: 919324157
}
iterations: 4217
real_time_factor: 1.0000052500275627
step_size {
  nsec: 4000000
}

sim_time {
  sec: 16
  nsec: 972000000
}
real_time {
  sec: 19
  nsec: 23323788
}
iterations: 4243
real_time_factor: 0.99994050354003938
step_size {
  nsec: 4000000
}

sim_time {
  sec: 17
  nsec: 72000000
}
real_time {
  sec: 19
  nsec: 123324253
}
iterations: 4268
real_time_factor: 1.0003528744764716
step_size {
  nsec: 4000000
}

sim_time {
  sec: 17
  nsec: 176000000
}
real_time {
  sec: 19
  nsec: 227323837
}
iterations: 4294
real_time_factor: 0.99999625001406245
step_size {
  nsec: 4000000
}

sim_time {
  sec: 17
  nsec: 280000000
}
real_time {
  sec: 19
  nsec: 331323559
}
iterations: 4320
real_time_factor: 1.0000540029161575
step_size {
  nsec: 4000000
}

sim_time {
  sec: 17
  nsec: 380000000
}
real_time {
  sec: 19
  nsec: 431324164
}
iterations: 4345
real_time_factor: 1.0000332511055992
step_size {
  nsec: 4000000
}

sim_time {
  sec: 17
  nsec: 480000000
}
real_time {
  sec: 19
  nsec: 531325482
}
iterations: 4370
real_time_factor: 0.99987801488218442
step_size {
  nsec: 4000000
}

sim_time {
  sec: 17
  nsec: 584000000
}
real_time {
  sec: 19
  nsec: 635324602
}
iterations: 4396
real_time_factor: 1.000014500210253
step_size {
  nsec: 4000000
}

sim_time {
  sec: 17
  nsec: 688000000
}
real_time {
  sec: 19
  nsec: 739326121
}
iterations: 4422
real_time_factor: 0.99944555757693421
step_size {
  nsec: 4000000
}

sim_time {
  sec: 17
  nsec: 788000000
}
real_time {
  sec: 19
  nsec: 839329438
}
iterations: 4447
real_time_factor: 0.99930223721286615
step_size {
  nsec: 4000000
}

sim_time {
  sec: 17
  nsec: 892000000
}
real_time {
  sec: 19
  nsec: 943323439
}
iterations: 4473
real_time_factor: 1.0000585034224503
step_size {
  nsec: 4000000
}

sim_time {
  sec: 17
  nsec: 992000000
}
real_time {
  sec: 20
  nsec: 43323701
}
iterations: 4498
real_time_factor: 0.999915007224386
step_size {
  nsec: 4000000
}

sim_time {
  sec: 18
  nsec: 96000000
}
real_time {
  sec: 20
  nsec: 147324145
}
iterations: 4524
real_time_factor: 0.99988501322347934
step_size {
  nsec: 4000000
}

sim_time {
  sec: 18
  nsec: 200000000
}
real_time {
  sec: 20
  nsec: 251323820
}
iterations: 4550
real_time_factor: 1.0000492524256819
step_size {
  nsec: 4000000
}

sim_time {
  sec: 18
  nsec: 300000000
}
real_time {
  sec: 20
  nsec: 351323776
}
iterations: 4575
real_time_factor: 0.99997975041005416
step_size {
  nsec: 4000000
}

sim_time {
  sec: 18
  nsec: 404000000
}
real_time {
  sec: 20
  nsec: 455324247
}
iterations: 4601
real_time_factor: 0.99989651071114138
step_size {
  nsec: 4000000
}

sim_time {
  sec: 18
  nsec: 504000000
}
real_time {
  sec: 20
  nsec: 555324971
}
iterations: 4626
real_time_factor: 0.999672107548724
step_size {
  nsec: 4000000
}

sim_time {
  sec: 18
  nsec: 608000000
}
real_time {
  sec: 20
  nsec: 659324248
}
iterations: 4652
real_time_factor: 1.0000655042905311
step_size {
  nsec: 4000000
}

sim_time {
  sec: 18
  nsec: 708000000
}
real_time {
  sec: 20
  nsec: 759331407
}
iterations: 4677
real_time_factor: 0.99832306682849481
step_size {
  nsec: 4000000
}

sim_time {
  sec: 18
  nsec: 812000000
}
real_time {
  sec: 20
  nsec: 863330231
}
iterations: 4703
real_time_factor: 0.99859971355167221
step_size {
  nsec: 4000000
}

sim_time {
  sec: 18
  nsec: 916000000
}
real_time {
  sec: 20
  nsec: 967324212
}
iterations: 4729
real_time_factor: 0.9998525217530414
step_size {
  nsec: 4000000
}

sim_time {
  sec: 19
  nsec: 16000000
}
real_time {
  sec: 21
  nsec: 67324658
}
iterations: 4754
real_time_factor: 0.99997525061254733
step_size {
  nsec: 4000000
}

sim_time {
  sec: 19
  nsec: 120000000
}
real_time {
  sec: 21
  nsec: 171323878
}
iterations: 4780
real_time_factor: 1.0000540029161575
step_size {
  nsec: 4000000
}

sim_time {
  sec: 19
  nsec: 220000000
}
real_time {
  sec: 21
  nsec: 271324379
}
iterations: 4805
real_time_factor: 0.99997975041005416
step_size {
  nsec: 4000000
}

sim_time {
  sec: 19
  nsec: 320000000
}
real_time {
  sec: 21
  nsec: 371324287
}
iterations: 4830
real_time_factor: 0.99995225227995366
step_size {
  nsec: 4000000
}

sim_time {
  sec: 19
  nsec: 424000000
}
real_time {
  sec: 21
  nsec: 475324110
}
iterations: 4856
real_time_factor: 1.0000677545903736
step_size {
  nsec: 4000000
}

sim_time {
  sec: 19
  nsec: 524000000
}
real_time {
  sec: 21
  nsec: 575331508
}
iterations: 4881
real_time_factor: 0.99839707349849816
step_size {
  nsec: 4000000
}

sim_time {
  sec: 19
  nsec: 628000000
}
real_time {
  sec: 21
  nsec: 679324942
}
iterations: 4907
real_time_factor: 0.99995225227995366
step_size {
  nsec: 4000000
}

sim_time {
  sec: 19
  nsec: 728000000
}
real_time {
  sec: 21
  nsec: 779325333
}
iterations: 4932
real_time_factor: 1.0014470910465623
step_size {
  nsec: 4000000
}

sim_time {
  sec: 19
  nsec: 828000000
}
real_time {
  sec: 21
  nsec: 879326972
}
iterations: 4957
real_time_factor: 1.0006306474655651
step_size {
  nsec: 4000000
}

sim_time {
  sec: 19
  nsec: 932000000
}
real_time {
  sec: 21
  nsec: 983324119
}
iterations: 4983
real_time_factor: 1.0001812828575178
step_size {
  nsec: 4000000
}

sim_time {
  sec: 20
  nsec: 36000000
}
real_time {
  sec: 22
  nsec: 87323769
}
iterations: 5009
real_time_factor: 1.0000910082817536
step_size {
  nsec: 4000000
}

sim_time {
  sec: 20
  nsec: 140000000
}
real_time {
  sec: 22
  nsec: 191324165
}
iterations: 5035
real_time_factor: 0.99999125007656187
step_size {
  nsec: 4000000
}

sim_time {
  sec: 20
  nsec: 240000000
}
real_time {
  sec: 22
  nsec: 291324887
}
iterations: 5060
real_time_factor: 0.99990350931135141
step_size {
  nsec: 4000000
}

sim_time {
  sec: 20
  nsec: 344000000
}
real_time {
  sec: 22
  nsec: 395323903
}
iterations: 5086
real_time_factor: 1.0000147502175658
step_size {
  nsec: 4000000
}

sim_time {
  sec: 20
  nsec: 444000000
}
real_time {
  sec: 22
  nsec: 495324653
}
iterations: 5111
real_time_factor: 0.99982028230425579
step_size {
  nsec: 4000000
}

sim_time {
  sec: 20
  nsec: 548000000
}
real_time {
  sec: 22
  nsec: 599323790
}
iterations: 5137
real_time_factor: 1.0001280163860975
step_size {
  nsec: 4000000
}

sim_time {
  sec: 20
  nsec: 652000000
}
real_time {
  sec: 22
  nsec: 703323416
}
iterations: 5163
real_time_factor: 1.0001605257643851
step_size {
  nsec: 4000000
}

sim_time {
  sec: 20
  nsec: 752000000
}
real_time {
  sec: 22
  nsec: 803323685
}
iterations: 5188
real_time_factor: 0.99999150007224935
step_size {
  nsec: 4000000
}

sim_time {
  sec: 20
  nsec: 856000000
}
real_time {
  sec: 22
  nsec: 907323709
}
iterations: 5214
real_time_factor: 0.99998025039005478
step_size {
  nsec: 4000000
}

sim_time {
  sec: 20
  nsec: 956000000
}
real_time {
  sec: 23
  nsec: 7323932
}
iterations: 5239
real_time_factor: 1.0000517526782011
step_size {
  nsec: 4000000
}

sim_time {
  sec: 21
  nsec: 56000000
}
real_time {
  sec: 23
  nsec: 107324172
}
iterations: 5264
real_time_factor: 0.99999625001406245
step_size {
  nsec: 4000000
}

sim_time {
  sec: 21
  nsec: 156000000
}
real_time {
  sec: 23
  nsec: 207324755
}
iterations: 5289
real_time_factor: 1.0000122501500643
step_size {
  nsec: 4000000
}

sim_time {
  sec: 21
  nsec: 260000000
}
real_time {
  sec: 23
  nsec: 311324529
}
iterations: 5315
real_time_factor: 0.999804038408472
step_size {
  nsec: 4000000
}

sim_time {
  sec: 21
  nsec: 360000000
}
real_time {
  sec: 23
  nsec: 411325176
}
iterations: 5340
real_time_factor: 0.99975780867084951
step_size {
  nsec: 4000000
}

sim_time {
  sec: 21
  nsec: 464000000
}
real_time {
  sec: 23
  nsec: 515324867
}
iterations: 5366
real_time_factor: 1.0000817566836089
step_size {
  nsec: 4000000
}

sim_time {
  sec: 21
  nsec: 568000000
}
real_time {
  sec: 23
  nsec: 619325752
}
iterations: 5392
real_time_factor: 0.99958891905703784
step_size {
  nsec: 4000000
}

sim_time {
  sec: 21
  nsec: 672000000
}
real_time {
  sec: 23
  nsec: 723324674
}
iterations: 5418
real_time_factor: 0.99988976215372261
step_size {
  nsec: 4000000
}

sim_time {
  sec: 21
  nsec: 772000000
}
real_time {
  sec: 23
  nsec: 823327951
}
iterations: 5443
real_time_factor: 0.99901571976210435
step_size {
  nsec: 4000000
}

sim_time {
  sec: 21
  nsec: 876000000
}
real_time {
  sec: 23
  nsec: 927324707
}
iterations: 5469
real_time_factor: 0.99987801488218442
step_size {
  nsec: 4000000
}

sim_time {
  sec: 21
  nsec: 980000000
}
real_time {
  sec: 24
  nsec: 31323999
}
iterations: 5495
real_time_factor: 0.99990375926317088
step_size {
  nsec: 4000000
}

sim_time {
  sec: 22
  nsec: 80000000
}
real_time {
  sec: 24
  nsec: 131324395
}
iterations: 5520
real_time_factor: 0.99997325071554333
step_size {
  nsec: 4000000
}

sim_time {
  sec: 22
  nsec: 184000000
}
real_time {
  sec: 24
  nsec: 235323669
}
iterations: 5546
real_time_factor: 1.0001790320467363
step_size {
  nsec: 4000000
}

sim_time {
  sec: 22
  nsec: 284000000
}
real_time {
  sec: 24
  nsec: 335325028
}
iterations: 5571
real_time_factor: 0.99974631437272787
step_size {
  nsec: 4000000
}

sim_time {
  sec: 22
  nsec: 388000000
}
real_time {
  sec: 24
  nsec: 439326162
}
iterations: 5597
real_time_factor: 0.999452549865811
step_size {
  nsec: 4000000
}

sim_time {
  sec: 22
  nsec: 492000000
}
real_time {
  sec: 24
  nsec: 543324028
}
iterations: 5623
real_time_factor: 1.0001117624894582
step_size {
  nsec: 4000000
}

sim_time {
  sec: 22
  nsec: 592000000
}
real_time {
  sec: 24
  nsec: 643328036
}
iterations: 5648
real_time_factor: 0.99912875972152282
step_size {
  nsec: 4000000
}

sim_time {
  sec: 22
  nsec: 696000000
}
real_time {
  sec: 24
  nsec: 747325253
}
iterations: 5674
real_time_factor: 1.000001000001
step_size {
  nsec: 4000000
}

sim_time {
  sec: 22
  nsec: 800000000
}
real_time {
  sec: 24
  nsec: 851323795
}
iterations: 5700
real_time_factor: 1.0000725052566311
step_size {
  nsec: 4000000
}

sim_time {
  sec: 22
  nsec: 904000000
}
real_time {
  sec: 24
  nsec: 955323947
}
iterations: 5726
real_time_factor: 0.99993850378201743
step_size {
  nsec: 4000000
}

sim_time {
  sec: 23
  nsec: 8000000
}
real_time {
  sec: 25
  nsec: 59323637
}
iterations: 5752
real_time_factor: 1.0000192503705696
step_size {
  nsec: 4000000
}

sim_time {
  sec: 23
  nsec: 108000000
}
real_time {
  sec: 25
  nsec: 159327560
}
iterations: 5777
real_time_factor: 0.999304484079081
step_size {
  nsec: 4000000
}

sim_time {
  sec: 23
  nsec: 212000000
}
real_time {
  sec: 25
  nsec: 263323526
}
iterations: 5803
real_time_factor: 1.0000380014440549
step_size {
  nsec: 4000000
}

sim_time {
  sec: 23
  nsec: 316000000
}
real_time {
  sec: 25
  nsec: 367323854
}
iterations: 5829
real_time_factor: 0.99991750680568858
step_size {
  nsec: 4000000
}

sim_time {
  sec: 23
  nsec: 420000000
}
real_time {
  sec: 25
  nsec: 471323617
}
iterations: 5855
real_time_factor: 1.0000147502175658
step_size {
  nsec: 4000000
}

sim_time {
  sec: 23
  nsec: 520000000
}
real_time {
  sec: 25
  nsec: 571324170
}
iterations: 5880
real_time_factor: 1.0000725052566311
step_size {
  nsec: 4000000
}

sim_time {
  sec: 23
  nsec: 620000000
}
real_time {
  sec: 25
  nsec: 671324584
}
iterations: 5905
real_time_factor: 1.0000635040325061
step_size {
  nsec: 4000000
}

sim_time {
  sec: 23
  nsec: 720000000
}
real_time {
  sec: 25
  nsec: 771326026
}
iterations: 5930
real_time_factor: 0.999554198827323
step_size {
  nsec: 4000000
}

sim_time {
  sec: 23
  nsec: 824000000
}
real_time {
  sec: 25
  nsec: 875325585
}
iterations: 5956
real_time_factor: 0.99988726271112927
step_size {
  nsec: 4000000
}

sim_time {
  sec: 23
  nsec: 928000000
}
real_time {
  sec: 25
  nsec: 979323838
}
iterations: 5982
real_time_factor: 1.0002303030272721
step_size {
  nsec: 4000000
}

sim_time {
  sec: 24
  nsec: 28000000
}
real_time {
  sec: 26
  nsec: 79324150
}
iterations: 6007
real_time_factor: 0.99995925166049482
step_size {
  nsec: 4000000
}

sim_time {
  sec: 24
  nsec: 132000000
}
real_time {
  sec: 26
  nsec: 183323699
}
iterations: 6033
real_time_factor: 1.0000517526782011
step_size {
  nsec: 4000000
}

sim_time {
  sec: 24
  nsec: 232000000
}
real_time {
  sec: 26
  nsec: 283324269
}
iterations: 6058
real_time_factor: 0.99997550060023532
step_size {
  nsec: 4000000
}

sim_time {
  sec: 24
  nsec: 336000000
}
real_time {
  sec: 26
  nsec: 387326189
}
iterations: 6084
real_time_factor: 0.99963962991341626
step_size {
  nsec: 4000000
}

sim_time {
  sec: 24
  nsec: 440000000
}
real_time {
  sec: 26
  nsec: 491324044
}
iterations: 6110
real_time_factor: 1.0001350182274606
step_size {
  nsec: 4000000
}

sim_time {
  sec: 24
  nsec: 540000000
}
real_time {
  sec: 26
  nsec: 591324494
}
iterations: 6135
real_time_factor: 1.0004151722965031
step_size {
  nsec: 4000000
}

sim_time {
  sec: 24
  nsec: 640000000
}
real_time {
  sec: 26
  nsec: 691325537
}
iterations: 6160
real_time_factor: 0.99977605016476312
step_size {
  nsec: 4000000
}

sim_time {
  sec: 24
  nsec: 740000000
}
real_time {
  sec: 26
  nsec: 791328033
}
iterations: 6185
real_time_factor: 0.99982028230425579
step_size {
  nsec: 4000000
}

sim_time {
  sec: 24
  nsec: 844000000
}
real_time {
  sec: 26
  nsec: 895324202
}
iterations: 6211
real_time_factor: 0.9999315046919286
step_size {
  nsec: 4000000
}

sim_time {
  sec: 24
  nsec: 948000000
}
real_time {
  sec: 26
  nsec: 999324084
}
iterations: 6237
real_time_factor: 0.99999625001406245
step_size {
  nsec: 4000000
}

sim_time {
  sec: 25
  nsec: 48000000
}
real_time {
  sec: 27
  nsec: 99325561
}
iterations: 6262
real_time_factor: 0.99957293246460455
step_size {
  nsec: 4000000
}

sim_time {
  sec: 25
  nsec: 152000000
}
real_time {
  sec: 27
  nsec: 203324984
}
iterations: 6288
real_time_factor: 0.99999625001406245
step_size {
  nsec: 4000000
}

sim_time {
  sec: 25
  nsec: 256000000
}
real_time {
  sec: 27
  nsec: 307324894
}
iterations: 6314
real_time_factor: 0.99998225031505694
step_size {
  nsec: 4000000
}

sim_time {
  sec: 25
  nsec: 360000000
}
real_time {
  sec: 27
  nsec: 411325395
}
iterations: 6340
real_time_factor: 0.99981828302705988
step_size {
  nsec: 4000000
}

sim_time {
  sec: 25
  nsec: 464000000
}
real_time {
  sec: 27
  nsec: 515324749
}
iterations: 6366
real_time_factor: 0.99994750275610533
step_size {
  nsec: 4000000
}

sim_time {
  sec: 25
  nsec: 568000000
}
real_time {
  sec: 27
  nsec: 619325140
}
iterations: 6392
real_time_factor: 0.99978079806002529
step_size {
  nsec: 4000000
}

sim_time {
  sec: 25
  nsec: 672000000
}
real_time {
  sec: 27
  nsec: 723325734
}
iterations: 6418
real_time_factor: 0.99971608063310025
step_size {
  nsec: 4000000
}

sim_time {
  sec: 25
  nsec: 776000000
}
real_time {
  sec: 27
  nsec: 827325337
}
iterations: 6444
real_time_factor: 1.0000842570986606
step_size {
  nsec: 4000000
}

sim_time {
  sec: 25
  nsec: 880000000
}
real_time {
  sec: 27
  nsec: 931324571
}
iterations: 6470
real_time_factor: 1.0001165135738312
step_size {
  nsec: 4000000
}

sim_time {
  sec: 25
  nsec: 980000000
}
real_time {
  sec: 28
  nsec: 31324502
}
iterations: 6495
real_time_factor: 1.00007475558798
step_size {
  nsec: 4000000
}

sim_time {
  sec: 26
  nsec: 80000000
}
real_time {
  sec: 28
  nsec: 131326106
}
iterations: 6520
real_time_factor: 0.99970483714683245
step_size {
  nsec: 4000000
}

sim_time {
  sec: 26
  nsec: 184000000
}
real_time {
  sec: 28
  nsec: 235323636
}
iterations: 6546
real_time_factor: 1.0001372688401484
step_size {
  nsec: 4000000
}

sim_time {
  sec: 26
  nsec: 284000000
}
real_time {
  sec: 28
  nsec: 335325334
}
iterations: 6571
real_time_factor: 1.0002785775838572
step_size {
  nsec: 4000000
}

sim_time {
  sec: 26
  nsec: 388000000
}
real_time {
  sec: 28
  nsec: 439324047
}
iterations: 6597
real_time_factor: 0.99999850000225
step_size {
  nsec: 4000000
}

sim_time {
  sec: 26
  nsec: 488000000
}
real_time {
  sec: 28
  nsec: 539324764
}
iterations: 6622
real_time_factor: 0.99974156680498094
step_size {
  nsec: 4000000
}

sim_time {
  sec: 26
  nsec: 588000000
}
real_time {
  sec: 28
  nsec: 639325352
}
iterations: 6647
real_time_factor: 0.99988476328103182
step_size {
  nsec: 4000000
}

sim_time {
  sec: 26
  nsec: 692000000
}
real_time {
  sec: 28
  nsec: 743324046
}
iterations: 6673
real_time_factor: 1.0000287508265862
step_size {
  nsec: 4000000
}

sim_time {
  sec: 26
  nsec: 792000000
}
real_time {
  sec: 28
  nsec: 843326800
}
iterations: 6698
real_time_factor: 1.0003366132703655
step_size {
  nsec: 4000000
}

sim_time {
  sec: 26
  nsec: 896000000
}
real_time {
  sec: 28
  nsec: 947324430
}
iterations: 6724
real_time_factor: 0.99999850000225
step_size {
  nsec: 4000000
}

sim_time {
  sec: 26
  nsec: 996000000
}
real_time {
  sec: 29
  nsec: 47328545
}
iterations: 6749
real_time_factor: 0.99917518088817681
step_size {
  nsec: 4000000
}

sim_time {
  sec: 27
  nsec: 100000000
}
real_time {
  sec: 29
  nsec: 151323712
}
iterations: 6775
real_time_factor: 1.0001765311577493
step_size {
  nsec: 4000000
}

sim_time {
  sec: 27
  nsec: 200000000
}
real_time {
  sec: 29
  nsec: 251324659
}
iterations: 6800
real_time_factor: 1.000290084124396
step_size {
  nsec: 4000000
}

sim_time {
  sec: 27
  nsec: 300000000
}
real_time {
  sec: 29
  nsec: 351325875
}
iterations: 6825
real_time_factor: 0.99960290774489835
step_size {
  nsec: 4000000
}

sim_time {
  sec: 27
  nsec: 404000000
}
real_time {
  sec: 29
  nsec: 455324041
}
iterations: 6851
real_time_factor: 0.99985976966730417
step_size {
  nsec: 4000000
}

sim_time {
  sec: 27
  nsec: 508000000
}
real_time {
  sec: 29
  nsec: 559323588
}
iterations: 6877
real_time_factor: 1.0000817566836089
step_size {
  nsec: 4000000
}

sim_time {
  sec: 27
  nsec: 608000000
}
real_time {
  sec: 29
  nsec: 659324989
}
iterations: 6902
real_time_factor: 0.999827279837408
step_size {
  nsec: 4000000
}

sim_time {
  sec: 27
  nsec: 712000000
}
real_time {
  sec: 29
  nsec: 763323785
}
iterations: 6928
real_time_factor: 1.0000332511055992
step_size {
  nsec: 4000000
}

sim_time {
  sec: 27
  nsec: 812000000
}
real_time {
  sec: 29
  nsec: 863752703
}
iterations: 6953
real_time_factor: 0.90334705893910472
step_size {
  nsec: 4000000
}

sim_time {
  sec: 27
  nsec: 916000000
}
real_time {
  sec: 29
  nsec: 967325482
}
iterations: 6979
real_time_factor: 1.0018418863079772
step_size {
  nsec: 4000000
}

sim_time {
  sec: 28
  nsec: 20000000
}
real_time {
  sec: 30
  nsec: 71323972
}
iterations: 7005
real_time_factor: 1.0000402516201277
step_size {
  nsec: 4000000
}

sim_time {
  sec: 28
  nsec: 124000000
}
real_time {
  sec: 30
  nsec: 175324109
}
iterations: 7031
real_time_factor: 1.0000032500105625
step_size {
  nsec: 4000000
}

sim_time {
  sec: 28
  nsec: 228000000
}
real_time {
  sec: 30
  nsec: 279324914
}
iterations: 7057
real_time_factor: 0.99978329697038171
step_size {
  nsec: 4000000
}

sim_time {
  sec: 28
  nsec: 332000000
}
real_time {
  sec: 30
  nsec: 383324228
}
iterations: 7083
real_time_factor: 0.99999125007656187
step_size {
  nsec: 4000000
}

sim_time {
  sec: 28
  nsec: 432000000
}
real_time {
  sec: 30
  nsec: 483324415
}
iterations: 7108
real_time_factor: 0.99996375131401483
step_size {
  nsec: 4000000
}

sim_time {
  sec: 28
  nsec: 536000000
}
real_time {
  sec: 30
  nsec: 587325006
}
iterations: 7134
real_time_factor: 0.99981353477576429
step_size {
  nsec: 4000000
}

sim_time {
  sec: 28
  nsec: 636000000
}
real_time {
  sec: 30
  nsec: 687325313
}
iterations: 7159
real_time_factor: 0.99976505521202519
step_size {
  nsec: 4000000
}

sim_time {
  sec: 28
  nsec: 740000000
}
real_time {
  sec: 30
  nsec: 791324785
}
iterations: 7185
real_time_factor: 0.99972557532957207
step_size {
  nsec: 4000000
}

sim_time {
  sec: 28
  nsec: 844000000
}
real_time {
  sec: 30
  nsec: 895324034
}
iterations: 7211
real_time_factor: 1.0000585034224503
step_size {
  nsec: 4000000
}

sim_time {
  sec: 28
  nsec: 944000000
}
real_time {
  sec: 30
  nsec: 995324193
}
iterations: 7236
real_time_factor: 1.0002648201111244
step_size {
  nsec: 4000000
}

sim_time {
  sec: 29
  nsec: 48000000
}
real_time {
  sec: 31
  nsec: 99324681
}
iterations: 7262
real_time_factor: 0.9998715165101284
step_size {
  nsec: 4000000
}

sim_time {
  sec: 29
  nsec: 152000000
}
real_time {
  sec: 31
  nsec: 203324087
}
iterations: 7288
real_time_factor: 0.99995450207015579
step_size {
  nsec: 4000000
}

sim_time {
  sec: 29
  nsec: 256000000
}
real_time {
  sec: 31
  nsec: 307323539
}
iterations: 7314
real_time_factor: 1.000007750060063
step_size {
  nsec: 4000000
}

sim_time {
  sec: 29
  nsec: 356000000
}
real_time {
  sec: 31
  nsec: 407323735
}
iterations: 7339
real_time_factor: 0.99998900012099867
step_size {
  nsec: 4000000
}

sim_time {
  sec: 29
  nsec: 456000000
}
real_time {
  sec: 31
  nsec: 507323652
}
iterations: 7364
real_time_factor: 1.0001650272294929
step_size {
  nsec: 4000000
}

sim_time {
  sec: 29
  nsec: 556000000
}
real_time {
  sec: 31
  nsec: 607324347
}
iterations: 7389
real_time_factor: 0.9999895001102489
step_size {
  nsec: 4000000
}

sim_time {
  sec: 29
  nsec: 656000000
}
real_time {
  sec: 31
  nsec: 707325664
}
iterations: 7414
real_time_factor: 1.0001047609737119
step_size {
  nsec: 4000000
}

sim_time {
  sec: 29
  nsec: 760000000
}
real_time {
  sec: 31
  nsec: 811324375
}
iterations: 7440
real_time_factor: 1.0000770059294566
step_size {
  nsec: 4000000
}

sim_time {
  sec: 29
  nsec: 864000000
}
real_time {
  sec: 31
  nsec: 915323734
}
iterations: 7466
real_time_factor: 0.99994500302483369
step_size {
  nsec: 4000000
}

sim_time {
  sec: 29
  nsec: 964000000
}
real_time {
  sec: 32
  nsec: 15327660
}
iterations: 7491
real_time_factor: 0.9996004097362079
step_size {
  nsec: 4000000
}

sim_time {
  sec: 30
  nsec: 68000000
}
real_time {
  sec: 32
  nsec: 119324157
}
iterations: 7517
real_time_factor: 1.0000705049706005
step_size {
  nsec: 4000000
}

sim_time {
  sec: 30
  nsec: 168000000
}
real_time {
  sec: 32
  nsec: 219326204
}
iterations: 7542
real_time_factor: 0.99990600883516945
step_size {
  nsec: 4000000
}

sim_time {
  sec: 30
  nsec: 272000000
}
real_time {
  sec: 32
  nsec: 323323942
}
iterations: 7568
real_time_factor: 1.0001697788199546
step_size {
  nsec: 4000000
}

sim_time {
  sec: 30
  nsec: 372000000
}
real_time {
  sec: 32
  nsec: 423324426
}
iterations: 7593
real_time_factor: 0.99996850099221879
step_size {
  nsec: 4000000
}

sim_time {
  sec: 30
  nsec: 476000000
}
real_time {
  sec: 32
  nsec: 527324416
}
iterations: 7619
real_time_factor: 0.99993850378201743
step_size {
  nsec: 4000000
}

sim_time {
  sec: 30
  nsec: 576000000
}
real_time {
  sec: 32
  nsec: 627325314
}
iterations: 7644
real_time_factor: 0.99980203919623911
step_size {
  nsec: 4000000
}

sim_time {
  sec: 30
  nsec: 680000000
}
real_time {
  sec: 32
  nsec: 731324802
}
iterations: 7670
real_time_factor: 0.999857270374654
step_size {
  nsec: 4000000
}

sim_time {
  sec: 30
  nsec: 784000000
}
real_time {
  sec: 32
  nsec: 835324938
}
iterations: 7696
real_time_factor: 0.99981803311797257
step_size {
  nsec: 4000000
}

sim_time {
  sec: 30
  nsec: 888000000
}
real_time {
  sec: 32
  nsec: 939324055
}
iterations: 7722
real_time_factor: 1.0000380014440549
step_size {
  nsec: 4000000
}

sim_time {
  sec: 30
  nsec: 988000000
}
real_time {
  sec: 33
  nsec: 39324028
}
iterations: 7747
real_time_factor: 1.0003293584412667
step_size {
  nsec: 4000000
}

sim_time {
  sec: 31
  nsec: 88000000
}
real_time {
  sec: 33
  nsec: 139324916
}
iterations: 7772
real_time_factor: 1.0001072615037963
step_size {
  nsec: 4000000
}

sim_time {
  sec: 31
  nsec: 188000000
}
real_time {
  sec: 33
  nsec: 239331212
}
iterations: 7797
real_time_factor: 0.99901771583090926
step_size {
  nsec: 4000000
}

sim_time {
  sec: 31
  nsec: 292000000
}
real_time {
  sec: 33
  nsec: 343323504
}
iterations: 7823
real_time_factor: 1.0000655042905311
step_size {
  nsec: 4000000
}

sim_time {
  sec: 31
  nsec: 392000000
}
real_time {
  sec: 33
  nsec: 443323567
}
iterations: 7848
real_time_factor: 1.0000797563605697
step_size {
  nsec: 4000000
}

sim_time {
  sec: 31
  nsec: 492000000
}
real_time {
  sec: 33
  nsec: 543323771
}
iterations: 7873
real_time_factor: 1.0001047609737119
step_size {
  nsec: 4000000
}

sim_time {
  sec: 31
  nsec: 592000000
}
real_time {
  sec: 33
  nsec: 643324890
}
iterations: 7898
real_time_factor: 0.99984127519756238
step_size {
  nsec: 4000000
}

sim_time {
  sec: 31
  nsec: 692000000
}
real_time {
  sec: 33
  nsec: 743325704
}
iterations: 7923
real_time_factor: 1.0018702412728961
step_size {
  nsec: 4000000
}

sim_time {
  sec: 31
  nsec: 796000000
}
real_time {
  sec: 33
  nsec: 847323821
}
iterations: 7949
real_time_factor: 1.0000287508265862
step_size {
  nsec: 4000000
}

sim_time {
  sec: 31
  nsec: 896000000
}
real_time {
  sec: 33
  nsec: 947326690
}
iterations: 7974
real_time_factor: 0.99949425590651131
step_size {
  nsec: 4000000
}

sim_time {
  sec: 32
}
real_time {
  sec: 34
  nsec: 51324788
}
iterations: 8000
real_time_factor: 0.99982503061964156
step_size {
  nsec: 4000000
}

sim_time {
  sec: 32
  nsec: 104000000
}
real_time {
  sec: 34
  nsec: 155324070
}
iterations: 8026
real_time_factor: 0.99989676065946187
step_size {
  nsec: 4000000
}

sim_time {
  sec: 32
  nsec: 208000000
}
real_time {
  sec: 34
  nsec: 259323028
}
iterations: 8052
real_time_factor: 1.0001697788199546
step_size {
  nsec: 4000000
}

sim_time {
  sec: 32
  nsec: 308000000
}
real_time {
  sec: 34
  nsec: 359324091
}
iterations: 8077
real_time_factor: 1.0000865074828973
step_size {
  nsec: 4000000
}

sim_time {
  sec: 32
  nsec: 412000000
}
real_time {
  sec: 34
  nsec: 463323669
}
iterations: 8103
real_time_factor: 1.0000935087430676
step_size {
  nsec: 4000000
}

sim_time {
  sec: 32
  nsec: 512000000
}
real_time {
  sec: 34
  nsec: 563324585
}
iterations: 8128
real_time_factor: 1.000123265192435
step_size {
  nsec: 4000000
}

sim_time {
  sec: 32
  nsec: 612000000
}
real_time {
  sec: 34
  nsec: 663324740
}
iterations: 8153
real_time_factor: 1.0002440595505304
step_size {
  nsec: 4000000
}

sim_time {
  sec: 32
  nsec: 716000000
}
real_time {
  sec: 34
  nsec: 767324355
}
iterations: 8179
real_time_factor: 0.9999407535103545
step_size {
  nsec: 4000000
}

sim_time {
  sec: 32
  nsec: 820000000
}
real_time {
  sec: 34
  nsec: 871323934
}
iterations: 8205
real_time_factor: 1.000017000289005
step_size {
  nsec: 4000000
}

sim_time {
  sec: 32
  nsec: 920000000
}
real_time {
  sec: 34
  nsec: 971324284
}
iterations: 8230
real_time_factor: 0.999908508371484
step_size {
  nsec: 4000000
}

sim_time {
  sec: 33
  nsec: 20000000
}
real_time {
  sec: 35
  nsec: 71332662
}
iterations: 8255
real_time_factor: 1.1270875775224924
step_size {
  nsec: 4000000
}

sim_time {
  sec: 33
  nsec: 124000000
}
real_time {
  sec: 35
  nsec: 175324119
}
iterations: 8281
real_time_factor: 1.0000840070565928
step_size {
  nsec: 4000000
}

sim_time {
  sec: 33
  nsec: 224000000
}
real_time {
  sec: 35
  nsec: 275324349
}
iterations: 8306
real_time_factor: 1.0000445019803381
step_size {
  nsec: 4000000
}

sim_time {
  sec: 33
  nsec: 328000000
}
real_time {
  sec: 35
  nsec: 379324324
}
iterations: 8332
real_time_factor: 0.99993125472623756
step_size {
  nsec: 4000000
}

sim_time {
  sec: 33
  nsec: 432000000
}
real_time {
  sec: 35
  nsec: 483323503
}
iterations: 8358
real_time_factor: 1.0000540029161575
step_size {
  nsec: 4000000
}

sim_time {
  sec: 33
  nsec: 532000000
}
real_time {
  sec: 35
  nsec: 583324185
}
iterations: 8383
real_time_factor: 1.0000520027041406
step_size {
  nsec: 4000000
}

sim_time {
  sec: 33
  nsec: 636000000
}
real_time {
  sec: 35
  nsec: 687325068
}
iterations: 8409
real_time_factor: 0.99972782409988881
step_size {
  nsec: 4000000
}

sim_time {
  sec: 33
  nsec: 736000000
}
real_time {
  sec: 35
  nsec: 787327168
}
iterations: 8434
real_time_factor: 0.99917518088817681
step_size {
  nsec: 4000000
}

sim_time {
  sec: 33
  nsec: 840000000
}
real_time {
  sec: 35
  nsec: 891323939
}
iterations: 8460
real_time_factor: 1.0009463948162989
step_size {
  nsec: 4000000
}

sim_time {
  sec: 33
  nsec: 940000000
}
real_time {
  sec: 35
  nsec: 991324122
}
iterations: 8485
real_time_factor: 0.99995475204746986
step_size {
  nsec: 4000000
}

sim_time {
  sec: 34
  nsec: 44000000
}
real_time {
  sec: 36
  nsec: 95324337
}
iterations: 8511
real_time_factor: 0.999878264821258
step_size {
  nsec: 4000000
}

sim_time {
  sec: 34
  nsec: 148000000
}
real_time {
  sec: 36
  nsec: 199324859
}
iterations: 8537
real_time_factor: 0.99976455544719223
step_size {
  nsec: 4000000
}

sim_time {
  sec: 34
  nsec: 252000000
}
real_time {
  sec: 36
  nsec: 303330352
}
iterations: 8563
real_time_factor: 0.99848479931703638
step_size {
  nsec: 4000000
}

sim_time {
  sec: 34
  nsec: 356000000
}
real_time {
  sec: 36
  nsec: 407325002
}
iterations: 8589
real_time_factor: 1.0000427518276407
step_size {
  nsec: 4000000
}

sim_time {
  sec: 34
  nsec: 460000000
}
real_time {
  sec: 36
  nsec: 511324820
}
iterations: 8615
real_time_factor: 0.99991275761189835
step_size {
  nsec: 4000000
}

sim_time {
  sec: 34
  nsec: 564000000
}
real_time {
  sec: 36
  nsec: 615323757
}
iterations: 8641
real_time_factor: 1.0000635040325061
step_size {
  nsec: 4000000
}

sim_time {
  sec: 34
  nsec: 664000000
}
real_time {
  sec: 36
  nsec: 715324402
}
iterations: 8666
real_time_factor: 1.0010157807635298
step_size {
  nsec: 4000000
}

sim_time {
  sec: 34
  nsec: 768000000
}
real_time {
  sec: 36
  nsec: 819324006
}
iterations: 8692
real_time_factor: 1.0000310009610298
step_size {
  nsec: 4000000
}

sim_time {
  sec: 34
  nsec: 868000000
}
real_time {
  sec: 36
  nsec: 919324614
}
iterations: 8717
real_time_factor: 0.99980653743500636
step_size {
  nsec: 4000000
}

sim_time {
  sec: 34
  nsec: 968000000
}
real_time {
  sec: 37
  nsec: 19329333
}
iterations: 8742
real_time_factor: 0.99865306667632037
step_size {
  nsec: 4000000
}

sim_time {
  sec: 35
  nsec: 72000000
}
real_time {
  sec: 37
  nsec: 123323649
}
iterations: 8768
real_time_factor: 1.0000032500105625
step_size {
  nsec: 4000000
}

sim_time {
  sec: 35
  nsec: 176000000
}
real_time {
  sec: 37
  nsec: 227323780
}
iterations: 8794
real_time_factor: 1.0000032500105625
step_size {
  nsec: 4000000
}

sim_time {
  sec: 35
  nsec: 276000000
}
real_time {
  sec: 37
  nsec: 327323942
}
iterations: 8819
real_time_factor: 1.0000147502175658
step_size {
  nsec: 4000000
}

sim_time {
  sec: 35
  nsec: 376000000
}
real_time {
  sec: 37
  nsec: 427324151
}
iterations: 8844
real_time_factor: 1.000112012545405
step_size {
  nsec: 4000000
}

sim_time {
  sec: 35
  nsec: 480000000
}
real_time {
  sec: 37
  nsec: 531324026
}
iterations: 8870
real_time_factor: 1.0000260006760175
step_size {
  nsec: 4000000
}

sim_time {
  sec: 35
  nsec: 580000000
}
real_time {
  sec: 37
  nsec: 631324404
}
iterations: 8895
real_time_factor: 0.99997050087022432
step_size {
  nsec: 4000000
}

sim_time {
  sec: 35
  nsec: 684000000
}
real_time {
  sec: 37
  nsec: 735324572
}
iterations: 8921
real_time_factor: 0.99992675536516951
step_size {
  nsec: 4000000
}

sim_time {
  sec: 35
  nsec: 788000000
}
real_time {
  sec: 37
  nsec: 839324434
}
iterations: 8947
real_time_factor: 0.99992450569981961
step_size {
  nsec: 4000000
}

sim_time {
  sec: 35
  nsec: 888000000
}
real_time {
  sec: 37
  nsec: 939324485
}
iterations: 8972
real_time_factor: 0.99997100084097557
step_size {
  nsec: 4000000
}

sim_time {
  sec: 35
  nsec: 992000000
}
real_time {
  sec: 38
  nsec: 43323783
}
iterations: 8998
real_time_factor: 1.0000447520026521
step_size {
  nsec: 4000000
}

sim_time {
  sec: 36
  nsec: 96000000
}
real_time {
  sec: 38
  nsec: 147323710
}
iterations: 9024
real_time_factor: 0.99993575412779734
step_size {
  nsec: 4000000
}

sim_time {
  sec: 36
  nsec: 200000000
}
real_time {
  sec: 38
  nsec: 251323553
}
iterations: 9050
real_time_factor: 1.0000842570986606
step_size {
  nsec: 4000000
}

sim_time {
  sec: 36
  nsec: 300000000
}
real_time {
  sec: 38
  nsec: 351323918
}
iterations: 9075
real_time_factor: 1.0000542529432221
step_size {
  nsec: 4000000
}

sim_time {
  sec: 36
  nsec: 400000000
}
real_time {
  sec: 38
  nsec: 451323764
}
iterations: 9100
real_time_factor: 1.0000935087430676
step_size {
  nsec: 4000000
}

sim_time {
  sec: 36
  nsec: 504000000
}
real_time {
  sec: 38
  nsec: 555324116
}
iterations: 9126
real_time_factor: 1.0000032500105625
step_size {
  nsec: 4000000
}

sim_time {
  sec: 36
  nsec: 604000000
}
real_time {
  sec: 38
  nsec: 655332185
}
iterations: 9151
real_time_factor: 0.99819401747388536
step_size {
  nsec: 4000000
}

sim_time {
  sec: 36
  nsec: 708000000
}
real_time {
  sec: 38
  nsec: 759323991
}
iterations: 9177
real_time_factor: 0.99998700016899777
step_size {
  nsec: 4000000
}

sim_time {
  sec: 36
  nsec: 812000000
}
real_time {
  sec: 38
  nsec: 863324048
}
iterations: 9203
real_time_factor: 1.000047252232668
step_size {
  nsec: 4000000
}

sim_time {
  sec: 36
  nsec: 916000000
}
real_time {
  sec: 38
  nsec: 967323678
}
iterations: 9229
real_time_factor: 0.99995675187048161
step_size {
  nsec: 4000000
}

sim_time {
  sec: 37
  nsec: 20000000
}
real_time {
  sec: 39
  nsec: 71625149
}
iterations: 9255
real_time_factor: 0.929887202357636
step_size {
  nsec: 4000000
}

sim_time {
  sec: 37
  nsec: 124000000
}
real_time {
  sec: 39
  nsec: 175785759
}
iterations: 9281
real_time_factor: 0.89654197037959815
step_size {
  nsec: 4000000
}

sim_time {
  sec: 37
  nsec: 228000000
}
real_time {
  sec: 39
  nsec: 279325918
}
iterations: 9307
real_time_factor: 0.99941534202491544
step_size {
  nsec: 4000000
}

sim_time {
  sec: 37
  nsec: 332000000
}
real_time {
  sec: 39
  nsec: 383329723
}
iterations: 9333
real_time_factor: 0.99867176655048784
step_size {
  nsec: 4000000
}

sim_time {
  sec: 37
  nsec: 436000000
}
real_time {
  sec: 39
  nsec: 487327018
}
iterations: 9359
real_time_factor: 0.99975106198556563
step_size {
  nsec: 4000000
}

sim_time {
  sec: 37
  nsec: 540000000
}
real_time {
  sec: 39
  nsec: 591326398
}
iterations: 9385
real_time_factor: 0.999927005328611
step_size {
  nsec: 4000000
}

sim_time {
  sec: 37
  nsec: 644000000
}
real_time {
  sec: 39
  nsec: 695324055
}
iterations: 9411
real_time_factor: 0.999980000399992
step_size {
  nsec: 4000000
}

sim_time {
  sec: 37
  nsec: 744000000
}
real_time {
  sec: 39
  nsec: 795324160
}
iterations: 9436
real_time_factor: 1.000061003721227
step_size {
  nsec: 4000000
}

sim_time {
  sec: 37
  nsec: 848000000
}
real_time {
  sec: 39
  nsec: 899327789
}
iterations: 9462
real_time_factor: 0.99900648804763659
step_size {
  nsec: 4000000
}

sim_time {
  sec: 37
  nsec: 952000000
}
real_time {
  sec: 40
  nsec: 3323862
}
iterations: 9488
real_time_factor: 0.99997325071554333
step_size {
  nsec: 4000000
}

sim_time {
  sec: 38
  nsec: 52000000
}
real_time {
  sec: 40
  nsec: 103327856
}
iterations: 9513
real_time_factor: 1.0005450469143067
step_size {
  nsec: 4000000
}

sim_time {
  sec: 38
  nsec: 156000000
}
real_time {
  sec: 40
  nsec: 207324253
}
iterations: 9539
real_time_factor: 1.0001397695327923
step_size {
  nsec: 4000000
}

sim_time {
  sec: 38
  nsec: 256000000
}
real_time {
  sec: 40
  nsec: 307324598
}
iterations: 9564
real_time_factor: 1.0000795063207526
step_size {
  nsec: 4000000
}

sim_time {
  sec: 38
  nsec: 360000000
}
real_time {
  sec: 40
  nsec: 411323827
}
iterations: 9590
real_time_factor: 0.99997550060023532
step_size {
  nsec: 4000000
}

sim_time {
  sec: 38
  nsec: 460000000
}
real_time {
  sec: 40
  nsec: 511324616
}
iterations: 9615
real_time_factor: 0.99980203919623911
step_size {
  nsec: 4000000
}

sim_time {
  sec: 38
  nsec: 560000000
}
real_time {
  sec: 40
  nsec: 611325453
}
iterations: 9640
real_time_factor: 0.99974631437272787
step_size {
  nsec: 4000000
}

sim_time {
  sec: 38
  nsec: 660000000
}
real_time {
  sec: 40
  nsec: 711324760
}
iterations: 9665
real_time_factor: 1.001886552378128
step_size {
  nsec: 4000000
}

sim_time {
  sec: 38
  nsec: 764000000
}
real_time {
  sec: 40
  nsec: 815323684
}
iterations: 9691
real_time_factor: 1.0000242505880768
step_size {
  nsec: 4000000
}

sim_time {
  sec: 38
  nsec: 864000000
}
real_time {
  sec: 40
  nsec: 915327520
}
iterations: 9716
real_time_factor: 0.99903193805202761
step_size {
  nsec: 4000000
}

sim_time {
  sec: 38
  nsec: 964000000
}
real_time {
  sec: 41
  nsec: 15331337
}
iterations: 9741
real_time_factor: 0.99811331630385669
step_size {
  nsec: 4000000
}

sim_time {
  sec: 39
  nsec: 68000000
}
real_time {
  sec: 41
  nsec: 119324353
}
iterations: 9767
real_time_factor: 0.99984827302456847
step_size {
  nsec: 4000000
}

sim_time {
  sec: 39
  nsec: 172000000
}
real_time {
  sec: 41
  nsec: 223328851
}
iterations: 9793
real_time_factor: 0.99871764654184025
step_size {
  nsec: 4000000
}

sim_time {
  sec: 39
  nsec: 276000000
}
real_time {
  sec: 41
  nsec: 327324395
}
iterations: 9819
real_time_factor: 1.0000102501050636
step_size {
  nsec: 4000000
}

sim_time {
  sec: 39
  nsec: 380000000
}
real_time {
  sec: 41
  nsec: 431324003
}
iterations: 9845
real_time_factor: 1.0000265007022686
step_size {
  nsec: 4000000
}

sim_time {
  sec: 39
  nsec: 484000000
}
real_time {
  sec: 41
  nsec: 535323816
}
iterations: 9871
real_time_factor: 0.99989001209866912
step_size {
  nsec: 4000000
}

sim_time {
  sec: 39
  nsec: 584000000
}
real_time {
  sec: 41
  nsec: 635325299
}
iterations: 9896
real_time_factor: 1.0002370561823153
step_size {
  nsec: 4000000
}

sim_time {
  sec: 39
  nsec: 688000000
}
real_time {
  sec: 41
  nsec: 739324879
}
iterations: 9922
real_time_factor: 0.99984152511826874
step_size {
  nsec: 4000000
}

sim_time {
  sec: 39
  nsec: 792000000
}
real_time {
  sec: 41
  nsec: 843323507
}
iterations: 9948
real_time_factor: 0.99999875000156246
step_size {
  nsec: 4000000
}

sim_time {
  sec: 39
  nsec: 892000000
}
real_time {
  sec: 41
  nsec: 943325193
}
iterations: 9973
real_time_factor: 0.99961215048561158
step_size {
  nsec: 4000000
}

sim_time {
  sec: 39
  nsec: 992000000
}
real_time {
  sec: 42
  nsec: 43324195
}
iterations: 9998
real_time_factor: 0.999878264821258
step_size {
  nsec: 4000000
}

sim_time {
  sec: 40
  nsec: 96000000
}
real_time {
  sec: 42
  nsec: 147323201
}
iterations: 10024
real_time_factor: 1.0000702549354092
step_size {
  nsec: 4000000
}

sim_time {
  sec: 40
  nsec: 196000000
}
real_time {
  sec: 42
  nsec: 247323887
}
iterations: 10049
real_time_factor: 0.999991750068062
step_size {
  nsec: 4000000
}

sim_time {
  sec: 40
  nsec: 300000000
}
real_time {
  sec: 42
  nsec: 351323662
}
iterations: 10075
real_time_factor: 0.99991975643954578
step_size {
  nsec: 4000000
}

sim_time {
  sec: 40
  nsec: 404000000
}
real_time {
  sec: 42
  nsec: 455323473
}
iterations: 10101
real_time_factor: 1.0000265007022686
step_size {
  nsec: 4000000
}

sim_time {
  sec: 40
  nsec: 504000000
}
real_time {
  sec: 42
  nsec: 555324843
}
iterations: 10126
real_time_factor: 0.99976505521202519
step_size {
  nsec: 4000000
}

sim_time {
  sec: 40
  nsec: 604000000
}
real_time {
  sec: 42
  nsec: 655328604
}
iterations: 10151
real_time_factor: 0.99920737874680909
step_size {
  nsec: 4000000
}

sim_time {
  sec: 40
  nsec: 708000000
}
real_time {
  sec: 42
  nsec: 759323666
}
iterations: 10177
real_time_factor: 1.0000355012602948
step_size {
  nsec: 4000000
}

sim_time {
  sec: 40
  nsec: 812000000
}
real_time {
  sec: 42
  nsec: 863324852
}
iterations: 10203
real_time_factor: 0.999714081772613
step_size {
  nsec: 4000000
}

sim_time {
  sec: 40
  nsec: 916000000
}
real_time {
  sec: 42
  nsec: 967324210
}
iterations: 10229
real_time_factor: 1.000075005625422
step_size {
  nsec: 4000000
}

sim_time {
  sec: 41
  nsec: 16000000
}
real_time {
  sec: 43
  nsec: 67324488
}
iterations: 10254
real_time_factor: 0.99997750050623857
step_size {
  nsec: 4000000
}

sim_time {
  sec: 41
  nsec: 120000000
}
real_time {
  sec: 43
  nsec: 171323595
}
iterations: 10280
real_time_factor: 0.99997775049505144
step_size {
  nsec: 4000000
}

sim_time {
  sec: 41
  nsec: 224000000
}
real_time {
  sec: 43
  nsec: 275331415
}
iterations: 10306
real_time_factor: 0.99797037774426256
step_size {
  nsec: 4000000
}

sim_time {
  sec: 41
  nsec: 328000000
}
real_time {
  sec: 43
  nsec: 379323484
}
iterations: 10332
real_time_factor: 0.99999650001224993
step_size {
  nsec: 4000000
}

sim_time {
  sec: 41
  nsec: 428000000
}
real_time {
  sec: 43
  nsec: 479524604
}
iterations: 10357
real_time_factor: 0.95252269682988544
step_size {
  nsec: 4000000
}

sim_time {
  sec: 41
  nsec: 532000000
}
real_time {
  sec: 43
  nsec: 583324220
}
iterations: 10383
real_time_factor: 1.0001957883255648
step_size {
  nsec: 4000000
}

sim_time {
  sec: 41
  nsec: 636000000
}
real_time {
  sec: 43
  nsec: 687324031
}
iterations: 10409
real_time_factor: 1.0001467715387233
step_size {
  nsec: 4000000
}

sim_time {
  sec: 41
  nsec: 736000000
}
real_time {
  sec: 43
  nsec: 787326457
}
iterations: 10434
real_time_factor: 1.0002858316764016
step_size {
  nsec: 4000000
}

sim_time {
  sec: 41
  nsec: 840000000
}
real_time {
  sec: 43
  nsec: 891324008
}
iterations: 10460
real_time_factor: 1.0000265007022686
step_size {
  nsec: 4000000
}

sim_time {
  sec: 41
  nsec: 944000000
}
real_time {
  sec: 43
  nsec: 995323587
}
iterations: 10486
real_time_factor: 1.0000032500105625
step_size {
  nsec: 4000000
}

sim_time {
  sec: 42
  nsec: 44000000
}
real_time {
  sec: 44
  nsec: 95324049
}
iterations: 10511
real_time_factor: 1.0000705049706005
step_size {
  nsec: 4000000
}

sim_time {
  sec: 42
  nsec: 148000000
}
real_time {
  sec: 44
  nsec: 199323646
}
iterations: 10537
real_time_factor: 1.0000242505880768
step_size {
  nsec: 4000000
}

sim_time {
  sec: 42
  nsec: 248000000
}
real_time {
  sec: 44
  nsec: 299323867
}
iterations: 10562
real_time_factor: 0.99997775049505144
step_size {
  nsec: 4000000
}

sim_time {
  sec: 42
  nsec: 348000000
}
real_time {
  sec: 44
  nsec: 399324338
}
iterations: 10587
real_time_factor: 0.999966251139024
step_size {
  nsec: 4000000
}

sim_time {
  sec: 42
  nsec: 452000000
}
real_time {
  sec: 44
  nsec: 503324083
}
iterations: 10613
real_time_factor: 0.99999625001406245
step_size {
  nsec: 4000000
}

sim_time {
  sec: 42
  nsec: 552000000
}
real_time {
  sec: 44
  nsec: 603324016
}
iterations: 10638
real_time_factor: 1.0004734740716044
step_size {
  nsec: 4000000
}

sim_time {
  sec: 42
  nsec: 656000000
}
real_time {
  sec: 44
  nsec: 707323567
}
iterations: 10664
real_time_factor: 1.0001422702379414
step_size {
  nsec: 4000000
}

sim_time {
  sec: 42
  nsec: 756000000
}
real_time {
  sec: 44
  nsec: 807327733
}
iterations: 10689
real_time_factor: 0.99902719726666156
step_size {
  nsec: 4000000
}

sim_time {
  sec: 42
  nsec: 860000000
}
real_time {
  sec: 44
  nsec: 911323495
}
iterations: 10715
real_time_factor: 1.0000450020250911
step_size {
  nsec: 4000000
}

sim_time {
  sec: 42
  nsec: 960000000
}
real_time {
  sec: 45
  nsec: 11323522
}
iterations: 10740
real_time_factor: 1.0002673214416553
step_size {
  nsec: 4000000
}

sim_time {
  sec: 43
  nsec: 60000000
}
real_time {
  sec: 45
  nsec: 111323983
}
iterations: 10765
real_time_factor: 1.0000357512781082
step_size {
  nsec: 4000000
}

sim_time {
  sec: 43
  nsec: 164000000
}
real_time {
  sec: 45
  nsec: 215323774
}
iterations: 10791
real_time_factor: 0.999961501482193
step_size {
  nsec: 4000000
}

sim_time {
  sec: 43
  nsec: 268000000
}
real_time {
  sec: 45
  nsec: 319323814
}
iterations: 10817
real_time_factor: 1.0000007500005625
step_size {
  nsec: 4000000
}

sim_time {
  sec: 43
  nsec: 368000000
}
real_time {
  sec: 45
  nsec: 419324126
}
iterations: 10842
real_time_factor: 1.0000495024503713
step_size {
  nsec: 4000000
}

sim_time {
  sec: 43
  nsec: 468000000
}
real_time {
  sec: 45
  nsec: 519324022
}
iterations: 10867
real_time_factor: 1.0000265007022686
step_size {
  nsec: 4000000
}

sim_time {
  sec: 43
  nsec: 572000000
}
real_time {
  sec: 45
  nsec: 623324461
}
iterations: 10893
real_time_factor: 0.99993600409573791
step_size {
  nsec: 4000000
}

sim_time {
  sec: 43
  nsec: 676000000
}
real_time {
  sec: 45
  nsec: 727323964
}
iterations: 10919
real_time_factor: 0.999991750068062
step_size {
  nsec: 4000000
}

sim_time {
  sec: 43
  nsec: 776000000
}
real_time {
  sec: 45
  nsec: 827324110
}
iterations: 10944
real_time_factor: 0.99991525718195384
step_size {
  nsec: 4000000
}

sim_time {
  sec: 43
  nsec: 880000000
}
real_time {
  sec: 45
  nsec: 931325131
}
iterations: 10970
real_time_factor: 0.9997418166758435
step_size {
  nsec: 4000000
}

sim_time {
  sec: 43
  nsec: 980000000
}
real_time {
  sec: 46
  nsec: 31329065
}
iterations: 10995
real_time_factor: 0.99872238438976935
step_size {
  nsec: 4000000
}

sim_time {
  sec: 44
  nsec: 84000000
}
real_time {
  sec: 46
  nsec: 135324215
}
iterations: 11021
real_time_factor: 1.0003598794666382
step_size {
  nsec: 4000000
}

sim_time {
  sec: 44
  nsec: 188000000
}
real_time {
  sec: 46
  nsec: 239325301
}
iterations: 11047
real_time_factor: 0.99954520693084647
step_size {
  nsec: 4000000
}

sim_time {
  sec: 44
  nsec: 292000000
}
real_time {
  sec: 46
  nsec: 343323645
}
iterations: 11073
real_time_factor: 1.0000335011222876
step_size {
  nsec: 4000000
}

sim_time {
  sec: 44
  nsec: 392000000
}
real_time {
  sec: 46
  nsec: 443323698
}
iterations: 11098
real_time_factor: 1.0001075115574924
step_size {
  nsec: 4000000
}

sim_time {
  sec: 44
  nsec: 496000000
}
real_time {
  sec: 46
  nsec: 547324598
}
iterations: 11124
real_time_factor: 0.9999407535103545
step_size {
  nsec: 4000000
}

sim_time {
  sec: 44
  nsec: 600000000
}
real_time {
  sec: 46
  nsec: 651324036
}
iterations: 11150
real_time_factor: 0.9998945111290759
step_size {
  nsec: 4000000
}

sim_time {
  sec: 44
  nsec: 700000000
}
real_time {
  sec: 46
  nsec: 751324051
}
iterations: 11175
real_time_factor: 0.99999650001224993
step_size {
  nsec: 4000000
}

sim_time {
  sec: 44
  nsec: 804000000
}
real_time {
  sec: 46
  nsec: 855323628
}
iterations: 11201
real_time_factor: 0.999991750068062
step_size {
  nsec: 4000000
}

sim_time {
  sec: 44
  nsec: 904000000
}
real_time {
  sec: 46
  nsec: 955324079
}
iterations: 11226
real_time_factor: 1.0002463106539985
step_size {
  nsec: 4000000
}

sim_time {
  sec: 45
  nsec: 8000000
}
real_time {
  sec: 47
  nsec: 59326108
}
iterations: 11252
real_time_factor: 0.99940435500441738
step_size {
  nsec: 4000000
}

sim_time {
  sec: 45
  nsec: 112000000
}
real_time {
  sec: 47
  nsec: 163324258
}
iterations: 11278
real_time_factor: 0.99995225227995366
step_size {
  nsec: 4000000
}

sim_time {
  sec: 45
  nsec: 216000000
}
real_time {
  sec: 47
  nsec: 267323731
}
iterations: 11304
real_time_factor: 1.0000542529432221
step_size {
  nsec: 4000000
}

sim_time {
  sec: 45
  nsec: 316000000
}
real_time {
  sec: 47
  nsec: 367323690
}
iterations: 11329
real_time_factor: 1.0003598794666382
step_size {
  nsec: 4000000
}

sim_time {
  sec: 45
  nsec: 420000000
}
real_time {
  sec: 47
  nsec: 471323525
}
iterations: 11355
real_time_factor: 1.0000587534517653
step_size {
  nsec: 4000000
}

sim_time {
  sec: 45
  nsec: 520000000
}
real_time {
  sec: 47
  nsec: 571330243
}
iterations: 11380
real_time_factor: 0.99864184708796033
step_size {
  nsec: 4000000
}

sim_time {
  sec: 45
  nsec: 624000000
}
real_time {
  sec: 47
  nsec: 675324476
}
iterations: 11406
real_time_factor: 0.99998250030624469
step_size {
  nsec: 4000000
}

sim_time {
  sec: 45
  nsec: 728000000
}
real_time {
  sec: 47
  nsec: 779324311
}
iterations: 11432
real_time_factor: 1.0000102501050636
step_size {
  nsec: 4000000
}

sim_time {
  sec: 45
  nsec: 832000000
}
real_time {
  sec: 47
  nsec: 883323906
}
iterations: 11458
real_time_factor: 0.99997775049505144
step_size {
  nsec: 4000000
}

sim_time {
  sec: 45
  nsec: 932000000
}
real_time {
  sec: 47
  nsec: 983324758
}
iterations: 11483
real_time_factor: 0.99995475204746986
step_size {
  nsec: 4000000
}

sim_time {
  sec: 46
  nsec: 36000000
}
real_time {
  sec: 48
  nsec: 87324110
}
iterations: 11509
real_time_factor: 1.000075005625422
step_size {
  nsec: 4000000
}

sim_time {
  sec: 46
  nsec: 136000000
}
real_time {
  sec: 48
  nsec: 187324161
}
iterations: 11534
real_time_factor: 0.99994775272991987
step_size {
  nsec: 4000000
}

sim_time {
  sec: 46
  nsec: 240000000
}
real_time {
  sec: 48
  nsec: 291324190
}
iterations: 11560
real_time_factor: 0.99990350931135141
step_size {
  nsec: 4000000
}

sim_time {
  sec: 46
  nsec: 340000000
}
real_time {
  sec: 48
  nsec: 391324454
}
iterations: 11585
real_time_factor: 1.000010000100001
step_size {
  nsec: 4000000
}

sim_time {
  sec: 46
  nsec: 444000000
}
real_time {
  sec: 48
  nsec: 495323769
}
iterations: 11611
real_time_factor: 0.99992225604459251
step_size {
  nsec: 4000000
}

sim_time {
  sec: 46
  nsec: 544000000
}
real_time {
  sec: 48
  nsec: 595324403
}
iterations: 11636
real_time_factor: 0.99978104795049882
step_size {
  nsec: 4000000
}

sim_time {
  sec: 46
  nsec: 644000000
}
real_time {
  sec: 48
  nsec: 695326259
}
iterations: 11661
real_time_factor: 0.99941109701108621
step_size {
  nsec: 4000000
}

sim_time {
  sec: 46
  nsec: 748000000
}
real_time {
  sec: 48
  nsec: 799324861
}
iterations: 11687
real_time_factor: 0.99973032274543938
step_size {
  nsec: 4000000
}

sim_time {
  sec: 46
  nsec: 852000000
}
real_time {
  sec: 48
  nsec: 903323991
}
iterations: 11713
real_time_factor: 0.99993625406380349
step_size {
  nsec: 4000000
}

sim_time {
  sec: 46
  nsec: 952000000
}
real_time {
  sec: 49
  nsec: 3323829
}
iterations: 11738
real_time_factor: 1.000116763632154
step_size {
  nsec: 4000000
}

sim_time {
  sec: 47
  nsec: 52000000
}
real_time {
  sec: 49
  nsec: 103326017
}
iterations: 11763
real_time_factor: 1.0003416166620902
step_size {
  nsec: 4000000
}

sim_time {
  sec: 47
  nsec: 156000000
}
real_time {
  sec: 49
  nsec: 207324350
}
iterations: 11789
real_time_factor: 0.99987851476045664
step_size {
  nsec: 4000000
}

sim_time {
  sec: 47
  nsec: 260000000
}
real_time {
  sec: 49
  nsec: 311324073
}
iterations: 11815
real_time_factor: 0.99997075085553744
step_size {
  nsec: 4000000
}

sim_time {
  sec: 47
  nsec: 360000000
}
real_time {
  sec: 49
  nsec: 411324585
}
iterations: 11840
real_time_factor: 0.99993625406380349
step_size {
  nsec: 4000000
}

sim_time {
  sec: 47
  nsec: 464000000
}
real_time {
  sec: 49
  nsec: 515324307
}
iterations: 11866
real_time_factor: 0.99991775676450612
step_size {
  nsec: 4000000
}

sim_time {
  sec: 47
  nsec: 568000000
}
real_time {
  sec: 49
  nsec: 619325445
}
iterations: 11892
real_time_factor: 0.99975555976563735
step_size {
  nsec: 4000000
}

sim_time {
  sec: 47
  nsec: 672000000
}
real_time {
  sec: 49
  nsec: 723324227
}
iterations: 11918
real_time_factor: 1.0000890079217051
step_size {
  nsec: 4000000
}

sim_time {
  sec: 47
  nsec: 776000000
}
real_time {
  sec: 49
  nsec: 827323898
}
iterations: 11944
real_time_factor: 1.0000310009610298
step_size {
  nsec: 4000000
}

sim_time {
  sec: 47
  nsec: 880000000
}
real_time {
  sec: 49
  nsec: 931323634
}
iterations: 11970
real_time_factor: 0.99995925166049482
step_size {
  nsec: 4000000
}

sim_time {
  sec: 47
  nsec: 980000000
}
real_time {
  sec: 50
  nsec: 31324191
}
iterations: 11995
real_time_factor: 1.0001397695327923
step_size {
  nsec: 4000000
}

sim_time {
  sec: 48
  nsec: 84000000
}
real_time {
  sec: 50
  nsec: 135323542
}
iterations: 12021
real_time_factor: 0.99999875000156246
step_size {
  nsec: 4000000
}

sim_time {
  sec: 48
  nsec: 184000000
}
real_time {
  sec: 50
  nsec: 235323785
}
iterations: 12046
real_time_factor: 0.99997550060023532
step_size {
  nsec: 4000000
}

sim_time {
  sec: 48
  nsec: 288000000
}
real_time {
  sec: 50
  nsec: 339323719
}
iterations: 12072
real_time_factor: 0.99996400129595331
step_size {
  nsec: 4000000
}

sim_time {
  sec: 48
  nsec: 388000000
}
real_time {
  sec: 50
  nsec: 439325499
}
iterations: 12097
real_time_factor: 0.99969109545150547
step_size {
  nsec: 4000000
}

sim_time {
  sec: 48
  nsec: 492000000
}
real_time {
  sec: 50
  nsec: 543323943
}
iterations: 12123
real_time_factor: 1.0000542529432221
step_size {
  nsec: 4000000
}

sim_time {
  sec: 48
  nsec: 592000000
}
real_time {
  sec: 50
  nsec: 643324612
}
iterations: 12148
real_time_factor: 1.0002255508617193
step_size {
  nsec: 4000000
}

sim_time {
  sec: 48
  nsec: 692000000
}
real_time {
  sec: 50
  nsec: 743324975
}
iterations: 12173
real_time_factor: 1.0018589492803898
step_size {
  nsec: 4000000
}

sim_time {
  sec: 48
  nsec: 796000000
}
real_time {
  sec: 50
  nsec: 847324094
}
iterations: 12199
real_time_factor: 0.99999200006399946
step_size {
  nsec: 4000000
}

sim_time {
  sec: 48
  nsec: 896000000
}
real_time {
  sec: 50
  nsec: 947324638
}
iterations: 12224
real_time_factor: 1.000278827723228
step_size {
  nsec: 4000000
}

sim_time {
  sec: 49
}
real_time {
  sec: 51
  nsec: 51324141
}
iterations: 12250
real_time_factor: 1.0001305170324728
step_size {
  nsec: 4000000
}

sim_time {
  sec: 49
  nsec: 100000000
}
real_time {
  sec: 51
  nsec: 151324283
}
iterations: 12275
real_time_factor: 1.001477931056757
step_size {
  nsec: 4000000
}

sim_time {
  sec: 49
  nsec: 204000000
}
real_time {
  sec: 51
  nsec: 255324911
}
iterations: 12301
real_time_factor: 0.99985976966730417
step_size {
  nsec: 4000000
}

sim_time {
  sec: 49
  nsec: 308000000
}
real_time {
  sec: 51
  nsec: 359323798
}
iterations: 12327
real_time_factor: 0.99995700184892045
step_size {
  nsec: 4000000
}

sim_time {
  sec: 49
  nsec: 412000000
}
real_time {
  sec: 51
  nsec: 463323879
}
iterations: 12353
real_time_factor: 1.0000355012602948
step_size {
  nsec: 4000000
}

sim_time {
  sec: 49
  nsec: 512000000
}
real_time {
  sec: 51
  nsec: 563324714
}
iterations: 12378
real_time_factor: 0.999950002499875
step_size {
  nsec: 4000000
}

sim_time {
  sec: 49
  nsec: 616000000
}
real_time {
  sec: 51
  nsec: 667324249
}
iterations: 12404
real_time_factor: 0.99986201904137229
step_size {
  nsec: 4000000
}

sim_time {
  sec: 49
  nsec: 716000000
}
real_time {
  sec: 51
  nsec: 767329546
}
iterations: 12429
real_time_factor: 0.99853789089325951
step_size {
  nsec: 4000000
}

sim_time {
  sec: 49
  nsec: 816000000
}
real_time {
  sec: 51
  nsec: 867329761
}
iterations: 12454
real_time_factor: 0.99853564747298085
step_size {
  nsec: 4000000
}

sim_time {
  sec: 49
  nsec: 920000000
}
real_time {
  sec: 51
  nsec: 971324129
}
iterations: 12480
real_time_factor: 1.0013337765904184
step_size {
  nsec: 4000000
}

sim_time {
  sec: 50
  nsec: 24000000
}
real_time {
  sec: 52
  nsec: 75323756
}
iterations: 12506
real_time_factor: 0.99996175146300659
step_size {
  nsec: 4000000
}

sim_time {
  sec: 50
  nsec: 124000000
}
real_time {
  sec: 52
  nsec: 175323934
}
iterations: 12531
real_time_factor: 0.99990350931135141
step_size {
  nsec: 4000000
}

sim_time {
  sec: 50
  nsec: 228000000
}
real_time {
  sec: 52
  nsec: 279323374
}
iterations: 12557
real_time_factor: 1.0000937587898866
step_size {
  nsec: 4000000
}

sim_time {
  sec: 50
  nsec: 328000000
}
real_time {
  sec: 52
  nsec: 379323820
}
iterations: 12582
real_time_factor: 1.0000332511055992
step_size {
  nsec: 4000000
}

sim_time {
  sec: 50
  nsec: 428000000
}
real_time {
  sec: 52
  nsec: 479324691
}
iterations: 12607
real_time_factor: 1.0006564306184857
step_size {
  nsec: 4000000
}

sim_time {
  sec: 50
  nsec: 532000000
}
real_time {
  sec: 52
  nsec: 583323605
}
iterations: 12633
real_time_factor: 0.999966251139024
step_size {
  nsec: 4000000
}

sim_time {
  sec: 50
  nsec: 632000000
}
real_time {
  sec: 52
  nsec: 683325605
}
iterations: 12658
real_time_factor: 1.0007653352901631
step_size {
  nsec: 4000000
}

sim_time {
  sec: 50
  nsec: 736000000
}
real_time {
  sec: 52
  nsec: 787325112
}
iterations: 12684
real_time_factor: 1.0001282664501723
step_size {
  nsec: 4000000
}

sim_time {
  sec: 50
  nsec: 840000000
}
real_time {
  sec: 52
  nsec: 891324025
}
iterations: 12710
real_time_factor: 1.0000102501050636
step_size {
  nsec: 4000000
}

sim_time {
  sec: 50
  nsec: 940000000
}
real_time {
  sec: 52
  nsec: 991324832
}
iterations: 12735
real_time_factor: 1.0001280163860975
step_size {
  nsec: 4000000
}

sim_time {
  sec: 51
  nsec: 44000000
}
real_time {
  sec: 53
  nsec: 95323716
}
iterations: 12761
real_time_factor: 0.999984750232559
step_size {
  nsec: 4000000
}

sim_time {
  sec: 51
  nsec: 144000000
}
real_time {
  sec: 53
  nsec: 195324142
}
iterations: 12786
real_time_factor: 0.999862268972449
step_size {
  nsec: 4000000
}

sim_time {
  sec: 51
  nsec: 244000000
}
real_time {
  sec: 53
  nsec: 295323967
}
iterations: 12811
real_time_factor: 1.001342800695733
step_size {
  nsec: 4000000
}

sim_time {
  sec: 51
  nsec: 344000000
}
real_time {
  sec: 53
  nsec: 395325151
}
iterations: 12836
real_time_factor: 0.99959616315008737
step_size {
  nsec: 4000000
}

sim_time {
  sec: 51
  nsec: 448000000
}
real_time {
  sec: 53
  nsec: 499381518
}
iterations: 12862
real_time_factor: 0.98578473763708874
step_size {
  nsec: 4000000
}

sim_time {
  sec: 51
  nsec: 552000000
}
real_time {
  sec: 53
  nsec: 603323662
}
iterations: 12888
real_time_factor: 1.0001652773120757
step_size {
  nsec: 4000000
}

sim_time {
  sec: 51
  nsec: 652000000
}
real_time {
  sec: 53
  nsec: 703325236
}
iterations: 12913
real_time_factor: 0.99956119263643262
step_size {
  nsec: 4000000
}

sim_time {
  sec: 51
  nsec: 756000000
}
real_time {
  sec: 53
  nsec: 807324305
}
iterations: 12939
real_time_factor: 0.99996400129595331
step_size {
  nsec: 4000000
}

sim_time {
  sec: 51
  nsec: 860000000
}
real_time {
  sec: 53
  nsec: 911323895
}
iterations: 12965
real_time_factor: 1.0000817566836089
step_size {
  nsec: 4000000
}

sim_time {
  sec: 51
  nsec: 960000000
}
real_time {
  sec: 54
  nsec: 11324117
}
iterations: 12990
real_time_factor: 0.999991750068062
step_size {
  nsec: 4000000
}

sim_time {
  sec: 52
  nsec: 64000000
}
real_time {
  sec: 54
  nsec: 115323602
}
iterations: 13016
real_time_factor: 1.0000912583273223
step_size {
  nsec: 4000000
}

sim_time {
  sec: 52
  nsec: 168000000
}
real_time {
  sec: 54
  nsec: 219323476
}
iterations: 13042
real_time_factor: 1.0000082500680632
step_size {
  nsec: 4000000
}

sim_time {
  sec: 52
  nsec: 268000000
}
real_time {
  sec: 54
  nsec: 319326401
}
iterations: 13067
real_time_factor: 0.99954071104327558
step_size {
  nsec: 4000000
}

sim_time {
  sec: 52
  nsec: 372000000
}
real_time {
  sec: 54
  nsec: 423324359
}
iterations: 13093
real_time_factor: 0.9999642512780168
step_size {
  nsec: 4000000
}

sim_time {
  sec: 52
  nsec: 472000000
}
real_time {
  sec: 54
  nsec: 523324553
}
iterations: 13118
real_time_factor: 0.99987376593705046
step_size {
  nsec: 4000000
}

sim_time {
  sec: 52
  nsec: 576000000
}
real_time {
  sec: 54
  nsec: 627766519
}
iterations: 13144
real_time_factor: 0.90056197318531694
step_size {
  nsec: 4000000
}

sim_time {
  sec: 52
  nsec: 680000000
}
real_time {
  sec: 54
  nsec: 731324330
}
iterations: 13170
real_time_factor: 1.0004504528163807
step_size {
  nsec: 4000000
}

sim_time {
  sec: 52
  nsec: 784000000
}
real_time {
  sec: 54
  nsec: 835324279
}
iterations: 13196
real_time_factor: 1.0000980096049412
step_size {
  nsec: 4000000
}

sim_time {
  sec: 52
  nsec: 888000000
}
real_time {
  sec: 54
  nsec: 939323449
}
iterations: 13222
real_time_factor: 1.0000845071408535
step_size {
  nsec: 4000000
}

sim_time {
  sec: 52
  nsec: 988000000
}
real_time {
  sec: 55
  nsec: 39326310
}
iterations: 13247
real_time_factor: 0.99946903207670923
step_size {
  nsec: 4000000
}

sim_time {
  sec: 53
  nsec: 92000000
}
real_time {
  sec: 55
  nsec: 143323434
}
iterations: 13273
real_time_factor: 1.0000380014440549
step_size {
  nsec: 4000000
}

sim_time {
  sec: 53
  nsec: 192000000
}
real_time {
  sec: 55
  nsec: 243323765
}
iterations: 13298
real_time_factor: 1.0001607758447171
step_size {
  nsec: 4000000
}

sim_time {
  sec: 53
  nsec: 292000000
}
real_time {
  sec: 55
  nsec: 343339125
}
iterations: 13323
real_time_factor: 0.99618436483658468
step_size {
  nsec: 4000000
}

sim_time {
  sec: 53
  nsec: 396000000
}
real_time {
  sec: 55
  nsec: 447323979
}
iterations: 13349
real_time_factor: 0.99984852294877324
step_size {
  nsec: 4000000
}

sim_time {
  sec: 53
  nsec: 496000000
}
real_time {
  sec: 55
  nsec: 547324293
}
iterations: 13374
real_time_factor: 0.99990375926317088
step_size {
  nsec: 4000000
}

sim_time {
  sec: 53
  nsec: 596000000
}
real_time {
  sec: 55
  nsec: 647324494
}
iterations: 13399
real_time_factor: 1.0001447709555957
step_size {
  nsec: 4000000
}

sim_time {
  sec: 53
  nsec: 696000000
}
real_time {
  sec: 55
  nsec: 747324558
}
iterations: 13424
real_time_factor: 0.99991075796485163
step_size {
  nsec: 4000000
}

sim_time {
  sec: 53
  nsec: 800000000
}
real_time {
  sec: 55
  nsec: 851324200
}
iterations: 13450
real_time_factor: 1.0001907863925044
step_size {
  nsec: 4000000
}

sim_time {
  sec: 53
  nsec: 900000000
}
real_time {
  sec: 55
  nsec: 951324448
}
iterations: 13475
real_time_factor: 1.0001397695327923
step_size {
  nsec: 4000000
}

sim_time {
  sec: 54
}
real_time {
  sec: 56
  nsec: 51324946
}
iterations: 13500
real_time_factor: 0.99960290774489835
step_size {
  nsec: 4000000
}

sim_time {
  sec: 54
  nsec: 104000000
}
real_time {
  sec: 56
  nsec: 155324171
}
iterations: 13526
real_time_factor: 0.99995700184892045
step_size {
  nsec: 4000000
}

sim_time {
  sec: 54
  nsec: 208000000
}
real_time {
  sec: 56
  nsec: 259323506
}
iterations: 13552
real_time_factor: 1.0000430018490796
step_size {
  nsec: 4000000
}

sim_time {
  sec: 54
  nsec: 308000000
}
real_time {
  sec: 56
  nsec: 359323587
}
iterations: 13577
real_time_factor: 0.99998500022499659
step_size {
  nsec: 4000000
}

sim_time {
  sec: 54
  nsec: 408000000
}
real_time {
  sec: 56
  nsec: 459324020
}
iterations: 13602
real_time_factor: 1.1515092543920002
step_size {
  nsec: 4000000
}

sim_time {
  sec: 54
  nsec: 512000000
}
real_time {
  sec: 56
  nsec: 563323689
}
iterations: 13628
real_time_factor: 1.000031250976593
step_size {
  nsec: 4000000
}

sim_time {
  sec: 54
  nsec: 612000000
}
real_time {
  sec: 56
  nsec: 663324010
}
iterations: 13653
real_time_factor: 0.99997800048398933
step_size {
  nsec: 4000000
}

sim_time {
  sec: 54
  nsec: 716000000
}
real_time {
  sec: 56
  nsec: 767323578
}
iterations: 13679
real_time_factor: 1.0000865074828973
step_size {
  nsec: 4000000
}

sim_time {
  sec: 54
  nsec: 820000000
}
real_time {
  sec: 56
  nsec: 871323942
}
iterations: 13705
real_time_factor: 0.99992675536516951
step_size {
  nsec: 4000000
}

sim_time {
  sec: 54
  nsec: 920000000
}
real_time {
  sec: 56
  nsec: 971325633
}
iterations: 13730
real_time_factor: 0.99959616315008737
step_size {
  nsec: 4000000
}

sim_time {
  sec: 55
  nsec: 24000000
}
real_time {
  sec: 57
  nsec: 75323746
}
iterations: 13756
real_time_factor: 1.0000892579662735
step_size {
  nsec: 4000000
}

sim_time {
  sec: 55
  nsec: 128000000
}
real_time {
  sec: 57
  nsec: 179325158
}
iterations: 13782
real_time_factor: 0.99966811018741775
step_size {
  nsec: 4000000
}

sim_time {
  sec: 55
  nsec: 232000000
}
real_time {
  sec: 57
  nsec: 283323523
}
iterations: 13808
real_time_factor: 0.99998700016899777
step_size {
  nsec: 4000000
}

sim_time {
  sec: 55
  nsec: 336000000
}
real_time {
  sec: 57
  nsec: 387324701
}
iterations: 13834
real_time_factor: 0.99973482033890515
step_size {
  nsec: 4000000
}

sim_time {
  sec: 55
  nsec: 440000000
}
real_time {
  sec: 57
  nsec: 491325081
}
iterations: 13860
real_time_factor: 0.99977904883020852
step_size {
  nsec: 4000000
}

sim_time {
  sec: 55
  nsec: 544000000
}
real_time {
  sec: 57
  nsec: 595622628
}
iterations: 13886
real_time_factor: 0.93052448314599157
step_size {
  nsec: 4000000
}

sim_time {
  sec: 55
  nsec: 648000000
}
real_time {
  sec: 57
  nsec: 699324094
}
iterations: 13912
real_time_factor: 1.000193287352781
step_size {
  nsec: 4000000
}

sim_time {
  sec: 55
  nsec: 752000000
}
real_time {
  sec: 57
  nsec: 803323809
}
iterations: 13938
real_time_factor: 1.0001050110261578
step_size {
  nsec: 4000000
}

sim_time {
  sec: 55
  nsec: 856000000
}
real_time {
  sec: 57
  nsec: 907323967
}
iterations: 13964
real_time_factor: 1.0000520027041406
step_size {
  nsec: 4000000
}

sim_time {
  sec: 55
  nsec: 956000000
}
real_time {
  sec: 58
  nsec: 7323983
}
iterations: 13989
real_time_factor: 1.0000380014440549
step_size {
  nsec: 4000000
}

sim_time {
  sec: 56
  nsec: 56000000
}
real_time {
  sec: 58
  nsec: 107324154
}
iterations: 14014
real_time_factor: 0.99996875097653193
step_size {
  nsec: 4000000
}

sim_time {
  sec: 56
  nsec: 160000000
}
real_time {
  sec: 58
  nsec: 211324192
}
iterations: 14040
real_time_factor: 0.99997800048398933
step_size {
  nsec: 4000000
}

sim_time {
  sec: 56
  nsec: 260000000
}
real_time {
  sec: 58
  nsec: 311324355
}
iterations: 14065
real_time_factor: 1.0000470022091039
step_size {
  nsec: 4000000
}

sim_time {
  sec: 56
  nsec: 360000000
}
real_time {
  sec: 58
  nsec: 411325915
}
iterations: 14090
real_time_factor: 0.99995250225614285
step_size {
  nsec: 4000000
}

sim_time {
  sec: 56
  nsec: 464000000
}
real_time {
  sec: 58
  nsec: 515323749
}
iterations: 14116
real_time_factor: 0.99994750275610533
step_size {
  nsec: 4000000
}

sim_time {
  sec: 56
  nsec: 564000000
}
real_time {
  sec: 58
  nsec: 615324105
}
iterations: 14141
real_time_factor: 1.00000350001225
step_size {
  nsec: 4000000
}

sim_time {
  sec: 56
  nsec: 668000000
}
real_time {
  sec: 58
  nsec: 719334272
}
iterations: 14167
real_time_factor: 0.99732567121264326
step_size {
  nsec: 4000000
}

sim_time {
  sec: 56
  nsec: 772000000
}
real_time {
  sec: 58
  nsec: 823324755
}
iterations: 14193
real_time_factor: 1.0009115802216868
step_size {
  nsec: 4000000
}

sim_time {
  sec: 56
  nsec: 872000000
}
real_time {
  sec: 58
  nsec: 923325000
}
iterations: 14218
real_time_factor: 1.0007493110466461
step_size {
  nsec: 4000000
}

sim_time {
  sec: 56
  nsec: 976000000
}
real_time {
  sec: 59
  nsec: 27323575
}
iterations: 14244
real_time_factor: 1.0001030106100928
step_size {
  nsec: 4000000
}

sim_time {
  sec: 57
  nsec: 80000000
}
real_time {
  sec: 59
  nsec: 131323797
}
iterations: 14270
real_time_factor: 0.99999650001224993
step_size {
  nsec: 4000000
}

sim_time {
  sec: 57
  nsec: 184000000
}
real_time {
  sec: 59
  nsec: 235323612
}
iterations: 14296
real_time_factor: 1.0000520027041406
step_size {
  nsec: 4000000
}

sim_time {
  sec: 57
  nsec: 288000000
}
real_time {
  sec: 59
  nsec: 339323741
}
iterations: 14322
real_time_factor: 0.99994775272991987
step_size {
  nsec: 4000000
}

sim_time {
  sec: 57
  nsec: 388000000
}
real_time {
  sec: 59
  nsec: 439323912
}
iterations: 14347
real_time_factor: 0.99991300756834156
step_size {
  nsec: 4000000
}

sim_time {
  sec: 57
  nsec: 492000000
}
real_time {
  sec: 59
  nsec: 543323245
}
iterations: 14373
real_time_factor: 1.0000752556629886
step_size {
  nsec: 4000000
}

sim_time {
  sec: 57
  nsec: 592000000
}
real_time {
  sec: 59
  nsec: 643323739
}
iterations: 14398
real_time_factor: 1.0001492722788876
step_size {
  nsec: 4000000
}

sim_time {
  sec: 57
  nsec: 696000000
}
real_time {
  sec: 59
  nsec: 747324767
}
iterations: 14424
real_time_factor: 0.9998530216058239
step_size {
  nsec: 4000000
}

sim_time {
  sec: 57
  nsec: 796000000
}
real_time {
  sec: 59
  nsec: 847324558
}
iterations: 14449
real_time_factor: 0.999966251139024
step_size {
  nsec: 4000000
}

sim_time {
  sec: 57
  nsec: 900000000
}
real_time {
  sec: 59
  nsec: 951323475
}
iterations: 14475
real_time_factor: 1.0000682546583803
step_size {
  nsec: 4000000
}

sim_time {
  sec: 58
  nsec: 4000000
}
real_time {
  sec: 60
  nsec: 55323419
}
iterations: 14501
real_time_factor: 1.0000240005760139
step_size {
  nsec: 4000000
}

sim_time {
  sec: 58
  nsec: 104000000
}
real_time {
  sec: 60
  nsec: 155324560
}
iterations: 14526
real_time_factor: 0.99991100792029508
step_size {
  nsec: 4000000
}

sim_time {
  sec: 58
  nsec: 208000000
}
real_time {
  sec: 60
  nsec: 259324744
}
iterations: 14552
real_time_factor: 0.99981153552555346
step_size {
  nsec: 4000000
}

sim_time {
  sec: 58
  nsec: 312000000
}
real_time {
  sec: 60
  nsec: 363323605
}
iterations: 14578
real_time_factor: 1.00016752806095
step_size {
  nsec: 4000000
}

sim_time {
  sec: 58
  nsec: 412000000
}
real_time {
  sec: 60
  nsec: 463324385
}
iterations: 14603
real_time_factor: 1.0002583167102905
step_size {
  nsec: 4000000
}

sim_time {
  sec: 58
  nsec: 512000000
}
real_time {
  sec: 60
  nsec: 563325379
}
iterations: 14628
real_time_factor: 0.99972107781928843
step_size {
  nsec: 4000000
}

sim_time {
  sec: 58
  nsec: 616000000
}
real_time {
  sec: 60
  nsec: 667324054
}
iterations: 14654
real_time_factor: 0.99995950164018355
step_size {
  nsec: 4000000
}

sim_time {
  sec: 58
  nsec: 716000000
}
real_time {
  sec: 60
  nsec: 767325122
}
iterations: 14679
real_time_factor: 0.99985052234690919
step_size {
  nsec: 4000000
}

sim_time {
  sec: 58
  nsec: 820000000
}
real_time {
  sec: 60
  nsec: 871323704
}
iterations: 14705
real_time_factor: 1.0001260158780005
step_size {
  nsec: 4000000
}

sim_time {
  sec: 58
  nsec: 920000000
}
real_time {
  sec: 60
  nsec: 971325522
}
iterations: 14730
real_time_factor: 0.99988301368739863
step_size {
  nsec: 4000000
}

sim_time {
  sec: 59
  nsec: 24000000
}
real_time {
  sec: 61
  nsec: 75323696
}
iterations: 14756
real_time_factor: 1.0001425203091441
step_size {
  nsec: 4000000
}

sim_time {
  sec: 59
  nsec: 124000000
}
real_time {
  sec: 61
  nsec: 175326393
}
iterations: 14781
real_time_factor: 0.999512737540449
step_size {
  nsec: 4000000
}

sim_time {
  sec: 59
  nsec: 228000000
}
real_time {
  sec: 61
  nsec: 279323697
}
iterations: 14807
real_time_factor: 1.0000450020250911
step_size {
  nsec: 4000000
}

sim_time {
  sec: 59
  nsec: 332000000
}
real_time {
  sec: 61
  nsec: 383324880
}
iterations: 14833
real_time_factor: 0.99965162140993868
step_size {
  nsec: 4000000
}

sim_time {
  sec: 59
  nsec: 432000000
}
real_time {
  sec: 61
  nsec: 483324595
}
iterations: 14858
real_time_factor: 1.0000522527302051
step_size {
  nsec: 4000000
}

sim_time {
  sec: 59
  nsec: 536000000
}
real_time {
  sec: 61
  nsec: 587324352
}
iterations: 14884
real_time_factor: 0.999862268972449
step_size {
  nsec: 4000000
}

sim_time {
  sec: 59
  nsec: 636000000
}
real_time {
  sec: 61
  nsec: 687324401
}
iterations: 14909
real_time_factor: 1.0002953371983079
step_size {
  nsec: 4000000
}

sim_time {
  sec: 59
  nsec: 740000000
}
real_time {
  sec: 61
  nsec: 791324149
}
iterations: 14935
real_time_factor: 1.0000242505880768
step_size {
  nsec: 4000000
}

sim_time {
  sec: 59
  nsec: 844000000
}
real_time {
  sec: 61
  nsec: 895323545
}
iterations: 14961
real_time_factor: 0.99993625406380349
step_size {
  nsec: 4000000
}

sim_time {
  sec: 59
  nsec: 944000000
}
real_time {
  sec: 61
  nsec: 995323723
}
iterations: 14986
real_time_factor: 1.0004156727120119
step_size {
  nsec: 4000000
}

sim_time {
  sec: 60
  nsec: 44000000
}
real_time {
  sec: 62
  nsec: 95324392
}
iterations: 15011
real_time_factor: 0.99998250030624469
step_size {
  nsec: 4000000
}

sim_time {
  sec: 60
  nsec: 144000000
}
real_time {
  sec: 62
  nsec: 195325060
}
iterations: 15036
real_time_factor: 0.99970258847992721
step_size {
  nsec: 4000000
}

sim_time {
  sec: 60
  nsec: 248000000
}
real_time {
  sec: 62
  nsec: 299323770
}
iterations: 15062
real_time_factor: 1.0000657543233467
step_size {
  nsec: 4000000
}

sim_time {
  sec: 60
  nsec: 348000000
}
real_time {
  sec: 62
  nsec: 399324033
}
iterations: 15087
real_time_factor: 1.0001212647033453
step_size {
  nsec: 4000000
}

sim_time {
  sec: 60
  nsec: 448000000
}
real_time {
  sec: 62
  nsec: 499328732
}
iterations: 15112
real_time_factor: 1.0002325540688211
step_size {
  nsec: 4000000
}

sim_time {
  sec: 60
  nsec: 552000000
}
real_time {
  sec: 62
  nsec: 603323645
}
iterations: 15138
real_time_factor: 0.99997575058804822
step_size {
  nsec: 4000000
}

sim_time {
  sec: 60
  nsec: 652000000
}
real_time {
  sec: 62
  nsec: 703324517
}
iterations: 15163
real_time_factor: 0.99992475566213646
step_size {
  nsec: 4000000
}

sim_time {
  sec: 60
  nsec: 756000000
}
real_time {
  sec: 62
  nsec: 807346384
}
iterations: 15189
real_time_factor: 0.99451747379632927
step_size {
  nsec: 4000000
}

sim_time {
  sec: 60
  nsec: 860000000
}
real_time {
  sec: 62
  nsec: 911323844
}
iterations: 15215
real_time_factor: 0.99993625406380349
step_size {
  nsec: 4000000
}

sim_time {
  sec: 60
  nsec: 960000000
}
real_time {
  sec: 63
  nsec: 11324670
}
iterations: 15240
real_time_factor: 0.99979754099794793
step_size {
  nsec: 4000000
}

sim_time {
  sec: 61
  nsec: 64000000
}
real_time {
  sec: 63
  nsec: 115324527
}
iterations: 15266
real_time_factor: 0.99987601537409365
step_size {
  nsec: 4000000
}

sim_time {
  sec: 61
  nsec: 168000000
}
real_time {
  sec: 63
  nsec: 219324162
}
iterations: 15292
real_time_factor: 0.99997100084097557
step_size {
  nsec: 4000000
}

sim_time {
  sec: 61
  nsec: 268000000
}
real_time {
  sec: 63
  nsec: 319324098
}
iterations: 15317
real_time_factor: 0.9999872501625604
step_size {
  nsec: 4000000
}

sim_time {
  sec: 61
  nsec: 368000000
}
real_time {
  sec: 63
  nsec: 419324294
}
iterations: 15342
real_time_factor: 0.99995925166049482
step_size {
  nsec: 4000000
}

sim_time {
  sec: 61
  nsec: 472000000
}
real_time {
  sec: 63
  nsec: 523323799
}
iterations: 15368
real_time_factor: 1.0001007601515852
step_size {
  nsec: 4000000
}

sim_time {
  sec: 61
  nsec: 572000000
}
real_time {
  sec: 63
  nsec: 623331642
}
iterations: 15393
real_time_factor: 0.99818729187794963
step_size {
  nsec: 4000000
}

sim_time {
  sec: 61
  nsec: 676000000
}
real_time {
  sec: 63
  nsec: 727324647
}
iterations: 15419
real_time_factor: 0.99991075796485163
step_size {
  nsec: 4000000
}

sim_time {
  sec: 61
  nsec: 780000000
}
real_time {
  sec: 63
  nsec: 831324060
}
iterations: 15445
real_time_factor: 1.0000125001562519
step_size {
  nsec: 4000000
}

sim_time {
  sec: 61
  nsec: 880000000
}
real_time {
  sec: 63
  nsec: 931323690
}
iterations: 15470
real_time_factor: 1.000112012545405
step_size {
  nsec: 4000000
}

sim_time {
  sec: 61
  nsec: 984000000
}
real_time {
  sec: 64
  nsec: 35323492
}
iterations: 15496
real_time_factor: 1.0000172502975677
step_size {
  nsec: 4000000
}

sim_time {
  sec: 62
  nsec: 84000000
}
real_time {
  sec: 64
  nsec: 135323937
}
iterations: 15521
real_time_factor: 1.0000355012602948
step_size {
  nsec: 4000000
}

sim_time {
  sec: 62
  nsec: 188000000
}
real_time {
  sec: 64
  nsec: 239323348
}
iterations: 15547
real_time_factor: 1.0001285165143721
step_size {
  nsec: 4000000
}

sim_time {
  sec: 62
  nsec: 292000000
}
real_time {
  sec: 64
  nsec: 343323483
}
iterations: 15573
real_time_factor: 1.0000587534517653
step_size {
  nsec: 4000000
}

sim_time {
  sec: 62
  nsec: 396000000
}
real_time {
  sec: 64
  nsec: 447324042
}
iterations: 15599
real_time_factor: 0.99991100792029508
step_size {
  nsec: 4000000
}

sim_time {
  sec: 62
  nsec: 496000000
}
real_time {
  sec: 64
  nsec: 547330412
}
iterations: 15624
real_time_factor: 0.99838112500580312
step_size {
  nsec: 4000000
}

sim_time {
  sec: 62
  nsec: 600000000
}
real_time {
  sec: 64
  nsec: 651324158
}
iterations: 15650
real_time_factor: 0.99997550060023532
step_size {
  nsec: 4000000
}

sim_time {
  sec: 62
  nsec: 704000000
}
real_time {
  sec: 64
  nsec: 755323958
}
iterations: 15676
real_time_factor: 1.0000985097032058
step_size {
  nsec: 4000000
}

sim_time {
  sec: 62
  nsec: 804000000
}
real_time {
  sec: 64
  nsec: 855323587
}
iterations: 15701
real_time_factor: 1.0000382514631185
step_size {
  nsec: 4000000
}

sim_time {
  sec: 62
  nsec: 908000000
}
real_time {
  sec: 64
  nsec: 959324129
}
iterations: 15727
real_time_factor: 0.99991550713964672
step_size {
  nsec: 4000000
}

sim_time {
  sec: 63
  nsec: 8000000
}
real_time {
  sec: 65
  nsec: 59323907
}
iterations: 15752
real_time_factor: 1.0004504528163807
step_size {
  nsec: 4000000
}

sim_time {
  sec: 63
  nsec: 112000000
}
real_time {
  sec: 65
  nsec: 163323948
}
iterations: 15778
real_time_factor: 1.0000057500330626
step_size {
  nsec: 4000000
}

sim_time {
  sec: 63
  nsec: 216000000
}
real_time {
  sec: 65
  nsec: 267323488
}
iterations: 15804
real_time_factor: 0.99999650001224993
step_size {
  nsec: 4000000
}

sim_time {
  sec: 63
  nsec: 316000000
}
real_time {
  sec: 65
  nsec: 367323728
}
iterations: 15829
real_time_factor: 1.0000220004840106
step_size {
  nsec: 4000000
}

sim_time {
  sec: 63
  nsec: 420000000
}
real_time {
  sec: 65
  nsec: 471323453
}
iterations: 15855
real_time_factor: 1.0000242505880768
step_size {
  nsec: 4000000
}

sim_time {
  sec: 63
  nsec: 520000000
}
real_time {
  sec: 65
  nsec: 571324147
}
iterations: 15880
real_time_factor: 0.99992675536516951
step_size {
  nsec: 4000000
}

sim_time {
  sec: 63
  nsec: 624000000
}
real_time {
  sec: 65
  nsec: 675324141
}
iterations: 15906
real_time_factor: 1.0000520027041406
step_size {
  nsec: 4000000
}

sim_time {
  sec: 63
  nsec: 724000000
}
real_time {
  sec: 65
  nsec: 775324639
}
iterations: 15931
real_time_factor: 1.0003231043627092
step_size {
  nsec: 4000000
}

sim_time {
  sec: 63
  nsec: 828000000
}
real_time {
  sec: 65
  nsec: 879323893
}
iterations: 15957
real_time_factor: 0.99995500202490883
step_size {
  nsec: 4000000
}

sim_time {
  sec: 63
  nsec: 928000000
}
real_time {
  sec: 65
  nsec: 979324744
}
iterations: 15982
real_time_factor: 0.99979054388105693
step_size {
  nsec: 4000000
}

sim_time {
  sec: 64
  nsec: 28000000
}
real_time {
  sec: 66
  nsec: 79329808
}
iterations: 16007
real_time_factor: 0.99896731753549772
step_size {
  nsec: 4000000
}

sim_time {
  sec: 64
  nsec: 132000000
}
real_time {
  sec: 66
  nsec: 183324783
}
iterations: 16033
real_time_factor: 1.0008119086609011
step_size {
  nsec: 4000000
}

sim_time {
  sec: 64
  nsec: 232000000
}
real_time {
  sec: 66
  nsec: 283324151
}
iterations: 16058
real_time_factor: 1.0011994369254367
step_size {
  nsec: 4000000
}

sim_time {
  sec: 64
  nsec: 336000000
}
real_time {
  sec: 66
  nsec: 387324506
}
iterations: 16084
real_time_factor: 0.99973706915081328
step_size {
  nsec: 4000000
}

sim_time {
  sec: 64
  nsec: 440000000
}
real_time {
  sec: 66
  nsec: 491323739
}
iterations: 16110
real_time_factor: 1.0000267507155816
step_size {
  nsec: 4000000
}

sim_time {
  sec: 64
  nsec: 540000000
}
real_time {
  sec: 66
  nsec: 591324599
}
iterations: 16135
real_time_factor: 1.0001377689776767
step_size {
  nsec: 4000000
}

sim_time {
  sec: 64
  nsec: 644000000
}
real_time {
  sec: 66
  nsec: 695324315
}
iterations: 16161
real_time_factor: 0.99992025635955528
step_size {
  nsec: 4000000
}

sim_time {
  sec: 64
  nsec: 744000000
}
real_time {
  sec: 66
  nsec: 795336785
}
iterations: 16186
real_time_factor: 0.99672948138919171
step_size {
  nsec: 4000000
}

sim_time {
  sec: 64
  nsec: 848000000
}
real_time {
  sec: 66
  nsec: 899325399
}
iterations: 16212
real_time_factor: 0.99952672409614052
step_size {
  nsec: 4000000
}

sim_time {
  sec: 64
  nsec: 952000000
}
real_time {
  sec: 67
  nsec: 3324957
}
iterations: 16238
real_time_factor: 0.99985052234690919
step_size {
  nsec: 4000000
}

sim_time {
  sec: 65
  nsec: 56000000
}
real_time {
  sec: 67
  nsec: 107323663
}
iterations: 16264
real_time_factor: 0.99996400129595331
step_size {
  nsec: 4000000
}

sim_time {
  sec: 65
  nsec: 156000000
}
real_time {
  sec: 67
  nsec: 207324854
}
iterations: 16289
real_time_factor: 0.99970733567748038
step_size {
  nsec: 4000000
}

sim_time {
  sec: 65
  nsec: 260000000
}
real_time {
  sec: 67
  nsec: 311324300
}
iterations: 16315
real_time_factor: 0.99993875375133268
step_size {
  nsec: 4000000
}

sim_time {
  sec: 65
  nsec: 364000000
}
real_time {
  sec: 67
  nsec: 415323793
}
iterations: 16341
real_time_factor: 1.0000267507155816
step_size {
  nsec: 4000000
}

sim_time {
  sec: 65
  nsec: 464000000
}
real_time {
  sec: 67
  nsec: 515324987
}
iterations: 16366
real_time_factor: 1.0009391311397919
step_size {
  nsec: 4000000
}

sim_time {
  sec: 65
  nsec: 564000000
}
real_time {
  sec: 67
  nsec: 615326820
}
iterations: 16391
real_time_factor: 1.0003879004083833
step_size {
  nsec: 4000000
}

sim_time {
  sec: 65
  nsec: 668000000
}
real_time {
  sec: 67
  nsec: 719323868
}
iterations: 16417
real_time_factor: 1.0001565244960837
step_size {
  nsec: 4000000
}

sim_time {
  sec: 65
  nsec: 768000000
}
real_time {
  sec: 67
  nsec: 819324320
}
iterations: 16442
real_time_factor: 1.0001002600510702
step_size {
  nsec: 4000000
}

sim_time {
  sec: 65
  nsec: 872000000
}
real_time {
  sec: 67
  nsec: 923323294
}
iterations: 16468
real_time_factor: 1.0001420201668636
step_size {
  nsec: 4000000
}

sim_time {
  sec: 65
  nsec: 972000000
}
real_time {
  sec: 68
  nsec: 23326429
}
iterations: 16493
real_time_factor: 0.999402107689075
step_size {
  nsec: 4000000
}

sim_time {
  sec: 66
  nsec: 76000000
}
real_time {
  sec: 68
  nsec: 127324199
}
iterations: 16519
real_time_factor: 1.0001007601515852
step_size {
  nsec: 4000000
}

sim_time {
  sec: 66
  nsec: 176000000
}
real_time {
  sec: 68
  nsec: 227324992
}
iterations: 16544
real_time_factor: 0.99988276374595075
step_size {
  nsec: 4000000
}

sim_time {
  sec: 66
  nsec: 280000000
}
real_time {
  sec: 68
  nsec: 331324641
}
iterations: 16570
real_time_factor: 1.0000402516201277
step_size {
  nsec: 4000000
}

sim_time {
  sec: 66
  nsec: 384000000
}
real_time {
  sec: 68
  nsec: 435323882
}
iterations: 16596
real_time_factor: 0.99993625406380349
step_size {
  nsec: 4000000
}

sim_time {
  sec: 66
  nsec: 488000000
}
real_time {
  sec: 68
  nsec: 539323689
}
iterations: 16622
real_time_factor: 0.99998925011556128
step_size {
  nsec: 4000000
}

sim_time {
  sec: 66
  nsec: 592000000
}
real_time {
  sec: 68
  nsec: 643323718
}
iterations: 16648
real_time_factor: 0.99995700184892045
step_size {
  nsec: 4000000
}

sim_time {
  sec: 66
  nsec: 696000000
}
real_time {
  sec: 68
  nsec: 747323959
}
iterations: 16674
real_time_factor: 0.999984750232559
step_size {
  nsec: 4000000
}

sim_time {
  sec: 66
  nsec: 800000000
}
real_time {
  sec: 68
  nsec: 851323618
}
iterations: 16700
real_time_factor: 1.0000702549354092
step_size {
  nsec: 4000000
}

sim_time {
  sec: 66
  nsec: 900000000
}
real_time {
  sec: 68
  nsec: 951323863
}
iterations: 16725
real_time_factor: 1.0000962592649543
step_size {
  nsec: 4000000
}

sim_time {
  sec: 67
}
real_time {
  sec: 69
  nsec: 51323999
}
iterations: 16750
real_time_factor: 1.0002395573739911
step_size {
  nsec: 4000000
}

sim_time {
  sec: 67
  nsec: 104000000
}
real_time {
  sec: 69
  nsec: 155324193
}
iterations: 16776
real_time_factor: 0.99989951009923506
step_size {
  nsec: 4000000
}

sim_time {
  sec: 67
  nsec: 208000000
}
real_time {
  sec: 69
  nsec: 259323980
}
iterations: 16802
real_time_factor: 0.99996200144394509
step_size {
  nsec: 4000000
}

sim_time {
  sec: 67
  nsec: 308000000
}
real_time {
  sec: 69
  nsec: 359326068
}
iterations: 16827
real_time_factor: 0.99947852208110421
step_size {
  nsec: 4000000
}

sim_time {
  sec: 67
  nsec: 412000000
}
real_time {
  sec: 69
  nsec: 463323846
}
iterations: 16853
real_time_factor: 1.0001030106100928
step_size {
  nsec: 4000000
}

sim_time {
  sec: 67
  nsec: 512000000
}
real_time {
  sec: 69
  nsec: 563323944
}
iterations: 16878
real_time_factor: 0.9999872501625604
step_size {
  nsec: 4000000
}

sim_time {
  sec: 67
  nsec: 616000000
}
real_time {
  sec: 69
  nsec: 667329425
}
iterations: 16904
real_time_factor: 0.99859123741182132
step_size {
  nsec: 4000000
}

sim_time {
  sec: 67
  nsec: 720000000
}
real_time {
  sec: 69
  nsec: 771324018
}
iterations: 16930
real_time_factor: 1.0002603177476939
step_size {
  nsec: 4000000
}

sim_time {
  sec: 67
  nsec: 820000000
}
real_time {
  sec: 69
  nsec: 871325356
}
iterations: 16955
real_time_factor: 1.0002002901080942
step_size {
  nsec: 4000000
}

sim_time {
  sec: 67
  nsec: 924000000
}
real_time {
  sec: 69
  nsec: 975323402
}
iterations: 16981
real_time_factor: 1.0002743252336954
step_size {
  nsec: 4000000
}

sim_time {
  sec: 68
  nsec: 24000000
}
real_time {
  sec: 70
  nsec: 75324120
}
iterations: 17006
real_time_factor: 1.0005452971869668
step_size {
  nsec: 4000000
}

sim_time {
  sec: 68
  nsec: 128000000
}
real_time {
  sec: 70
  nsec: 179323739
}
iterations: 17032
real_time_factor: 1.0000105001102511
step_size {
  nsec: 4000000
}

sim_time {
  sec: 68
  nsec: 228000000
}
real_time {
  sec: 70
  nsec: 279324965
}
iterations: 17057
real_time_factor: 0.99976755404368489
step_size {
  nsec: 4000000
}

sim_time {
  sec: 68
  nsec: 328000000
}
real_time {
  sec: 70
  nsec: 379325173
}
iterations: 17082
real_time_factor: 0.99979979009203412
step_size {
  nsec: 4000000
}

sim_time {
  sec: 68
  nsec: 432000000
}
real_time {
  sec: 70
  nsec: 483330885
}
iterations: 17108
real_time_factor: 0.99844118370194535
step_size {
  nsec: 4000000
}

sim_time {
  sec: 68
  nsec: 536000000
}
real_time {
  sec: 70
  nsec: 587323746
}
iterations: 17134
real_time_factor: 0.99993625406380349
step_size {
  nsec: 4000000
}

sim_time {
  sec: 68
  nsec: 636000000
}
real_time {
  sec: 70
  nsec: 687327990
}
iterations: 17159
real_time_factor: 0.9990299419263895
step_size {
  nsec: 4000000
}

sim_time {
  sec: 68
  nsec: 736000000
}
real_time {
  sec: 70
  nsec: 787490512
}
iterations: 17184
real_time_factor: 0.96001190414761139
step_size {
  nsec: 4000000
}

sim_time {
  sec: 68
  nsec: 840000000
}
real_time {
  sec: 70
  nsec: 891324058
}
iterations: 17210
real_time_factor: 1.0001352682950369
step_size {
  nsec: 4000000
}

sim_time {
  sec: 68
  nsec: 944000000
}
real_time {
  sec: 70
  nsec: 995324677
}
iterations: 17236
real_time_factor: 0.99979754099794793
step_size {
  nsec: 4000000
}

sim_time {
  sec: 69
  nsec: 44000000
}
real_time {
  sec: 71
  nsec: 95324783
}
iterations: 17261
real_time_factor: 0.99982977898012859
step_size {
  nsec: 4000000
}

sim_time {
  sec: 69
  nsec: 148000000
}
real_time {
  sec: 71
  nsec: 199323734
}
iterations: 17287
real_time_factor: 1.0000870075696586
step_size {
  nsec: 4000000
}

sim_time {
  sec: 69
  nsec: 252000000
}
real_time {
  sec: 71
  nsec: 303323576
}
iterations: 17313
real_time_factor: 0.99999875000156246
step_size {
  nsec: 4000000
}

sim_time {
  sec: 69
  nsec: 352000000
}
real_time {
  sec: 71
  nsec: 403326644
}
iterations: 17338
real_time_factor: 0.99991550713964672
step_size {
  nsec: 4000000
}

sim_time {
  sec: 69
  nsec: 456000000
}
real_time {
  sec: 71
  nsec: 507346484
}
iterations: 17364
real_time_factor: 0.99471211042100194
step_size {
  nsec: 4000000
}

sim_time {
  sec: 69
  nsec: 560000000
}
real_time {
  sec: 71
  nsec: 611323881
}
iterations: 17390
real_time_factor: 1.0000635040325061
step_size {
  nsec: 4000000
}

sim_time {
  sec: 69
  nsec: 660000000
}
real_time {
  sec: 71
  nsec: 711324597
}
iterations: 17415
real_time_factor: 0.99995025247493941
step_size {
  nsec: 4000000
}

sim_time {
  sec: 69
  nsec: 764000000
}
real_time {
  sec: 71
  nsec: 815324669
}
iterations: 17441
real_time_factor: 0.99973507020639529
step_size {
  nsec: 4000000
}

sim_time {
  sec: 69
  nsec: 868000000
}
real_time {
  sec: 71
  nsec: 919324973
}
iterations: 17467
real_time_factor: 0.99967960268733869
step_size {
  nsec: 4000000
}

sim_time {
  sec: 69
  nsec: 972000000
}
real_time {
  sec: 72
  nsec: 23323453
}
iterations: 17493
real_time_factor: 1.0000127501625646
step_size {
  nsec: 4000000
}

sim_time {
  sec: 70
  nsec: 72000000
}
real_time {
  sec: 72
  nsec: 123324742
}
iterations: 17518
real_time_factor: 0.99995025247493941
step_size {
  nsec: 4000000
}

sim_time {
  sec: 70
  nsec: 176000000
}
real_time {
  sec: 72
  nsec: 227323934
}
iterations: 17544
real_time_factor: 0.99989476107639674
step_size {
  nsec: 4000000
}

sim_time {
  sec: 70
  nsec: 280000000
}
real_time {
  sec: 72
  nsec: 331323978
}
iterations: 17570
real_time_factor: 0.99997100084097557
step_size {
  nsec: 4000000
}

sim_time {
  sec: 70
  nsec: 384000000
}
real_time {
  sec: 72
  nsec: 435329513
}
iterations: 17596
real_time_factor: 0.9986326222819405
step_size {
  nsec: 4000000
}

sim_time {
  sec: 70
  nsec: 488000000
}
real_time {
  sec: 72
  nsec: 539324639
}
iterations: 17622
real_time_factor: 0.99993875375133268
step_size {
  nsec: 4000000
}

sim_time {
  sec: 70
  nsec: 592000000
}
real_time {
  sec: 72
  nsec: 643329295
}
iterations: 17648
real_time_factor: 0.99892091568083574
step_size {
  nsec: 4000000
}

sim_time {
  sec: 70
  nsec: 696000000
}
real_time {
  sec: 72
  nsec: 747323941
}
iterations: 17674
real_time_factor: 0.999991750068062
step_size {
  nsec: 4000000
}

sim_time {
  sec: 70
  nsec: 796000000
}
real_time {
  sec: 72
  nsec: 847325650
}
iterations: 17699
real_time_factor: 0.99949250767922593
step_size {
  nsec: 4000000
}

sim_time {
  sec: 70
  nsec: 896000000
}
real_time {
  sec: 72
  nsec: 947325450
}
iterations: 17724
real_time_factor: 0.99985052234690919
step_size {
  nsec: 4000000
}

