sim_time {
  nsec: 4000000
}
real_time {
  sec: 1
  nsec: 771986688
}
iterations: 1
real_time_factor: 0.0022573533012907147
step_size {
  nsec: 4000000
}

sim_time {
  nsec: 108000000
}
real_time {
  sec: 1
  nsec: 875975954
}
iterations: 27
real_time_factor: 0.99867351190780851
step_size {
  nsec: 4000000
}

sim_time {
  nsec: 212000000
}
real_time {
  sec: 1
  nsec: 979971052
}
iterations: 53
real_time_factor: 0.99983627680967246
step_size {
  nsec: 4000000
}

sim_time {
  nsec: 316000000
}
real_time {
  sec: 2
  nsec: 83970605
}
iterations: 79
real_time_factor: 0.999914757266943
step_size {
  nsec: 4000000
}

sim_time {
  nsec: 416000000
}
real_time {
  sec: 2
  nsec: 183971928
}
iterations: 104
real_time_factor: 0.9996418782971
step_size {
  nsec: 4000000
}

sim_time {
  nsec: 516000000
}
real_time {
  sec: 2
  nsec: 283976576
}
iterations: 129
real_time_factor: 0.99846361411378237
step_size {
  nsec: 4000000
}

sim_time {
  nsec: 620000000
}
real_time {
  sec: 2
  nsec: 387970499
}
iterations: 155
real_time_factor: 1.0001140129974817
step_size {
  nsec: 4000000
}

sim_time {
  nsec: 724000000
}
real_time {
  sec: 2
  nsec: 491973456
}
iterations: 181
real_time_factor: 0.99925580423979243
step_size {
  nsec: 4000000
}

sim_time {
  nsec: 824000000
}
real_time {
  sec: 2
  nsec: 591972428
}
iterations: 206
real_time_factor: 1.0009251050283223
step_size {
  nsec: 4000000
}

sim_time {
  nsec: 928000000
}
real_time {
  sec: 2
  nsec: 695970732
}
iterations: 232
real_time_factor: 0.99992875507620083
step_size {
  nsec: 4000000
}

sim_time {
  sec: 1
  nsec: 28000000
}
real_time {
  sec: 2
  nsec: 795970843
}
iterations: 257
real_time_factor: 0.99994750275610533
step_size {
  nsec: 4000000
}

sim_time {
  sec: 1
  nsec: 132000000
}
real_time {
  sec: 2
  nsec: 899970545
}
iterations: 283
real_time_factor: 1.0000007500005625
step_size {
  nsec: 4000000
}

sim_time {
  sec: 1
  nsec: 232000000
}
real_time {
  sec: 2
  nsec: 999970712
}
iterations: 308
real_time_factor: 0.99999150007224935
step_size {
  nsec: 4000000
}

sim_time {
  sec: 1
  nsec: 332000000
}
real_time {
  sec: 3
  nsec: 99971592
}
iterations: 333
real_time_factor: 0.99982478070718106
step_size {
  nsec: 4000000
}

sim_time {
  sec: 1
  nsec: 436000000
}
real_time {
  sec: 3
  nsec: 203993396
}
iterations: 359
real_time_factor: 0.99435677670301625
step_size {
  nsec: 4000000
}

sim_time {
  sec: 1
  nsec: 540000000
}
real_time {
  sec: 3
  nsec: 307970365
}
iterations: 385
real_time_factor: 1.0000842570986606
step_size {
  nsec: 4000000
}

sim_time {
  sec: 1
  nsec: 640000000
}
real_time {
  sec: 3
  nsec: 407971032
}
iterations: 410
real_time_factor: 0.99995675187048161
step_size {
  nsec: 4000000
}

sim_time {
  sec: 1
  nsec: 744000000
}
real_time {
  sec: 3
  nsec: 511970267
}
iterations: 436
real_time_factor: 1.0000052500275627
step_size {
  nsec: 4000000
}

sim_time {
  sec: 1
  nsec: 784000000
}
real_time {
  sec: 3
  nsec: 830452066
}
iterations: 446
real_time_factor: 0.014160318144682264
step_size {
  nsec: 4000000
}

sim_time {
  sec: 1
  nsec: 888000000
}
real_time {
  sec: 3
  nsec: 934447166
}
iterations: 472
real_time_factor: 0.999961501482193
step_size {
  nsec: 4000000
}

sim_time {
  sec: 1
  nsec: 992000000
}
real_time {
  sec: 4
  nsec: 38447017
}
iterations: 498
real_time_factor: 1.000003000009
step_size {
  nsec: 4000000
}

sim_time {
  sec: 2
  nsec: 96000000
}
real_time {
  sec: 4
  nsec: 142447016
}
iterations: 524
real_time_factor: 1.0000330010890359
step_size {
  nsec: 4000000
}

sim_time {
  sec: 2
  nsec: 196000000
}
real_time {
  sec: 4
  nsec: 242447285
}
iterations: 549
real_time_factor: 0.999980000399992
step_size {
  nsec: 4000000
}

sim_time {
  sec: 2
  nsec: 300000000
}
real_time {
  sec: 4
  nsec: 346447145
}
iterations: 575
real_time_factor: 1.000017000289005
step_size {
  nsec: 4000000
}

sim_time {
  sec: 2
  nsec: 400000000
}
real_time {
  sec: 4
  nsec: 446447314
}
iterations: 600
real_time_factor: 1.0000585034224503
step_size {
  nsec: 4000000
}

sim_time {
  sec: 2
  nsec: 504000000
}
real_time {
  sec: 4
  nsec: 550447618
}
iterations: 626
real_time_factor: 0.99995475204746986
step_size {
  nsec: 4000000
}

sim_time {
  sec: 2
  nsec: 608000000
}
real_time {
  sec: 4
  nsec: 654447396
}
iterations: 652
real_time_factor: 0.99999375003906221
step_size {
  nsec: 4000000
}

sim_time {
  sec: 2
  nsec: 708000000
}
real_time {
  sec: 4
  nsec: 754447389
}
iterations: 677
real_time_factor: 1.0000377514251162
step_size {
  nsec: 4000000
}

sim_time {
  sec: 2
  nsec: 812000000
}
real_time {
  sec: 4
  nsec: 858446948
}
iterations: 703
real_time_factor: 0.999984750232559
step_size {
  nsec: 4000000
}

sim_time {
  sec: 2
  nsec: 912000000
}
real_time {
  sec: 4
  nsec: 958447683
}
iterations: 728
real_time_factor: 1.0016263908521461
step_size {
  nsec: 4000000
}

sim_time {
  sec: 3
  nsec: 16000000
}
real_time {
  sec: 5
  nsec: 62447386
}
iterations: 754
real_time_factor: 0.999984750232559
step_size {
  nsec: 4000000
}

sim_time {
  sec: 3
  nsec: 116000000
}
real_time {
  sec: 5
  nsec: 162448111
}
iterations: 779
real_time_factor: 0.99974631437272787
step_size {
  nsec: 4000000
}

sim_time {
  sec: 3
  nsec: 220000000
}
real_time {
  sec: 5
  nsec: 266447110
}
iterations: 805
real_time_factor: 1.0000080000640006
step_size {
  nsec: 4000000
}

sim_time {
  sec: 3
  nsec: 324000000
}
real_time {
  sec: 5
  nsec: 370447879
}
iterations: 831
real_time_factor: 0.99977155220032221
step_size {
  nsec: 4000000
}

sim_time {
  sec: 3
  nsec: 428000000
}
real_time {
  sec: 5
  nsec: 474447487
}
iterations: 857
real_time_factor: 0.99994750275610533
step_size {
  nsec: 4000000
}

sim_time {
  sec: 3
  nsec: 532000000
}
real_time {
  sec: 5
  nsec: 578447505
}
iterations: 883
real_time_factor: 0.99987376593705046
step_size {
  nsec: 4000000
}

sim_time {
  sec: 3
  nsec: 636000000
}
real_time {
  sec: 5
  nsec: 682447644
}
iterations: 909
real_time_factor: 0.99993175465774464
step_size {
  nsec: 4000000
}

sim_time {
  sec: 3
  nsec: 740000000
}
real_time {
  sec: 5
  nsec: 786447293
}
iterations: 935
real_time_factor: 1.0000195003802574
step_size {
  nsec: 4000000
}

sim_time {
  sec: 3
  nsec: 840000000
}
real_time {
  sec: 5
  nsec: 886447594
}
iterations: 960
real_time_factor: 1.0001187641032372
step_size {
  nsec: 4000000
}

sim_time {
  sec: 3
  nsec: 944000000
}
real_time {
  sec: 5
  nsec: 990447732
}
iterations: 986
real_time_factor: 0.99977654994108822
step_size {
  nsec: 4000000
}

sim_time {
  sec: 4
  nsec: 44000000
}
real_time {
  sec: 6
  nsec: 90447588
}
iterations: 1011
real_time_factor: 0.99990350931135141
step_size {
  nsec: 4000000
}

sim_time {
  sec: 4
  nsec: 144000000
}
real_time {
  sec: 6
  nsec: 190450795
}
iterations: 1036
real_time_factor: 0.99933693994034956
step_size {
  nsec: 4000000
}

sim_time {
  sec: 4
  nsec: 248000000
}
real_time {
  sec: 6
  nsec: 294447823
}
iterations: 1062
real_time_factor: 0.9999895001102489
step_size {
  nsec: 4000000
}

sim_time {
  sec: 4
  nsec: 348000000
}
real_time {
  sec: 6
  nsec: 394447800
}
iterations: 1087
real_time_factor: 1.0004914914451724
step_size {
  nsec: 4000000
}

sim_time {
  sec: 4
  nsec: 452000000
}
real_time {
  sec: 6
  nsec: 498448055
}
iterations: 1113
real_time_factor: 0.99983902591682738
step_size {
  nsec: 4000000
}

sim_time {
  sec: 4
  nsec: 552000000
}
real_time {
  sec: 6
  nsec: 598448708
}
iterations: 1138
real_time_factor: 0.99973706915081328
step_size {
  nsec: 4000000
}

sim_time {
  sec: 4
  nsec: 656000000
}
real_time {
  sec: 6
  nsec: 702447385
}
iterations: 1164
real_time_factor: 1.0001030106100928
step_size {
  nsec: 4000000
}

sim_time {
  sec: 4
  nsec: 756000000
}
real_time {
  sec: 6
  nsec: 802453668
}
iterations: 1189
real_time_factor: 0.99859771915287954
step_size {
  nsec: 4000000
}

sim_time {
  sec: 4
  nsec: 860000000
}
real_time {
  sec: 6
  nsec: 906447446
}
iterations: 1215
real_time_factor: 1.0000242505880768
step_size {
  nsec: 4000000
}

sim_time {
  sec: 4
  nsec: 964000000
}
real_time {
  sec: 7
  nsec: 10447318
}
iterations: 1241
real_time_factor: 0.9999590016809311
step_size {
  nsec: 4000000
}

sim_time {
  sec: 5
  nsec: 64000000
}
real_time {
  sec: 7
  nsec: 110447397
}
iterations: 1266
real_time_factor: 0.99995475204746986
step_size {
  nsec: 4000000
}

sim_time {
  sec: 5
  nsec: 168000000
}
real_time {
  sec: 7
  nsec: 214451110
}
iterations: 1292
real_time_factor: 0.999013723701276
step_size {
  nsec: 4000000
}

sim_time {
  sec: 5
  nsec: 272000000
}
real_time {
  sec: 7
  nsec: 318447667
}
iterations: 1318
real_time_factor: 1.0001560243397971
step_size {
  nsec: 4000000
}

sim_time {
  sec: 5
  nsec: 372000000
}
real_time {
  sec: 7
  nsec: 418447968
}
iterations: 1343
real_time_factor: 1.0003831467452033
step_size {
  nsec: 4000000
}

sim_time {
  sec: 5
  nsec: 472000000
}
real_time {
  sec: 7
  nsec: 518447958
}
iterations: 1368
real_time_factor: 0.99985527094953008
step_size {
  nsec: 4000000
}

sim_time {
  sec: 5
  nsec: 576000000
}
real_time {
  sec: 7
  nsec: 622453589
}
iterations: 1394
real_time_factor: 0.99845514028419524
step_size {
  nsec: 4000000
}

sim_time {
  sec: 5
  nsec: 680000000
}
real_time {
  sec: 7
  nsec: 726447369
}
iterations: 1420
real_time_factor: 1.0000197503900703
step_size {
  nsec: 4000000
}

sim_time {
  sec: 5
  nsec: 784000000
}
real_time {
  sec: 7
  nsec: 830447371
}
iterations: 1446
real_time_factor: 0.99993850378201743
step_size {
  nsec: 4000000
}

sim_time {
  sec: 5
  nsec: 884000000
}
real_time {
  sec: 7
  nsec: 930447794
}
iterations: 1471
real_time_factor: 1.0000150002250034
step_size {
  nsec: 4000000
}

sim_time {
  sec: 5
  nsec: 988000000
}
real_time {
  sec: 8
  nsec: 34447267
}
iterations: 1497
real_time_factor: 1.0000220004840106
step_size {
  nsec: 4000000
}

sim_time {
  sec: 6
  nsec: 92000000
}
real_time {
  sec: 8
  nsec: 138447223
}
iterations: 1523
real_time_factor: 0.99995025247493941
step_size {
  nsec: 4000000
}

sim_time {
  sec: 6
  nsec: 192000000
}
real_time {
  sec: 8
  nsec: 238447608
}
iterations: 1548
real_time_factor: 1.0002350552379808
step_size {
  nsec: 4000000
}

sim_time {
  sec: 6
  nsec: 296000000
}
real_time {
  sec: 8
  nsec: 342448073
}
iterations: 1574
real_time_factor: 0.99981153552555346
step_size {
  nsec: 4000000
}

sim_time {
  sec: 6
  nsec: 400000000
}
real_time {
  sec: 8
  nsec: 446447603
}
iterations: 1600
real_time_factor: 1.0000267507155816
step_size {
  nsec: 4000000
}

sim_time {
  sec: 6
  nsec: 504000000
}
real_time {
  sec: 8
  nsec: 550447254
}
iterations: 1626
real_time_factor: 0.9999942500330623
step_size {
  nsec: 4000000
}

sim_time {
  sec: 6
  nsec: 604000000
}
real_time {
  sec: 8
  nsec: 650447946
}
iterations: 1651
real_time_factor: 0.99996175146300659
step_size {
  nsec: 4000000
}

sim_time {
  sec: 6
  nsec: 708000000
}
real_time {
  sec: 8
  nsec: 754447190
}
iterations: 1677
real_time_factor: 1.0000820067245515
step_size {
  nsec: 4000000
}

sim_time {
  sec: 6
  nsec: 808000000
}
real_time {
  sec: 8
  nsec: 854447179
}
iterations: 1702
real_time_factor: 1.0000402516201277
step_size {
  nsec: 4000000
}

sim_time {
  sec: 6
  nsec: 908000000
}
real_time {
  sec: 8
  nsec: 954447759
}
iterations: 1727
real_time_factor: 1.0000127501625646
step_size {
  nsec: 4000000
}

sim_time {
  sec: 7
  nsec: 12000000
}
real_time {
  sec: 9
  nsec: 58447836
}
iterations: 1753
real_time_factor: 0.99988551310874907
step_size {
  nsec: 4000000
}

sim_time {
  sec: 7
  nsec: 116000000
}
real_time {
  sec: 9
  nsec: 162447478
}
iterations: 1779
real_time_factor: 0.99992225604459251
step_size {
  nsec: 4000000
}

sim_time {
  sec: 7
  nsec: 220000000
}
real_time {
  sec: 9
  nsec: 266447156
}
iterations: 1805
real_time_factor: 1.0000012500015625
step_size {
  nsec: 4000000
}

sim_time {
  sec: 7
  nsec: 320000000
}
real_time {
  sec: 9
  nsec: 366451849
}
iterations: 1830
real_time_factor: 0.99887052715142355
step_size {
  nsec: 4000000
}

sim_time {
  sec: 7
  nsec: 424000000
}
real_time {
  sec: 9
  nsec: 470448220
}
iterations: 1856
real_time_factor: 0.99985777023218447
step_size {
  nsec: 4000000
}

sim_time {
  sec: 7
  nsec: 528000000
}
real_time {
  sec: 9
  nsec: 574447326
}
iterations: 1882
real_time_factor: 1.0002468109005898
step_size {
  nsec: 4000000
}

sim_time {
  sec: 7
  nsec: 628000000
}
real_time {
  sec: 9
  nsec: 674449094
}
iterations: 1907
real_time_factor: 1.0010578679019053
step_size {
  nsec: 4000000
}

sim_time {
  sec: 7
  nsec: 732000000
}
real_time {
  sec: 9
  nsec: 778447097
}
iterations: 1933
real_time_factor: 1.0000127501625646
step_size {
  nsec: 4000000
}

sim_time {
  sec: 7
  nsec: 832000000
}
real_time {
  sec: 9
  nsec: 878447688
}
iterations: 1958
real_time_factor: 1.000080006400512
step_size {
  nsec: 4000000
}

sim_time {
  sec: 7
  nsec: 936000000
}
real_time {
  sec: 9
  nsec: 982447173
}
iterations: 1984
real_time_factor: 1.0001192642222585
step_size {
  nsec: 4000000
}

sim_time {
  sec: 8
  nsec: 36000000
}
real_time {
  sec: 10
  nsec: 82447537
}
iterations: 2009
real_time_factor: 1.0003438682046955
step_size {
  nsec: 4000000
}

sim_time {
  sec: 8
  nsec: 140000000
}
real_time {
  sec: 10
  nsec: 186447385
}
iterations: 2035
real_time_factor: 1.000112512657674
step_size {
  nsec: 4000000
}

sim_time {
  sec: 8
  nsec: 240000000
}
real_time {
  sec: 10
  nsec: 286447477
}
iterations: 2060
real_time_factor: 1.0000985097032058
step_size {
  nsec: 4000000
}

sim_time {
  sec: 8
  nsec: 340000000
}
real_time {
  sec: 10
  nsec: 386448124
}
iterations: 2085
real_time_factor: 1.0000870075696586
step_size {
  nsec: 4000000
}

sim_time {
  sec: 8
  nsec: 444000000
}
real_time {
  sec: 10
  nsec: 490447606
}
iterations: 2111
real_time_factor: 1.0000127501625646
step_size {
  nsec: 4000000
}

sim_time {
  sec: 8
  nsec: 548000000
}
real_time {
  sec: 10
  nsec: 594448156
}
iterations: 2137
real_time_factor: 0.99974456526357514
step_size {
  nsec: 4000000
}

sim_time {
  sec: 8
  nsec: 648000000
}
real_time {
  sec: 10
  nsec: 694452082
}
iterations: 2162
real_time_factor: 0.99897704750335659
step_size {
  nsec: 4000000
}

sim_time {
  sec: 8
  nsec: 752000000
}
real_time {
  sec: 10
  nsec: 798447207
}
iterations: 2188
real_time_factor: 1.0000220004840106
step_size {
  nsec: 4000000
}

sim_time {
  sec: 8
  nsec: 852000000
}
real_time {
  sec: 10
  nsec: 898447365
}
iterations: 2213
real_time_factor: 1.0000775060067155
step_size {
  nsec: 4000000
}

sim_time {
  sec: 8
  nsec: 952000000
}
real_time {
  sec: 10
  nsec: 998448458
}
iterations: 2238
real_time_factor: 0.99986701768664765
step_size {
  nsec: 4000000
}

sim_time {
  sec: 9
  nsec: 56000000
}
real_time {
  sec: 11
  nsec: 102447870
}
iterations: 2264
real_time_factor: 0.9998925115550078
step_size {
  nsec: 4000000
}

sim_time {
  sec: 9
  nsec: 160000000
}
real_time {
  sec: 11
  nsec: 206447244
}
iterations: 2290
real_time_factor: 0.99998500022499659
step_size {
  nsec: 4000000
}

sim_time {
  sec: 9
  nsec: 260000000
}
real_time {
  sec: 11
  nsec: 306448291
}
iterations: 2315
real_time_factor: 0.99994100348079462
step_size {
  nsec: 4000000
}

sim_time {
  sec: 9
  nsec: 364000000
}
real_time {
  sec: 11
  nsec: 410447027
}
iterations: 2341
real_time_factor: 1.0001052610787284
step_size {
  nsec: 4000000
}

sim_time {
  sec: 9
  nsec: 464000000
}
real_time {
  sec: 11
  nsec: 510448717
}
iterations: 2366
real_time_factor: 0.9996840998244555
step_size {
  nsec: 4000000
}

sim_time {
  sec: 9
  nsec: 568000000
}
real_time {
  sec: 11
  nsec: 614447416
}
iterations: 2392
real_time_factor: 0.99998050038024255
step_size {
  nsec: 4000000
}

sim_time {
  sec: 9
  nsec: 668000000
}
real_time {
  sec: 11
  nsec: 714447917
}
iterations: 2417
real_time_factor: 1.0003511232442588
step_size {
  nsec: 4000000
}

sim_time {
  sec: 9
  nsec: 768000000
}
real_time {
  sec: 11
  nsec: 814463095
}
iterations: 2442
real_time_factor: 0.99631339137357
step_size {
  nsec: 4000000
}

sim_time {
  sec: 9
  nsec: 872000000
}
real_time {
  sec: 11
  nsec: 918447507
}
iterations: 2468
real_time_factor: 1.0001242654399809
step_size {
  nsec: 4000000
}

sim_time {
  sec: 9
  nsec: 976000000
}
real_time {
  sec: 12
  nsec: 22678854
}
iterations: 2494
real_time_factor: 0.945274066854981
step_size {
  nsec: 4000000
}

sim_time {
  sec: 10
  nsec: 80000000
}
real_time {
  sec: 12
  nsec: 126446851
}
iterations: 2520
real_time_factor: 1.0001355183627381
step_size {
  nsec: 4000000
}

sim_time {
  sec: 10
  nsec: 180000000
}
real_time {
  sec: 12
  nsec: 226447020
}
iterations: 2545
real_time_factor: 1.0001145131117513
step_size {
  nsec: 4000000
}

sim_time {
  sec: 10
  nsec: 284000000
}
real_time {
  sec: 12
  nsec: 330448404
}
iterations: 2571
real_time_factor: 0.99970508699933525
step_size {
  nsec: 4000000
}

sim_time {
  sec: 10
  nsec: 388000000
}
real_time {
  sec: 12
  nsec: 434447113
}
iterations: 2597
real_time_factor: 1.0001010102020305
step_size {
  nsec: 4000000
}

sim_time {
  sec: 10
  nsec: 488000000
}
real_time {
  sec: 12
  nsec: 534447544
}
iterations: 2622
real_time_factor: 1.0000175003062555
step_size {
  nsec: 4000000
}

sim_time {
  sec: 10
  nsec: 592000000
}
real_time {
  sec: 12
  nsec: 638447567
}
iterations: 2648
real_time_factor: 0.99998075037055534
step_size {
  nsec: 4000000
}

sim_time {
  sec: 10
  nsec: 692000000
}
real_time {
  sec: 12
  nsec: 738447691
}
iterations: 2673
real_time_factor: 1.0000685046925715
step_size {
  nsec: 4000000
}

sim_time {
  sec: 10
  nsec: 796000000
}
real_time {
  sec: 12
  nsec: 842447345
}
iterations: 2699
real_time_factor: 1.0000917584188349
step_size {
  nsec: 4000000
}

sim_time {
  sec: 10
  nsec: 896000000
}
real_time {
  sec: 12
  nsec: 942448116
}
iterations: 2724
real_time_factor: 0.99985102219769251
step_size {
  nsec: 4000000
}

sim_time {
  sec: 11
}
real_time {
  sec: 13
  nsec: 46447937
}
iterations: 2750
real_time_factor: 0.99991350748160279
step_size {
  nsec: 4000000
}

sim_time {
  sec: 11
  nsec: 104000000
}
real_time {
  sec: 13
  nsec: 150447369
}
iterations: 2776
real_time_factor: 0.99997850046224
step_size {
  nsec: 4000000
}

sim_time {
  sec: 11
  nsec: 204000000
}
real_time {
  sec: 13
  nsec: 250447696
}
iterations: 2801
real_time_factor: 1.0000917584188349
step_size {
  nsec: 4000000
}

sim_time {
  sec: 11
  nsec: 304000000
}
real_time {
  sec: 13
  nsec: 350448023
}
iterations: 2826
real_time_factor: 0.99986276883497738
step_size {
  nsec: 4000000
}

sim_time {
  sec: 11
  nsec: 408000000
}
real_time {
  sec: 13
  nsec: 454447371
}
iterations: 2852
real_time_factor: 1.0000457520931583
step_size {
  nsec: 4000000
}

sim_time {
  sec: 11
  nsec: 512000000
}
real_time {
  sec: 13
  nsec: 558447286
}
iterations: 2878
real_time_factor: 1.0000662543893533
step_size {
  nsec: 4000000
}

sim_time {
  sec: 11
  nsec: 612000000
}
real_time {
  sec: 13
  nsec: 658447503
}
iterations: 2903
real_time_factor: 0.99996450126020531
step_size {
  nsec: 4000000
}

sim_time {
  sec: 11
  nsec: 716000000
}
real_time {
  sec: 13
  nsec: 762447167
}
iterations: 2929
real_time_factor: 1.0000082500680632
step_size {
  nsec: 4000000
}

sim_time {
  sec: 11
  nsec: 820000000
}
real_time {
  sec: 13
  nsec: 866447211
}
iterations: 2955
real_time_factor: 0.99994825267792387
step_size {
  nsec: 4000000
}

sim_time {
  sec: 11
  nsec: 924000000
}
real_time {
  sec: 13
  nsec: 970447255
}
iterations: 2981
real_time_factor: 1.0000225005062613
step_size {
  nsec: 4000000
}

sim_time {
  sec: 12
  nsec: 24000000
}
real_time {
  sec: 14
  nsec: 70448333
}
iterations: 3006
real_time_factor: 0.99984877287310292
step_size {
  nsec: 4000000
}

sim_time {
  sec: 12
  nsec: 124000000
}
real_time {
  sec: 14
  nsec: 170448013
}
iterations: 3031
real_time_factor: 1.0000062500390627
step_size {
  nsec: 4000000
}

sim_time {
  sec: 12
  nsec: 224000000
}
real_time {
  sec: 14
  nsec: 270448239
}
iterations: 3056
real_time_factor: 0.99985802016113712
step_size {
  nsec: 4000000
}

sim_time {
  sec: 12
  nsec: 328000000
}
real_time {
  sec: 14
  nsec: 374447264
}
iterations: 3082
real_time_factor: 1.0000087500765631
step_size {
  nsec: 4000000
}

sim_time {
  sec: 12
  nsec: 428000000
}
real_time {
  sec: 14
  nsec: 474448340
}
iterations: 3107
real_time_factor: 1.0007756010908455
step_size {
  nsec: 4000000
}

sim_time {
  sec: 12
  nsec: 532000000
}
real_time {
  sec: 14
  nsec: 578447255
}
iterations: 3133
real_time_factor: 1.0000620038442383
step_size {
  nsec: 4000000
}

sim_time {
  sec: 12
  nsec: 636000000
}
real_time {
  sec: 14
  nsec: 682447375
}
iterations: 3159
real_time_factor: 0.999992250060062
step_size {
  nsec: 4000000
}

sim_time {
  sec: 12
  nsec: 736000000
}
real_time {
  sec: 14
  nsec: 782448038
}
iterations: 3184
real_time_factor: 1.0003513734199136
step_size {
  nsec: 4000000
}

sim_time {
  sec: 12
  nsec: 840000000
}
real_time {
  sec: 14
  nsec: 886448083
}
iterations: 3210
real_time_factor: 1.0000202504100708
step_size {
  nsec: 4000000
}

sim_time {
  sec: 12
  nsec: 944000000
}
real_time {
  sec: 14
  nsec: 990447137
}
iterations: 3236
real_time_factor: 1.0000340011560394
step_size {
  nsec: 4000000
}

sim_time {
  sec: 13
  nsec: 44000000
}
real_time {
  sec: 15
  nsec: 90447725
}
iterations: 3261
real_time_factor: 1.0001522731835921
step_size {
  nsec: 4000000
}

sim_time {
  sec: 13
  nsec: 148000000
}
real_time {
  sec: 15
  nsec: 194448106
}
iterations: 3287
real_time_factor: 0.99986976696285312
step_size {
  nsec: 4000000
}

sim_time {
  sec: 13
  nsec: 248000000
}
real_time {
  sec: 15
  nsec: 294448929
}
iterations: 3312
real_time_factor: 0.99970308818280973
step_size {
  nsec: 4000000
}

sim_time {
  sec: 13
  nsec: 352000000
}
real_time {
  sec: 15
  nsec: 398448308
}
iterations: 3338
real_time_factor: 0.99992275596710156
step_size {
  nsec: 4000000
}

sim_time {
  sec: 13
  nsec: 456000000
}
real_time {
  sec: 15
  nsec: 502447599
}
iterations: 3364
real_time_factor: 1.0000457520931583
step_size {
  nsec: 4000000
}

sim_time {
  sec: 13
  nsec: 556000000
}
real_time {
  sec: 15
  nsec: 602447809
}
iterations: 3389
real_time_factor: 1.0001545238739384
step_size {
  nsec: 4000000
}

sim_time {
  sec: 13
  nsec: 660000000
}
real_time {
  sec: 15
  nsec: 706447271
}
iterations: 3415
real_time_factor: 1.0000317510080945
step_size {
  nsec: 4000000
}

sim_time {
  sec: 13
  nsec: 760000000
}
real_time {
  sec: 15
  nsec: 806454399
}
iterations: 3440
real_time_factor: 0.99830288509533793
step_size {
  nsec: 4000000
}

sim_time {
  sec: 13
  nsec: 864000000
}
real_time {
  sec: 15
  nsec: 910447879
}
iterations: 3466
real_time_factor: 1.0000687547268874
step_size {
  nsec: 4000000
}

sim_time {
  sec: 13
  nsec: 968000000
}
real_time {
  sec: 16
  nsec: 14447230
}
iterations: 3492
real_time_factor: 1.0000990098019704
step_size {
  nsec: 4000000
}

sim_time {
  sec: 14
  nsec: 68000000
}
real_time {
  sec: 16
  nsec: 114447987
}
iterations: 3517
real_time_factor: 0.99987201638190315
step_size {
  nsec: 4000000
}

sim_time {
  sec: 14
  nsec: 172000000
}
real_time {
  sec: 16
  nsec: 218447857
}
iterations: 3543
real_time_factor: 0.99986526815511612
step_size {
  nsec: 4000000
}

sim_time {
  sec: 14
  nsec: 272000000
}
real_time {
  sec: 16
  nsec: 318456466
}
iterations: 3568
real_time_factor: 0.99912501626700412
step_size {
  nsec: 4000000
}

sim_time {
  sec: 14
  nsec: 376000000
}
real_time {
  sec: 16
  nsec: 422448326
}
iterations: 3594
real_time_factor: 0.99993475425728473
step_size {
  nsec: 4000000
}

sim_time {
  sec: 14
  nsec: 480000000
}
real_time {
  sec: 16
  nsec: 526447570
}
iterations: 3620
real_time_factor: 1.000004000016
step_size {
  nsec: 4000000
}

sim_time {
  sec: 14
  nsec: 580000000
}
real_time {
  sec: 16
  nsec: 626447439
}
iterations: 3645
real_time_factor: 0.99994150342204979
step_size {
  nsec: 4000000
}

sim_time {
  sec: 14
  nsec: 680000000
}
real_time {
  sec: 16
  nsec: 726450113
}
iterations: 3670
real_time_factor: 0.999356414469082
step_size {
  nsec: 4000000
}

sim_time {
  sec: 14
  nsec: 784000000
}
real_time {
  sec: 16
  nsec: 830447530
}
iterations: 3696
real_time_factor: 0.99994400313582443
step_size {
  nsec: 4000000
}

sim_time {
  sec: 14
  nsec: 884000000
}
real_time {
  sec: 16
  nsec: 930448520
}
iterations: 3721
real_time_factor: 0.9998140345895663
step_size {
  nsec: 4000000
}

sim_time {
  sec: 14
  nsec: 984000000
}
real_time {
  sec: 17
  nsec: 30448398
}
iterations: 3746
real_time_factor: 0.99971708006634119
step_size {
  nsec: 4000000
}

sim_time {
  sec: 15
  nsec: 88000000
}
real_time {
  sec: 17
  nsec: 134447379
}
iterations: 3772
real_time_factor: 0.99995800176392591
step_size {
  nsec: 4000000
}

sim_time {
  sec: 15
  nsec: 188000000
}
real_time {
  sec: 17
  nsec: 234447628
}
iterations: 3797
real_time_factor: 0.999830778640715
step_size {
  nsec: 4000000
}

sim_time {
  sec: 15
  nsec: 292000000
}
real_time {
  sec: 17
  nsec: 338447416
}
iterations: 3823
real_time_factor: 0.99997150081222685
step_size {
  nsec: 4000000
}

sim_time {
  sec: 15
  nsec: 392000000
}
real_time {
  sec: 17
  nsec: 438447701
}
iterations: 3848
real_time_factor: 0.99999250005624962
step_size {
  nsec: 4000000
}

sim_time {
  sec: 15
  nsec: 496000000
}
real_time {
  sec: 17
  nsec: 542447426
}
iterations: 3874
real_time_factor: 1.0000182503330686
step_size {
  nsec: 4000000
}

sim_time {
  sec: 15
  nsec: 596000000
}
real_time {
  sec: 17
  nsec: 642447963
}
iterations: 3899
real_time_factor: 0.99986751755392411
step_size {
  nsec: 4000000
}

sim_time {
  sec: 15
  nsec: 696000000
}
real_time {
  sec: 17
  nsec: 742448305
}
iterations: 3924
real_time_factor: 1.0000067500455627
step_size {
  nsec: 4000000
}

sim_time {
  sec: 15
  nsec: 800000000
}
real_time {
  sec: 17
  nsec: 846452817
}
iterations: 3950
real_time_factor: 0.99885032327790713
step_size {
  nsec: 4000000
}

sim_time {
  sec: 15
  nsec: 904000000
}
real_time {
  sec: 17
  nsec: 950447957
}
iterations: 3976
real_time_factor: 1.0006619378719022
step_size {
  nsec: 4000000
}

sim_time {
  sec: 16
  nsec: 8000000
}
real_time {
  sec: 18
  nsec: 54447440
}
iterations: 4002
real_time_factor: 0.99997875045155293
step_size {
  nsec: 4000000
}

sim_time {
  sec: 16
  nsec: 108000000
}
real_time {
  sec: 18
  nsec: 154449449
}
iterations: 4027
real_time_factor: 0.99955744594080975
step_size {
  nsec: 4000000
}

sim_time {
  sec: 16
  nsec: 208000000
}
real_time {
  sec: 18
  nsec: 254449486
}
iterations: 4052
real_time_factor: 0.999749562734535
step_size {
  nsec: 4000000
}

sim_time {
  sec: 16
  nsec: 312000000
}
real_time {
  sec: 18
  nsec: 358447404
}
iterations: 4078
real_time_factor: 0.99996725107252737
step_size {
  nsec: 4000000
}

sim_time {
  sec: 16
  nsec: 416000000
}
real_time {
  sec: 18
  nsec: 462447683
}
iterations: 4104
real_time_factor: 0.99998575020305958
step_size {
  nsec: 4000000
}

sim_time {
  sec: 16
  nsec: 516000000
}
real_time {
  sec: 18
  nsec: 562447739
}
iterations: 4129
real_time_factor: 1.0000112501265639
step_size {
  nsec: 4000000
}

sim_time {
  sec: 16
  nsec: 616000000
}
real_time {
  sec: 18
  nsec: 662449064
}
iterations: 4154
real_time_factor: 1.0000992598515404
step_size {
  nsec: 4000000
}

sim_time {
  sec: 16
  nsec: 720000000
}
real_time {
  sec: 18
  nsec: 766448437
}
iterations: 4180
real_time_factor: 0.999814534403868
step_size {
  nsec: 4000000
}

sim_time {
  sec: 16
  nsec: 824000000
}
real_time {
  sec: 18
  nsec: 870448643
}
iterations: 4206
real_time_factor: 0.99971283248886755
step_size {
  nsec: 4000000
}

sim_time {
  sec: 16
  nsec: 928000000
}
real_time {
  sec: 18
  nsec: 974447776
}
iterations: 4232
real_time_factor: 1.0000712550769242
step_size {
  nsec: 4000000
}

sim_time {
  sec: 17
  nsec: 32000000
}
real_time {
  sec: 19
  nsec: 78449001
}
iterations: 4258
real_time_factor: 0.9997540605011167
step_size {
  nsec: 4000000
}

sim_time {
  sec: 17
  nsec: 136000000
}
real_time {
  sec: 19
  nsec: 182447189
}
iterations: 4284
real_time_factor: 1.0000157502480664
step_size {
  nsec: 4000000
}

sim_time {
  sec: 17
  nsec: 236000000
}
real_time {
  sec: 19
  nsec: 282447309
}
iterations: 4309
real_time_factor: 1.0001177638666954
step_size {
  nsec: 4000000
}

sim_time {
  sec: 17
  nsec: 340000000
}
real_time {
  sec: 19
  nsec: 386447369
}
iterations: 4335
real_time_factor: 0.999960001599936
step_size {
  nsec: 4000000
}

sim_time {
  sec: 17
  nsec: 444000000
}
real_time {
  sec: 19
  nsec: 490447470
}
iterations: 4361
real_time_factor: 0.99995575195797581
step_size {
  nsec: 4000000
}

sim_time {
  sec: 17
  nsec: 544000000
}
real_time {
  sec: 19
  nsec: 590448120
}
iterations: 4386
real_time_factor: 0.99998350027224547
step_size {
  nsec: 4000000
}

sim_time {
  sec: 17
  nsec: 648000000
}
real_time {
  sec: 19
  nsec: 694448346
}
iterations: 4412
real_time_factor: 0.99987476568559785
step_size {
  nsec: 4000000
}

sim_time {
  sec: 17
  nsec: 752000000
}
real_time {
  sec: 19
  nsec: 798447414
}
iterations: 4438
real_time_factor: 0.99998375026405817
step_size {
  nsec: 4000000
}

sim_time {
  sec: 17
  nsec: 856000000
}
real_time {
  sec: 19
  nsec: 902447140
}
iterations: 4464
real_time_factor: 0.99998350027224547
step_size {
  nsec: 4000000
}

sim_time {
  sec: 17
  nsec: 956000000
}
real_time {
  sec: 20
  nsec: 2447559
}
iterations: 4489
real_time_factor: 0.99982378105858838
step_size {
  nsec: 4000000
}

sim_time {
  sec: 18
  nsec: 56000000
}
real_time {
  sec: 20
  nsec: 102448209
}
iterations: 4514
real_time_factor: 0.99992575551265317
step_size {
  nsec: 4000000
}

sim_time {
  sec: 18
  nsec: 160000000
}
real_time {
  sec: 20
  nsec: 206448398
}
iterations: 4540
real_time_factor: 0.99982852940720668
step_size {
  nsec: 4000000
}

sim_time {
  sec: 18
  nsec: 264000000
}
real_time {
  sec: 20
  nsec: 310449960
}
iterations: 4566
real_time_factor: 0.99942133504700781
step_size {
  nsec: 4000000
}

sim_time {
  sec: 18
  nsec: 368000000
}
real_time {
  sec: 20
  nsec: 414447689
}
iterations: 4592
real_time_factor: 0.99990250950532322
step_size {
  nsec: 4000000
}

sim_time {
  sec: 18
  nsec: 472000000
}
real_time {
  sec: 20
  nsec: 518450613
}
iterations: 4618
real_time_factor: 0.99925954867443223
step_size {
  nsec: 4000000
}

sim_time {
  sec: 18
  nsec: 576000000
}
real_time {
  sec: 20
  nsec: 622447118
}
iterations: 4644
real_time_factor: 1.0000832569311395
step_size {
  nsec: 4000000
}

sim_time {
  sec: 18
  nsec: 676000000
}
real_time {
  sec: 20
  nsec: 722447399
}
iterations: 4669
real_time_factor: 0.99996250140619725
step_size {
  nsec: 4000000
}

sim_time {
  sec: 18
  nsec: 776000000
}
real_time {
  sec: 20
  nsec: 822448560
}
iterations: 4694
real_time_factor: 1.0000135001822525
step_size {
  nsec: 4000000
}

sim_time {
  sec: 18
  nsec: 880000000
}
real_time {
  sec: 20
  nsec: 926448222
}
iterations: 4720
real_time_factor: 0.99987701512713933
step_size {
  nsec: 4000000
}

sim_time {
  sec: 18
  nsec: 984000000
}
real_time {
  sec: 21
  nsec: 30447477
}
iterations: 4746
real_time_factor: 0.9999952500225624
step_size {
  nsec: 4000000
}

sim_time {
  sec: 19
  nsec: 88000000
}
real_time {
  sec: 21
  nsec: 134447361
}
iterations: 4772
real_time_factor: 0.99997425066304546
step_size {
  nsec: 4000000
}

sim_time {
  sec: 19
  nsec: 188000000
}
real_time {
  sec: 21
  nsec: 234448133
}
iterations: 4797
real_time_factor: 0.99979404242726
step_size {
  nsec: 4000000
}

sim_time {
  sec: 19
  nsec: 292000000
}
real_time {
  sec: 21
  nsec: 338449509
}
iterations: 4823
real_time_factor: 0.99956219176000916
step_size {
  nsec: 4000000
}

sim_time {
  sec: 19
  nsec: 396000000
}
real_time {
  sec: 21
  nsec: 442447967
}
iterations: 4849
real_time_factor: 1.0000252506375786
step_size {
  nsec: 4000000
}

sim_time {
  sec: 19
  nsec: 500000000
}
real_time {
  sec: 21
  nsec: 546447612
}
iterations: 4875
real_time_factor: 0.999970000899973
step_size {
  nsec: 4000000
}

sim_time {
  sec: 19
  nsec: 600000000
}
real_time {
  sec: 21
  nsec: 646447701
}
iterations: 4900
real_time_factor: 0.99999750000625
step_size {
  nsec: 4000000
}

sim_time {
  sec: 19
  nsec: 704000000
}
real_time {
  sec: 21
  nsec: 750448438
}
iterations: 4926
real_time_factor: 0.99980778695295824
step_size {
  nsec: 4000000
}

sim_time {
  sec: 19
  nsec: 808000000
}
real_time {
  sec: 21
  nsec: 854448194
}
iterations: 4952
real_time_factor: 1.000053002809149
step_size {
  nsec: 4000000
}

sim_time {
  sec: 19
  nsec: 912000000
}
real_time {
  sec: 21
  nsec: 958448061
}
iterations: 4978
real_time_factor: 0.99988176398140916
step_size {
  nsec: 4000000
}

sim_time {
  sec: 20
  nsec: 16000000
}
real_time {
  sec: 22
  nsec: 62447446
}
iterations: 5004
real_time_factor: 1.000085507310875
step_size {
  nsec: 4000000
}

sim_time {
  sec: 20
  nsec: 120000000
}
real_time {
  sec: 22
  nsec: 166447553
}
iterations: 5030
real_time_factor: 0.99997675054054991
step_size {
  nsec: 4000000
}

sim_time {
  sec: 20
  nsec: 220000000
}
real_time {
  sec: 22
  nsec: 266452031
}
iterations: 5055
real_time_factor: 0.99954420784122444
step_size {
  nsec: 4000000
}

sim_time {
  sec: 20
  nsec: 324000000
}
real_time {
  sec: 22
  nsec: 370448185
}
iterations: 5081
real_time_factor: 0.99997675054054991
step_size {
  nsec: 4000000
}

sim_time {
  sec: 20
  nsec: 428000000
}
real_time {
  sec: 22
  nsec: 474447910
}
iterations: 5107
real_time_factor: 1.0000230005290123
step_size {
  nsec: 4000000
}

sim_time {
  sec: 20
  nsec: 528000000
}
real_time {
  sec: 22
  nsec: 574448815
}
iterations: 5132
real_time_factor: 0.999847273328999
step_size {
  nsec: 4000000
}

sim_time {
  sec: 20
  nsec: 628000000
}
real_time {
  sec: 22
  nsec: 674448562
}
iterations: 5157
real_time_factor: 0.99987026683287838
step_size {
  nsec: 4000000
}

sim_time {
  sec: 20
  nsec: 732000000
}
real_time {
  sec: 22
  nsec: 778448615
}
iterations: 5183
real_time_factor: 0.99975006248437892
step_size {
  nsec: 4000000
}

sim_time {
  sec: 20
  nsec: 836000000
}
real_time {
  sec: 22
  nsec: 882447891
}
iterations: 5209
real_time_factor: 0.99996275138751078
step_size {
  nsec: 4000000
}

sim_time {
  sec: 20
  nsec: 940000000
}
real_time {
  sec: 22
  nsec: 986447564
}
iterations: 5235
real_time_factor: 1.0001205145219998
step_size {
  nsec: 4000000
}

sim_time {
  sec: 21
  nsec: 44000000
}
real_time {
  sec: 23
  nsec: 90453154
}
iterations: 5261
real_time_factor: 0.99857603058039235
step_size {
  nsec: 4000000
}

sim_time {
  sec: 21
  nsec: 144000000
}
real_time {
  sec: 23
  nsec: 190452837
}
iterations: 5286
real_time_factor: 0.99879520328603622
step_size {
  nsec: 4000000
}

sim_time {
  sec: 21
  nsec: 248000000
}
real_time {
  sec: 23
  nsec: 294447890
}
iterations: 5312
real_time_factor: 0.99998150034224365
step_size {
  nsec: 4000000
}

sim_time {
  sec: 21
  nsec: 352000000
}
real_time {
  sec: 23
  nsec: 398447749
}
iterations: 5338
real_time_factor: 1.0000230005290123
step_size {
  nsec: 4000000
}

sim_time {
  sec: 21
  nsec: 456000000
}
real_time {
  sec: 23
  nsec: 502448547
}
iterations: 5364
real_time_factor: 0.9997200783780541
step_size {
  nsec: 4000000
}

sim_time {
  sec: 21
  nsec: 560000000
}
real_time {
  sec: 23
  nsec: 606448787
}
iterations: 5390
real_time_factor: 0.99990950818950886
step_size {
  nsec: 4000000
}

sim_time {
  sec: 21
  nsec: 660000000
}
real_time {
  sec: 23
  nsec: 706449451
}
iterations: 5415
real_time_factor: 0.99978279718731111
step_size {
  nsec: 4000000
}

sim_time {
  sec: 21
  nsec: 760000000
}
real_time {
  sec: 23
  nsec: 806560427
}
iterations: 5440
real_time_factor: 0.97284474151880029
step_size {
  nsec: 4000000
}

sim_time {
  sec: 21
  nsec: 864000000
}
real_time {
  sec: 23
  nsec: 910453144
}
iterations: 5466
real_time_factor: 0.99989826035200924
step_size {
  nsec: 4000000
}

sim_time {
  sec: 21
  nsec: 968000000
}
real_time {
  sec: 24
  nsec: 14447929
}
iterations: 5492
real_time_factor: 0.9998657680206432
step_size {
  nsec: 4000000
}

sim_time {
  sec: 22
  nsec: 72000000
}
real_time {
  sec: 24
  nsec: 118447372
}
iterations: 5518
real_time_factor: 1.0000485023523642
step_size {
  nsec: 4000000
}

sim_time {
  sec: 22
  nsec: 172000000
}
real_time {
  sec: 24
  nsec: 218447917
}
iterations: 5543
real_time_factor: 1.000222299406043
step_size {
  nsec: 4000000
}

sim_time {
  sec: 22
  nsec: 276000000
}
real_time {
  sec: 24
  nsec: 322447295
}
iterations: 5569
real_time_factor: 0.9998820139223572
step_size {
  nsec: 4000000
}

sim_time {
  sec: 22
  nsec: 380000000
}
real_time {
  sec: 24
  nsec: 426449831
}
iterations: 5595
real_time_factor: 0.99933369425935259
step_size {
  nsec: 4000000
}

sim_time {
  sec: 22
  nsec: 484000000
}
real_time {
  sec: 24
  nsec: 530447490
}
iterations: 5621
real_time_factor: 1.000201540610433
step_size {
  nsec: 4000000
}

sim_time {
  sec: 22
  nsec: 588000000
}
real_time {
  sec: 24
  nsec: 634448249
}
iterations: 5647
real_time_factor: 0.99985427123996673
step_size {
  nsec: 4000000
}

sim_time {
  sec: 22
  nsec: 692000000
}
real_time {
  sec: 24
  nsec: 738447202
}
iterations: 5673
real_time_factor: 1.0002385568958196
step_size {
  nsec: 4000000
}

sim_time {
  sec: 22
  nsec: 792000000
}
real_time {
  sec: 24
  nsec: 838448517
}
iterations: 5698
real_time_factor: 0.99972707450865916
step_size {
  nsec: 4000000
}

sim_time {
  sec: 22
  nsec: 892000000
}
real_time {
  sec: 24
  nsec: 938448527
}
iterations: 5723
real_time_factor: 0.99984252480234359
step_size {
  nsec: 4000000
}

sim_time {
  sec: 22
  nsec: 996000000
}
real_time {
  sec: 25
  nsec: 42451581
}
iterations: 5749
real_time_factor: 0.99895259820078652
step_size {
  nsec: 4000000
}

sim_time {
  sec: 23
  nsec: 96000000
}
real_time {
  sec: 25
  nsec: 142451341
}
iterations: 5774
real_time_factor: 0.999135248442473
step_size {
  nsec: 4000000
}

sim_time {
  sec: 23
  nsec: 200000000
}
real_time {
  sec: 25
  nsec: 246447822
}
iterations: 5800
real_time_factor: 1.0007044959651594
step_size {
  nsec: 4000000
}

sim_time {
  sec: 23
  nsec: 300000000
}
real_time {
  sec: 25
  nsec: 346447906
}
iterations: 5825
real_time_factor: 1.0006301468349694
step_size {
  nsec: 4000000
}

sim_time {
  sec: 23
  nsec: 404000000
}
real_time {
  sec: 25
  nsec: 450447562
}
iterations: 5851
real_time_factor: 0.99999100008099928
step_size {
  nsec: 4000000
}

sim_time {
  sec: 23
  nsec: 508000000
}
real_time {
  sec: 25
  nsec: 554449306
}
iterations: 5877
real_time_factor: 0.99952572504346693
step_size {
  nsec: 4000000
}

sim_time {
  sec: 23
  nsec: 612000000
}
real_time {
  sec: 25
  nsec: 658447458
}
iterations: 5903
real_time_factor: 0.99999325004556217
step_size {
  nsec: 4000000
}

sim_time {
  sec: 23
  nsec: 712000000
}
real_time {
  sec: 25
  nsec: 758448117
}
iterations: 5928
real_time_factor: 0.99987276619050225
step_size {
  nsec: 4000000
}

sim_time {
  sec: 23
  nsec: 816000000
}
real_time {
  sec: 25
  nsec: 862449867
}
iterations: 5954
real_time_factor: 0.99948226818508012
step_size {
  nsec: 4000000
}

sim_time {
  sec: 23
  nsec: 920000000
}
real_time {
  sec: 25
  nsec: 966448137
}
iterations: 5980
real_time_factor: 1.0003358627659236
step_size {
  nsec: 4000000
}

sim_time {
  sec: 24
  nsec: 20000000
}
real_time {
  sec: 26
  nsec: 66449454
}
iterations: 6005
real_time_factor: 0.99953721426979314
step_size {
  nsec: 4000000
}

sim_time {
  sec: 24
  nsec: 124000000
}
real_time {
  sec: 26
  nsec: 170447177
}
iterations: 6031
real_time_factor: 1.0000557531082357
step_size {
  nsec: 4000000
}

sim_time {
  sec: 24
  nsec: 224000000
}
real_time {
  sec: 26
  nsec: 270448122
}
iterations: 6056
real_time_factor: 1.0004889889933706
step_size {
  nsec: 4000000
}

sim_time {
  sec: 24
  nsec: 328000000
}
real_time {
  sec: 26
  nsec: 374447688
}
iterations: 6082
real_time_factor: 0.999970000899973
step_size {
  nsec: 4000000
}

sim_time {
  sec: 24
  nsec: 428000000
}
real_time {
  sec: 26
  nsec: 474449391
}
iterations: 6107
real_time_factor: 0.99968085188803479
step_size {
  nsec: 4000000
}

sim_time {
  sec: 24
  nsec: 532000000
}
real_time {
  sec: 26
  nsec: 578448522
}
iterations: 6133
real_time_factor: 0.99999350004224974
step_size {
  nsec: 4000000
}

sim_time {
  sec: 24
  nsec: 636000000
}
real_time {
  sec: 26
  nsec: 682449395
}
iterations: 6159
real_time_factor: 0.99969684193268393
step_size {
  nsec: 4000000
}

sim_time {
  sec: 24
  nsec: 740000000
}
real_time {
  sec: 26
  nsec: 786447286
}
iterations: 6185
real_time_factor: 1.000085757353693
step_size {
  nsec: 4000000
}

sim_time {
  sec: 24
  nsec: 840000000
}
real_time {
  sec: 26
  nsec: 886553764
}
iterations: 6210
real_time_factor: 0.97409349641606646
step_size {
  nsec: 4000000
}

sim_time {
  sec: 24
  nsec: 944000000
}
real_time {
  sec: 26
  nsec: 990447790
}
iterations: 6236
real_time_factor: 0.99991225769938685
step_size {
  nsec: 4000000
}

sim_time {
  sec: 25
  nsec: 44000000
}
real_time {
  sec: 27
  nsec: 90448599
}
iterations: 6261
real_time_factor: 1.0001045109213913
step_size {
  nsec: 4000000
}

sim_time {
  sec: 25
  nsec: 148000000
}
real_time {
  sec: 27
  nsec: 194447360
}
iterations: 6287
real_time_factor: 1.000099759951055
step_size {
  nsec: 4000000
}

sim_time {
  sec: 25
  nsec: 248000000
}
real_time {
  sec: 27
  nsec: 294447132
}
iterations: 6312
real_time_factor: 1.000210794424925
step_size {
  nsec: 4000000
}

sim_time {
  sec: 25
  nsec: 352000000
}
real_time {
  sec: 27
  nsec: 398447642
}
iterations: 6338
real_time_factor: 0.999926505401853
step_size {
  nsec: 4000000
}

sim_time {
  sec: 25
  nsec: 452000000
}
real_time {
  sec: 27
  nsec: 498448392
}
iterations: 6363
real_time_factor: 1.0010896861233454
step_size {
  nsec: 4000000
}

sim_time {
  sec: 25
  nsec: 556000000
}
real_time {
  sec: 27
  nsec: 602446654
}
iterations: 6389
real_time_factor: 1.0001070114502251
step_size {
  nsec: 4000000
}

sim_time {
  sec: 25
  nsec: 656000000
}
real_time {
  sec: 27
  nsec: 702447418
}
iterations: 6414
real_time_factor: 1.0002573161945911
step_size {
  nsec: 4000000
}

sim_time {
  sec: 25
  nsec: 760000000
}
real_time {
  sec: 27
  nsec: 806447310
}
iterations: 6440
real_time_factor: 0.99998425024805859
step_size {
  nsec: 4000000
}

sim_time {
  sec: 25
  nsec: 860000000
}
real_time {
  sec: 27
  nsec: 906499964
}
iterations: 6465
real_time_factor: 0.9873744429973923
step_size {
  nsec: 4000000
}

sim_time {
  sec: 25
  nsec: 964000000
}
real_time {
  sec: 28
  nsec: 10447466
}
iterations: 6491
real_time_factor: 0.99992150616176634
step_size {
  nsec: 4000000
}

sim_time {
  sec: 26
  nsec: 68000000
}
real_time {
  sec: 28
  nsec: 114447367
}
iterations: 6517
real_time_factor: 1.0000305009302783
step_size {
  nsec: 4000000
}

sim_time {
  sec: 26
  nsec: 172000000
}
real_time {
  sec: 28
  nsec: 218447481
}
iterations: 6543
real_time_factor: 0.99989826035200924
step_size {
  nsec: 4000000
}

sim_time {
  sec: 26
  nsec: 272000000
}
real_time {
  sec: 28
  nsec: 318447597
}
iterations: 6568
real_time_factor: 0.99993325445526515
step_size {
  nsec: 4000000
}

sim_time {
  sec: 26
  nsec: 372000000
}
real_time {
  sec: 28
  nsec: 418448240
}
iterations: 6593
real_time_factor: 0.99983827615883136
step_size {
  nsec: 4000000
}

sim_time {
  sec: 26
  nsec: 476000000
}
real_time {
  sec: 28
  nsec: 522447126
}
iterations: 6619
real_time_factor: 1.0001277663221477
step_size {
  nsec: 4000000
}

sim_time {
  sec: 26
  nsec: 576000000
}
real_time {
  sec: 28
  nsec: 622447446
}
iterations: 6644
real_time_factor: 0.99992875507620083
step_size {
  nsec: 4000000
}

sim_time {
  sec: 26
  nsec: 676000000
}
real_time {
  sec: 28
  nsec: 722447831
}
iterations: 6669
real_time_factor: 1.0000285008122731
step_size {
  nsec: 4000000
}

sim_time {
  sec: 26
  nsec: 780000000
}
real_time {
  sec: 28
  nsec: 826447142
}
iterations: 6695
real_time_factor: 1.000035001225043
step_size {
  nsec: 4000000
}

sim_time {
  sec: 26
  nsec: 880000000
}
real_time {
  sec: 28
  nsec: 926448610
}
iterations: 6720
real_time_factor: 0.99972057809842152
step_size {
  nsec: 4000000
}

sim_time {
  sec: 26
  nsec: 984000000
}
real_time {
  sec: 29
  nsec: 30449041
}
iterations: 6746
real_time_factor: 0.99979679130216781
step_size {
  nsec: 4000000
}

sim_time {
  sec: 27
  nsec: 88000000
}
real_time {
  sec: 29
  nsec: 134448563
}
iterations: 6772
real_time_factor: 0.999926505401853
step_size {
  nsec: 4000000
}

sim_time {
  sec: 27
  nsec: 192000000
}
real_time {
  sec: 29
  nsec: 238447058
}
iterations: 6798
real_time_factor: 1.0001762810695385
step_size {
  nsec: 4000000
}

sim_time {
  sec: 27
  nsec: 292000000
}
real_time {
  sec: 29
  nsec: 338447462
}
iterations: 6823
real_time_factor: 1.0008785211219147
step_size {
  nsec: 4000000
}

sim_time {
  sec: 27
  nsec: 392000000
}
real_time {
  sec: 29
  nsec: 438449644
}
iterations: 6848
real_time_factor: 0.99973432060429945
step_size {
  nsec: 4000000
}

sim_time {
  sec: 27
  nsec: 496000000
}
real_time {
  sec: 29
  nsec: 542447122
}
iterations: 6874
real_time_factor: 1.000100010001
step_size {
  nsec: 4000000
}

sim_time {
  sec: 27
  nsec: 600000000
}
real_time {
  sec: 29
  nsec: 646447451
}
iterations: 6900
real_time_factor: 1.000003000009
step_size {
  nsec: 4000000
}

sim_time {
  sec: 27
  nsec: 704000000
}
real_time {
  sec: 29
  nsec: 750447795
}
iterations: 6926
real_time_factor: 0.99983152838746669
step_size {
  nsec: 4000000
}

sim_time {
  sec: 27
  nsec: 808000000
}
real_time {
  sec: 29
  nsec: 854447463
}
iterations: 6952
real_time_factor: 1.0000465021623506
step_size {
  nsec: 4000000
}

sim_time {
  sec: 27
  nsec: 912000000
}
real_time {
  sec: 29
  nsec: 958453520
}
iterations: 6978
real_time_factor: 0.9985027451336721
step_size {
  nsec: 4000000
}

sim_time {
  sec: 28
  nsec: 16000000
}
real_time {
  sec: 30
  nsec: 62448097
}
iterations: 7004
real_time_factor: 1.0013054519830229
step_size {
  nsec: 4000000
}

sim_time {
  sec: 28
  nsec: 120000000
}
real_time {
  sec: 30
  nsec: 166447000
}
iterations: 7030
real_time_factor: 1.0000490024011177
step_size {
  nsec: 4000000
}

sim_time {
  sec: 28
  nsec: 220000000
}
real_time {
  sec: 30
  nsec: 266448684
}
iterations: 7055
real_time_factor: 1.0001577748889887
step_size {
  nsec: 4000000
}

sim_time {
  sec: 28
  nsec: 324000000
}
real_time {
  sec: 30
  nsec: 370447661
}
iterations: 7081
real_time_factor: 1.0000722552204397
step_size {
  nsec: 4000000
}

sim_time {
  sec: 28
  nsec: 424000000
}
real_time {
  sec: 30
  nsec: 470448263
}
iterations: 7106
real_time_factor: 0.99991975643954578
step_size {
  nsec: 4000000
}

sim_time {
  sec: 28
  nsec: 528000000
}
real_time {
  sec: 30
  nsec: 574447136
}
iterations: 7132
real_time_factor: 0.99999100008099928
step_size {
  nsec: 4000000
}

sim_time {
  sec: 28
  nsec: 628000000
}
real_time {
  sec: 30
  nsec: 674447480
}
iterations: 7157
real_time_factor: 1.0000075000562505
step_size {
  nsec: 4000000
}

sim_time {
  sec: 28
  nsec: 732000000
}
real_time {
  sec: 30
  nsec: 778447736
}
iterations: 7183
real_time_factor: 0.99994050354003938
step_size {
  nsec: 4000000
}

sim_time {
  sec: 28
  nsec: 836000000
}
real_time {
  sec: 30
  nsec: 882447123
}
iterations: 7209
real_time_factor: 1.0000652542578403
step_size {
  nsec: 4000000
}

sim_time {
  sec: 28
  nsec: 936000000
}
real_time {
  sec: 30
  nsec: 982448251
}
iterations: 7234
real_time_factor: 0.99999375003906221
step_size {
  nsec: 4000000
}

sim_time {
  sec: 29
  nsec: 40000000
}
real_time {
  sec: 31
  nsec: 86447805
}
iterations: 7260
real_time_factor: 0.9999590016809311
step_size {
  nsec: 4000000
}

sim_time {
  sec: 29
  nsec: 140000000
}
real_time {
  sec: 31
  nsec: 186448925
}
iterations: 7285
real_time_factor: 0.999748063488001
step_size {
  nsec: 4000000
}

sim_time {
  sec: 29
  nsec: 244000000
}
real_time {
  sec: 31
  nsec: 290447450
}
iterations: 7311
real_time_factor: 1.0000975095071769
step_size {
  nsec: 4000000
}

sim_time {
  sec: 29
  nsec: 344000000
}
real_time {
  sec: 31
  nsec: 390448033
}
iterations: 7336
real_time_factor: 0.99993550415998167
step_size {
  nsec: 4000000
}

sim_time {
  sec: 29
  nsec: 444000000
}
real_time {
  sec: 31
  nsec: 490448149
}
iterations: 7361
real_time_factor: 1.0000492524256819
step_size {
  nsec: 4000000
}

sim_time {
  sec: 29
  nsec: 548000000
}
real_time {
  sec: 31
  nsec: 594447675
}
iterations: 7387
real_time_factor: 0.99999150007224935
step_size {
  nsec: 4000000
}

sim_time {
  sec: 29
  nsec: 652000000
}
real_time {
  sec: 31
  nsec: 698447849
}
iterations: 7413
real_time_factor: 0.99989926014953989
step_size {
  nsec: 4000000
}

sim_time {
  sec: 29
  nsec: 756000000
}
real_time {
  sec: 31
  nsec: 802449886
}
iterations: 7439
real_time_factor: 0.99947977077930938
step_size {
  nsec: 4000000
}

sim_time {
  sec: 29
  nsec: 860000000
}
real_time {
  sec: 31
  nsec: 906447801
}
iterations: 7465
real_time_factor: 1.000100010001
step_size {
  nsec: 4000000
}

sim_time {
  sec: 29
  nsec: 964000000
}
real_time {
  sec: 32
  nsec: 10447253
}
iterations: 7491
real_time_factor: 1.0000585034224503
step_size {
  nsec: 4000000
}

sim_time {
  sec: 30
  nsec: 68000000
}
real_time {
  sec: 32
  nsec: 114447427
}
iterations: 7517
real_time_factor: 0.99989176171679417
step_size {
  nsec: 4000000
}

sim_time {
  sec: 30
  nsec: 168000000
}
real_time {
  sec: 32
  nsec: 214448409
}
iterations: 7542
real_time_factor: 0.99967460591577439
step_size {
  nsec: 4000000
}

sim_time {
  sec: 30
  nsec: 272000000
}
real_time {
  sec: 32
  nsec: 318447630
}
iterations: 7568
real_time_factor: 0.99997075085553744
step_size {
  nsec: 4000000
}

sim_time {
  sec: 30
  nsec: 376000000
}
real_time {
  sec: 32
  nsec: 422447602
}
iterations: 7594
real_time_factor: 0.99995875170149229
step_size {
  nsec: 4000000
}

sim_time {
  sec: 30
  nsec: 480000000
}
real_time {
  sec: 32
  nsec: 526446909
}
iterations: 7620
real_time_factor: 1.000070004900343
step_size {
  nsec: 4000000
}

sim_time {
  sec: 30
  nsec: 584000000
}
real_time {
  sec: 32
  nsec: 630447325
}
iterations: 7646
real_time_factor: 0.99995200230388936
step_size {
  nsec: 4000000
}

sim_time {
  sec: 30
  nsec: 684000000
}
real_time {
  sec: 32
  nsec: 730447781
}
iterations: 7671
real_time_factor: 0.999915007224386
step_size {
  nsec: 4000000
}

sim_time {
  sec: 30
  nsec: 784000000
}
real_time {
  sec: 32
  nsec: 830449479
}
iterations: 7696
real_time_factor: 1.0001302669672725
step_size {
  nsec: 4000000
}

sim_time {
  sec: 30
  nsec: 888000000
}
real_time {
  sec: 32
  nsec: 934447765
}
iterations: 7722
real_time_factor: 0.99992425573762789
step_size {
  nsec: 4000000
}

sim_time {
  sec: 30
  nsec: 992000000
}
real_time {
  sec: 33
  nsec: 38447209
}
iterations: 7748
real_time_factor: 0.99998925011556128
step_size {
  nsec: 4000000
}

sim_time {
  sec: 31
  nsec: 96000000
}
real_time {
  sec: 33
  nsec: 142447376
}
iterations: 7774
real_time_factor: 0.999915007224386
step_size {
  nsec: 4000000
}

sim_time {
  sec: 31
  nsec: 196000000
}
real_time {
  sec: 33
  nsec: 242447813
}
iterations: 7799
real_time_factor: 1.0000657543233467
step_size {
  nsec: 4000000
}

sim_time {
  sec: 31
  nsec: 296000000
}
real_time {
  sec: 33
  nsec: 342451363
}
iterations: 7824
real_time_factor: 1.0281592248501972
step_size {
  nsec: 4000000
}

sim_time {
  sec: 31
  nsec: 400000000
}
real_time {
  sec: 33
  nsec: 446447362
}
iterations: 7850
real_time_factor: 1.0000447520026521
step_size {
  nsec: 4000000
}

sim_time {
  sec: 31
  nsec: 500000000
}
real_time {
  sec: 33
  nsec: 546447700
}
iterations: 7875
real_time_factor: 0.99993600409573791
step_size {
  nsec: 4000000
}

sim_time {
  sec: 31
  nsec: 604000000
}
real_time {
  sec: 33
  nsec: 650447516
}
iterations: 7901
real_time_factor: 1.0000402516201277
step_size {
  nsec: 4000000
}

sim_time {
  sec: 31
  nsec: 704000000
}
real_time {
  sec: 33
  nsec: 750448715
}
iterations: 7926
real_time_factor: 0.999709334510991
step_size {
  nsec: 4000000
}

sim_time {
  sec: 31
  nsec: 808000000
}
real_time {
  sec: 33
  nsec: 854448086
}
iterations: 7952
real_time_factor: 1.0000217504730728
step_size {
  nsec: 4000000
}

sim_time {
  sec: 31
  nsec: 908000000
}
real_time {
  sec: 33
  nsec: 954448488
}
iterations: 7977
real_time_factor: 0.99979704120063628
step_size {
  nsec: 4000000
}

sim_time {
  sec: 32
  nsec: 12000000
}
real_time {
  sec: 34
  nsec: 58447193
}
iterations: 8003
real_time_factor: 1.0000260006760175
step_size {
  nsec: 4000000
}

sim_time {
  sec: 32
  nsec: 112000000
}
real_time {
  sec: 34
  nsec: 158450521
}
iterations: 8028
real_time_factor: 0.99926753689545567
step_size {
  nsec: 4000000
}

sim_time {
  sec: 32
  nsec: 216000000
}
real_time {
  sec: 34
  nsec: 262447401
}
iterations: 8054
real_time_factor: 0.99996850099221879
step_size {
  nsec: 4000000
}

sim_time {
  sec: 32
  nsec: 320000000
}
real_time {
  sec: 34
  nsec: 366447477
}
iterations: 8080
real_time_factor: 0.99999825000306253
step_size {
  nsec: 4000000
}

sim_time {
  sec: 32
  nsec: 424000000
}
real_time {
  sec: 34
  nsec: 470447365
}
iterations: 8106
real_time_factor: 0.99991525718195384
step_size {
  nsec: 4000000
}

sim_time {
  sec: 32
  nsec: 528000000
}
real_time {
  sec: 34
  nsec: 574447265
}
iterations: 8132
real_time_factor: 1.000047252232668
step_size {
  nsec: 4000000
}

sim_time {
  sec: 32
  nsec: 628000000
}
real_time {
  sec: 34
  nsec: 674452169
}
iterations: 8157
real_time_factor: 0.9991242675794666
step_size {
  nsec: 4000000
}

sim_time {
  sec: 32
  nsec: 732000000
}
real_time {
  sec: 34
  nsec: 778448033
}
iterations: 8183
real_time_factor: 1.0003899019642906
step_size {
  nsec: 4000000
}

sim_time {
  sec: 32
  nsec: 836000000
}
real_time {
  sec: 34
  nsec: 882446771
}
iterations: 8209
real_time_factor: 1.00013751890885
step_size {
  nsec: 4000000
}

sim_time {
  sec: 32
  nsec: 936000000
}
real_time {
  sec: 34
  nsec: 982447804
}
iterations: 8234
real_time_factor: 1.0001792821363229
step_size {
  nsec: 4000000
}

sim_time {
  sec: 33
  nsec: 40000000
}
real_time {
  sec: 35
  nsec: 86450456
}
iterations: 8260
real_time_factor: 0.99926029756472767
step_size {
  nsec: 4000000
}

sim_time {
  sec: 33
  nsec: 144000000
}
real_time {
  sec: 35
  nsec: 190449078
}
iterations: 8286
real_time_factor: 0.999672107548724
step_size {
  nsec: 4000000
}

sim_time {
  sec: 33
  nsec: 248000000
}
real_time {
  sec: 35
  nsec: 294447840
}
iterations: 8312
real_time_factor: 1.0001025105073269
step_size {
  nsec: 4000000
}

sim_time {
  sec: 33
  nsec: 352000000
}
real_time {
  sec: 35
  nsec: 398447425
}
iterations: 8338
real_time_factor: 1.0000307509455917
step_size {
  nsec: 4000000
}

sim_time {
  sec: 33
  nsec: 452000000
}
real_time {
  sec: 35
  nsec: 498447603
}
iterations: 8363
real_time_factor: 0.99995450207015579
step_size {
  nsec: 4000000
}

sim_time {
  sec: 33
  nsec: 556000000
}
real_time {
  sec: 35
  nsec: 602447264
}
iterations: 8389
real_time_factor: 1.0001050110261578
step_size {
  nsec: 4000000
}

sim_time {
  sec: 33
  nsec: 660000000
}
real_time {
  sec: 35
  nsec: 706447304
}
iterations: 8415
real_time_factor: 0.999966251139024
step_size {
  nsec: 4000000
}

sim_time {
  sec: 33
  nsec: 760000000
}
real_time {
  sec: 35
  nsec: 806447441
}
iterations: 8440
real_time_factor: 1.0002370561823153
step_size {
  nsec: 4000000
}

sim_time {
  sec: 33
  nsec: 860000000
}
real_time {
  sec: 35
  nsec: 906448180
}
iterations: 8465
real_time_factor: 1.0006216361914839
step_size {
  nsec: 4000000
}

sim_time {
  sec: 33
  nsec: 964000000
}
real_time {
  sec: 36
  nsec: 10448026
}
iterations: 8491
real_time_factor: 0.99988976215372261
step_size {
  nsec: 4000000
}

sim_time {
  sec: 34
  nsec: 64000000
}
real_time {
  sec: 36
  nsec: 110449820
}
iterations: 8516
real_time_factor: 0.99937389225650131
step_size {
  nsec: 4000000
}

sim_time {
  sec: 34
  nsec: 168000000
}
real_time {
  sec: 36
  nsec: 214447796
}
iterations: 8542
real_time_factor: 1.000491741691041
step_size {
  nsec: 4000000
}

sim_time {
  sec: 34
  nsec: 272000000
}
real_time {
  sec: 36
  nsec: 318447243
}
iterations: 8568
real_time_factor: 0.9999872501625604
step_size {
  nsec: 4000000
}

sim_time {
  sec: 34
  nsec: 372000000
}
real_time {
  sec: 36
  nsec: 418447446
}
iterations: 8593
real_time_factor: 1.0000402516201277
step_size {
  nsec: 4000000
}

sim_time {
  sec: 34
  nsec: 476000000
}
real_time {
  sec: 36
  nsec: 522447869
}
iterations: 8619
real_time_factor: 0.99991800672344866
step_size {
  nsec: 4000000
}

sim_time {
  sec: 34
  nsec: 576000000
}
real_time {
  sec: 36
  nsec: 622447971
}
iterations: 8644
real_time_factor: 0.999980000399992
step_size {
  nsec: 4000000
}

sim_time {
  sec: 34
  nsec: 680000000
}
real_time {
  sec: 36
  nsec: 726546090
}
iterations: 8670
real_time_factor: 0.97587014681478423
step_size {
  nsec: 4000000
}

sim_time {
  sec: 34
  nsec: 784000000
}
real_time {
  sec: 36
  nsec: 830447073
}
iterations: 8696
real_time_factor: 1.0000680046243144
step_size {
  nsec: 4000000
}

sim_time {
  sec: 34
  nsec: 884000000
}
real_time {
  sec: 36
  nsec: 930449990
}
iterations: 8721
real_time_factor: 0.99942483100975388
step_size {
  nsec: 4000000
}

sim_time {
  sec: 34
  nsec: 988000000
}
real_time {
  sec: 37
  nsec: 34447189
}
iterations: 8747
real_time_factor: 1.0002115447417128
step_size {
  nsec: 4000000
}

sim_time {
  sec: 35
  nsec: 88000000
}
real_time {
  sec: 37
  nsec: 134449142
}
iterations: 8772
real_time_factor: 0.99961464855298288
step_size {
  nsec: 4000000
}

sim_time {
  sec: 35
  nsec: 192000000
}
real_time {
  sec: 37
  nsec: 238447378
}
iterations: 8798
real_time_factor: 1.0000242505880768
step_size {
  nsec: 4000000
}

sim_time {
  sec: 35
  nsec: 292000000
}
real_time {
  sec: 37
  nsec: 338447665
}
iterations: 8823
real_time_factor: 1.0000355012602948
step_size {
  nsec: 4000000
}

sim_time {
  sec: 35
  nsec: 392000000
}
real_time {
  sec: 37
  nsec: 438448424
}
iterations: 8848
real_time_factor: 0.99979254304731768
step_size {
  nsec: 4000000
}

sim_time {
  sec: 35
  nsec: 496000000
}
real_time {
  sec: 37
  nsec: 542447254
}
iterations: 8874
real_time_factor: 1.0000315009922813
step_size {
  nsec: 4000000
}

sim_time {
  sec: 35
  nsec: 600000000
}
real_time {
  sec: 37
  nsec: 646446946
}
iterations: 8900
real_time_factor: 1.0000612537517923
step_size {
  nsec: 4000000
}

sim_time {
  sec: 35
  nsec: 700000000
}
real_time {
  sec: 37
  nsec: 746447392
}
iterations: 8925
real_time_factor: 0.99997100084097557
step_size {
  nsec: 4000000
}

sim_time {
  sec: 35
  nsec: 804000000
}
real_time {
  sec: 37
  nsec: 850582170
}
iterations: 8951
real_time_factor: 0.96735421367403551
step_size {
  nsec: 4000000
}

sim_time {
  sec: 35
  nsec: 908000000
}
real_time {
  sec: 37
  nsec: 954447561
}
iterations: 8977
real_time_factor: 1.0000382514631185
step_size {
  nsec: 4000000
}

sim_time {
  sec: 36
  nsec: 12000000
}
real_time {
  sec: 38
  nsec: 58447835
}
iterations: 9003
real_time_factor: 0.99996875097653193
step_size {
  nsec: 4000000
}

sim_time {
  sec: 36
  nsec: 116000000
}
real_time {
  sec: 38
  nsec: 162446980
}
iterations: 9029
real_time_factor: 0.99996650112221241
step_size {
  nsec: 4000000
}

sim_time {
  sec: 36
  nsec: 216000000
}
real_time {
  sec: 38
  nsec: 262447898
}
iterations: 9054
real_time_factor: 0.99995025247493941
step_size {
  nsec: 4000000
}

sim_time {
  sec: 36
  nsec: 320000000
}
real_time {
  sec: 38
  nsec: 366447700
}
iterations: 9080
real_time_factor: 0.99988326362897129
step_size {
  nsec: 4000000
}

sim_time {
  sec: 36
  nsec: 424000000
}
real_time {
  sec: 38
  nsec: 470449280
}
iterations: 9106
real_time_factor: 0.99944131230642075
step_size {
  nsec: 4000000
}

sim_time {
  sec: 36
  nsec: 528000000
}
real_time {
  sec: 38
  nsec: 574447547
}
iterations: 9132
real_time_factor: 1.0000612537517923
step_size {
  nsec: 4000000
}

sim_time {
  sec: 36
  nsec: 632000000
}
real_time {
  sec: 38
  nsec: 678447211
}
iterations: 9158
real_time_factor: 0.99998275029755734
step_size {
  nsec: 4000000
}

sim_time {
  sec: 36
  nsec: 732000000
}
real_time {
  sec: 38
  nsec: 778447519
}
iterations: 9183
real_time_factor: 0.9999872501625604
step_size {
  nsec: 4000000
}

sim_time {
  sec: 36
  nsec: 836000000
}
real_time {
  sec: 38
  nsec: 882447685
}
iterations: 9209
real_time_factor: 1.0000405016403164
step_size {
  nsec: 4000000
}

sim_time {
  sec: 36
  nsec: 940000000
}
real_time {
  sec: 38
  nsec: 986447210
}
iterations: 9235
real_time_factor: 0.99998975010506141
step_size {
  nsec: 4000000
}

sim_time {
  sec: 37
  nsec: 40000000
}
real_time {
  sec: 39
  nsec: 86447472
}
iterations: 9260
real_time_factor: 0.99999200006399946
step_size {
  nsec: 4000000
}

sim_time {
  sec: 37
  nsec: 140000000
}
real_time {
  sec: 39
  nsec: 186447669
}
iterations: 9285
real_time_factor: 0.99995250225614285
step_size {
  nsec: 4000000
}

sim_time {
  sec: 37
  nsec: 244000000
}
real_time {
  sec: 39
  nsec: 290447788
}
iterations: 9311
real_time_factor: 0.99992025635955528
step_size {
  nsec: 4000000
}

sim_time {
  sec: 37
  nsec: 348000000
}
real_time {
  sec: 39
  nsec: 394447194
}
iterations: 9337
real_time_factor: 0.99995250225614285
step_size {
  nsec: 4000000
}

sim_time {
  sec: 37
  nsec: 452000000
}
real_time {
  sec: 39
  nsec: 498447114
}
iterations: 9363
real_time_factor: 1.0000337511391009
step_size {
  nsec: 4000000
}

sim_time {
  sec: 37
  nsec: 552000000
}
real_time {
  sec: 39
  nsec: 598448026
}
iterations: 9388
real_time_factor: 1.0000567532207454
step_size {
  nsec: 4000000
}

sim_time {
  sec: 37
  nsec: 656000000
}
real_time {
  sec: 39
  nsec: 702447229
}
iterations: 9414
real_time_factor: 1.0000102501050636
step_size {
  nsec: 4000000
}

sim_time {
  sec: 37
  nsec: 760000000
}
real_time {
  sec: 39
  nsec: 806447672
}
iterations: 9440
real_time_factor: 0.99984652355863379
step_size {
  nsec: 4000000
}

sim_time {
  sec: 37
  nsec: 864000000
}
real_time {
  sec: 39
  nsec: 910447274
}
iterations: 9466
real_time_factor: 1.0000267507155816
step_size {
  nsec: 4000000
}

sim_time {
  sec: 37
  nsec: 964000000
}
real_time {
  sec: 40
  nsec: 10447556
}
iterations: 9491
real_time_factor: 0.9999157570974645
step_size {
  nsec: 4000000
}

sim_time {
  sec: 38
  nsec: 64000000
}
real_time {
  sec: 40
  nsec: 110448083
}
iterations: 9516
real_time_factor: 0.99992025635955528
step_size {
  nsec: 4000000
}

sim_time {
  sec: 38
  nsec: 168000000
}
real_time {
  sec: 40
  nsec: 214447287
}
iterations: 9542
real_time_factor: 0.99995750180617327
step_size {
  nsec: 4000000
}

sim_time {
  sec: 38
  nsec: 272000000
}
real_time {
  sec: 40
  nsec: 318447158
}
iterations: 9568
real_time_factor: 0.99994775272991987
step_size {
  nsec: 4000000
}

sim_time {
  sec: 38
  nsec: 372000000
}
real_time {
  sec: 40
  nsec: 418449013
}
iterations: 9593
real_time_factor: 0.999617396441512
step_size {
  nsec: 4000000
}

sim_time {
  sec: 38
  nsec: 476000000
}
real_time {
  sec: 40
  nsec: 522447758
}
iterations: 9619
real_time_factor: 1.0000337511391009
step_size {
  nsec: 4000000
}

sim_time {
  sec: 38
  nsec: 580000000
}
real_time {
  sec: 40
  nsec: 626448083
}
iterations: 9645
real_time_factor: 0.99990400921511535
step_size {
  nsec: 4000000
}

sim_time {
  sec: 38
  nsec: 684000000
}
real_time {
  sec: 40
  nsec: 730447889
}
iterations: 9671
real_time_factor: 0.9999895001102489
step_size {
  nsec: 4000000
}

sim_time {
  sec: 38
  nsec: 784000000
}
real_time {
  sec: 40
  nsec: 830449089
}
iterations: 9696
real_time_factor: 1.001633915324373
step_size {
  nsec: 4000000
}

sim_time {
  sec: 38
  nsec: 888000000
}
real_time {
  sec: 40
  nsec: 934447284
}
iterations: 9722
real_time_factor: 0.99997375068904437
step_size {
  nsec: 4000000
}

sim_time {
  sec: 38
  nsec: 992000000
}
real_time {
  sec: 41
  nsec: 38447656
}
iterations: 9748
real_time_factor: 0.99995950164018355
step_size {
  nsec: 4000000
}

sim_time {
  sec: 39
  nsec: 96000000
}
real_time {
  sec: 41
  nsec: 142447027
}
iterations: 9774
real_time_factor: 1.0000452520476553
step_size {
  nsec: 4000000
}

sim_time {
  sec: 39
  nsec: 196000000
}
real_time {
  sec: 41
  nsec: 242447440
}
iterations: 9799
real_time_factor: 0.999992250060062
step_size {
  nsec: 4000000
}

sim_time {
  sec: 39
  nsec: 300000000
}
real_time {
  sec: 41
  nsec: 346447098
}
iterations: 9825
real_time_factor: 0.99997600057598612
step_size {
  nsec: 4000000
}

sim_time {
  sec: 39
  nsec: 400000000
}
real_time {
  sec: 41
  nsec: 446447235
}
iterations: 9850
real_time_factor: 1.0000797563605697
step_size {
  nsec: 4000000
}

sim_time {
  sec: 39
  nsec: 504000000
}
real_time {
  sec: 41
  nsec: 550447681
}
iterations: 9876
real_time_factor: 0.99994350319206959
step_size {
  nsec: 4000000
}

sim_time {
  sec: 39
  nsec: 604000000
}
real_time {
  sec: 41
  nsec: 650447717
}
iterations: 9901
real_time_factor: 0.99983252805155132
step_size {
  nsec: 4000000
}

sim_time {
  sec: 39
  nsec: 708000000
}
real_time {
  sec: 41
  nsec: 754447247
}
iterations: 9927
real_time_factor: 1.00000150000225
step_size {
  nsec: 4000000
}

sim_time {
  sec: 39
  nsec: 808000000
}
real_time {
  sec: 41
  nsec: 854447792
}
iterations: 9952
real_time_factor: 0.9998347773030507
step_size {
  nsec: 4000000
}

sim_time {
  sec: 39
  nsec: 912000000
}
real_time {
  sec: 41
  nsec: 958447165
}
iterations: 9978
real_time_factor: 0.99988326362897129
step_size {
  nsec: 4000000
}

sim_time {
  sec: 40
  nsec: 16000000
}
real_time {
  sec: 42
  nsec: 62447731
}
iterations: 10004
real_time_factor: 0.99979079377640234
step_size {
  nsec: 4000000
}

sim_time {
  sec: 40
  nsec: 120000000
}
real_time {
  sec: 42
  nsec: 166446901
}
iterations: 10030
real_time_factor: 1.0000315009922813
step_size {
  nsec: 4000000
}

sim_time {
  sec: 40
  nsec: 220000000
}
real_time {
  sec: 42
  nsec: 266447417
}
iterations: 10055
real_time_factor: 0.99995975161999728
step_size {
  nsec: 4000000
}

sim_time {
  sec: 40
  nsec: 324000000
}
real_time {
  sec: 42
  nsec: 370447605
}
iterations: 10081
real_time_factor: 0.999892761501329
step_size {
  nsec: 4000000
}

sim_time {
  sec: 40
  nsec: 428000000
}
real_time {
  sec: 42
  nsec: 474447216
}
iterations: 10107
real_time_factor: 1.0000732553659555
step_size {
  nsec: 4000000
}

sim_time {
  sec: 40
  nsec: 528000000
}
real_time {
  sec: 42
  nsec: 574448124
}
iterations: 10132
real_time_factor: 0.99990875832580273
step_size {
  nsec: 4000000
}

sim_time {
  sec: 40
  nsec: 628000000
}
real_time {
  sec: 42
  nsec: 674448291
}
iterations: 10157
real_time_factor: 0.99993875375133268
step_size {
  nsec: 4000000
}

sim_time {
  sec: 40
  nsec: 732000000
}
real_time {
  sec: 42
  nsec: 778447988
}
iterations: 10183
real_time_factor: 0.99995050245012873
step_size {
  nsec: 4000000
}

sim_time {
  sec: 40
  nsec: 836000000
}
real_time {
  sec: 42
  nsec: 882447501
}
iterations: 10209
real_time_factor: 0.999987500156248
step_size {
  nsec: 4000000
}

sim_time {
  sec: 40
  nsec: 936000000
}
real_time {
  sec: 42
  nsec: 982447659
}
iterations: 10234
real_time_factor: 1.0000037500140626
step_size {
  nsec: 4000000
}

sim_time {
  sec: 41
  nsec: 36000000
}
real_time {
  sec: 43
  nsec: 82448057
}
iterations: 10259
real_time_factor: 1.0000525027563947
step_size {
  nsec: 4000000
}

sim_time {
  sec: 41
  nsec: 140000000
}
real_time {
  sec: 43
  nsec: 186447560
}
iterations: 10285
real_time_factor: 1.0000180003240058
step_size {
  nsec: 4000000
}

sim_time {
  sec: 41
  nsec: 240000000
}
real_time {
  sec: 43
  nsec: 286448561
}
iterations: 10310
real_time_factor: 0.99967510559068307
step_size {
  nsec: 4000000
}

sim_time {
  sec: 41
  nsec: 344000000
}
real_time {
  sec: 43
  nsec: 390447259
}
iterations: 10336
real_time_factor: 0.999992250060062
step_size {
  nsec: 4000000
}

sim_time {
  sec: 41
  nsec: 448000000
}
real_time {
  sec: 43
  nsec: 494447092
}
iterations: 10362
real_time_factor: 0.99999950000025
step_size {
  nsec: 4000000
}

sim_time {
  sec: 41
  nsec: 552000000
}
real_time {
  sec: 43
  nsec: 598449755
}
iterations: 10388
real_time_factor: 0.99933044859943843
step_size {
  nsec: 4000000
}

sim_time {
  sec: 41
  nsec: 656000000
}
real_time {
  sec: 43
  nsec: 702447370
}
iterations: 10414
real_time_factor: 1.00026557050897
step_size {
  nsec: 4000000
}

sim_time {
  sec: 41
  nsec: 756000000
}
real_time {
  sec: 43
  nsec: 802447669
}
iterations: 10439
real_time_factor: 0.99992975493471581
step_size {
  nsec: 4000000
}

sim_time {
  sec: 41
  nsec: 860000000
}
real_time {
  sec: 43
  nsec: 906447164
}
iterations: 10465
real_time_factor: 1.000140519743024
step_size {
  nsec: 4000000
}

sim_time {
  sec: 41
  nsec: 960000000
}
real_time {
  sec: 44
  nsec: 6447981
}
iterations: 10490
real_time_factor: 0.99985327153240267
step_size {
  nsec: 4000000
}

sim_time {
  sec: 42
  nsec: 64000000
}
real_time {
  sec: 44
  nsec: 110447680
}
iterations: 10516
real_time_factor: 0.99992300592854355
step_size {
  nsec: 4000000
}

sim_time {
  sec: 42
  nsec: 164000000
}
real_time {
  sec: 44
  nsec: 210447868
}
iterations: 10541
real_time_factor: 0.99983702656467
step_size {
  nsec: 4000000
}

sim_time {
  sec: 42
  nsec: 268000000
}
real_time {
  sec: 44
  nsec: 314447918
}
iterations: 10567
real_time_factor: 0.99991850664170867
step_size {
  nsec: 4000000
}

sim_time {
  sec: 42
  nsec: 372000000
}
real_time {
  sec: 44
  nsec: 418447794
}
iterations: 10593
real_time_factor: 0.99996925094553346
step_size {
  nsec: 4000000
}

sim_time {
  sec: 42
  nsec: 476000000
}
real_time {
  sec: 44
  nsec: 522447229
}
iterations: 10619
real_time_factor: 1.0001360184985157
step_size {
  nsec: 4000000
}

sim_time {
  sec: 42
  nsec: 580000000
}
real_time {
  sec: 44
  nsec: 626447208
}
iterations: 10645
real_time_factor: 1.0000155002402538
step_size {
  nsec: 4000000
}

sim_time {
  sec: 42
  nsec: 684000000
}
real_time {
  sec: 44
  nsec: 730447381
}
iterations: 10671
real_time_factor: 0.99992525558714485
step_size {
  nsec: 4000000
}

sim_time {
  sec: 42
  nsec: 788000000
}
real_time {
  sec: 44
  nsec: 834447248
}
iterations: 10697
real_time_factor: 1.0000477522801714
step_size {
  nsec: 4000000
}

sim_time {
  sec: 42
  nsec: 888000000
}
real_time {
  sec: 44
  nsec: 934447714
}
iterations: 10722
real_time_factor: 0.99989751050517317
step_size {
  nsec: 4000000
}

sim_time {
  sec: 42
  nsec: 992000000
}
real_time {
  sec: 45
  nsec: 38448054
}
iterations: 10748
real_time_factor: 0.99989751050517317
step_size {
  nsec: 4000000
}

sim_time {
  sec: 43
  nsec: 96000000
}
real_time {
  sec: 45
  nsec: 142447579
}
iterations: 10774
real_time_factor: 1.0001500225033755
step_size {
  nsec: 4000000
}

sim_time {
  sec: 43
  nsec: 200000000
}
real_time {
  sec: 45
  nsec: 246447174
}
iterations: 10800
real_time_factor: 1.0000085000722505
step_size {
  nsec: 4000000
}

sim_time {
  sec: 43
  nsec: 304000000
}
real_time {
  sec: 45
  nsec: 350447699
}
iterations: 10826
real_time_factor: 0.99982078212480407
step_size {
  nsec: 4000000
}

sim_time {
  sec: 43
  nsec: 408000000
}
real_time {
  sec: 45
  nsec: 454453780
}
iterations: 10852
real_time_factor: 0.99832805009809822
step_size {
  nsec: 4000000
}

sim_time {
  sec: 43
  nsec: 512000000
}
real_time {
  sec: 45
  nsec: 558447545
}
iterations: 10878
real_time_factor: 1.0001337678914555
step_size {
  nsec: 4000000
}

sim_time {
  sec: 43
  nsec: 612000000
}
real_time {
  sec: 45
  nsec: 658447152
}
iterations: 10903
real_time_factor: 1.000446699451305
step_size {
  nsec: 4000000
}

sim_time {
  sec: 43
  nsec: 716000000
}
real_time {
  sec: 45
  nsec: 762447558
}
iterations: 10929
real_time_factor: 0.99986551808781721
step_size {
  nsec: 4000000
}

sim_time {
  sec: 43
  nsec: 816000000
}
real_time {
  sec: 45
  nsec: 862448083
}
iterations: 10954
real_time_factor: 0.99983952575611612
step_size {
  nsec: 4000000
}

sim_time {
  sec: 43
  nsec: 920000000
}
real_time {
  sec: 45
  nsec: 966447174
}
iterations: 10980
real_time_factor: 1.0000710050413579
step_size {
  nsec: 4000000
}

sim_time {
  sec: 44
  nsec: 24000000
}
real_time {
  sec: 46
  nsec: 70447061
}
iterations: 11006
real_time_factor: 0.99998775015006069
step_size {
  nsec: 4000000
}

sim_time {
  sec: 44
  nsec: 124000000
}
real_time {
  sec: 46
  nsec: 170447853
}
iterations: 11031
real_time_factor: 1.00008750765692
step_size {
  nsec: 4000000
}

sim_time {
  sec: 44
  nsec: 228000000
}
real_time {
  sec: 46
  nsec: 274447102
}
iterations: 11057
real_time_factor: 1.0000455020703443
step_size {
  nsec: 4000000
}

sim_time {
  sec: 44
  nsec: 328000000
}
real_time {
  sec: 46
  nsec: 374450386
}
iterations: 11082
real_time_factor: 0.99947602469405417
step_size {
  nsec: 4000000
}

sim_time {
  sec: 44
  nsec: 432000000
}
real_time {
  sec: 46
  nsec: 478447363
}
iterations: 11108
real_time_factor: 0.99998800014399825
step_size {
  nsec: 4000000
}

sim_time {
  sec: 44
  nsec: 532000000
}
real_time {
  sec: 46
  nsec: 578447518
}
iterations: 11133
real_time_factor: 0.99999700000899994
step_size {
  nsec: 4000000
}

sim_time {
  sec: 44
  nsec: 632000000
}
real_time {
  sec: 46
  nsec: 678448748
}
iterations: 11158
real_time_factor: 0.99988826248666707
step_size {
  nsec: 4000000
}

sim_time {
  sec: 44
  nsec: 736000000
}
real_time {
  sec: 46
  nsec: 782447812
}
iterations: 11184
real_time_factor: 0.99987451574827357
step_size {
  nsec: 4000000
}

sim_time {
  sec: 44
  nsec: 836000000
}
real_time {
  sec: 46
  nsec: 882448198
}
iterations: 11209
real_time_factor: 0.99987926457880216
step_size {
  nsec: 4000000
}

sim_time {
  sec: 44
  nsec: 936000000
}
real_time {
  sec: 46
  nsec: 982448780
}
iterations: 11234
real_time_factor: 0.9997493128598004
step_size {
  nsec: 4000000
}

sim_time {
  sec: 45
  nsec: 40000000
}
real_time {
  sec: 47
  nsec: 86453381
}
iterations: 11260
real_time_factor: 0.99867725197975277
step_size {
  nsec: 4000000
}

sim_time {
  sec: 45
  nsec: 144000000
}
real_time {
  sec: 47
  nsec: 190447160
}
iterations: 11286
real_time_factor: 0.999990000099999
step_size {
  nsec: 4000000
}

sim_time {
  sec: 45
  nsec: 248000000
}
real_time {
  sec: 47
  nsec: 294447446
}
iterations: 11312
real_time_factor: 0.99998775015006069
step_size {
  nsec: 4000000
}

sim_time {
  sec: 45
  nsec: 348000000
}
real_time {
  sec: 47
  nsec: 394447880
}
iterations: 11337
real_time_factor: 0.99986501822253993
step_size {
  nsec: 4000000
}

sim_time {
  sec: 45
  nsec: 452000000
}
real_time {
  sec: 47
  nsec: 498447450
}
iterations: 11363
real_time_factor: 0.99992075628006483
step_size {
  nsec: 4000000
}

sim_time {
  sec: 45
  nsec: 552000000
}
real_time {
  sec: 47
  nsec: 598448154
}
iterations: 11388
real_time_factor: 1.0000570032491851
step_size {
  nsec: 4000000
}

sim_time {
  sec: 45
  nsec: 656000000
}
real_time {
  sec: 47
  nsec: 702447395
}
iterations: 11414
real_time_factor: 0.99993250455594251
step_size {
  nsec: 4000000
}

sim_time {
  sec: 45
  nsec: 760000000
}
real_time {
  sec: 47
  nsec: 806447277
}
iterations: 11440
real_time_factor: 0.99999500002499986
step_size {
  nsec: 4000000
}

sim_time {
  sec: 45
  nsec: 864000000
}
real_time {
  sec: 47
  nsec: 910447287
}
iterations: 11466
real_time_factor: 1.0000065000422502
step_size {
  nsec: 4000000
}

sim_time {
  sec: 45
  nsec: 964000000
}
real_time {
  sec: 48
  nsec: 10447777
}
iterations: 11491
real_time_factor: 1.0004374412711958
step_size {
  nsec: 4000000
}

sim_time {
  sec: 46
  nsec: 68000000
}
real_time {
  sec: 48
  nsec: 114447112
}
iterations: 11517
real_time_factor: 1.0000642541283278
step_size {
  nsec: 4000000
}

sim_time {
  sec: 46
  nsec: 172000000
}
real_time {
  sec: 48
  nsec: 218447178
}
iterations: 11543
real_time_factor: 0.99998575020305958
step_size {
  nsec: 4000000
}

sim_time {
  sec: 46
  nsec: 276000000
}
real_time {
  sec: 48
  nsec: 322447161
}
iterations: 11569
real_time_factor: 1.0000505025503788
step_size {
  nsec: 4000000
}

sim_time {
  sec: 46
  nsec: 380000000
}
real_time {
  sec: 48
  nsec: 426447024
}
iterations: 11595
real_time_factor: 0.99998575020305958
step_size {
  nsec: 4000000
}

sim_time {
  sec: 46
  nsec: 480000000
}
real_time {
  sec: 48
  nsec: 526447999
}
iterations: 11620
real_time_factor: 0.99995775178498714
step_size {
  nsec: 4000000
}

sim_time {
  sec: 46
  nsec: 584000000
}
real_time {
  sec: 48
  nsec: 630447159
}
iterations: 11646
real_time_factor: 1.0000367513506121
step_size {
  nsec: 4000000
}

sim_time {
  sec: 46
  nsec: 684000000
}
real_time {
  sec: 48
  nsec: 730447715
}
iterations: 11671
real_time_factor: 1.000351623595694
step_size {
  nsec: 4000000
}

sim_time {
  sec: 46
  nsec: 788000000
}
real_time {
  sec: 48
  nsec: 834447820
}
iterations: 11697
real_time_factor: 1.0000252506375786
step_size {
  nsec: 4000000
}

sim_time {
  sec: 46
  nsec: 892000000
}
real_time {
  sec: 48
  nsec: 938447416
}
iterations: 11723
real_time_factor: 0.9999255055498365
step_size {
  nsec: 4000000
}

sim_time {
  sec: 46
  nsec: 992000000
}
real_time {
  sec: 49
  nsec: 38447612
}
iterations: 11748
real_time_factor: 0.99989101187970508
step_size {
  nsec: 4000000
}

sim_time {
  sec: 47
  nsec: 92000000
}
real_time {
  sec: 49
  nsec: 138448196
}
iterations: 11773
real_time_factor: 0.99977280163082938
step_size {
  nsec: 4000000
}

sim_time {
  sec: 47
  nsec: 196000000
}
real_time {
  sec: 49
  nsec: 242447385
}
iterations: 11799
real_time_factor: 0.99994625288890726
step_size {
  nsec: 4000000
}

sim_time {
  sec: 47
  nsec: 300000000
}
real_time {
  sec: 49
  nsec: 346447276
}
iterations: 11825
real_time_factor: 0.99998575020305958
step_size {
  nsec: 4000000
}

sim_time {
  sec: 47
  nsec: 404000000
}
real_time {
  sec: 49
  nsec: 450447455
}
iterations: 11851
real_time_factor: 0.99993475425728473
step_size {
  nsec: 4000000
}

sim_time {
  sec: 47
  nsec: 504000000
}
real_time {
  sec: 49
  nsec: 550447236
}
iterations: 11876
real_time_factor: 1.0000067500455627
step_size {
  nsec: 4000000
}

sim_time {
  sec: 47
  nsec: 608000000
}
real_time {
  sec: 49
  nsec: 654447101
}
iterations: 11902
real_time_factor: 1.0000277507700839
step_size {
  nsec: 4000000
}

sim_time {
  sec: 47
  nsec: 712000000
}
real_time {
  sec: 49
  nsec: 758447124
}
iterations: 11928
real_time_factor: 1.0000692547958947
step_size {
  nsec: 4000000
}

sim_time {
  sec: 47
  nsec: 812000000
}
real_time {
  sec: 49
  nsec: 858447349
}
iterations: 11953
real_time_factor: 1.0000625039064941
step_size {
  nsec: 4000000
}

sim_time {
  sec: 47
  nsec: 916000000
}
real_time {
  sec: 49
  nsec: 962447289
}
iterations: 11979
real_time_factor: 1.0000992598515404
step_size {
  nsec: 4000000
}

sim_time {
  sec: 48
  nsec: 16000000
}
real_time {
  sec: 50
  nsec: 62449838
}
iterations: 12004
real_time_factor: 0.99931272267498028
step_size {
  nsec: 4000000
}

sim_time {
  sec: 48
  nsec: 120000000
}
real_time {
  sec: 50
  nsec: 166447844
}
iterations: 12030
real_time_factor: 0.99987926457880216
step_size {
  nsec: 4000000
}

sim_time {
  sec: 48
  nsec: 220000000
}
real_time {
  sec: 50
  nsec: 266448550
}
iterations: 12055
real_time_factor: 1.0011538297888316
step_size {
  nsec: 4000000
}

sim_time {
  sec: 48
  nsec: 320000000
}
real_time {
  sec: 50
  nsec: 366449507
}
iterations: 12080
real_time_factor: 0.9994885117541098
step_size {
  nsec: 4000000
}

sim_time {
  sec: 48
  nsec: 424000000
}
real_time {
  sec: 50
  nsec: 470447504
}
iterations: 12106
real_time_factor: 1.0001225150080886
step_size {
  nsec: 4000000
}

sim_time {
  sec: 48
  nsec: 524000000
}
real_time {
  sec: 50
  nsec: 570448270
}
iterations: 12131
real_time_factor: 0.99973332113658686
step_size {
  nsec: 4000000
}

sim_time {
  sec: 48
  nsec: 628000000
}
real_time {
  sec: 50
  nsec: 674448220
}
iterations: 12157
real_time_factor: 0.99986776748774975
step_size {
  nsec: 4000000
}

sim_time {
  sec: 48
  nsec: 732000000
}
real_time {
  sec: 50
  nsec: 778447346
}
iterations: 12183
real_time_factor: 0.99999275005256216
step_size {
  nsec: 4000000
}

sim_time {
  sec: 48
  nsec: 832000000
}
real_time {
  sec: 50
  nsec: 878447573
}
iterations: 12208
real_time_factor: 0.9999255055498365
step_size {
  nsec: 4000000
}

sim_time {
  sec: 48
  nsec: 936000000
}
real_time {
  sec: 50
  nsec: 982447338
}
iterations: 12234
real_time_factor: 1.0001272661946232
step_size {
  nsec: 4000000
}

sim_time {
  sec: 49
  nsec: 36000000
}
real_time {
  sec: 51
  nsec: 82447343
}
iterations: 12259
real_time_factor: 1.0000785061627337
step_size {
  nsec: 4000000
}

sim_time {
  sec: 49
  nsec: 136000000
}
real_time {
  sec: 51
  nsec: 182447477
}
iterations: 12284
real_time_factor: 1.000129516772422
step_size {
  nsec: 4000000
}

sim_time {
  sec: 49
  nsec: 240000000
}
real_time {
  sec: 51
  nsec: 286447530
}
iterations: 12310
real_time_factor: 1.0000205004202587
step_size {
  nsec: 4000000
}

sim_time {
  sec: 49
  nsec: 344000000
}
real_time {
  sec: 51
  nsec: 390447101
}
iterations: 12336
real_time_factor: 1.0000157502480664
step_size {
  nsec: 4000000
}

sim_time {
  sec: 49
  nsec: 444000000
}
real_time {
  sec: 51
  nsec: 490447148
}
iterations: 12361
real_time_factor: 1
step_size {
  nsec: 4000000
}

sim_time {
  sec: 49
  nsec: 544000000
}
real_time {
  sec: 51
  nsec: 590448192
}
iterations: 12386
real_time_factor: 1.0000737554394636
step_size {
  nsec: 4000000
}

sim_time {
  sec: 49
  nsec: 648000000
}
real_time {
  sec: 51
  nsec: 694451644
}
iterations: 12412
real_time_factor: 0.99893164260823053
step_size {
  nsec: 4000000
}

sim_time {
  sec: 49
  nsec: 752000000
}
real_time {
  sec: 51
  nsec: 798447623
}
iterations: 12438
real_time_factor: 1.0006556796340802
step_size {
  nsec: 4000000
}

sim_time {
  sec: 49
  nsec: 852000000
}
real_time {
  sec: 51
  nsec: 898447325
}
iterations: 12463
real_time_factor: 1.0003608801875277
step_size {
  nsec: 4000000
}

sim_time {
  sec: 49
  nsec: 952000000
}
real_time {
  sec: 51
  nsec: 998448850
}
iterations: 12488
real_time_factor: 1.0015579233497707
step_size {
  nsec: 4000000
}

sim_time {
  sec: 50
  nsec: 56000000
}
real_time {
  sec: 52
  nsec: 102447718
}
iterations: 12514
real_time_factor: 1.0004351893073486
step_size {
  nsec: 4000000
}

sim_time {
  sec: 50
  nsec: 160000000
}
real_time {
  sec: 52
  nsec: 206446967
}
iterations: 12540
real_time_factor: 1.0000435018923324
step_size {
  nsec: 4000000
}

sim_time {
  sec: 50
  nsec: 260000000
}
real_time {
  sec: 52
  nsec: 306446973
}
iterations: 12565
real_time_factor: 1.0000832569311395
step_size {
  nsec: 4000000
}

sim_time {
  sec: 50
  nsec: 364000000
}
real_time {
  sec: 52
  nsec: 410447110
}
iterations: 12591
real_time_factor: 1.0000067500455627
step_size {
  nsec: 4000000
}

sim_time {
  sec: 50
  nsec: 464000000
}
real_time {
  sec: 52
  nsec: 510447612
}
iterations: 12616
real_time_factor: 0.999967751040029
step_size {
  nsec: 4000000
}

sim_time {
  sec: 50
  nsec: 568000000
}
real_time {
  sec: 52
  nsec: 614447186
}
iterations: 12642
real_time_factor: 1.0001110123223678
step_size {
  nsec: 4000000
}

sim_time {
  sec: 50
  nsec: 668000000
}
real_time {
  sec: 52
  nsec: 714447695
}
iterations: 12667
real_time_factor: 1.0000067500455627
step_size {
  nsec: 4000000
}

sim_time {
  sec: 50
  nsec: 772000000
}
real_time {
  sec: 52
  nsec: 818447296
}
iterations: 12693
real_time_factor: 0.99994675283541157
step_size {
  nsec: 4000000
}

sim_time {
  sec: 50
  nsec: 872000000
}
real_time {
  sec: 52
  nsec: 918448147
}
iterations: 12718
real_time_factor: 1.000085757353693
step_size {
  nsec: 4000000
}

sim_time {
  sec: 50
  nsec: 976000000
}
real_time {
  sec: 53
  nsec: 22447267
}
iterations: 12744
real_time_factor: 1.0000162502640668
step_size {
  nsec: 4000000
}

sim_time {
  sec: 51
  nsec: 80000000
}
real_time {
  sec: 53
  nsec: 126447462
}
iterations: 12770
real_time_factor: 0.99989801040293891
step_size {
  nsec: 4000000
}

sim_time {
  sec: 51
  nsec: 184000000
}
real_time {
  sec: 53
  nsec: 230447276
}
iterations: 12796
real_time_factor: 1.000053002809149
step_size {
  nsec: 4000000
}

sim_time {
  sec: 51
  nsec: 284000000
}
real_time {
  sec: 53
  nsec: 330451248
}
iterations: 12821
real_time_factor: 0.99922485132158723
step_size {
  nsec: 4000000
}

sim_time {
  sec: 51
  nsec: 384000000
}
real_time {
  sec: 53
  nsec: 430452654
}
iterations: 12846
real_time_factor: 0.99871714782362053
step_size {
  nsec: 4000000
}

sim_time {
  sec: 51
  nsec: 488000000
}
real_time {
  sec: 53
  nsec: 534447703
}
iterations: 12872
real_time_factor: 0.99991675692998561
step_size {
  nsec: 4000000
}

sim_time {
  sec: 51
  nsec: 592000000
}
real_time {
  sec: 53
  nsec: 638447102
}
iterations: 12898
real_time_factor: 1.0000625039064941
step_size {
  nsec: 4000000
}

sim_time {
  sec: 51
  nsec: 692000000
}
real_time {
  sec: 53
  nsec: 738447121
}
iterations: 12923
real_time_factor: 1.0000650042252746
step_size {
  nsec: 4000000
}

sim_time {
  sec: 51
  nsec: 796000000
}
real_time {
  sec: 53
  nsec: 842447198
}
iterations: 12949
real_time_factor: 1.0000135001822525
step_size {
  nsec: 4000000
}

sim_time {
  sec: 51
  nsec: 900000000
}
real_time {
  sec: 53
  nsec: 946446893
}
iterations: 12975
real_time_factor: 1.0001087618278488
step_size {
  nsec: 4000000
}

sim_time {
  sec: 52
}
real_time {
  sec: 54
  nsec: 46447885
}
iterations: 13000
real_time_factor: 0.99981953257437028
step_size {
  nsec: 4000000
}

sim_time {
  sec: 52
  nsec: 104000000
}
real_time {
  sec: 54
  nsec: 150447682
}
iterations: 13026
real_time_factor: 0.99991875660102614
step_size {
  nsec: 4000000
}

sim_time {
  sec: 52
  nsec: 208000000
}
real_time {
  sec: 54
  nsec: 254447304
}
iterations: 13052
real_time_factor: 0.99991875660102614
step_size {
  nsec: 4000000
}

sim_time {
  sec: 52
  nsec: 312000000
}
real_time {
  sec: 54
  nsec: 358448111
}
iterations: 13078
real_time_factor: 0.99974506500842286
step_size {
  nsec: 4000000
}

sim_time {
  sec: 52
  nsec: 416000000
}
real_time {
  sec: 54
  nsec: 462447398
}
iterations: 13104
real_time_factor: 0.99993725393731547
step_size {
  nsec: 4000000
}

sim_time {
  sec: 52
  nsec: 516000000
}
real_time {
  sec: 54
  nsec: 562447355
}
iterations: 13129
real_time_factor: 1.0012909143112758
step_size {
  nsec: 4000000
}

sim_time {
  sec: 52
  nsec: 620000000
}
real_time {
  sec: 54
  nsec: 666447450
}
iterations: 13155
real_time_factor: 0.9999930000489996
step_size {
  nsec: 4000000
}

sim_time {
  sec: 52
  nsec: 720000000
}
real_time {
  sec: 54
  nsec: 766447249
}
iterations: 13180
real_time_factor: 1.0001435205952054
step_size {
  nsec: 4000000
}

sim_time {
  sec: 52
  nsec: 824000000
}
real_time {
  sec: 54
  nsec: 870447724
}
iterations: 13206
real_time_factor: 0.99994675283541157
step_size {
  nsec: 4000000
}

sim_time {
  sec: 52
  nsec: 928000000
}
real_time {
  sec: 54
  nsec: 974447448
}
iterations: 13232
real_time_factor: 0.99997475063754637
step_size {
  nsec: 4000000
}

sim_time {
  sec: 53
  nsec: 32000000
}
real_time {
  sec: 55
  nsec: 78454970
}
iterations: 13258
real_time_factor: 0.99811232007465878
step_size {
  nsec: 4000000
}

sim_time {
  sec: 53
  nsec: 136000000
}
real_time {
  sec: 55
  nsec: 182447853
}
iterations: 13284
real_time_factor: 1.0000645041605183
step_size {
  nsec: 4000000
}

sim_time {
  sec: 53
  nsec: 240000000
}
real_time {
  sec: 55
  nsec: 286448077
}
iterations: 13310
real_time_factor: 0.999840525436193
step_size {
  nsec: 4000000
}

sim_time {
  sec: 53
  nsec: 344000000
}
real_time {
  sec: 55
  nsec: 390447654
}
iterations: 13336
real_time_factor: 1.0000370013690507
step_size {
  nsec: 4000000
}

sim_time {
  sec: 53
  nsec: 444000000
}
real_time {
  sec: 55
  nsec: 490449024
}
iterations: 13361
real_time_factor: 0.999620643965615
step_size {
  nsec: 4000000
}

sim_time {
  sec: 53
  nsec: 548000000
}
real_time {
  sec: 55
  nsec: 594447171
}
iterations: 13387
real_time_factor: 1.0001020104050613
step_size {
  nsec: 4000000
}

sim_time {
  sec: 53
  nsec: 648000000
}
real_time {
  sec: 55
  nsec: 694447521
}
iterations: 13412
real_time_factor: 1.0001945378376094
step_size {
  nsec: 4000000
}

sim_time {
  sec: 53
  nsec: 752000000
}
real_time {
  sec: 55
  nsec: 798447321
}
iterations: 13438
real_time_factor: 1.0000950090258574
step_size {
  nsec: 4000000
}

sim_time {
  sec: 53
  nsec: 852000000
}
real_time {
  sec: 55
  nsec: 898448206
}
iterations: 13463
real_time_factor: 0.999687597625742
step_size {
  nsec: 4000000
}

sim_time {
  sec: 53
  nsec: 956000000
}
real_time {
  sec: 56
  nsec: 2447478
}
iterations: 13489
real_time_factor: 1.0000510026011327
step_size {
  nsec: 4000000
}

sim_time {
  sec: 54
  nsec: 56000000
}
real_time {
  sec: 56
  nsec: 102447566
}
iterations: 13514
real_time_factor: 0.99996550119020888
step_size {
  nsec: 4000000
}

sim_time {
  sec: 54
  nsec: 160000000
}
real_time {
  sec: 56
  nsec: 206447849
}
iterations: 13540
real_time_factor: 0.99982153185656364
step_size {
  nsec: 4000000
}

sim_time {
  sec: 54
  nsec: 260000000
}
real_time {
  sec: 56
  nsec: 306448427
}
iterations: 13565
real_time_factor: 0.99994225333486986
step_size {
  nsec: 4000000
}

sim_time {
  sec: 54
  nsec: 364000000
}
real_time {
  sec: 56
  nsec: 410447246
}
iterations: 13591
real_time_factor: 1.0000420017640741
step_size {
  nsec: 4000000
}

sim_time {
  sec: 54
  nsec: 464000000
}
real_time {
  sec: 56
  nsec: 510450599
}
iterations: 13616
real_time_factor: 0.99922285442497094
step_size {
  nsec: 4000000
}

sim_time {
  sec: 54
  nsec: 568000000
}
real_time {
  sec: 56
  nsec: 614447494
}
iterations: 13642
real_time_factor: 1.000141269954381
step_size {
  nsec: 4000000
}

sim_time {
  sec: 54
  nsec: 672000000
}
real_time {
  sec: 56
  nsec: 718447286
}
iterations: 13668
real_time_factor: 1.0000745055506635
step_size {
  nsec: 4000000
}

sim_time {
  sec: 54
  nsec: 776000000
}
real_time {
  sec: 56
  nsec: 822447347
}
iterations: 13694
real_time_factor: 0.99995175232795019
step_size {
  nsec: 4000000
}

sim_time {
  sec: 54
  nsec: 880000000
}
real_time {
  sec: 56
  nsec: 926447409
}
iterations: 13720
real_time_factor: 1.0000420017640741
step_size {
  nsec: 4000000
}

sim_time {
  sec: 54
  nsec: 980000000
}
real_time {
  sec: 57
  nsec: 26456054
}
iterations: 13745
real_time_factor: 0.9978936958814183
step_size {
  nsec: 4000000
}

sim_time {
  sec: 55
  nsec: 84000000
}
real_time {
  sec: 57
  nsec: 130454792
}
iterations: 13771
real_time_factor: 0.99847258656070881
step_size {
  nsec: 4000000
}

sim_time {
  sec: 55
  nsec: 188000000
}
real_time {
  sec: 57
  nsec: 234448891
}
iterations: 13797
real_time_factor: 0.99970383773807014
step_size {
  nsec: 4000000
}

sim_time {
  sec: 55
  nsec: 292000000
}
real_time {
  sec: 57
  nsec: 338446961
}
iterations: 13823
real_time_factor: 1.0000720051843732
step_size {
  nsec: 4000000
}

sim_time {
  sec: 55
  nsec: 392000000
}
real_time {
  sec: 57
  nsec: 438449375
}
iterations: 13848
real_time_factor: 0.999438065947421
step_size {
  nsec: 4000000
}

sim_time {
  sec: 55
  nsec: 496000000
}
real_time {
  sec: 57
  nsec: 542447754
}
iterations: 13874
real_time_factor: 0.99990550892940622
step_size {
  nsec: 4000000
}

sim_time {
  sec: 55
  nsec: 596000000
}
real_time {
  sec: 57
  nsec: 642448625
}
iterations: 13899
real_time_factor: 0.999847273328999
step_size {
  nsec: 4000000
}

sim_time {
  sec: 55
  nsec: 700000000
}
real_time {
  sec: 57
  nsec: 746447465
}
iterations: 13925
real_time_factor: 0.99991250765558015
step_size {
  nsec: 4000000
}

sim_time {
  sec: 55
  nsec: 800000000
}
real_time {
  sec: 57
  nsec: 846453363
}
iterations: 13950
real_time_factor: 0.99856929983566045
step_size {
  nsec: 4000000
}

sim_time {
  sec: 55
  nsec: 904000000
}
real_time {
  sec: 57
  nsec: 950447815
}
iterations: 13976
real_time_factor: 1.0005167669101092
step_size {
  nsec: 4000000
}

sim_time {
  sec: 56
  nsec: 4000000
}
real_time {
  sec: 58
  nsec: 50447749
}
iterations: 14001
real_time_factor: 1.0001717795031297
step_size {
  nsec: 4000000
}

sim_time {
  sec: 56
  nsec: 108000000
}
real_time {
  sec: 58
  nsec: 154448645
}
iterations: 14027
real_time_factor: 0.99966461252249872
step_size {
  nsec: 4000000
}

sim_time {
  sec: 56
  nsec: 212000000
}
real_time {
  sec: 58
  nsec: 258447884
}
iterations: 14053
real_time_factor: 0.999914757266943
step_size {
  nsec: 4000000
}

sim_time {
  sec: 56
  nsec: 312000000
}
real_time {
  sec: 58
  nsec: 358448948
}
iterations: 14078
real_time_factor: 0.99968809731363817
step_size {
  nsec: 4000000
}

sim_time {
  sec: 56
  nsec: 416000000
}
real_time {
  sec: 58
  nsec: 462447446
}
iterations: 14104
real_time_factor: 0.99998400025599588
step_size {
  nsec: 4000000
}

sim_time {
  sec: 56
  nsec: 516000000
}
real_time {
  sec: 58
  nsec: 562448012
}
iterations: 14129
real_time_factor: 0.99997250075622923
step_size {
  nsec: 4000000
}

sim_time {
  sec: 56
  nsec: 620000000
}
real_time {
  sec: 58
  nsec: 666447113
}
iterations: 14155
real_time_factor: 1.0000097500950633
step_size {
  nsec: 4000000
}

sim_time {
  sec: 56
  nsec: 720000000
}
real_time {
  sec: 58
  nsec: 766447485
}
iterations: 14180
real_time_factor: 1.0000190003610068
step_size {
  nsec: 4000000
}

sim_time {
  sec: 56
  nsec: 824000000
}
real_time {
  sec: 58
  nsec: 870447281
}
iterations: 14206
real_time_factor: 0.99995400211590268
step_size {
  nsec: 4000000
}

sim_time {
  sec: 56
  nsec: 928000000
}
real_time {
  sec: 58
  nsec: 974447179
}
iterations: 14232
real_time_factor: 1.0000305009302783
step_size {
  nsec: 4000000
}

sim_time {
  sec: 57
  nsec: 28000000
}
real_time {
  sec: 59
  nsec: 74447735
}
iterations: 14257
real_time_factor: 1.0000052500275627
step_size {
  nsec: 4000000
}

sim_time {
  sec: 57
  nsec: 132000000
}
real_time {
  sec: 59
  nsec: 178447236
}
iterations: 14283
real_time_factor: 1.0000280007840219
step_size {
  nsec: 4000000
}

sim_time {
  sec: 57
  nsec: 232000000
}
real_time {
  sec: 59
  nsec: 278447534
}
iterations: 14308
real_time_factor: 0.99996550119020888
step_size {
  nsec: 4000000
}

sim_time {
  sec: 57
  nsec: 336000000
}
real_time {
  sec: 59
  nsec: 382446987
}
iterations: 14334
real_time_factor: 1.000079006241493
step_size {
  nsec: 4000000
}

sim_time {
  sec: 57
  nsec: 436000000
}
real_time {
  sec: 59
  nsec: 482447106
}
iterations: 14359
real_time_factor: 1.0000722552204397
step_size {
  nsec: 4000000
}

sim_time {
  sec: 57
  nsec: 536000000
}
real_time {
  sec: 59
  nsec: 582449443
}
iterations: 14384
real_time_factor: 0.99960015993602558
step_size {
  nsec: 4000000
}

sim_time {
  sec: 57
  nsec: 636000000
}
real_time {
  sec: 59
  nsec: 682448974
}
iterations: 14409
real_time_factor: 1.0002595673577293
step_size {
  nsec: 4000000
}

sim_time {
  sec: 57
  nsec: 740000000
}
real_time {
  sec: 59
  nsec: 786447448
}
iterations: 14435
real_time_factor: 1.0000442519581492
step_size {
  nsec: 4000000
}

sim_time {
  sec: 57
  nsec: 840000000
}
real_time {
  sec: 59
  nsec: 886448201
}
iterations: 14460
real_time_factor: 0.99971358205874017
step_size {
  nsec: 4000000
}

sim_time {
  sec: 57
  nsec: 944000000
}
real_time {
  sec: 59
  nsec: 990447674
}
iterations: 14486
real_time_factor: 0.99999350004224974
step_size {
  nsec: 4000000
}

sim_time {
  sec: 58
  nsec: 44000000
}
real_time {
  sec: 60
  nsec: 90447696
}
iterations: 14511
real_time_factor: 1.000127516258323
step_size {
  nsec: 4000000
}

sim_time {
  sec: 58
  nsec: 144000000
}
real_time {
  sec: 60
  nsec: 190448319
}
iterations: 14536
real_time_factor: 1.0001117624894582
step_size {
  nsec: 4000000
}

sim_time {
  sec: 58
  nsec: 244000000
}
real_time {
  sec: 60
  nsec: 290449351
}
iterations: 14561
real_time_factor: 0.99945429795331753
step_size {
  nsec: 4000000
}

sim_time {
  sec: 58
  nsec: 348000000
}
real_time {
  sec: 60
  nsec: 394447658
}
iterations: 14587
real_time_factor: 1.0000627539378095
step_size {
  nsec: 4000000
}

sim_time {
  sec: 58
  nsec: 452000000
}
real_time {
  sec: 60
  nsec: 498447731
}
iterations: 14613
real_time_factor: 1.0000140001960027
step_size {
  nsec: 4000000
}

sim_time {
  sec: 58
  nsec: 552000000
}
real_time {
  sec: 60
  nsec: 598454337
}
iterations: 14638
real_time_factor: 0.99830886478305747
step_size {
  nsec: 4000000
}

sim_time {
  sec: 58
  nsec: 656000000
}
real_time {
  sec: 60
  nsec: 702447757
}
iterations: 14664
real_time_factor: 1.0012242469479555
step_size {
  nsec: 4000000
}

sim_time {
  sec: 58
  nsec: 760000000
}
real_time {
  sec: 60
  nsec: 806447392
}
iterations: 14690
real_time_factor: 1.000035001225043
step_size {
  nsec: 4000000
}

sim_time {
  sec: 58
  nsec: 864000000
}
real_time {
  sec: 60
  nsec: 910447759
}
iterations: 14716
real_time_factor: 0.99993100476067154
step_size {
  nsec: 4000000
}

sim_time {
  sec: 58
  nsec: 968000000
}
real_time {
  sec: 61
  nsec: 14447419
}
iterations: 14742
real_time_factor: 1.0000422517851379
step_size {
  nsec: 4000000
}

sim_time {
  sec: 59
  nsec: 68000000
}
real_time {
  sec: 61
  nsec: 114447768
}
iterations: 14767
real_time_factor: 1.0000372513876141
step_size {
  nsec: 4000000
}

sim_time {
  sec: 59
  nsec: 172000000
}
real_time {
  sec: 61
  nsec: 218448595
}
iterations: 14793
real_time_factor: 0.999748063488001
step_size {
  nsec: 4000000
}

sim_time {
  sec: 59
  nsec: 276000000
}
real_time {
  sec: 61
  nsec: 322447505
}
iterations: 14819
real_time_factor: 1.0000585034224503
step_size {
  nsec: 4000000
}

sim_time {
  sec: 59
  nsec: 376000000
}
real_time {
  sec: 61
  nsec: 422448334
}
iterations: 14844
real_time_factor: 0.99988476328103182
step_size {
  nsec: 4000000
}

sim_time {
  sec: 59
  nsec: 480000000
}
real_time {
  sec: 61
  nsec: 526446906
}
iterations: 14870
real_time_factor: 1.0000840070565928
step_size {
  nsec: 4000000
}

sim_time {
  sec: 59
  nsec: 584000000
}
real_time {
  sec: 61
  nsec: 630447780
}
iterations: 14896
real_time_factor: 0.9998480231004887
step_size {
  nsec: 4000000
}

sim_time {
  sec: 59
  nsec: 688000000
}
real_time {
  sec: 61
  nsec: 734447841
}
iterations: 14922
real_time_factor: 0.999882513804628
step_size {
  nsec: 4000000
}

sim_time {
  sec: 59
  nsec: 792000000
}
real_time {
  sec: 61
  nsec: 838449892
}
iterations: 14948
real_time_factor: 0.99932495599222726
step_size {
  nsec: 4000000
}

sim_time {
  sec: 59
  nsec: 896000000
}
real_time {
  sec: 61
  nsec: 942447082
}
iterations: 14974
real_time_factor: 1.0000212504515722
step_size {
  nsec: 4000000
}

sim_time {
  sec: 59
  nsec: 996000000
}
real_time {
  sec: 62
  nsec: 42447367
}
iterations: 14999
real_time_factor: 0.99993575412779734
step_size {
  nsec: 4000000
}

sim_time {
  sec: 60
  nsec: 96000000
}
real_time {
  sec: 62
  nsec: 142448217
}
iterations: 15024
real_time_factor: 0.99985702044607616
step_size {
  nsec: 4000000
}

sim_time {
  sec: 60
  nsec: 200000000
}
real_time {
  sec: 62
  nsec: 246447536
}
iterations: 15050
real_time_factor: 1.0000192503705696
step_size {
  nsec: 4000000
}

sim_time {
  sec: 60
  nsec: 304000000
}
real_time {
  sec: 62
  nsec: 350447106
}
iterations: 15076
real_time_factor: 0.99996125150150428
step_size {
  nsec: 4000000
}

sim_time {
  sec: 60
  nsec: 404000000
}
real_time {
  sec: 62
  nsec: 450447382
}
iterations: 15101
real_time_factor: 1.0000212504515722
step_size {
  nsec: 4000000
}

sim_time {
  sec: 60
  nsec: 508000000
}
real_time {
  sec: 62
  nsec: 554447083
}
iterations: 15127
real_time_factor: 1.0000445019803381
step_size {
  nsec: 4000000
}

sim_time {
  sec: 60
  nsec: 608000000
}
real_time {
  sec: 62
  nsec: 654447767
}
iterations: 15152
real_time_factor: 0.99984102527698093
step_size {
  nsec: 4000000
}

sim_time {
  sec: 60
  nsec: 712000000
}
real_time {
  sec: 62
  nsec: 758447153
}
iterations: 15178
real_time_factor: 0.999966251139024
step_size {
  nsec: 4000000
}

sim_time {
  sec: 60
  nsec: 812000000
}
real_time {
  sec: 62
  nsec: 858447718
}
iterations: 15203
real_time_factor: 1.0000702549354092
step_size {
  nsec: 4000000
}

sim_time {
  sec: 60
  nsec: 912000000
}
real_time {
  sec: 62
  nsec: 958448829
}
iterations: 15228
real_time_factor: 1.0007280296415642
step_size {
  nsec: 4000000
}

sim_time {
  sec: 61
  nsec: 16000000
}
real_time {
  sec: 63
  nsec: 62448002
}
iterations: 15254
real_time_factor: 1.0001162635156338
step_size {
  nsec: 4000000
}

sim_time {
  sec: 61
  nsec: 120000000
}
real_time {
  sec: 63
  nsec: 166449221
}
iterations: 15280
real_time_factor: 0.99959116721261
step_size {
  nsec: 4000000
}

sim_time {
  sec: 61
  nsec: 224000000
}
real_time {
  sec: 63
  nsec: 270447700
}
iterations: 15306
real_time_factor: 0.99997275074254222
step_size {
  nsec: 4000000
}

sim_time {
  sec: 61
  nsec: 328000000
}
real_time {
  sec: 63
  nsec: 374447327
}
iterations: 15332
real_time_factor: 0.99999350004224974
step_size {
  nsec: 4000000
}

sim_time {
  sec: 61
  nsec: 432000000
}
real_time {
  sec: 63
  nsec: 478447480
}
iterations: 15358
real_time_factor: 0.99994050354003938
step_size {
  nsec: 4000000
}

sim_time {
  sec: 61
  nsec: 536000000
}
real_time {
  sec: 63
  nsec: 582447470
}
iterations: 15384
real_time_factor: 1.0000260006760175
step_size {
  nsec: 4000000
}

sim_time {
  sec: 61
  nsec: 636000000
}
real_time {
  sec: 63
  nsec: 682447906
}
iterations: 15409
real_time_factor: 1.0000517526782011
step_size {
  nsec: 4000000
}

sim_time {
  sec: 61
  nsec: 740000000
}
real_time {
  sec: 63
  nsec: 786448026
}
iterations: 15435
real_time_factor: 0.999804038408472
step_size {
  nsec: 4000000
}

sim_time {
  sec: 61
  nsec: 844000000
}
real_time {
  sec: 63
  nsec: 890448607
}
iterations: 15461
real_time_factor: 0.99989226160881162
step_size {
  nsec: 4000000
}

sim_time {
  sec: 61
  nsec: 948000000
}
real_time {
  sec: 63
  nsec: 994447996
}
iterations: 15487
real_time_factor: 1.0000285008122731
step_size {
  nsec: 4000000
}

sim_time {
  sec: 62
  nsec: 52000000
}
real_time {
  sec: 64
  nsec: 98447393
}
iterations: 15513
real_time_factor: 0.99995425209296673
step_size {
  nsec: 4000000
}

sim_time {
  sec: 62
  nsec: 156000000
}
real_time {
  sec: 64
  nsec: 202447938
}
iterations: 15539
real_time_factor: 0.999857270374654
step_size {
  nsec: 4000000
}

sim_time {
  sec: 62
  nsec: 256000000
}
real_time {
  sec: 64
  nsec: 302448421
}
iterations: 15564
real_time_factor: 0.99975555976563735
step_size {
  nsec: 4000000
}

sim_time {
  sec: 62
  nsec: 360000000
}
real_time {
  sec: 64
  nsec: 406447541
}
iterations: 15590
real_time_factor: 0.99996350133220135
step_size {
  nsec: 4000000
}

sim_time {
  sec: 62
  nsec: 464000000
}
real_time {
  sec: 64
  nsec: 510447183
}
iterations: 15616
real_time_factor: 0.999991750068062
step_size {
  nsec: 4000000
}

sim_time {
  sec: 62
  nsec: 564000000
}
real_time {
  sec: 64
  nsec: 610448474
}
iterations: 15641
real_time_factor: 0.999961501482193
step_size {
  nsec: 4000000
}

sim_time {
  sec: 62
  nsec: 668000000
}
real_time {
  sec: 64
  nsec: 714447827
}
iterations: 15667
real_time_factor: 1.0001257658150513
step_size {
  nsec: 4000000
}

sim_time {
  sec: 62
  nsec: 772000000
}
real_time {
  sec: 64
  nsec: 818447022
}
iterations: 15693
real_time_factor: 1.0000560031361756
step_size {
  nsec: 4000000
}

sim_time {
  sec: 62
  nsec: 876000000
}
real_time {
  sec: 64
  nsec: 922447819
}
iterations: 15719
real_time_factor: 0.9998060376287
step_size {
  nsec: 4000000
}

sim_time {
  sec: 62
  nsec: 980000000
}
real_time {
  sec: 65
  nsec: 26447745
}
iterations: 15745
real_time_factor: 0.999915007224386
step_size {
  nsec: 4000000
}

sim_time {
  sec: 63
  nsec: 80000000
}
real_time {
  sec: 65
  nsec: 126448286
}
iterations: 15770
real_time_factor: 0.99989651071114138
step_size {
  nsec: 4000000
}

sim_time {
  sec: 63
  nsec: 180000000
}
real_time {
  sec: 65
  nsec: 226447613
}
iterations: 15795
real_time_factor: 1.0002510630168173
step_size {
  nsec: 4000000
}

sim_time {
  sec: 63
  nsec: 284000000
}
real_time {
  sec: 65
  nsec: 330446966
}
iterations: 15821
real_time_factor: 1.0000817566836089
step_size {
  nsec: 4000000
}

sim_time {
  sec: 63
  nsec: 388000000
}
real_time {
  sec: 65
  nsec: 434447032
}
iterations: 15847
real_time_factor: 1.0000260006760175
step_size {
  nsec: 4000000
}

sim_time {
  sec: 63
  nsec: 488000000
}
real_time {
  sec: 65
  nsec: 534447557
}
iterations: 15872
real_time_factor: 0.99987601537409365
step_size {
  nsec: 4000000
}

sim_time {
  sec: 63
  nsec: 592000000
}
real_time {
  sec: 65
  nsec: 638446986
}
iterations: 15898
real_time_factor: 1.0000285008122731
step_size {
  nsec: 4000000
}

sim_time {
  sec: 63
  nsec: 692000000
}
real_time {
  sec: 65
  nsec: 738447501
}
iterations: 15923
real_time_factor: 0.99998900012099867
step_size {
  nsec: 4000000
}

sim_time {
  sec: 63
  nsec: 796000000
}
real_time {
  sec: 65
  nsec: 842447234
}
iterations: 15949
real_time_factor: 1.0000080000640006
step_size {
  nsec: 4000000
}

sim_time {
  sec: 63
  nsec: 896000000
}
real_time {
  sec: 65
  nsec: 942448140
}
iterations: 15974
real_time_factor: 0.999825280532227
step_size {
  nsec: 4000000
}

sim_time {
  sec: 64
}
real_time {
  sec: 66
  nsec: 46447525
}
iterations: 16000
real_time_factor: 0.99995475204746986
step_size {
  nsec: 4000000
}

sim_time {
  sec: 64
  nsec: 100000000
}
real_time {
  sec: 66
  nsec: 146447819
}
iterations: 16025
real_time_factor: 1.0001002600510702
step_size {
  nsec: 4000000
}

sim_time {
  sec: 64
  nsec: 204000000
}
real_time {
  sec: 66
  nsec: 250447126
}
iterations: 16051
real_time_factor: 1.000047252232668
step_size {
  nsec: 4000000
}

sim_time {
  sec: 64
  nsec: 308000000
}
real_time {
  sec: 66
  nsec: 354447314
}
iterations: 16077
real_time_factor: 1.0000217504730728
step_size {
  nsec: 4000000
}

sim_time {
  sec: 64
  nsec: 408000000
}
real_time {
  sec: 66
  nsec: 454447579
}
iterations: 16102
real_time_factor: 0.99997750050623857
step_size {
  nsec: 4000000
}

sim_time {
  sec: 64
  nsec: 512000000
}
real_time {
  sec: 66
  nsec: 558447018
}
iterations: 16128
real_time_factor: 1.0000772559680235
step_size {
  nsec: 4000000
}

sim_time {
  sec: 64
  nsec: 612000000
}
real_time {
  sec: 66
  nsec: 658447451
}
iterations: 16153
real_time_factor: 0.99991525718195384
step_size {
  nsec: 4000000
}

sim_time {
  sec: 64
  nsec: 712000000
}
real_time {
  sec: 66
  nsec: 758448783
}
iterations: 16178
real_time_factor: 0.99989676065946187
step_size {
  nsec: 4000000
}

sim_time {
  sec: 64
  nsec: 816000000
}
real_time {
  sec: 66
  nsec: 862447296
}
iterations: 16204
real_time_factor: 1.000080006400512
step_size {
  nsec: 4000000
}

sim_time {
  sec: 64
  nsec: 916000000
}
real_time {
  sec: 66
  nsec: 962447721
}
iterations: 16229
real_time_factor: 0.99983652672788
step_size {
  nsec: 4000000
}

sim_time {
  sec: 65
  nsec: 20000000
}
real_time {
  sec: 67
  nsec: 66447651
}
iterations: 16255
real_time_factor: 0.99992925500520835
step_size {
  nsec: 4000000
}

sim_time {
  sec: 65
  nsec: 124000000
}
real_time {
  sec: 67
  nsec: 170447488
}
iterations: 16281
real_time_factor: 0.999966251139024
step_size {
  nsec: 4000000
}

sim_time {
  sec: 65
  nsec: 228000000
}
real_time {
  sec: 67
  nsec: 274447271
}
iterations: 16307
real_time_factor: 0.99999150007224935
step_size {
  nsec: 4000000
}

sim_time {
  sec: 65
  nsec: 328000000
}
real_time {
  sec: 67
  nsec: 374477678
}
iterations: 16332
real_time_factor: 0.9924218666264405
step_size {
  nsec: 4000000
}

sim_time {
  sec: 65
  nsec: 432000000
}
real_time {
  sec: 67
  nsec: 478447197
}
iterations: 16358
real_time_factor: 0.99998925011556128
step_size {
  nsec: 4000000
}

sim_time {
  sec: 65
  nsec: 532000000
}
real_time {
  sec: 67
  nsec: 578447809
}
iterations: 16383
real_time_factor: 1.0018888108807129
step_size {
  nsec: 4000000
}

sim_time {
  sec: 65
  nsec: 636000000
}
real_time {
  sec: 67
  nsec: 682447425
}
iterations: 16409
real_time_factor: 0.9999895001102489
step_size {
  nsec: 4000000
}

sim_time {
  sec: 65
  nsec: 736000000
}
real_time {
  sec: 67
  nsec: 782447741
}
iterations: 16434
real_time_factor: 1.0004456985587078
step_size {
  nsec: 4000000
}

sim_time {
  sec: 65
  nsec: 840000000
}
real_time {
  sec: 67
  nsec: 886448255
}
iterations: 16460
real_time_factor: 0.99973282140348
step_size {
  nsec: 4000000
}

sim_time {
  sec: 65
  nsec: 944000000
}
real_time {
  sec: 67
  nsec: 990447095
}
iterations: 16486
real_time_factor: 1.0000080000640006
step_size {
  nsec: 4000000
}

sim_time {
  sec: 66
  nsec: 44000000
}
real_time {
  sec: 68
  nsec: 90447651
}
iterations: 16511
real_time_factor: 1.0289629930887128
step_size {
  nsec: 4000000
}

sim_time {
  sec: 66
  nsec: 148000000
}
real_time {
  sec: 68
  nsec: 194447611
}
iterations: 16537
real_time_factor: 0.999950002499875
step_size {
  nsec: 4000000
}

sim_time {
  sec: 66
  nsec: 252000000
}
real_time {
  sec: 68
  nsec: 298447163
}
iterations: 16563
real_time_factor: 1.0000657543233467
step_size {
  nsec: 4000000
}

sim_time {
  sec: 66
  nsec: 356000000
}
real_time {
  sec: 68
  nsec: 402447465
}
iterations: 16589
real_time_factor: 0.99987601537409365
step_size {
  nsec: 4000000
}

sim_time {
  sec: 66
  nsec: 460000000
}
real_time {
  sec: 68
  nsec: 506447208
}
iterations: 16615
real_time_factor: 1.0000380014440549
step_size {
  nsec: 4000000
}

sim_time {
  sec: 66
  nsec: 560000000
}
real_time {
  sec: 68
  nsec: 606448007
}
iterations: 16640
real_time_factor: 1.0000172502975677
step_size {
  nsec: 4000000
}

sim_time {
  sec: 66
  nsec: 664000000
}
real_time {
  sec: 68
  nsec: 710447014
}
iterations: 16666
real_time_factor: 1.0000822567656189
step_size {
  nsec: 4000000
}

sim_time {
  sec: 66
  nsec: 764000000
}
real_time {
  sec: 68
  nsec: 810450665
}
iterations: 16691
real_time_factor: 0.99915920752686616
step_size {
  nsec: 4000000
}

sim_time {
  sec: 66
  nsec: 868000000
}
real_time {
  sec: 68
  nsec: 914447451
}
iterations: 16717
real_time_factor: 1.0001190141626854
step_size {
  nsec: 4000000
}

sim_time {
  sec: 66
  nsec: 972000000
}
real_time {
  sec: 69
  nsec: 18447319
}
iterations: 16743
real_time_factor: 0.99998500022499659
step_size {
  nsec: 4000000
}

sim_time {
  sec: 67
  nsec: 72000000
}
real_time {
  sec: 69
  nsec: 118447415
}
iterations: 16768
real_time_factor: 1.0000450020250911
step_size {
  nsec: 4000000
}

sim_time {
  sec: 67
  nsec: 176000000
}
real_time {
  sec: 69
  nsec: 222447200
}
iterations: 16794
real_time_factor: 1.0000357512781082
step_size {
  nsec: 4000000
}

sim_time {
  sec: 67
  nsec: 276000000
}
real_time {
  sec: 69
  nsec: 322452027
}
iterations: 16819
real_time_factor: 0.99889347575223542
step_size {
  nsec: 4000000
}

sim_time {
  sec: 67
  nsec: 380000000
}
real_time {
  sec: 69
  nsec: 426447663
}
iterations: 16845
real_time_factor: 0.99988326362897129
step_size {
  nsec: 4000000
}

sim_time {
  sec: 67
  nsec: 484000000
}
real_time {
  sec: 69
  nsec: 530447953
}
iterations: 16871
real_time_factor: 0.999878264821258
step_size {
  nsec: 4000000
}

sim_time {
  sec: 67
  nsec: 588000000
}
real_time {
  sec: 69
  nsec: 634447462
}
iterations: 16897
real_time_factor: 0.99996400129595331
step_size {
  nsec: 4000000
}

sim_time {
  sec: 67
  nsec: 692000000
}
real_time {
  sec: 69
  nsec: 738447638
}
iterations: 16923
real_time_factor: 0.99996175146300659
step_size {
  nsec: 4000000
}

sim_time {
  sec: 67
  nsec: 792000000
}
real_time {
  sec: 69
  nsec: 838448077
}
iterations: 16948
real_time_factor: 0.99993425432277827
step_size {
  nsec: 4000000
}

sim_time {
  sec: 67
  nsec: 896000000
}
real_time {
  sec: 69
  nsec: 942447476
}
iterations: 16974
real_time_factor: 1.0000405016403164
step_size {
  nsec: 4000000
}

sim_time {
  sec: 67
  nsec: 996000000
}
real_time {
  sec: 70
  nsec: 42448656
}
iterations: 16999
real_time_factor: 0.999802289097331
step_size {
  nsec: 4000000
}

sim_time {
  sec: 68
  nsec: 100000000
}
real_time {
  sec: 70
  nsec: 146448351
}
iterations: 17025
real_time_factor: 0.99995250225614285
step_size {
  nsec: 4000000
}

sim_time {
  sec: 68
  nsec: 204000000
}
real_time {
  sec: 70
  nsec: 250449166
}
iterations: 17051
real_time_factor: 0.99956868611194272
step_size {
  nsec: 4000000
}

sim_time {
  sec: 68
  nsec: 308000000
}
real_time {
  sec: 70
  nsec: 354447694
}
iterations: 17077
real_time_factor: 1.0000150002250034
step_size {
  nsec: 4000000
}

