sim_time {
  nsec: 4000000
}
real_time {
  sec: 1
  nsec: 771469631
}
iterations: 1
real_time_factor: 0.0022580121781382093
step_size {
  nsec: 4000000
}

sim_time {
  nsec: 108000000
}
real_time {
  sec: 1
  nsec: 875448890
}
iterations: 27
real_time_factor: 0.99999850000225
step_size {
  nsec: 4000000
}

sim_time {
  nsec: 212000000
}
real_time {
  sec: 1
  nsec: 979448576
}
iterations: 53
real_time_factor: 1.000014500210253
step_size {
  nsec: 4000000
}

sim_time {
  nsec: 312000000
}
real_time {
  sec: 2
  nsec: 79448764
}
iterations: 78
real_time_factor: 1.0000190003610068
step_size {
  nsec: 4000000
}

sim_time {
  nsec: 412000000
}
real_time {
  sec: 2
  nsec: 179450275
}
iterations: 103
real_time_factor: 0.99965386984756532
step_size {
  nsec: 4000000
}

sim_time {
  nsec: 516000000
}
real_time {
  sec: 2
  nsec: 283449675
}
iterations: 129
real_time_factor: 0.99981753330017276
step_size {
  nsec: 4000000
}

sim_time {
  nsec: 620000000
}
real_time {
  sec: 2
  nsec: 387448897
}
iterations: 155
real_time_factor: 1.0000355012602948
step_size {
  nsec: 4000000
}

sim_time {
  nsec: 720000000
}
real_time {
  sec: 2
  nsec: 487449603
}
iterations: 180
real_time_factor: 0.99982253150065858
step_size {
  nsec: 4000000
}

sim_time {
  nsec: 824000000
}
real_time {
  sec: 2
  nsec: 591842814
}
iterations: 206
real_time_factor: 0.91032916364646
step_size {
  nsec: 4000000
}

sim_time {
  nsec: 928000000
}
real_time {
  sec: 2
  nsec: 695449073
}
iterations: 232
real_time_factor: 0.99995425209296673
step_size {
  nsec: 4000000
}

sim_time {
  sec: 1
  nsec: 32000000
}
real_time {
  sec: 2
  nsec: 799449516
}
iterations: 258
real_time_factor: 0.999873516000226
step_size {
  nsec: 4000000
}

sim_time {
  sec: 1
  nsec: 136000000
}
real_time {
  sec: 2
  nsec: 903448773
}
iterations: 284
real_time_factor: 1.0002185477526839
step_size {
  nsec: 4000000
}

sim_time {
  sec: 1
  nsec: 240000000
}
real_time {
  sec: 3
  nsec: 7448680
}
iterations: 310
real_time_factor: 1.0000122501500643
step_size {
  nsec: 4000000
}

sim_time {
  sec: 1
  nsec: 344000000
}
real_time {
  sec: 3
  nsec: 111448882
}
iterations: 336
real_time_factor: 0.99998925011556128
step_size {
  nsec: 4000000
}

sim_time {
  sec: 1
  nsec: 448000000
}
real_time {
  sec: 3
  nsec: 215448891
}
iterations: 362
real_time_factor: 1.0000237505640759
step_size {
  nsec: 4000000
}

sim_time {
  sec: 1
  nsec: 552000000
}
real_time {
  sec: 3
  nsec: 319448768
}
iterations: 388
real_time_factor: 0.99997075085553744
step_size {
  nsec: 4000000
}

sim_time {
  sec: 1
  nsec: 652000000
}
real_time {
  sec: 3
  nsec: 419451863
}
iterations: 413
real_time_factor: 0.99922360326026682
step_size {
  nsec: 4000000
}

sim_time {
  sec: 1
  nsec: 736000000
}
real_time {
  sec: 3
  nsec: 789957896
}
iterations: 434
real_time_factor: 0.013768933557267597
step_size {
  nsec: 4000000
}

sim_time {
  sec: 1
  nsec: 840000000
}
real_time {
  sec: 3
  nsec: 893956680
}
iterations: 460
real_time_factor: 0.99935990997765933
step_size {
  nsec: 4000000
}

sim_time {
  sec: 1
  nsec: 944000000
}
real_time {
  sec: 3
  nsec: 997953928
}
iterations: 486
real_time_factor: 0.99996600115596068
step_size {
  nsec: 4000000
}

sim_time {
  sec: 2
  nsec: 48000000
}
real_time {
  sec: 4
  nsec: 101953629
}
iterations: 512
real_time_factor: 1.0000307509455917
step_size {
  nsec: 4000000
}

sim_time {
  sec: 2
  nsec: 148000000
}
real_time {
  sec: 4
  nsec: 201953870
}
iterations: 537
real_time_factor: 1.0001255157522269
step_size {
  nsec: 4000000
}

sim_time {
  sec: 2
  nsec: 252000000
}
real_time {
  sec: 4
  nsec: 305953793
}
iterations: 563
real_time_factor: 1.00007475558798
step_size {
  nsec: 4000000
}

sim_time {
  sec: 2
  nsec: 352000000
}
real_time {
  sec: 4
  nsec: 405953941
}
iterations: 588
real_time_factor: 0.99996375131401483
step_size {
  nsec: 4000000
}

sim_time {
  sec: 2
  nsec: 452000000
}
real_time {
  sec: 4
  nsec: 505954423
}
iterations: 613
real_time_factor: 0.99987801488218442
step_size {
  nsec: 4000000
}

sim_time {
  sec: 2
  nsec: 552000000
}
real_time {
  sec: 4
  nsec: 605954162
}
iterations: 638
real_time_factor: 0.99991750680568858
step_size {
  nsec: 4000000
}

sim_time {
  sec: 2
  nsec: 656000000
}
real_time {
  sec: 4
  nsec: 709953214
}
iterations: 664
real_time_factor: 1.0000492524256819
step_size {
  nsec: 4000000
}

sim_time {
  sec: 2
  nsec: 756000000
}
real_time {
  sec: 4
  nsec: 809954157
}
iterations: 689
real_time_factor: 0.99985502102195178
step_size {
  nsec: 4000000
}

sim_time {
  sec: 2
  nsec: 856000000
}
real_time {
  sec: 4
  nsec: 909954379
}
iterations: 714
real_time_factor: 1.0000562531642405
step_size {
  nsec: 4000000
}

sim_time {
  sec: 2
  nsec: 960000000
}
real_time {
  sec: 5
  nsec: 13953726
}
iterations: 740
real_time_factor: 1.0000772559680235
step_size {
  nsec: 4000000
}

sim_time {
  sec: 3
  nsec: 60000000
}
real_time {
  sec: 5
  nsec: 113953966
}
iterations: 765
real_time_factor: 1.0000447520026521
step_size {
  nsec: 4000000
}

sim_time {
  sec: 3
  nsec: 164000000
}
real_time {
  sec: 5
  nsec: 217953683
}
iterations: 791
real_time_factor: 1.0001005101012652
step_size {
  nsec: 4000000
}

sim_time {
  sec: 3
  nsec: 268000000
}
real_time {
  sec: 5
  nsec: 321953940
}
iterations: 817
real_time_factor: 0.9999820003239942
step_size {
  nsec: 4000000
}

sim_time {
  sec: 3
  nsec: 372000000
}
real_time {
  sec: 5
  nsec: 425954629
}
iterations: 843
real_time_factor: 0.99979479211891764
step_size {
  nsec: 4000000
}

sim_time {
  sec: 3
  nsec: 472000000
}
real_time {
  sec: 5
  nsec: 525954054
}
iterations: 868
real_time_factor: 1.0000910082817536
step_size {
  nsec: 4000000
}

sim_time {
  sec: 3
  nsec: 576000000
}
real_time {
  sec: 5
  nsec: 629954409
}
iterations: 894
real_time_factor: 0.99994050354003938
step_size {
  nsec: 4000000
}

sim_time {
  sec: 3
  nsec: 676000000
}
real_time {
  sec: 5
  nsec: 729956407
}
iterations: 919
real_time_factor: 0.99963288482304868
step_size {
  nsec: 4000000
}

sim_time {
  sec: 3
  nsec: 780000000
}
real_time {
  sec: 5
  nsec: 833953865
}
iterations: 945
real_time_factor: 1.0000167502805672
step_size {
  nsec: 4000000
}

sim_time {
  sec: 3
  nsec: 880000000
}
real_time {
  sec: 5
  nsec: 933954584
}
iterations: 970
real_time_factor: 1.0001280163860975
step_size {
  nsec: 4000000
}

sim_time {
  sec: 3
  nsec: 980000000
}
real_time {
  sec: 6
  nsec: 33954507
}
iterations: 995
real_time_factor: 1.0001002600510702
step_size {
  nsec: 4000000
}

sim_time {
  sec: 4
  nsec: 80000000
}
real_time {
  sec: 6
  nsec: 133956422
}
iterations: 1020
real_time_factor: 0.99942932585493682
step_size {
  nsec: 4000000
}

sim_time {
  sec: 4
  nsec: 184000000
}
real_time {
  sec: 6
  nsec: 237954018
}
iterations: 1046
real_time_factor: 1.000123265192435
step_size {
  nsec: 4000000
}

sim_time {
  sec: 4
  nsec: 284000000
}
real_time {
  sec: 6
  nsec: 337954525
}
iterations: 1071
real_time_factor: 1.0004106685794518
step_size {
  nsec: 4000000
}

sim_time {
  sec: 4
  nsec: 388000000
}
real_time {
  sec: 6
  nsec: 441954196
}
iterations: 1097
real_time_factor: 0.99994050354003938
step_size {
  nsec: 4000000
}

sim_time {
  sec: 4
  nsec: 488000000
}
real_time {
  sec: 6
  nsec: 541955247
}
iterations: 1122
real_time_factor: 1.0003366132703655
step_size {
  nsec: 4000000
}

sim_time {
  sec: 4
  nsec: 592000000
}
real_time {
  sec: 6
  nsec: 645954731
}
iterations: 1148
real_time_factor: 1.0000770059294566
step_size {
  nsec: 4000000
}

sim_time {
  sec: 4
  nsec: 696000000
}
real_time {
  sec: 6
  nsec: 749954002
}
iterations: 1174
real_time_factor: 1.0000795063207526
step_size {
  nsec: 4000000
}

sim_time {
  sec: 4
  nsec: 796000000
}
real_time {
  sec: 6
  nsec: 849954267
}
iterations: 1199
real_time_factor: 1.0005125125345458
step_size {
  nsec: 4000000
}

sim_time {
  sec: 4
  nsec: 896000000
}
real_time {
  sec: 6
  nsec: 949955004
}
iterations: 1224
real_time_factor: 1.0001697788199546
step_size {
  nsec: 4000000
}

sim_time {
  sec: 5
}
real_time {
  sec: 7
  nsec: 53955913
}
iterations: 1250
real_time_factor: 0.99976255639285672
step_size {
  nsec: 4000000
}

sim_time {
  sec: 5
  nsec: 100000000
}
real_time {
  sec: 7
  nsec: 153967956
}
iterations: 1275
real_time_factor: 0.99686013977474452
step_size {
  nsec: 4000000
}

sim_time {
  sec: 5
  nsec: 204000000
}
real_time {
  sec: 7
  nsec: 257957143
}
iterations: 1301
real_time_factor: 0.99961215048561158
step_size {
  nsec: 4000000
}

sim_time {
  sec: 5
  nsec: 308000000
}
real_time {
  sec: 7
  nsec: 361954692
}
iterations: 1327
real_time_factor: 1.000070004900343
step_size {
  nsec: 4000000
}

sim_time {
  sec: 5
  nsec: 408000000
}
real_time {
  sec: 7
  nsec: 461954965
}
iterations: 1352
real_time_factor: 1.0000265007022686
step_size {
  nsec: 4000000
}

sim_time {
  sec: 5
  nsec: 508000000
}
real_time {
  sec: 7
  nsec: 561955415
}
iterations: 1377
real_time_factor: 0.99999350004224974
step_size {
  nsec: 4000000
}

sim_time {
  sec: 5
  nsec: 612000000
}
real_time {
  sec: 7
  nsec: 665954517
}
iterations: 1403
real_time_factor: 1.000061003721227
step_size {
  nsec: 4000000
}

sim_time {
  sec: 5
  nsec: 716000000
}
real_time {
  sec: 7
  nsec: 769954166
}
iterations: 1429
real_time_factor: 1.0000380014440549
step_size {
  nsec: 4000000
}

sim_time {
  sec: 5
  nsec: 820000000
}
real_time {
  sec: 7
  nsec: 873954324
}
iterations: 1455
real_time_factor: 0.9999430032488148
step_size {
  nsec: 4000000
}

sim_time {
  sec: 5
  nsec: 924000000
}
real_time {
  sec: 7
  nsec: 977954029
}
iterations: 1481
real_time_factor: 1.000003000009
step_size {
  nsec: 4000000
}

sim_time {
  sec: 6
  nsec: 24000000
}
real_time {
  sec: 8
  nsec: 77954857
}
iterations: 1506
real_time_factor: 0.99979954019219142
step_size {
  nsec: 4000000
}

sim_time {
  sec: 6
  nsec: 128000000
}
real_time {
  sec: 8
  nsec: 181954496
}
iterations: 1532
real_time_factor: 0.99990400921511535
step_size {
  nsec: 4000000
}

sim_time {
  sec: 6
  nsec: 228000000
}
real_time {
  sec: 8
  nsec: 281954658
}
iterations: 1557
real_time_factor: 1.0001837837702678
step_size {
  nsec: 4000000
}

sim_time {
  sec: 6
  nsec: 332000000
}
real_time {
  sec: 8
  nsec: 385956891
}
iterations: 1583
real_time_factor: 0.999447805087689
step_size {
  nsec: 4000000
}

sim_time {
  sec: 6
  nsec: 436000000
}
real_time {
  sec: 8
  nsec: 489954511
}
iterations: 1609
real_time_factor: 1.0002025410145554
step_size {
  nsec: 4000000
}

sim_time {
  sec: 6
  nsec: 536000000
}
real_time {
  sec: 8
  nsec: 589957478
}
iterations: 1634
real_time_factor: 1.0010643817038467
step_size {
  nsec: 4000000
}

sim_time {
  sec: 6
  nsec: 640000000
}
real_time {
  sec: 8
  nsec: 693954579
}
iterations: 1660
real_time_factor: 1.000139519462965
step_size {
  nsec: 4000000
}

sim_time {
  sec: 6
  nsec: 744000000
}
real_time {
  sec: 8
  nsec: 797955680
}
iterations: 1686
real_time_factor: 0.99975306099393446
step_size {
  nsec: 4000000
}

sim_time {
  sec: 6
  nsec: 848000000
}
real_time {
  sec: 8
  nsec: 901953864
}
iterations: 1712
real_time_factor: 1.0001215147640439
step_size {
  nsec: 4000000
}

sim_time {
  sec: 6
  nsec: 948000000
}
real_time {
  sec: 9
  nsec: 1954071
}
iterations: 1737
real_time_factor: 1.0001652773120757
step_size {
  nsec: 4000000
}

sim_time {
  sec: 7
  nsec: 48000000
}
real_time {
  sec: 9
  nsec: 101954851
}
iterations: 1762
real_time_factor: 0.99999650001224993
step_size {
  nsec: 4000000
}

sim_time {
  sec: 7
  nsec: 152000000
}
real_time {
  sec: 9
  nsec: 205955323
}
iterations: 1788
real_time_factor: 0.99997550060023532
step_size {
  nsec: 4000000
}

sim_time {
  sec: 7
  nsec: 256000000
}
real_time {
  sec: 9
  nsec: 309953897
}
iterations: 1814
real_time_factor: 1.0001025105073269
step_size {
  nsec: 4000000
}

sim_time {
  sec: 7
  nsec: 356000000
}
real_time {
  sec: 9
  nsec: 409954584
}
iterations: 1839
real_time_factor: 1.0009483986076808
step_size {
  nsec: 4000000
}

sim_time {
  sec: 7
  nsec: 456000000
}
real_time {
  sec: 9
  nsec: 509958975
}
iterations: 1864
real_time_factor: 1.0263120758444624
step_size {
  nsec: 4000000
}

sim_time {
  sec: 7
  nsec: 560000000
}
real_time {
  sec: 9
  nsec: 613954903
}
iterations: 1890
real_time_factor: 1.0000285008122731
step_size {
  nsec: 4000000
}

sim_time {
  sec: 7
  nsec: 664000000
}
real_time {
  sec: 9
  nsec: 717954718
}
iterations: 1916
real_time_factor: 0.99985027242170488
step_size {
  nsec: 4000000
}

sim_time {
  sec: 7
  nsec: 764000000
}
real_time {
  sec: 9
  nsec: 817955006
}
iterations: 1941
real_time_factor: 0.99991975643954578
step_size {
  nsec: 4000000
}

sim_time {
  sec: 7
  nsec: 868000000
}
real_time {
  sec: 9
  nsec: 921953495
}
iterations: 1967
real_time_factor: 1.0000957591689403
step_size {
  nsec: 4000000
}

sim_time {
  sec: 7
  nsec: 968000000
}
real_time {
  sec: 10
  nsec: 21954394
}
iterations: 1992
real_time_factor: 0.99995450207015579
step_size {
  nsec: 4000000
}

sim_time {
  sec: 8
  nsec: 72000000
}
real_time {
  sec: 10
  nsec: 125954855
}
iterations: 2018
real_time_factor: 0.99983902591682738
step_size {
  nsec: 4000000
}

sim_time {
  sec: 8
  nsec: 176000000
}
real_time {
  sec: 10
  nsec: 229954566
}
iterations: 2044
real_time_factor: 0.9999430032488148
step_size {
  nsec: 4000000
}

sim_time {
  sec: 8
  nsec: 276000000
}
real_time {
  sec: 10
  nsec: 329954549
}
iterations: 2069
real_time_factor: 0.99991975643954578
step_size {
  nsec: 4000000
}

sim_time {
  sec: 8
  nsec: 376000000
}
real_time {
  sec: 10
  nsec: 429955003
}
iterations: 2094
real_time_factor: 1.2048944015485303
step_size {
  nsec: 4000000
}

sim_time {
  sec: 8
  nsec: 480000000
}
real_time {
  sec: 10
  nsec: 533954130
}
iterations: 2120
real_time_factor: 1.0000195003802574
step_size {
  nsec: 4000000
}

sim_time {
  sec: 8
  nsec: 584000000
}
real_time {
  sec: 10
  nsec: 637954063
}
iterations: 2146
real_time_factor: 0.99996600115596068
step_size {
  nsec: 4000000
}

sim_time {
  sec: 8
  nsec: 688000000
}
real_time {
  sec: 10
  nsec: 741954226
}
iterations: 2172
real_time_factor: 1.0000332511055992
step_size {
  nsec: 4000000
}

sim_time {
  sec: 8
  nsec: 792000000
}
real_time {
  sec: 10
  nsec: 845955510
}
iterations: 2198
real_time_factor: 0.99964662491809142
step_size {
  nsec: 4000000
}

sim_time {
  sec: 8
  nsec: 896000000
}
real_time {
  sec: 10
  nsec: 949954256
}
iterations: 2224
real_time_factor: 0.99990600883516945
step_size {
  nsec: 4000000
}

sim_time {
  sec: 8
  nsec: 996000000
}
real_time {
  sec: 11
  nsec: 49955941
}
iterations: 2249
real_time_factor: 1.0000032500105625
step_size {
  nsec: 4000000
}

sim_time {
  sec: 9
  nsec: 100000000
}
real_time {
  sec: 11
  nsec: 153954623
}
iterations: 2275
real_time_factor: 0.99998225031505694
step_size {
  nsec: 4000000
}

sim_time {
  sec: 9
  nsec: 200000000
}
real_time {
  sec: 11
  nsec: 253954734
}
iterations: 2300
real_time_factor: 0.99989676065946187
step_size {
  nsec: 4000000
}

sim_time {
  sec: 9
  nsec: 304000000
}
real_time {
  sec: 11
  nsec: 357953749
}
iterations: 2326
real_time_factor: 1.000112012545405
step_size {
  nsec: 4000000
}

sim_time {
  sec: 9
  nsec: 404000000
}
real_time {
  sec: 11
  nsec: 457953925
}
iterations: 2351
real_time_factor: 1.0007653352901631
step_size {
  nsec: 4000000
}

sim_time {
  sec: 9
  nsec: 504000000
}
real_time {
  sec: 11
  nsec: 557960859
}
iterations: 2376
real_time_factor: 0.99925131095526676
step_size {
  nsec: 4000000
}

sim_time {
  sec: 9
  nsec: 608000000
}
real_time {
  sec: 11
  nsec: 661956808
}
iterations: 2402
real_time_factor: 0.9997390681032251
step_size {
  nsec: 4000000
}

sim_time {
  sec: 9
  nsec: 712000000
}
real_time {
  sec: 11
  nsec: 765954692
}
iterations: 2428
real_time_factor: 1.0000632540008156
step_size {
  nsec: 4000000
}

sim_time {
  sec: 9
  nsec: 816000000
}
real_time {
  sec: 11
  nsec: 869956298
}
iterations: 2454
real_time_factor: 0.9994200864948114
step_size {
  nsec: 4000000
}

sim_time {
  sec: 9
  nsec: 920000000
}
real_time {
  sec: 11
  nsec: 973954080
}
iterations: 2480
real_time_factor: 0.99990600883516945
step_size {
  nsec: 4000000
}

sim_time {
  sec: 10
  nsec: 20000000
}
real_time {
  sec: 12
  nsec: 73955384
}
iterations: 2505
real_time_factor: 0.99987376593705046
step_size {
  nsec: 4000000
}

sim_time {
  sec: 10
  nsec: 124000000
}
real_time {
  sec: 12
  nsec: 177956490
}
iterations: 2531
real_time_factor: 0.99948501534584311
step_size {
  nsec: 4000000
}

sim_time {
  sec: 10
  nsec: 228000000
}
real_time {
  sec: 12
  nsec: 281954189
}
iterations: 2557
real_time_factor: 1.000594102748507
step_size {
  nsec: 4000000
}

sim_time {
  sec: 10
  nsec: 328000000
}
real_time {
  sec: 12
  nsec: 381955965
}
iterations: 2582
real_time_factor: 0.9996493729824264
step_size {
  nsec: 4000000
}

sim_time {
  sec: 10
  nsec: 432000000
}
real_time {
  sec: 12
  nsec: 485954414
}
iterations: 2608
real_time_factor: 0.99998700016899777
step_size {
  nsec: 4000000
}

sim_time {
  sec: 10
  nsec: 536000000
}
real_time {
  sec: 12
  nsec: 589953926
}
iterations: 2634
real_time_factor: 1.0000150002250034
step_size {
  nsec: 4000000
}

sim_time {
  sec: 10
  nsec: 640000000
}
real_time {
  sec: 12
  nsec: 693954124
}
iterations: 2660
real_time_factor: 0.99991300756834156
step_size {
  nsec: 4000000
}

sim_time {
  sec: 10
  nsec: 744000000
}
real_time {
  sec: 12
  nsec: 797953785
}
iterations: 2686
real_time_factor: 1.00002150046226
step_size {
  nsec: 4000000
}

sim_time {
  sec: 10
  nsec: 844000000
}
real_time {
  sec: 12
  nsec: 897953958
}
iterations: 2711
real_time_factor: 1.0000492524256819
step_size {
  nsec: 4000000
}

sim_time {
  sec: 10
  nsec: 948000000
}
real_time {
  sec: 13
  nsec: 1953794
}
iterations: 2737
real_time_factor: 1.0000217504730728
step_size {
  nsec: 4000000
}

sim_time {
  sec: 11
  nsec: 48000000
}
real_time {
  sec: 13
  nsec: 101954013
}
iterations: 2762
real_time_factor: 1.0000427518276407
step_size {
  nsec: 4000000
}

sim_time {
  sec: 11
  nsec: 152000000
}
real_time {
  sec: 13
  nsec: 205954933
}
iterations: 2788
real_time_factor: 0.99980878656956862
step_size {
  nsec: 4000000
}

sim_time {
  sec: 11
  nsec: 256000000
}
real_time {
  sec: 13
  nsec: 309954104
}
iterations: 2814
real_time_factor: 0.99998675017556016
step_size {
  nsec: 4000000
}

sim_time {
  sec: 11
  nsec: 356000000
}
real_time {
  sec: 13
  nsec: 409954146
}
iterations: 2839
real_time_factor: 0.9999315046919286
step_size {
  nsec: 4000000
}

sim_time {
  sec: 11
  nsec: 460000000
}
real_time {
  sec: 13
  nsec: 513953798
}
iterations: 2865
real_time_factor: 1.000014500210253
step_size {
  nsec: 4000000
}

sim_time {
  sec: 11
  nsec: 564000000
}
real_time {
  sec: 13
  nsec: 617954012
}
iterations: 2891
real_time_factor: 0.99996375131401483
step_size {
  nsec: 4000000
}

sim_time {
  sec: 11
  nsec: 664000000
}
real_time {
  sec: 13
  nsec: 717953998
}
iterations: 2916
real_time_factor: 1.0001215147640439
step_size {
  nsec: 4000000
}

sim_time {
  sec: 11
  nsec: 764000000
}
real_time {
  sec: 13
  nsec: 817954328
}
iterations: 2941
real_time_factor: 1.0006491711497834
step_size {
  nsec: 4000000
}

sim_time {
  sec: 11
  nsec: 864000000
}
real_time {
  sec: 13
  nsec: 917956953
}
iterations: 2966
real_time_factor: 0.99957043460572814
step_size {
  nsec: 4000000
}

sim_time {
  sec: 11
  nsec: 964000000
}
real_time {
  sec: 14
  nsec: 17958754
}
iterations: 2991
real_time_factor: 0.99900174750380677
step_size {
  nsec: 4000000
}

sim_time {
  sec: 12
  nsec: 68000000
}
real_time {
  sec: 14
  nsec: 121955330
}
iterations: 3017
real_time_factor: 1.0003716380635406
step_size {
  nsec: 4000000
}

sim_time {
  sec: 12
  nsec: 172000000
}
real_time {
  sec: 14
  nsec: 225954869
}
iterations: 3043
real_time_factor: 0.999804038408472
step_size {
  nsec: 4000000
}

sim_time {
  sec: 12
  nsec: 276000000
}
real_time {
  sec: 14
  nsec: 329955259
}
iterations: 3069
real_time_factor: 0.99981353477576429
step_size {
  nsec: 4000000
}

sim_time {
  sec: 12
  nsec: 380000000
}
real_time {
  sec: 14
  nsec: 433954317
}
iterations: 3095
real_time_factor: 1.000061003721227
step_size {
  nsec: 4000000
}

sim_time {
  sec: 12
  nsec: 480000000
}
real_time {
  sec: 14
  nsec: 533960904
}
iterations: 3120
real_time_factor: 1.000607869280588
step_size {
  nsec: 4000000
}

sim_time {
  sec: 12
  nsec: 584000000
}
real_time {
  sec: 14
  nsec: 637954589
}
iterations: 3146
real_time_factor: 0.99982977898012859
step_size {
  nsec: 4000000
}

sim_time {
  sec: 12
  nsec: 688000000
}
real_time {
  sec: 14
  nsec: 741954251
}
iterations: 3172
real_time_factor: 1.0000722552204397
step_size {
  nsec: 4000000
}

sim_time {
  sec: 12
  nsec: 788000000
}
real_time {
  sec: 14
  nsec: 841954460
}
iterations: 3197
real_time_factor: 1.0000797563605697
step_size {
  nsec: 4000000
}

sim_time {
  sec: 12
  nsec: 892000000
}
real_time {
  sec: 14
  nsec: 945954266
}
iterations: 3223
real_time_factor: 1.0000820067245515
step_size {
  nsec: 4000000
}

sim_time {
  sec: 12
  nsec: 992000000
}
real_time {
  sec: 15
  nsec: 45955195
}
iterations: 3248
real_time_factor: 1.0000520027041406
step_size {
  nsec: 4000000
}

sim_time {
  sec: 13
  nsec: 96000000
}
real_time {
  sec: 15
  nsec: 149954261
}
iterations: 3274
real_time_factor: 1.0002970882352058
step_size {
  nsec: 4000000
}

sim_time {
  sec: 13
  nsec: 196000000
}
real_time {
  sec: 15
  nsec: 249954014
}
iterations: 3299
real_time_factor: 1.0016379284224528
step_size {
  nsec: 4000000
}

sim_time {
  sec: 13
  nsec: 296000000
}
real_time {
  sec: 15
  nsec: 349954648
}
iterations: 3324
real_time_factor: 1.000112012545405
step_size {
  nsec: 4000000
}

sim_time {
  sec: 13
  nsec: 396000000
}
real_time {
  sec: 15
  nsec: 449956013
}
iterations: 3349
real_time_factor: 1.0193373389892963
step_size {
  nsec: 4000000
}

sim_time {
  sec: 13
  nsec: 500000000
}
real_time {
  sec: 15
  nsec: 553955196
}
iterations: 3375
real_time_factor: 1.0000915083730162
step_size {
  nsec: 4000000
}

sim_time {
  sec: 13
  nsec: 600000000
}
real_time {
  sec: 15
  nsec: 653955958
}
iterations: 3400
real_time_factor: 0.9996656118528352
step_size {
  nsec: 4000000
}

sim_time {
  sec: 13
  nsec: 704000000
}
real_time {
  sec: 15
  nsec: 757955800
}
iterations: 3426
real_time_factor: 0.99980878656956862
step_size {
  nsec: 4000000
}

sim_time {
  sec: 13
  nsec: 808000000
}
real_time {
  sec: 15
  nsec: 861954845
}
iterations: 3452
real_time_factor: 0.99986451835776258
step_size {
  nsec: 4000000
}

sim_time {
  sec: 13
  nsec: 912000000
}
real_time {
  sec: 15
  nsec: 965954575
}
iterations: 3478
real_time_factor: 0.99992450569981961
step_size {
  nsec: 4000000
}

sim_time {
  sec: 14
  nsec: 12000000
}
real_time {
  sec: 16
  nsec: 65955402
}
iterations: 3503
real_time_factor: 1.0003251056593392
step_size {
  nsec: 4000000
}

sim_time {
  sec: 14
  nsec: 112000000
}
real_time {
  sec: 16
  nsec: 166030108
}
iterations: 3528
real_time_factor: 0.98155149427718669
step_size {
  nsec: 4000000
}

sim_time {
  sec: 14
  nsec: 216000000
}
real_time {
  sec: 16
  nsec: 269954782
}
iterations: 3554
real_time_factor: 1.0000450020250911
step_size {
  nsec: 4000000
}

sim_time {
  sec: 14
  nsec: 320000000
}
real_time {
  sec: 16
  nsec: 373953356
}
iterations: 3580
real_time_factor: 1.0000725052566311
step_size {
  nsec: 4000000
}

sim_time {
  sec: 14
  nsec: 420000000
}
real_time {
  sec: 16
  nsec: 473954145
}
iterations: 3605
real_time_factor: 1.0003713878777496
step_size {
  nsec: 4000000
}

sim_time {
  sec: 14
  nsec: 520000000
}
real_time {
  sec: 16
  nsec: 573954599
}
iterations: 3630
real_time_factor: 1.0000542529432221
step_size {
  nsec: 4000000
}

sim_time {
  sec: 14
  nsec: 624000000
}
real_time {
  sec: 16
  nsec: 677954014
}
iterations: 3656
real_time_factor: 0.99990375926317088
step_size {
  nsec: 4000000
}

sim_time {
  sec: 14
  nsec: 728000000
}
real_time {
  sec: 16
  nsec: 781955391
}
iterations: 3682
real_time_factor: 0.99962364169890039
step_size {
  nsec: 4000000
}

sim_time {
  sec: 14
  nsec: 832000000
}
real_time {
  sec: 16
  nsec: 885954796
}
iterations: 3708
real_time_factor: 0.9999430032488148
step_size {
  nsec: 4000000
}

sim_time {
  sec: 14
  nsec: 936000000
}
real_time {
  sec: 16
  nsec: 989954904
}
iterations: 3734
real_time_factor: 1.000010000100001
step_size {
  nsec: 4000000
}

sim_time {
  sec: 15
  nsec: 40000000
}
real_time {
  sec: 17
  nsec: 93955476
}
iterations: 3760
real_time_factor: 0.99975555976563735
step_size {
  nsec: 4000000
}

sim_time {
  sec: 15
  nsec: 144000000
}
real_time {
  sec: 17
  nsec: 197956260
}
iterations: 3786
real_time_factor: 0.99968859700203383
step_size {
  nsec: 4000000
}

sim_time {
  sec: 15
  nsec: 244000000
}
real_time {
  sec: 17
  nsec: 297957613
}
iterations: 3811
real_time_factor: 0.99927227996211754
step_size {
  nsec: 4000000
}

sim_time {
  sec: 15
  nsec: 348000000
}
real_time {
  sec: 17
  nsec: 401954286
}
iterations: 3837
real_time_factor: 1.0003853984747624
step_size {
  nsec: 4000000
}

sim_time {
  sec: 15
  nsec: 448000000
}
real_time {
  sec: 17
  nsec: 501955037
}
iterations: 3862
real_time_factor: 1.0001327676249021
step_size {
  nsec: 4000000
}

sim_time {
  sec: 15
  nsec: 552000000
}
real_time {
  sec: 17
  nsec: 605954829
}
iterations: 3888
real_time_factor: 1.0000265007022686
step_size {
  nsec: 4000000
}

sim_time {
  sec: 15
  nsec: 656000000
}
real_time {
  sec: 17
  nsec: 709954807
}
iterations: 3914
real_time_factor: 0.999950002499875
step_size {
  nsec: 4000000
}

sim_time {
  sec: 15
  nsec: 756000000
}
real_time {
  sec: 17
  nsec: 809956723
}
iterations: 3939
real_time_factor: 0.99941109701108621
step_size {
  nsec: 4000000
}

sim_time {
  sec: 15
  nsec: 860000000
}
real_time {
  sec: 17
  nsec: 913959071
}
iterations: 3965
real_time_factor: 0.99891193517461108
step_size {
  nsec: 4000000
}

sim_time {
  sec: 15
  nsec: 960000000
}
real_time {
  sec: 18
  nsec: 14282635
}
iterations: 3990
real_time_factor: 0.92424687743192457
step_size {
  nsec: 4000000
}

sim_time {
  sec: 16
  nsec: 64000000
}
real_time {
  sec: 18
  nsec: 117954733
}
iterations: 4016
real_time_factor: 1.0008955512945208
step_size {
  nsec: 4000000
}

sim_time {
  sec: 16
  nsec: 168000000
}
real_time {
  sec: 18
  nsec: 221954582
}
iterations: 4042
real_time_factor: 0.99996600115596068
step_size {
  nsec: 4000000
}

sim_time {
  sec: 16
  nsec: 268000000
}
real_time {
  sec: 18
  nsec: 326099151
}
iterations: 4067
real_time_factor: 0.49115738659575009
step_size {
  nsec: 4000000
}

sim_time {
  sec: 16
  nsec: 372000000
}
real_time {
  sec: 18
  nsec: 430099407
}
iterations: 4093
real_time_factor: 0.99970458729445444
step_size {
  nsec: 4000000
}

sim_time {
  sec: 16
  nsec: 472000000
}
real_time {
  sec: 18
  nsec: 530098711
}
iterations: 4118
real_time_factor: 1.0001030106100928
step_size {
  nsec: 4000000
}

sim_time {
  sec: 16
  nsec: 572000000
}
real_time {
  sec: 18
  nsec: 630100136
}
iterations: 4143
real_time_factor: 0.99957018482052717
step_size {
  nsec: 4000000
}

sim_time {
  sec: 16
  nsec: 676000000
}
real_time {
  sec: 18
  nsec: 734098213
}
iterations: 4169
real_time_factor: 1.0001770313345462
step_size {
  nsec: 4000000
}

sim_time {
  sec: 16
  nsec: 780000000
}
real_time {
  sec: 18
  nsec: 838098032
}
iterations: 4195
real_time_factor: 1.0000287508265862
step_size {
  nsec: 4000000
}

sim_time {
  sec: 16
  nsec: 880000000
}
real_time {
  sec: 18
  nsec: 938098253
}
iterations: 4220
real_time_factor: 1.0002300529121697
step_size {
  nsec: 4000000
}

sim_time {
  sec: 16
  nsec: 984000000
}
real_time {
  sec: 19
  nsec: 42098090
}
iterations: 4246
real_time_factor: 1.0002648201111244
step_size {
  nsec: 4000000
}

sim_time {
  sec: 17
  nsec: 84000000
}
real_time {
  sec: 19
  nsec: 142098098
}
iterations: 4271
real_time_factor: 1.0000447520026521
step_size {
  nsec: 4000000
}

sim_time {
  sec: 17
  nsec: 188000000
}
real_time {
  sec: 19
  nsec: 246098055
}
iterations: 4297
real_time_factor: 0.99986451835776258
step_size {
  nsec: 4000000
}

sim_time {
  sec: 17
  nsec: 292000000
}
real_time {
  sec: 19
  nsec: 350100892
}
iterations: 4323
real_time_factor: 0.99926079682554825
step_size {
  nsec: 4000000
}

sim_time {
  sec: 17
  nsec: 396000000
}
real_time {
  sec: 19
  nsec: 454098257
}
iterations: 4349
real_time_factor: 1.0011783869614537
step_size {
  nsec: 4000000
}

sim_time {
  sec: 17
  nsec: 500000000
}
real_time {
  sec: 19
  nsec: 558097899
}
iterations: 4375
real_time_factor: 1.0001260158780005
step_size {
  nsec: 4000000
}

sim_time {
  sec: 17
  nsec: 604000000
}
real_time {
  sec: 19
  nsec: 662097707
}
iterations: 4401
real_time_factor: 0.99994525299739834
step_size {
  nsec: 4000000
}

sim_time {
  sec: 17
  nsec: 704000000
}
real_time {
  sec: 19
  nsec: 762098268
}
iterations: 4426
real_time_factor: 1.0003946556916703
step_size {
  nsec: 4000000
}

sim_time {
  sec: 17
  nsec: 808000000
}
real_time {
  sec: 19
  nsec: 866099215
}
iterations: 4452
real_time_factor: 0.99967710429531265
step_size {
  nsec: 4000000
}

sim_time {
  sec: 17
  nsec: 908000000
}
real_time {
  sec: 19
  nsec: 966100817
}
iterations: 4477
real_time_factor: 0.99930673095539968
step_size {
  nsec: 4000000
}

sim_time {
  sec: 18
  nsec: 12000000
}
real_time {
  sec: 20
  nsec: 70098257
}
iterations: 4503
real_time_factor: 1.0003391149599714
step_size {
  nsec: 4000000
}

sim_time {
  sec: 18
  nsec: 116000000
}
real_time {
  sec: 20
  nsec: 174098463
}
iterations: 4529
real_time_factor: 0.99995250225614285
step_size {
  nsec: 4000000
}

sim_time {
  sec: 18
  nsec: 216000000
}
real_time {
  sec: 20
  nsec: 274098219
}
iterations: 4554
real_time_factor: 0.99998250030624469
step_size {
  nsec: 4000000
}

sim_time {
  sec: 18
  nsec: 320000000
}
real_time {
  sec: 20
  nsec: 378098574
}
iterations: 4580
real_time_factor: 0.99990125975059962
step_size {
  nsec: 4000000
}

sim_time {
  sec: 18
  nsec: 424000000
}
real_time {
  sec: 20
  nsec: 482098169
}
iterations: 4606
real_time_factor: 0.99993850378201743
step_size {
  nsec: 4000000
}

sim_time {
  sec: 18
  nsec: 528000000
}
real_time {
  sec: 20
  nsec: 586098327
}
iterations: 4632
real_time_factor: 0.99988751265482634
step_size {
  nsec: 4000000
}

sim_time {
  sec: 18
  nsec: 632000000
}
real_time {
  sec: 20
  nsec: 690098115
}
iterations: 4658
real_time_factor: 0.99994800270385942
step_size {
  nsec: 4000000
}

sim_time {
  sec: 18
  nsec: 736000000
}
real_time {
  sec: 20
  nsec: 794098691
}
iterations: 4684
real_time_factor: 0.99983902591682738
step_size {
  nsec: 4000000
}

sim_time {
  sec: 18
  nsec: 840000000
}
real_time {
  sec: 20
  nsec: 898098154
}
iterations: 4710
real_time_factor: 1.0000357512781082
step_size {
  nsec: 4000000
}

sim_time {
  sec: 18
  nsec: 944000000
}
real_time {
  sec: 21
  nsec: 2098211
}
iterations: 4736
real_time_factor: 1.0001212647033453
step_size {
  nsec: 4000000
}

sim_time {
  sec: 19
  nsec: 48000000
}
real_time {
  sec: 21
  nsec: 106097898
}
iterations: 4762
real_time_factor: 0.99994775272991987
step_size {
  nsec: 4000000
}

sim_time {
  sec: 19
  nsec: 148000000
}
real_time {
  sec: 21
  nsec: 206098338
}
iterations: 4787
real_time_factor: 0.99998225031505694
step_size {
  nsec: 4000000
}

sim_time {
  sec: 19
  nsec: 252000000
}
real_time {
  sec: 21
  nsec: 310097616
}
iterations: 4813
real_time_factor: 1.0000705049706005
step_size {
  nsec: 4000000
}

sim_time {
  sec: 19
  nsec: 352000000
}
real_time {
  sec: 21
  nsec: 410098252
}
iterations: 4838
real_time_factor: 1.0000515026523866
step_size {
  nsec: 4000000
}

sim_time {
  sec: 19
  nsec: 452000000
}
real_time {
  sec: 21
  nsec: 510098950
}
iterations: 4863
real_time_factor: 0.99990600883516945
step_size {
  nsec: 4000000
}

sim_time {
  sec: 19
  nsec: 556000000
}
real_time {
  sec: 21
  nsec: 614099181
}
iterations: 4889
real_time_factor: 0.99990600883516945
step_size {
  nsec: 4000000
}

sim_time {
  sec: 19
  nsec: 660000000
}
real_time {
  sec: 21
  nsec: 718098070
}
iterations: 4915
real_time_factor: 1.0000912583273223
step_size {
  nsec: 4000000
}

sim_time {
  sec: 19
  nsec: 764000000
}
real_time {
  sec: 21
  nsec: 822098421
}
iterations: 4941
real_time_factor: 0.99990375926317088
step_size {
  nsec: 4000000
}

sim_time {
  sec: 19
  nsec: 868000000
}
real_time {
  sec: 21
  nsec: 926098699
}
iterations: 4967
real_time_factor: 0.99985277167937026
step_size {
  nsec: 4000000
}

sim_time {
  sec: 19
  nsec: 972000000
}
real_time {
  sec: 22
  nsec: 30098467
}
iterations: 4993
real_time_factor: 0.99990375926317088
step_size {
  nsec: 4000000
}

sim_time {
  sec: 20
  nsec: 76000000
}
real_time {
  sec: 22
  nsec: 134097809
}
iterations: 5019
real_time_factor: 1.0000380014440549
step_size {
  nsec: 4000000
}

sim_time {
  sec: 20
  nsec: 176000000
}
real_time {
  sec: 22
  nsec: 234098026
}
iterations: 5044
real_time_factor: 0.99997775049505144
step_size {
  nsec: 4000000
}

sim_time {
  sec: 20
  nsec: 280000000
}
real_time {
  sec: 22
  nsec: 338098035
}
iterations: 5070
real_time_factor: 1.0000080000640006
step_size {
  nsec: 4000000
}

sim_time {
  sec: 20
  nsec: 384000000
}
real_time {
  sec: 22
  nsec: 442098164
}
iterations: 5096
real_time_factor: 0.99995950164018355
step_size {
  nsec: 4000000
}

sim_time {
  sec: 20
  nsec: 484000000
}
real_time {
  sec: 22
  nsec: 542098352
}
iterations: 5121
real_time_factor: 1.0001747805428998
step_size {
  nsec: 4000000
}

sim_time {
  sec: 20
  nsec: 588000000
}
real_time {
  sec: 22
  nsec: 646097998
}
iterations: 5147
real_time_factor: 0.99991300756834156
step_size {
  nsec: 4000000
}

sim_time {
  sec: 20
  nsec: 692000000
}
real_time {
  sec: 22
  nsec: 750097627
}
iterations: 5173
real_time_factor: 1.0000310009610298
step_size {
  nsec: 4000000
}

sim_time {
  sec: 20
  nsec: 792000000
}
real_time {
  sec: 22
  nsec: 850098184
}
iterations: 5198
real_time_factor: 1.0001977891127971
step_size {
  nsec: 4000000
}

sim_time {
  sec: 20
  nsec: 896000000
}
real_time {
  sec: 22
  nsec: 954101099
}
iterations: 5224
real_time_factor: 0.99920313549943918
step_size {
  nsec: 4000000
}

sim_time {
  sec: 21
}
real_time {
  sec: 23
  nsec: 58097524
}
iterations: 5250
real_time_factor: 0.99998450024024632
step_size {
  nsec: 4000000
}

sim_time {
  sec: 21
  nsec: 100000000
}
real_time {
  sec: 23
  nsec: 158098535
}
iterations: 5275
real_time_factor: 1.0000682546583803
step_size {
  nsec: 4000000
}

sim_time {
  sec: 21
  nsec: 204000000
}
real_time {
  sec: 23
  nsec: 262098014
}
iterations: 5301
real_time_factor: 0.9999712508265387
step_size {
  nsec: 4000000
}

sim_time {
  sec: 21
  nsec: 308000000
}
real_time {
  sec: 23
  nsec: 366097254
}
iterations: 5327
real_time_factor: 1.0000982596540111
step_size {
  nsec: 4000000
}

sim_time {
  sec: 21
  nsec: 408000000
}
real_time {
  sec: 23
  nsec: 466097766
}
iterations: 5352
real_time_factor: 1.0001027605586474
step_size {
  nsec: 4000000
}

sim_time {
  sec: 21
  nsec: 508000000
}
real_time {
  sec: 23
  nsec: 566099424
}
iterations: 5377
real_time_factor: 1.034340091021928
step_size {
  nsec: 4000000
}

sim_time {
  sec: 21
  nsec: 612000000
}
real_time {
  sec: 23
  nsec: 670097773
}
iterations: 5403
real_time_factor: 1.0001767812460853
step_size {
  nsec: 4000000
}

sim_time {
  sec: 21
  nsec: 712000000
}
real_time {
  sec: 23
  nsec: 770101756
}
iterations: 5428
real_time_factor: 0.99924881470354665
step_size {
  nsec: 4000000
}

sim_time {
  sec: 21
  nsec: 812000000
}
real_time {
  sec: 23
  nsec: 870100432
}
iterations: 5453
real_time_factor: 0.99943207272467416
step_size {
  nsec: 4000000
}

sim_time {
  sec: 21
  nsec: 916000000
}
real_time {
  sec: 23
  nsec: 974098142
}
iterations: 5479
real_time_factor: 1.0001677781447837
step_size {
  nsec: 4000000
}

sim_time {
  sec: 22
  nsec: 20000000
}
real_time {
  sec: 24
  nsec: 78097657
}
iterations: 5505
real_time_factor: 1.0002187978620323
step_size {
  nsec: 4000000
}

sim_time {
  sec: 22
  nsec: 120000000
}
real_time {
  sec: 24
  nsec: 178099093
}
iterations: 5530
real_time_factor: 0.99970708582385359
step_size {
  nsec: 4000000
}

sim_time {
  sec: 22
  nsec: 224000000
}
real_time {
  sec: 24
  nsec: 282097238
}
iterations: 5556
real_time_factor: 1.0000982596540111
step_size {
  nsec: 4000000
}

sim_time {
  sec: 22
  nsec: 324000000
}
real_time {
  sec: 24
  nsec: 382102833
}
iterations: 5581
real_time_factor: 0.99987801488218442
step_size {
  nsec: 4000000
}

sim_time {
  sec: 22
  nsec: 428000000
}
real_time {
  sec: 24
  nsec: 486098477
}
iterations: 5607
real_time_factor: 0.99998500022499659
step_size {
  nsec: 4000000
}

sim_time {
  sec: 22
  nsec: 532000000
}
real_time {
  sec: 24
  nsec: 590098389
}
iterations: 5633
real_time_factor: 0.99984852294877324
step_size {
  nsec: 4000000
}

sim_time {
  sec: 22
  nsec: 636000000
}
real_time {
  sec: 24
  nsec: 694098644
}
iterations: 5659
real_time_factor: 0.99981353477576429
step_size {
  nsec: 4000000
}

sim_time {
  sec: 22
  nsec: 740000000
}
real_time {
  sec: 24
  nsec: 798098047
}
iterations: 5685
real_time_factor: 0.99990150970129443
step_size {
  nsec: 4000000
}

sim_time {
  sec: 22
  nsec: 840000000
}
real_time {
  sec: 24
  nsec: 898101195
}
iterations: 5710
real_time_factor: 0.99976255639285672
step_size {
  nsec: 4000000
}

sim_time {
  sec: 22
  nsec: 944000000
}
real_time {
  sec: 25
  nsec: 2098033
}
iterations: 5736
real_time_factor: 1.000172279675174
step_size {
  nsec: 4000000
}

sim_time {
  sec: 23
  nsec: 48000000
}
real_time {
  sec: 25
  nsec: 106098364
}
iterations: 5762
real_time_factor: 0.99986926709332757
step_size {
  nsec: 4000000
}

sim_time {
  sec: 23
  nsec: 152000000
}
real_time {
  sec: 25
  nsec: 210101038
}
iterations: 5788
real_time_factor: 0.99937863633286006
step_size {
  nsec: 4000000
}

sim_time {
  sec: 23
  nsec: 256000000
}
real_time {
  sec: 25
  nsec: 314098358
}
iterations: 5814
real_time_factor: 0.99998025039005478
step_size {
  nsec: 4000000
}

sim_time {
  sec: 23
  nsec: 356000000
}
real_time {
  sec: 25
  nsec: 414098237
}
iterations: 5839
real_time_factor: 1.0000705049706005
step_size {
  nsec: 4000000
}

sim_time {
  sec: 23
  nsec: 460000000
}
real_time {
  sec: 25
  nsec: 518098353
}
iterations: 5865
real_time_factor: 0.99995925166049482
step_size {
  nsec: 4000000
}

sim_time {
  sec: 23
  nsec: 564000000
}
real_time {
  sec: 25
  nsec: 622098264
}
iterations: 5891
real_time_factor: 1.0000080000640006
step_size {
  nsec: 4000000
}

sim_time {
  sec: 23
  nsec: 664000000
}
real_time {
  sec: 25
  nsec: 722098169
}
iterations: 5916
real_time_factor: 1.0000242505880768
step_size {
  nsec: 4000000
}

sim_time {
  sec: 23
  nsec: 764000000
}
real_time {
  sec: 25
  nsec: 822099325
}
iterations: 5941
real_time_factor: 0.99964712456502858
step_size {
  nsec: 4000000
}

sim_time {
  sec: 23
  nsec: 864000000
}
real_time {
  sec: 25
  nsec: 922100203
}
iterations: 5966
real_time_factor: 0.99989901019996985
step_size {
  nsec: 4000000
}

sim_time {
  sec: 23
  nsec: 968000000
}
real_time {
  sec: 26
  nsec: 26098419
}
iterations: 5992
real_time_factor: 0.99985777023218447
step_size {
  nsec: 4000000
}

sim_time {
  sec: 24
  nsec: 72000000
}
real_time {
  sec: 26
  nsec: 130097867
}
iterations: 6018
real_time_factor: 0.9999872501625604
step_size {
  nsec: 4000000
}

sim_time {
  sec: 24
  nsec: 172000000
}
real_time {
  sec: 26
  nsec: 230098245
}
iterations: 6043
real_time_factor: 1.0000842570986606
step_size {
  nsec: 4000000
}

sim_time {
  sec: 24
  nsec: 276000000
}
real_time {
  sec: 26
  nsec: 334098239
}
iterations: 6069
real_time_factor: 1.0000220004840106
step_size {
  nsec: 4000000
}

sim_time {
  sec: 24
  nsec: 376000000
}
real_time {
  sec: 26
  nsec: 434098367
}
iterations: 6094
real_time_factor: 0.9999872501625604
step_size {
  nsec: 4000000
}

sim_time {
  sec: 24
  nsec: 480000000
}
real_time {
  sec: 26
  nsec: 538098444
}
iterations: 6120
real_time_factor: 1.0000240005760139
step_size {
  nsec: 4000000
}

sim_time {
  sec: 24
  nsec: 580000000
}
real_time {
  sec: 26
  nsec: 638099144
}
iterations: 6145
real_time_factor: 1.15715762743343
step_size {
  nsec: 4000000
}

sim_time {
  sec: 24
  nsec: 684000000
}
real_time {
  sec: 26
  nsec: 742098138
}
iterations: 6171
real_time_factor: 1.0001212647033453
step_size {
  nsec: 4000000
}

sim_time {
  sec: 24
  nsec: 784000000
}
real_time {
  sec: 26
  nsec: 842098848
}
iterations: 6196
real_time_factor: 0.999827279837408
step_size {
  nsec: 4000000
}

sim_time {
  sec: 24
  nsec: 884000000
}
real_time {
  sec: 26
  nsec: 942099243
}
iterations: 6221
real_time_factor: 0.999639879733326
step_size {
  nsec: 4000000
}

sim_time {
  sec: 24
  nsec: 988000000
}
real_time {
  sec: 27
  nsec: 46098124
}
iterations: 6247
real_time_factor: 0.99996175146300659
step_size {
  nsec: 4000000
}

sim_time {
  sec: 25
  nsec: 92000000
}
real_time {
  sec: 27
  nsec: 150097765
}
iterations: 6273
real_time_factor: 1.0000542529432221
step_size {
  nsec: 4000000
}

sim_time {
  sec: 25
  nsec: 196000000
}
real_time {
  sec: 27
  nsec: 254097971
}
iterations: 6299
real_time_factor: 0.99993600409573791
step_size {
  nsec: 4000000
}

sim_time {
  sec: 25
  nsec: 296000000
}
real_time {
  sec: 27
  nsec: 354098847
}
iterations: 6324
real_time_factor: 0.9998392758364093
step_size {
  nsec: 4000000
}

sim_time {
  sec: 25
  nsec: 400000000
}
real_time {
  sec: 27
  nsec: 458099303
}
iterations: 6350
real_time_factor: 0.9998157839418087
step_size {
  nsec: 4000000
}

sim_time {
  sec: 25
  nsec: 504000000
}
real_time {
  sec: 27
  nsec: 562097563
}
iterations: 6376
real_time_factor: 0.99994100348079462
step_size {
  nsec: 4000000
}

sim_time {
  sec: 25
  nsec: 608000000
}
real_time {
  sec: 27
  nsec: 666097490
}
iterations: 6402
real_time_factor: 1.0000287508265862
step_size {
  nsec: 4000000
}

sim_time {
  sec: 25
  nsec: 708000000
}
real_time {
  sec: 27
  nsec: 766097634
}
iterations: 6427
real_time_factor: 1.0000842570986606
step_size {
  nsec: 4000000
}

sim_time {
  sec: 25
  nsec: 808000000
}
real_time {
  sec: 27
  nsec: 866097787
}
iterations: 6452
real_time_factor: 1.0004594610074677
step_size {
  nsec: 4000000
}

sim_time {
  sec: 25
  nsec: 908000000
}
real_time {
  sec: 27
  nsec: 966098496
}
iterations: 6477
real_time_factor: 1.0001652773120757
step_size {
  nsec: 4000000
}

sim_time {
  sec: 26
  nsec: 12000000
}
real_time {
  sec: 28
  nsec: 70098774
}
iterations: 6503
real_time_factor: 0.99980178929527219
step_size {
  nsec: 4000000
}

sim_time {
  sec: 26
  nsec: 116000000
}
real_time {
  sec: 28
  nsec: 174098599
}
iterations: 6529
real_time_factor: 0.99979029398583652
step_size {
  nsec: 4000000
}

sim_time {
  sec: 26
  nsec: 220000000
}
real_time {
  sec: 28
  nsec: 278098322
}
iterations: 6555
real_time_factor: 0.99999875000156246
step_size {
  nsec: 4000000
}

sim_time {
  sec: 26
  nsec: 324000000
}
real_time {
  sec: 28
  nsec: 382097989
}
iterations: 6581
real_time_factor: 0.99992450569981961
step_size {
  nsec: 4000000
}

sim_time {
  sec: 26
  nsec: 424000000
}
real_time {
  sec: 28
  nsec: 482097836
}
iterations: 6606
real_time_factor: 1.000232804185174
step_size {
  nsec: 4000000
}

sim_time {
  sec: 26
  nsec: 524000000
}
real_time {
  sec: 28
  nsec: 582098265
}
iterations: 6631
real_time_factor: 1.0001815329482302
step_size {
  nsec: 4000000
}

sim_time {
  sec: 26
  nsec: 624000000
}
real_time {
  sec: 28
  nsec: 682098390
}
iterations: 6656
real_time_factor: 0.99994775272991987
step_size {
  nsec: 4000000
}

sim_time {
  sec: 26
  nsec: 728000000
}
real_time {
  sec: 28
  nsec: 786097694
}
iterations: 6682
real_time_factor: 1.0000912583273223
step_size {
  nsec: 4000000
}

sim_time {
  sec: 26
  nsec: 828000000
}
real_time {
  sec: 28
  nsec: 886098865
}
iterations: 6707
real_time_factor: 0.99999625001406245
step_size {
  nsec: 4000000
}

sim_time {
  sec: 26
  nsec: 932000000
}
real_time {
  sec: 28
  nsec: 990097725
}
iterations: 6733
real_time_factor: 1.0000705049706005
step_size {
  nsec: 4000000
}

sim_time {
  sec: 27
  nsec: 32000000
}
real_time {
  sec: 29
  nsec: 90097664
}
iterations: 6758
real_time_factor: 0.99995475204746986
step_size {
  nsec: 4000000
}

sim_time {
  sec: 27
  nsec: 132000000
}
real_time {
  sec: 29
  nsec: 190103204
}
iterations: 6783
real_time_factor: 0.99855882996864775
step_size {
  nsec: 4000000
}

sim_time {
  sec: 27
  nsec: 236000000
}
real_time {
  sec: 29
  nsec: 294097833
}
iterations: 6809
real_time_factor: 0.99993625406380349
step_size {
  nsec: 4000000
}

sim_time {
  sec: 27
  nsec: 336000000
}
real_time {
  sec: 29
  nsec: 394098142
}
iterations: 6834
real_time_factor: 1.0000682546583803
step_size {
  nsec: 4000000
}

sim_time {
  sec: 27
  nsec: 436000000
}
real_time {
  sec: 29
  nsec: 494098211
}
iterations: 6859
real_time_factor: 1.0000217504730728
step_size {
  nsec: 4000000
}

sim_time {
  sec: 27
  nsec: 540000000
}
real_time {
  sec: 29
  nsec: 598101051
}
iterations: 6885
real_time_factor: 0.999256303496123
step_size {
  nsec: 4000000
}

sim_time {
  sec: 27
  nsec: 644000000
}
real_time {
  sec: 29
  nsec: 702097623
}
iterations: 6911
real_time_factor: 1.0002162967741774
step_size {
  nsec: 4000000
}

sim_time {
  sec: 27
  nsec: 744000000
}
real_time {
  sec: 29
  nsec: 802098486
}
iterations: 6936
real_time_factor: 0.99987626531216767
step_size {
  nsec: 4000000
}

sim_time {
  sec: 27
  nsec: 848000000
}
real_time {
  sec: 29
  nsec: 906098558
}
iterations: 6962
real_time_factor: 0.99987851476045664
step_size {
  nsec: 4000000
}

sim_time {
  sec: 27
  nsec: 952000000
}
real_time {
  sec: 30
  nsec: 10097991
}
iterations: 6988
real_time_factor: 0.99997575058804822
step_size {
  nsec: 4000000
}

sim_time {
  sec: 28
  nsec: 52000000
}
real_time {
  sec: 30
  nsec: 110098429
}
iterations: 7013
real_time_factor: 1.0004086669404453
step_size {
  nsec: 4000000
}

sim_time {
  sec: 28
  nsec: 152000000
}
real_time {
  sec: 30
  nsec: 210100385
}
iterations: 7038
real_time_factor: 0.99967010886407481
step_size {
  nsec: 4000000
}

sim_time {
  sec: 28
  nsec: 252000000
}
real_time {
  sec: 30
  nsec: 310106027
}
iterations: 7063
real_time_factor: 0.99820796714697935
step_size {
  nsec: 4000000
}

sim_time {
  sec: 28
  nsec: 356000000
}
real_time {
  sec: 30
  nsec: 414097937
}
iterations: 7089
real_time_factor: 1.0001212647033453
step_size {
  nsec: 4000000
}

sim_time {
  sec: 28
  nsec: 456000000
}
real_time {
  sec: 30
  nsec: 514098716
}
iterations: 7114
real_time_factor: 0.99967010886407481
step_size {
  nsec: 4000000
}

sim_time {
  sec: 28
  nsec: 560000000
}
real_time {
  sec: 30
  nsec: 618098149
}
iterations: 7140
real_time_factor: 0.99990375926317088
step_size {
  nsec: 4000000
}

sim_time {
  sec: 28
  nsec: 664000000
}
real_time {
  sec: 30
  nsec: 722101533
}
iterations: 7166
real_time_factor: 0.99908309149278252
step_size {
  nsec: 4000000
}

sim_time {
  sec: 28
  nsec: 768000000
}
real_time {
  sec: 30
  nsec: 826098262
}
iterations: 7192
real_time_factor: 1.0002510630168173
step_size {
  nsec: 4000000
}

sim_time {
  sec: 28
  nsec: 868000000
}
real_time {
  sec: 30
  nsec: 926101346
}
iterations: 7217
real_time_factor: 0.99901596927026881
step_size {
  nsec: 4000000
}

sim_time {
  sec: 28
  nsec: 972000000
}
real_time {
  sec: 31
  nsec: 30098185
}
iterations: 7243
real_time_factor: 1.0000195003802574
step_size {
  nsec: 4000000
}

sim_time {
  sec: 29
  nsec: 72000000
}
real_time {
  sec: 31
  nsec: 130098510
}
iterations: 7268
real_time_factor: 1.0000060000360003
step_size {
  nsec: 4000000
}

sim_time {
  sec: 29
  nsec: 176000000
}
real_time {
  sec: 31
  nsec: 234097793
}
iterations: 7294
real_time_factor: 1.0001332677579287
step_size {
  nsec: 4000000
}

sim_time {
  sec: 29
  nsec: 276000000
}
real_time {
  sec: 31
  nsec: 334098795
}
iterations: 7319
real_time_factor: 1.0000380014440549
step_size {
  nsec: 4000000
}

sim_time {
  sec: 29
  nsec: 380000000
}
real_time {
  sec: 31
  nsec: 438097689
}
iterations: 7345
real_time_factor: 1.0000222504950735
step_size {
  nsec: 4000000
}

sim_time {
  sec: 29
  nsec: 480000000
}
real_time {
  sec: 31
  nsec: 538098069
}
iterations: 7370
real_time_factor: 1.0001817830390674
step_size {
  nsec: 4000000
}

sim_time {
  sec: 29
  nsec: 584000000
}
real_time {
  sec: 31
  nsec: 642098823
}
iterations: 7396
real_time_factor: 0.99975356074727584
step_size {
  nsec: 4000000
}

sim_time {
  sec: 29
  nsec: 688000000
}
real_time {
  sec: 31
  nsec: 746099032
}
iterations: 7422
real_time_factor: 0.99980203919623911
step_size {
  nsec: 4000000
}

sim_time {
  sec: 29
  nsec: 792000000
}
real_time {
  sec: 31
  nsec: 850097860
}
iterations: 7448
real_time_factor: 0.99992000639948808
step_size {
  nsec: 4000000
}

sim_time {
  sec: 29
  nsec: 892000000
}
real_time {
  sec: 31
  nsec: 950098360
}
iterations: 7473
real_time_factor: 0.99994325322037969
step_size {
  nsec: 4000000
}

sim_time {
  sec: 29
  nsec: 992000000
}
real_time {
  sec: 32
  nsec: 50098591
}
iterations: 7498
real_time_factor: 1.0001957883255648
step_size {
  nsec: 4000000
}

sim_time {
  sec: 30
  nsec: 96000000
}
real_time {
  sec: 32
  nsec: 154101494
}
iterations: 7524
real_time_factor: 0.99917992307813364
step_size {
  nsec: 4000000
}

sim_time {
  sec: 30
  nsec: 200000000
}
real_time {
  sec: 32
  nsec: 258098082
}
iterations: 7550
real_time_factor: 0.99991525718195384
step_size {
  nsec: 4000000
}

sim_time {
  sec: 30
  nsec: 300000000
}
real_time {
  sec: 32
  nsec: 358099081
}
iterations: 7575
real_time_factor: 0.999862268972449
step_size {
  nsec: 4000000
}

sim_time {
  sec: 30
  nsec: 404000000
}
real_time {
  sec: 32
  nsec: 462098095
}
iterations: 7601
real_time_factor: 1.0000335011222876
step_size {
  nsec: 4000000
}

sim_time {
  sec: 30
  nsec: 504000000
}
real_time {
  sec: 32
  nsec: 562098297
}
iterations: 7626
real_time_factor: 0.99996875097653193
step_size {
  nsec: 4000000
}

sim_time {
  sec: 30
  nsec: 604000000
}
real_time {
  sec: 32
  nsec: 662098267
}
iterations: 7651
real_time_factor: 1.0000825068068115
step_size {
  nsec: 4000000
}

sim_time {
  sec: 30
  nsec: 704000000
}
real_time {
  sec: 32
  nsec: 762101378
}
iterations: 7676
real_time_factor: 0.99906437621167776
step_size {
  nsec: 4000000
}

sim_time {
  sec: 30
  nsec: 804000000
}
real_time {
  sec: 32
  nsec: 862098237
}
iterations: 7701
real_time_factor: 0.9999315046919286
step_size {
  nsec: 4000000
}

sim_time {
  sec: 30
  nsec: 908000000
}
real_time {
  sec: 32
  nsec: 966098212
}
iterations: 7727
real_time_factor: 0.99991325752490967
step_size {
  nsec: 4000000
}

sim_time {
  sec: 31
  nsec: 8000000
}
real_time {
  sec: 33
  nsec: 66098192
}
iterations: 7752
real_time_factor: 1.00022580097457
step_size {
  nsec: 4000000
}

sim_time {
  sec: 31
  nsec: 112000000
}
real_time {
  sec: 33
  nsec: 170098473
}
iterations: 7778
real_time_factor: 1.00000350001225
step_size {
  nsec: 4000000
}

sim_time {
  sec: 31
  nsec: 216000000
}
real_time {
  sec: 33
  nsec: 274098143
}
iterations: 7804
real_time_factor: 0.999950002499875
step_size {
  nsec: 4000000
}

sim_time {
  sec: 31
  nsec: 320000000
}
real_time {
  sec: 33
  nsec: 378098766
}
iterations: 7830
real_time_factor: 0.99979054388105693
step_size {
  nsec: 4000000
}

sim_time {
  sec: 31
  nsec: 424000000
}
real_time {
  sec: 33
  nsec: 482098510
}
iterations: 7856
real_time_factor: 0.9998945111290759
step_size {
  nsec: 4000000
}

sim_time {
  sec: 31
  nsec: 524000000
}
real_time {
  sec: 33
  nsec: 582098276
}
iterations: 7881
real_time_factor: 0.99997550060023532
step_size {
  nsec: 4000000
}

sim_time {
  sec: 31
  nsec: 628000000
}
real_time {
  sec: 33
  nsec: 686098323
}
iterations: 7907
real_time_factor: 0.99989476107639674
step_size {
  nsec: 4000000
}

sim_time {
  sec: 31
  nsec: 732000000
}
real_time {
  sec: 33
  nsec: 790097872
}
iterations: 7933
real_time_factor: 0.99994775272991987
step_size {
  nsec: 4000000
}

sim_time {
  sec: 31
  nsec: 832000000
}
real_time {
  sec: 33
  nsec: 890097980
}
iterations: 7958
real_time_factor: 0.99997775049505144
step_size {
  nsec: 4000000
}

sim_time {
  sec: 31
  nsec: 936000000
}
real_time {
  sec: 33
  nsec: 994097676
}
iterations: 7984
real_time_factor: 1.0001772814231322
step_size {
  nsec: 4000000
}

sim_time {
  sec: 32
  nsec: 36000000
}
real_time {
  sec: 34
  nsec: 94098469
}
iterations: 8009
real_time_factor: 0.99990175965211414
step_size {
  nsec: 4000000
}

sim_time {
  sec: 32
  nsec: 140000000
}
real_time {
  sec: 34
  nsec: 198099110
}
iterations: 8035
real_time_factor: 0.99964462633533779
step_size {
  nsec: 4000000
}

sim_time {
  sec: 32
  nsec: 244000000
}
real_time {
  sec: 34
  nsec: 302097630
}
iterations: 8061
real_time_factor: 1.0000267507155816
step_size {
  nsec: 4000000
}

sim_time {
  sec: 32
  nsec: 348000000
}
real_time {
  sec: 34
  nsec: 406097790
}
iterations: 8087
real_time_factor: 0.99989226160881162
step_size {
  nsec: 4000000
}

sim_time {
  sec: 32
  nsec: 448000000
}
real_time {
  sec: 34
  nsec: 506098656
}
iterations: 8112
real_time_factor: 1.0006499221244198
step_size {
  nsec: 4000000
}

sim_time {
  sec: 32
  nsec: 552000000
}
real_time {
  sec: 34
  nsec: 610098380
}
iterations: 8138
real_time_factor: 0.99988526316605164
step_size {
  nsec: 4000000
}

sim_time {
  sec: 32
  nsec: 652000000
}
real_time {
  sec: 34
  nsec: 710101810
}
iterations: 8163
real_time_factor: 0.99896756701948541
step_size {
  nsec: 4000000
}

sim_time {
  sec: 32
  nsec: 756000000
}
real_time {
  sec: 34
  nsec: 814100004
}
iterations: 8189
real_time_factor: 0.99951073949301816
step_size {
  nsec: 4000000
}

sim_time {
  sec: 32
  nsec: 860000000
}
real_time {
  sec: 34
  nsec: 918097968
}
iterations: 8215
real_time_factor: 0.99992250600578458
step_size {
  nsec: 4000000
}

sim_time {
  sec: 32
  nsec: 964000000
}
real_time {
  sec: 35
  nsec: 22097580
}
iterations: 8241
real_time_factor: 1.0000102501050636
step_size {
  nsec: 4000000
}

sim_time {
  sec: 33
  nsec: 64000000
}
real_time {
  sec: 35
  nsec: 122098186
}
iterations: 8266
real_time_factor: 1.0011230097361716
step_size {
  nsec: 4000000
}

sim_time {
  sec: 33
  nsec: 168000000
}
real_time {
  sec: 35
  nsec: 226097678
}
iterations: 8292
real_time_factor: 1.0000172502975677
step_size {
  nsec: 4000000
}

sim_time {
  sec: 33
  nsec: 268000000
}
real_time {
  sec: 35
  nsec: 326100025
}
iterations: 8317
real_time_factor: 0.99942732814097524
step_size {
  nsec: 4000000
}

sim_time {
  sec: 33
  nsec: 372000000
}
real_time {
  sec: 35
  nsec: 430098155
}
iterations: 8343
real_time_factor: 0.999999000001
step_size {
  nsec: 4000000
}

sim_time {
  sec: 33
  nsec: 472000000
}
real_time {
  sec: 35
  nsec: 530101076
}
iterations: 8368
real_time_factor: 1.0009233517920282
step_size {
  nsec: 4000000
}

sim_time {
  sec: 33
  nsec: 576000000
}
real_time {
  sec: 35
  nsec: 634098227
}
iterations: 8394
real_time_factor: 0.99991800672344866
step_size {
  nsec: 4000000
}

sim_time {
  sec: 33
  nsec: 680000000
}
real_time {
  sec: 35
  nsec: 738097496
}
iterations: 8420
real_time_factor: 1.000170278989998
step_size {
  nsec: 4000000
}

sim_time {
  sec: 33
  nsec: 784000000
}
real_time {
  sec: 35
  nsec: 842097477
}
iterations: 8446
real_time_factor: 0.99995475204746986
step_size {
  nsec: 4000000
}

sim_time {
  sec: 33
  nsec: 884000000
}
real_time {
  sec: 35
  nsec: 942097767
}
iterations: 8471
real_time_factor: 1.0000315009922813
step_size {
  nsec: 4000000
}

sim_time {
  sec: 33
  nsec: 988000000
}
real_time {
  sec: 36
  nsec: 46097368
}
iterations: 8497
real_time_factor: 1.0001380190466285
step_size {
  nsec: 4000000
}

sim_time {
  sec: 34
  nsec: 88000000
}
real_time {
  sec: 36
  nsec: 146097427
}
iterations: 8522
real_time_factor: 1.0000105001102511
step_size {
  nsec: 4000000
}

sim_time {
  sec: 34
  nsec: 192000000
}
real_time {
  sec: 36
  nsec: 250097602
}
iterations: 8548
real_time_factor: 1.0000082500680632
step_size {
  nsec: 4000000
}

sim_time {
  sec: 34
  nsec: 292000000
}
real_time {
  sec: 36
  nsec: 350097996
}
iterations: 8573
real_time_factor: 0.99985277167937026
step_size {
  nsec: 4000000
}

sim_time {
  sec: 34
  nsec: 396000000
}
real_time {
  sec: 36
  nsec: 454097901
}
iterations: 8599
real_time_factor: 1.0000430018490796
step_size {
  nsec: 4000000
}

sim_time {
  sec: 34
  nsec: 500000000
}
real_time {
  sec: 36
  nsec: 558097992
}
iterations: 8625
real_time_factor: 0.99993425432277827
step_size {
  nsec: 4000000
}

sim_time {
  sec: 34
  nsec: 604000000
}
real_time {
  sec: 36
  nsec: 662097295
}
iterations: 8651
real_time_factor: 1.0000152502325661
step_size {
  nsec: 4000000
}

sim_time {
  sec: 34
  nsec: 704000000
}
real_time {
  sec: 36
  nsec: 762097493
}
iterations: 8676
real_time_factor: 0.99998925011556128
step_size {
  nsec: 4000000
}

sim_time {
  sec: 34
  nsec: 804000000
}
real_time {
  sec: 36
  nsec: 862098023
}
iterations: 8701
real_time_factor: 1.0000427518276407
step_size {
  nsec: 4000000
}

sim_time {
  sec: 34
  nsec: 908000000
}
real_time {
  sec: 36
  nsec: 966098270
}
iterations: 8727
real_time_factor: 0.99987851476045664
step_size {
  nsec: 4000000
}

sim_time {
  sec: 35
  nsec: 12000000
}
real_time {
  sec: 37
  nsec: 70097648
}
iterations: 8753
real_time_factor: 1.0000890079217051
step_size {
  nsec: 4000000
}

sim_time {
  sec: 35
  nsec: 116000000
}
real_time {
  sec: 37
  nsec: 174097525
}
iterations: 8779
real_time_factor: 1.0000332511055992
step_size {
  nsec: 4000000
}

sim_time {
  sec: 35
  nsec: 220000000
}
real_time {
  sec: 37
  nsec: 278097606
}
iterations: 8805
real_time_factor: 0.99998250030624469
step_size {
  nsec: 4000000
}

sim_time {
  sec: 35
  nsec: 324000000
}
real_time {
  sec: 37
  nsec: 382097752
}
iterations: 8831
real_time_factor: 1.0000172502975677
step_size {
  nsec: 4000000
}

sim_time {
  sec: 35
  nsec: 428000000
}
real_time {
  sec: 37
  nsec: 486097462
}
iterations: 8857
real_time_factor: 0.99999675001056243
step_size {
  nsec: 4000000
}

sim_time {
  sec: 35
  nsec: 528000000
}
real_time {
  sec: 37
  nsec: 586098750
}
iterations: 8882
real_time_factor: 0.999661114882055
step_size {
  nsec: 4000000
}

sim_time {
  sec: 35
  nsec: 628000000
}
real_time {
  sec: 37
  nsec: 686100437
}
iterations: 8907
real_time_factor: 0.9993948664083897
step_size {
  nsec: 4000000
}

sim_time {
  sec: 35
  nsec: 732000000
}
real_time {
  sec: 37
  nsec: 790100748
}
iterations: 8933
real_time_factor: 0.99928875622775493
step_size {
  nsec: 4000000
}

sim_time {
  sec: 35
  nsec: 836000000
}
real_time {
  sec: 37
  nsec: 894098337
}
iterations: 8959
real_time_factor: 1.0004204266843142
step_size {
  nsec: 4000000
}

sim_time {
  sec: 35
  nsec: 940000000
}
real_time {
  sec: 37
  nsec: 998098518
}
iterations: 8985
real_time_factor: 0.99992250600578458
step_size {
  nsec: 4000000
}

sim_time {
  sec: 36
  nsec: 40000000
}
real_time {
  sec: 38
  nsec: 98099686
}
iterations: 9010
real_time_factor: 0.99973057261068143
step_size {
  nsec: 4000000
}

sim_time {
  sec: 36
  nsec: 140000000
}
real_time {
  sec: 38
  nsec: 198098863
}
iterations: 9035
real_time_factor: 0.99988526316605164
step_size {
  nsec: 4000000
}

sim_time {
  sec: 36
  nsec: 240000000
}
real_time {
  sec: 38
  nsec: 298100513
}
iterations: 9060
real_time_factor: 0.99939261913572031
step_size {
  nsec: 4000000
}

sim_time {
  sec: 36
  nsec: 344000000
}
real_time {
  sec: 38
  nsec: 402098741
}
iterations: 9086
real_time_factor: 0.999878264821258
step_size {
  nsec: 4000000
}

sim_time {
  sec: 36
  nsec: 448000000
}
real_time {
  sec: 38
  nsec: 506097578
}
iterations: 9112
real_time_factor: 1.0000592535107704
step_size {
  nsec: 4000000
}

sim_time {
  sec: 36
  nsec: 548000000
}
real_time {
  sec: 38
  nsec: 606097818
}
iterations: 9137
real_time_factor: 1.0001587752055638
step_size {
  nsec: 4000000
}

sim_time {
  sec: 36
  nsec: 648000000
}
real_time {
  sec: 38
  nsec: 706099337
}
iterations: 9162
real_time_factor: 0.99981153552555346
step_size {
  nsec: 4000000
}

sim_time {
  sec: 36
  nsec: 752000000
}
real_time {
  sec: 38
  nsec: 810098092
}
iterations: 9188
real_time_factor: 1.0000985097032058
step_size {
  nsec: 4000000
}

sim_time {
  sec: 36
  nsec: 856000000
}
real_time {
  sec: 38
  nsec: 914102142
}
iterations: 9214
real_time_factor: 0.99907136316793543
step_size {
  nsec: 4000000
}

sim_time {
  sec: 36
  nsec: 960000000
}
real_time {
  sec: 39
  nsec: 18097989
}
iterations: 9240
real_time_factor: 1.0010090170892258
step_size {
  nsec: 4000000
}

sim_time {
  sec: 37
  nsec: 64000000
}
real_time {
  sec: 39
  nsec: 122097558
}
iterations: 9266
real_time_factor: 0.99995500202490883
step_size {
  nsec: 4000000
}

sim_time {
  sec: 37
  nsec: 164000000
}
real_time {
  sec: 39
  nsec: 222097844
}
iterations: 9291
real_time_factor: 1.0002838305369148
step_size {
  nsec: 4000000
}

sim_time {
  sec: 37
  nsec: 268000000
}
real_time {
  sec: 39
  nsec: 326097710
}
iterations: 9317
real_time_factor: 0.99996875097653193
step_size {
  nsec: 4000000
}

sim_time {
  sec: 37
  nsec: 368000000
}
real_time {
  sec: 39
  nsec: 426097803
}
iterations: 9342
real_time_factor: 0.99993175465774464
step_size {
  nsec: 4000000
}

sim_time {
  sec: 37
  nsec: 472000000
}
real_time {
  sec: 39
  nsec: 530097704
}
iterations: 9368
real_time_factor: 0.99997350070223134
step_size {
  nsec: 4000000
}

sim_time {
  sec: 37
  nsec: 572000000
}
real_time {
  sec: 39
  nsec: 630098990
}
iterations: 9393
real_time_factor: 0.999716580349471
step_size {
  nsec: 4000000
}

sim_time {
  sec: 37
  nsec: 676000000
}
real_time {
  sec: 39
  nsec: 734097808
}
iterations: 9419
real_time_factor: 1.0001052610787284
step_size {
  nsec: 4000000
}

sim_time {
  sec: 37
  nsec: 780000000
}
real_time {
  sec: 39
  nsec: 838097644
}
iterations: 9445
real_time_factor: 1.0000060000360003
step_size {
  nsec: 4000000
}

sim_time {
  sec: 37
  nsec: 880000000
}
real_time {
  sec: 39
  nsec: 938097735
}
iterations: 9470
real_time_factor: 1.0001910364879691
step_size {
  nsec: 4000000
}

sim_time {
  sec: 37
  nsec: 980000000
}
real_time {
  sec: 40
  nsec: 38098910
}
iterations: 9495
real_time_factor: 0.999626139823706
step_size {
  nsec: 4000000
}

sim_time {
  sec: 38
  nsec: 84000000
}
real_time {
  sec: 40
  nsec: 142097607
}
iterations: 9521
real_time_factor: 0.99994775272991987
step_size {
  nsec: 4000000
}

sim_time {
  sec: 38
  nsec: 184000000
}
real_time {
  sec: 40
  nsec: 242098735
}
iterations: 9546
real_time_factor: 0.99984852294877324
step_size {
  nsec: 4000000
}

sim_time {
  sec: 38
  nsec: 288000000
}
real_time {
  sec: 40
  nsec: 346098506
}
iterations: 9572
real_time_factor: 0.99986726762022338
step_size {
  nsec: 4000000
}

sim_time {
  sec: 38
  nsec: 392000000
}
real_time {
  sec: 40
  nsec: 450097602
}
iterations: 9598
real_time_factor: 1.0000105001102511
step_size {
  nsec: 4000000
}

sim_time {
  sec: 38
  nsec: 492000000
}
real_time {
  sec: 40
  nsec: 550100692
}
iterations: 9623
real_time_factor: 0.99920787795475141
step_size {
  nsec: 4000000
}

sim_time {
  sec: 38
  nsec: 596000000
}
real_time {
  sec: 40
  nsec: 654097527
}
iterations: 9649
real_time_factor: 1.00022580097457
step_size {
  nsec: 4000000
}

sim_time {
  sec: 38
  nsec: 700000000
}
real_time {
  sec: 40
  nsec: 758097477
}
iterations: 9675
real_time_factor: 1.0000335011222876
step_size {
  nsec: 4000000
}

sim_time {
  sec: 38
  nsec: 800000000
}
real_time {
  sec: 40
  nsec: 858650133
}
iterations: 9700
real_time_factor: 0.87870161292271309
step_size {
  nsec: 4000000
}

sim_time {
  sec: 38
  nsec: 904000000
}
real_time {
  sec: 40
  nsec: 962098875
}
iterations: 9726
real_time_factor: 0.99974656424596364
step_size {
  nsec: 4000000
}

sim_time {
  sec: 39
  nsec: 8000000
}
real_time {
  sec: 41
  nsec: 66097617
}
iterations: 9752
real_time_factor: 1.0000592535107704
step_size {
  nsec: 4000000
}

sim_time {
  sec: 39
  nsec: 108000000
}
real_time {
  sec: 41
  nsec: 166097818
}
iterations: 9777
real_time_factor: 0.99998975010506141
step_size {
  nsec: 4000000
}

sim_time {
  sec: 39
  nsec: 212000000
}
real_time {
  sec: 41
  nsec: 270097866
}
iterations: 9803
real_time_factor: 1.0000752556629886
step_size {
  nsec: 4000000
}

sim_time {
  sec: 39
  nsec: 312000000
}
real_time {
  sec: 41
  nsec: 370097817
}
iterations: 9828
real_time_factor: 0.99997575058804822
step_size {
  nsec: 4000000
}

sim_time {
  sec: 39
  nsec: 412000000
}
real_time {
  sec: 41
  nsec: 470098879
}
iterations: 9853
real_time_factor: 1.0001122626014771
step_size {
  nsec: 4000000
}

sim_time {
  sec: 39
  nsec: 516000000
}
real_time {
  sec: 41
  nsec: 574097471
}
iterations: 9879
real_time_factor: 1.0001030106100928
step_size {
  nsec: 4000000
}

sim_time {
  sec: 39
  nsec: 616000000
}
real_time {
  sec: 41
  nsec: 674097500
}
iterations: 9904
real_time_factor: 0.99995500202490883
step_size {
  nsec: 4000000
}

sim_time {
  sec: 39
  nsec: 720000000
}
real_time {
  sec: 41
  nsec: 778097551
}
iterations: 9930
real_time_factor: 1.0000732553659555
step_size {
  nsec: 4000000
}

sim_time {
  sec: 39
  nsec: 824000000
}
real_time {
  sec: 41
  nsec: 882097427
}
iterations: 9956
real_time_factor: 1.0000012500015625
step_size {
  nsec: 4000000
}

sim_time {
  sec: 39
  nsec: 928000000
}
real_time {
  sec: 41
  nsec: 986098759
}
iterations: 9982
real_time_factor: 0.99961240029178688
step_size {
  nsec: 4000000
}

sim_time {
  sec: 40
  nsec: 32000000
}
real_time {
  sec: 42
  nsec: 90097408
}
iterations: 10008
real_time_factor: 1.0000915083730162
step_size {
  nsec: 4000000
}

sim_time {
  sec: 40
  nsec: 132000000
}
real_time {
  sec: 42
  nsec: 190097783
}
iterations: 10033
real_time_factor: 1.0004366906154536
step_size {
  nsec: 4000000
}

sim_time {
  sec: 40
  nsec: 236000000
}
real_time {
  sec: 42
  nsec: 294097570
}
iterations: 10059
real_time_factor: 1.0000152502325661
step_size {
  nsec: 4000000
}

sim_time {
  sec: 40
  nsec: 336000000
}
real_time {
  sec: 42
  nsec: 394097890
}
iterations: 10084
real_time_factor: 1.0002700729196883
step_size {
  nsec: 4000000
}

sim_time {
  sec: 40
  nsec: 440000000
}
real_time {
  sec: 42
  nsec: 498097964
}
iterations: 10110
real_time_factor: 0.99996875097653193
step_size {
  nsec: 4000000
}

sim_time {
  sec: 40
  nsec: 540000000
}
real_time {
  sec: 42
  nsec: 598098323
}
iterations: 10135
real_time_factor: 1.001856439983289
step_size {
  nsec: 4000000
}

sim_time {
  sec: 40
  nsec: 644000000
}
real_time {
  sec: 42
  nsec: 702099011
}
iterations: 10161
real_time_factor: 0.99961015204070414
step_size {
  nsec: 4000000
}

sim_time {
  sec: 40
  nsec: 748000000
}
real_time {
  sec: 42
  nsec: 806097912
}
iterations: 10187
real_time_factor: 1.000001000001
step_size {
  nsec: 4000000
}

sim_time {
  sec: 40
  nsec: 852000000
}
real_time {
  sec: 42
  nsec: 910097531
}
iterations: 10213
real_time_factor: 0.99998500022499659
step_size {
  nsec: 4000000
}

sim_time {
  sec: 40
  nsec: 952000000
}
real_time {
  sec: 43
  nsec: 10097970
}
iterations: 10238
real_time_factor: 0.99998500022499659
step_size {
  nsec: 4000000
}

sim_time {
  sec: 41
  nsec: 52000000
}
real_time {
  sec: 43
  nsec: 110097826
}
iterations: 10263
real_time_factor: 0.99989026204374065
step_size {
  nsec: 4000000
}

sim_time {
  sec: 41
  nsec: 156000000
}
real_time {
  sec: 43
  nsec: 214097973
}
iterations: 10289
real_time_factor: 0.9999942500330623
step_size {
  nsec: 4000000
}

sim_time {
  sec: 41
  nsec: 256000000
}
real_time {
  sec: 43
  nsec: 314098931
}
iterations: 10314
real_time_factor: 0.99978579589322991
step_size {
  nsec: 4000000
}

sim_time {
  sec: 41
  nsec: 360000000
}
real_time {
  sec: 43
  nsec: 418097189
}
iterations: 10340
real_time_factor: 1.0001817830390674
step_size {
  nsec: 4000000
}

sim_time {
  sec: 41
  nsec: 464000000
}
real_time {
  sec: 43
  nsec: 522097836
}
iterations: 10366
real_time_factor: 0.99989926014953989
step_size {
  nsec: 4000000
}

sim_time {
  sec: 41
  nsec: 564000000
}
real_time {
  sec: 43
  nsec: 622097801
}
iterations: 10391
real_time_factor: 1.0000012500015625
step_size {
  nsec: 4000000
}

sim_time {
  sec: 41
  nsec: 664000000
}
real_time {
  sec: 43
  nsec: 722106822
}
iterations: 10416
real_time_factor: 0.99779537112749384
step_size {
  nsec: 4000000
}

sim_time {
  sec: 41
  nsec: 768000000
}
real_time {
  sec: 43
  nsec: 826097653
}
iterations: 10442
real_time_factor: 1.0001402696728217
step_size {
  nsec: 4000000
}

sim_time {
  sec: 41
  nsec: 868000000
}
real_time {
  sec: 43
  nsec: 926098285
}
iterations: 10467
real_time_factor: 1.0000522527302051
step_size {
  nsec: 4000000
}

sim_time {
  sec: 41
  nsec: 968000000
}
real_time {
  sec: 44
  nsec: 26098751
}
iterations: 10492
real_time_factor: 1.0000752556629886
step_size {
  nsec: 4000000
}

sim_time {
  sec: 42
  nsec: 72000000
}
real_time {
  sec: 44
  nsec: 130098544
}
iterations: 10518
real_time_factor: 0.99984652355863379
step_size {
  nsec: 4000000
}

sim_time {
  sec: 42
  nsec: 172000000
}
real_time {
  sec: 44
  nsec: 230100270
}
iterations: 10543
real_time_factor: 0.99935591511270983
step_size {
  nsec: 4000000
}

sim_time {
  sec: 42
  nsec: 276000000
}
real_time {
  sec: 44
  nsec: 334097507
}
iterations: 10569
real_time_factor: 1.0000617538132979
step_size {
  nsec: 4000000
}

sim_time {
  sec: 42
  nsec: 380000000
}
real_time {
  sec: 44
  nsec: 438097292
}
iterations: 10595
real_time_factor: 1.0001287665786971
step_size {
  nsec: 4000000
}

sim_time {
  sec: 42
  nsec: 480000000
}
real_time {
  sec: 44
  nsec: 538098517
}
iterations: 10620
real_time_factor: 0.99992250600578458
step_size {
  nsec: 4000000
}

sim_time {
  sec: 42
  nsec: 584000000
}
real_time {
  sec: 44
  nsec: 642097902
}
iterations: 10646
real_time_factor: 0.99995975161999728
step_size {
  nsec: 4000000
}

sim_time {
  sec: 42
  nsec: 684000000
}
real_time {
  sec: 44
  nsec: 742098144
}
iterations: 10671
real_time_factor: 1.0000245006002646
step_size {
  nsec: 4000000
}

sim_time {
  sec: 42
  nsec: 788000000
}
real_time {
  sec: 44
  nsec: 846099640
}
iterations: 10697
real_time_factor: 0.99951798245296208
step_size {
  nsec: 4000000
}

sim_time {
  sec: 42
  nsec: 892000000
}
real_time {
  sec: 44
  nsec: 950097970
}
iterations: 10723
real_time_factor: 1.0001377689776767
step_size {
  nsec: 4000000
}

sim_time {
  sec: 42
  nsec: 992000000
}
real_time {
  sec: 45
  nsec: 50098027
}
iterations: 10748
real_time_factor: 1.0003879004083833
step_size {
  nsec: 4000000
}

sim_time {
  sec: 43
  nsec: 92000000
}
real_time {
  sec: 45
  nsec: 150102658
}
iterations: 10773
real_time_factor: 1.0002350552379808
step_size {
  nsec: 4000000
}

sim_time {
  sec: 43
  nsec: 196000000
}
real_time {
  sec: 45
  nsec: 254098321
}
iterations: 10799
real_time_factor: 0.99999875000156246
step_size {
  nsec: 4000000
}

sim_time {
  sec: 43
  nsec: 300000000
}
real_time {
  sec: 45
  nsec: 358097798
}
iterations: 10825
real_time_factor: 1.0000037500140626
step_size {
  nsec: 4000000
}

sim_time {
  sec: 43
  nsec: 400000000
}
real_time {
  sec: 45
  nsec: 458099615
}
iterations: 10850
real_time_factor: 0.99954295898200551
step_size {
  nsec: 4000000
}

sim_time {
  sec: 43
  nsec: 504000000
}
real_time {
  sec: 45
  nsec: 562097842
}
iterations: 10876
real_time_factor: 0.99992475566213646
step_size {
  nsec: 4000000
}

sim_time {
  sec: 43
  nsec: 604000000
}
real_time {
  sec: 45
  nsec: 662097684
}
iterations: 10901
real_time_factor: 0.99998025039005478
step_size {
  nsec: 4000000
}

sim_time {
  sec: 43
  nsec: 704000000
}
real_time {
  sec: 45
  nsec: 762098842
}
iterations: 10926
real_time_factor: 1.0000382514631185
step_size {
  nsec: 4000000
}

sim_time {
  sec: 43
  nsec: 808000000
}
real_time {
  sec: 45
  nsec: 866098179
}
iterations: 10952
real_time_factor: 1.0000452520476553
step_size {
  nsec: 4000000
}

sim_time {
  sec: 43
  nsec: 908000000
}
real_time {
  sec: 45
  nsec: 966099568
}
iterations: 10977
real_time_factor: 0.99965411967459261
step_size {
  nsec: 4000000
}

sim_time {
  sec: 44
  nsec: 12000000
}
real_time {
  sec: 46
  nsec: 70101053
}
iterations: 11003
real_time_factor: 0.99918291816866756
step_size {
  nsec: 4000000
}

sim_time {
  sec: 44
  nsec: 116000000
}
real_time {
  sec: 46
  nsec: 174097419
}
iterations: 11029
real_time_factor: 0.999987500156248
step_size {
  nsec: 4000000
}

sim_time {
  sec: 44
  nsec: 216000000
}
real_time {
  sec: 46
  nsec: 274098086
}
iterations: 11054
real_time_factor: 0.99987851476045664
step_size {
  nsec: 4000000
}

sim_time {
  sec: 44
  nsec: 316000000
}
real_time {
  sec: 46
  nsec: 374100179
}
iterations: 11079
real_time_factor: 0.99959866113755325
step_size {
  nsec: 4000000
}

sim_time {
  sec: 44
  nsec: 416000000
}
real_time {
  sec: 46
  nsec: 476176203
}
iterations: 11104
real_time_factor: 0.65855047114347087
step_size {
  nsec: 4000000
}

sim_time {
  sec: 44
  nsec: 520000000
}
real_time {
  sec: 46
  nsec: 578099422
}
iterations: 11130
real_time_factor: 0.99956419001315422
step_size {
  nsec: 4000000
}

sim_time {
  sec: 44
  nsec: 624000000
}
real_time {
  sec: 46
  nsec: 682097536
}
iterations: 11156
real_time_factor: 1.0001147631690737
step_size {
  nsec: 4000000
}

sim_time {
  sec: 44
  nsec: 728000000
}
real_time {
  sec: 46
  nsec: 786098382
}
iterations: 11182
real_time_factor: 0.99979529191398064
step_size {
  nsec: 4000000
}

sim_time {
  sec: 44
  nsec: 828000000
}
real_time {
  sec: 46
  nsec: 886098168
}
iterations: 11207
real_time_factor: 1.0001170136906019
step_size {
  nsec: 4000000
}

sim_time {
  sec: 44
  nsec: 928000000
}
real_time {
  sec: 46
  nsec: 986100851
}
iterations: 11232
real_time_factor: 0.99967960268733869
step_size {
  nsec: 4000000
}

sim_time {
  sec: 45
  nsec: 32000000
}
real_time {
  sec: 47
  nsec: 90098187
}
iterations: 11258
real_time_factor: 1.000207793169031
step_size {
  nsec: 4000000
}

sim_time {
  sec: 45
  nsec: 132000000
}
real_time {
  sec: 47
  nsec: 190098613
}
iterations: 11283
real_time_factor: 1.0002675715753964
step_size {
  nsec: 4000000
}

sim_time {
  sec: 45
  nsec: 232000000
}
real_time {
  sec: 47
  nsec: 290098324
}
iterations: 11308
real_time_factor: 1.0002167969907478
step_size {
  nsec: 4000000
}

sim_time {
  sec: 45
  nsec: 336000000
}
real_time {
  sec: 47
  nsec: 394097938
}
iterations: 11334
real_time_factor: 0.99998975010506141
step_size {
  nsec: 4000000
}

sim_time {
  sec: 45
  nsec: 440000000
}
real_time {
  sec: 47
  nsec: 498192847
}
iterations: 11360
real_time_factor: 0.976725128549236
step_size {
  nsec: 4000000
}

sim_time {
  sec: 45
  nsec: 544000000
}
real_time {
  sec: 47
  nsec: 602100618
}
iterations: 11386
real_time_factor: 0.99950624391550569
step_size {
  nsec: 4000000
}

sim_time {
  sec: 45
  nsec: 648000000
}
real_time {
  sec: 47
  nsec: 706097490
}
iterations: 11412
real_time_factor: 1.000054502970412
step_size {
  nsec: 4000000
}

sim_time {
  sec: 45
  nsec: 748000000
}
real_time {
  sec: 47
  nsec: 806098062
}
iterations: 11437
real_time_factor: 0.99994800270385942
step_size {
  nsec: 4000000
}

sim_time {
  sec: 45
  nsec: 852000000
}
real_time {
  sec: 47
  nsec: 910098323
}
iterations: 11463
real_time_factor: 0.99988301368739863
step_size {
  nsec: 4000000
}

sim_time {
  sec: 45
  nsec: 952000000
}
real_time {
  sec: 48
  nsec: 10099228
}
iterations: 11488
real_time_factor: 1.0003879004083833
step_size {
  nsec: 4000000
}

sim_time {
  sec: 46
  nsec: 52000000
}
real_time {
  sec: 48
  nsec: 110101169
}
iterations: 11513
real_time_factor: 0.99968434966659281
step_size {
  nsec: 4000000
}

sim_time {
  sec: 46
  nsec: 156000000
}
real_time {
  sec: 48
  nsec: 214097347
}
iterations: 11539
real_time_factor: 1.0001100121013311
step_size {
  nsec: 4000000
}

sim_time {
  sec: 46
  nsec: 260000000
}
real_time {
  sec: 48
  nsec: 318097579
}
iterations: 11565
real_time_factor: 1.0000295008702758
step_size {
  nsec: 4000000
}

sim_time {
  sec: 46
  nsec: 360000000
}
real_time {
  sec: 48
  nsec: 418097595
}
iterations: 11590
real_time_factor: 1.0000640040962621
step_size {
  nsec: 4000000
}

sim_time {
  sec: 46
  nsec: 460000000
}
real_time {
  sec: 48
  nsec: 518103556
}
iterations: 11615
real_time_factor: 0.99848729175299422
step_size {
  nsec: 4000000
}

sim_time {
  sec: 46
  nsec: 564000000
}
real_time {
  sec: 48
  nsec: 622100778
}
iterations: 11641
real_time_factor: 0.99927752235133993
step_size {
  nsec: 4000000
}

sim_time {
  sec: 46
  nsec: 668000000
}
real_time {
  sec: 48
  nsec: 726097371
}
iterations: 11667
real_time_factor: 0.99998525021755924
step_size {
  nsec: 4000000
}

sim_time {
  sec: 46
  nsec: 768000000
}
real_time {
  sec: 48
  nsec: 826098535
}
iterations: 11692
real_time_factor: 1.0001817830390674
step_size {
  nsec: 4000000
}

sim_time {
  sec: 46
  nsec: 868000000
}
real_time {
  sec: 48
  nsec: 926100670
}
iterations: 11717
real_time_factor: 1.0000752556629886
step_size {
  nsec: 4000000
}

sim_time {
  sec: 46
  nsec: 972000000
}
real_time {
  sec: 49
  nsec: 30097725
}
iterations: 11743
real_time_factor: 1.0001727798477187
step_size {
  nsec: 4000000
}

sim_time {
  sec: 47
  nsec: 72000000
}
real_time {
  sec: 49
  nsec: 130098703
}
iterations: 11768
real_time_factor: 0.99984152511826874
step_size {
  nsec: 4000000
}

sim_time {
  sec: 47
  nsec: 176000000
}
real_time {
  sec: 49
  nsec: 234098286
}
iterations: 11794
real_time_factor: 0.9999712508265387
step_size {
  nsec: 4000000
}

sim_time {
  sec: 47
  nsec: 280000000
}
real_time {
  sec: 49
  nsec: 338104444
}
iterations: 11820
real_time_factor: 0.99826127841831491
step_size {
  nsec: 4000000
}

sim_time {
  sec: 47
  nsec: 384000000
}
real_time {
  sec: 49
  nsec: 442097546
}
iterations: 11846
real_time_factor: 1.0000477522801714
step_size {
  nsec: 4000000
}

sim_time {
  sec: 47
  nsec: 484000000
}
real_time {
  sec: 49
  nsec: 542097968
}
iterations: 11871
real_time_factor: 1.0009674350259525
step_size {
  nsec: 4000000
}

sim_time {
  sec: 47
  nsec: 584000000
}
real_time {
  sec: 49
  nsec: 642098675
}
iterations: 11896
real_time_factor: 1.0010002494993122
step_size {
  nsec: 4000000
}

sim_time {
  sec: 47
  nsec: 688000000
}
real_time {
  sec: 49
  nsec: 746098230
}
iterations: 11922
real_time_factor: 1.0000175003062555
step_size {
  nsec: 4000000
}

sim_time {
  sec: 47
  nsec: 788000000
}
real_time {
  sec: 49
  nsec: 846098836
}
iterations: 11947
real_time_factor: 1.0000780060844745
step_size {
  nsec: 4000000
}

sim_time {
  sec: 47
  nsec: 892000000
}
real_time {
  sec: 49
  nsec: 950098114
}
iterations: 11973
real_time_factor: 0.99996650112221241
step_size {
  nsec: 4000000
}

sim_time {
  sec: 47
  nsec: 992000000
}
real_time {
  sec: 50
  nsec: 50097938
}
iterations: 11998
real_time_factor: 1.0000220004840106
step_size {
  nsec: 4000000
}

sim_time {
  sec: 48
  nsec: 96000000
}
real_time {
  sec: 50
  nsec: 154097833
}
iterations: 12024
real_time_factor: 0.99997625056404915
step_size {
  nsec: 4000000
}

sim_time {
  sec: 48
  nsec: 200000000
}
real_time {
  sec: 50
  nsec: 258097546
}
iterations: 12050
real_time_factor: 0.99999675001056243
step_size {
  nsec: 4000000
}

sim_time {
  sec: 48
  nsec: 300000000
}
real_time {
  sec: 50
  nsec: 358097763
}
iterations: 12075
real_time_factor: 0.999992250060062
step_size {
  nsec: 4000000
}

sim_time {
  sec: 48
  nsec: 404000000
}
real_time {
  sec: 50
  nsec: 462097494
}
iterations: 12101
real_time_factor: 1.0000407516606302
step_size {
  nsec: 4000000
}

sim_time {
  sec: 48
  nsec: 504000000
}
real_time {
  sec: 50
  nsec: 562097673
}
iterations: 12126
real_time_factor: 0.99995025247493941
step_size {
  nsec: 4000000
}

sim_time {
  sec: 48
  nsec: 608000000
}
real_time {
  sec: 50
  nsec: 666097532
}
iterations: 12152
real_time_factor: 1.0000752556629886
step_size {
  nsec: 4000000
}

sim_time {
  sec: 48
  nsec: 708000000
}
real_time {
  sec: 50
  nsec: 766097692
}
iterations: 12177
real_time_factor: 1.000163276654914
step_size {
  nsec: 4000000
}

sim_time {
  sec: 48
  nsec: 808000000
}
real_time {
  sec: 50
  nsec: 866098445
}
iterations: 12202
real_time_factor: 0.9998530216058239
step_size {
  nsec: 4000000
}

sim_time {
  sec: 48
  nsec: 908000000
}
real_time {
  sec: 50
  nsec: 966100244
}
iterations: 12227
real_time_factor: 0.99951798245296208
step_size {
  nsec: 4000000
}

sim_time {
  sec: 49
  nsec: 12000000
}
real_time {
  sec: 51
  nsec: 70097788
}
iterations: 12253
real_time_factor: 1.0000825068068115
step_size {
  nsec: 4000000
}

sim_time {
  sec: 49
  nsec: 112000000
}
real_time {
  sec: 51
  nsec: 170100420
}
iterations: 12278
real_time_factor: 1.0013390406320852
step_size {
  nsec: 4000000
}

sim_time {
  sec: 49
  nsec: 216000000
}
real_time {
  sec: 51
  nsec: 274098492
}
iterations: 12304
real_time_factor: 1.0002633193188106
step_size {
  nsec: 4000000
}

sim_time {
  sec: 49
  nsec: 316000000
}
real_time {
  sec: 51
  nsec: 374100857
}
iterations: 12329
real_time_factor: 1.0000755057006805
step_size {
  nsec: 4000000
}

sim_time {
  sec: 49
  nsec: 420000000
}
real_time {
  sec: 51
  nsec: 478098327
}
iterations: 12355
real_time_factor: 1.0000892579662735
step_size {
  nsec: 4000000
}

sim_time {
  sec: 49
  nsec: 524000000
}
real_time {
  sec: 51
  nsec: 582097869
}
iterations: 12381
real_time_factor: 1.0000197503900703
step_size {
  nsec: 4000000
}

sim_time {
  sec: 49
  nsec: 628000000
}
real_time {
  sec: 51
  nsec: 686097569
}
iterations: 12407
real_time_factor: 1.0000755057006805
step_size {
  nsec: 4000000
}

sim_time {
  sec: 49
  nsec: 732000000
}
real_time {
  sec: 51
  nsec: 790097362
}
iterations: 12433
real_time_factor: 1.0000292508555875
step_size {
  nsec: 4000000
}

sim_time {
  sec: 49
  nsec: 832000000
}
real_time {
  sec: 51
  nsec: 890097484
}
iterations: 12458
real_time_factor: 1.0001495223535919
step_size {
  nsec: 4000000
}

sim_time {
  sec: 49
  nsec: 936000000
}
real_time {
  sec: 51
  nsec: 994097378
}
iterations: 12484
real_time_factor: 1.0000477522801714
step_size {
  nsec: 4000000
}

sim_time {
  sec: 50
  nsec: 36000000
}
real_time {
  sec: 52
  nsec: 94097714
}
iterations: 12509
real_time_factor: 1.0000685046925715
step_size {
  nsec: 4000000
}

sim_time {
  sec: 50
  nsec: 140000000
}
real_time {
  sec: 52
  nsec: 198097710
}
iterations: 12535
real_time_factor: 0.99995950164018355
step_size {
  nsec: 4000000
}

sim_time {
  sec: 50
  nsec: 244000000
}
real_time {
  sec: 52
  nsec: 302097530
}
iterations: 12561
real_time_factor: 0.999987500156248
step_size {
  nsec: 4000000
}

sim_time {
  sec: 50
  nsec: 344000000
}
real_time {
  sec: 52
  nsec: 402097857
}
iterations: 12586
real_time_factor: 1.0000752556629886
step_size {
  nsec: 4000000
}

sim_time {
  sec: 50
  nsec: 448000000
}
real_time {
  sec: 52
  nsec: 506097814
}
iterations: 12612
real_time_factor: 0.99993675400030946
step_size {
  nsec: 4000000
}

sim_time {
  sec: 50
  nsec: 548000000
}
real_time {
  sec: 52
  nsec: 606098121
}
iterations: 12637
real_time_factor: 1.0003186014745697
step_size {
  nsec: 4000000
}

sim_time {
  sec: 50
  nsec: 652000000
}
real_time {
  sec: 52
  nsec: 710098940
}
iterations: 12663
real_time_factor: 0.9996081536037873
step_size {
  nsec: 4000000
}

sim_time {
  sec: 50
  nsec: 756000000
}
real_time {
  sec: 52
  nsec: 814098046
}
iterations: 12689
real_time_factor: 0.99989726055647787
step_size {
  nsec: 4000000
}

sim_time {
  sec: 50
  nsec: 860000000
}
real_time {
  sec: 52
  nsec: 918097606
}
iterations: 12715
real_time_factor: 1.0000220004840106
step_size {
  nsec: 4000000
}

sim_time {
  sec: 50
  nsec: 964000000
}
real_time {
  sec: 53
  nsec: 22098203
}
iterations: 12741
real_time_factor: 0.99988076421886685
step_size {
  nsec: 4000000
}

sim_time {
  sec: 51
  nsec: 68000000
}
real_time {
  sec: 53
  nsec: 126097864
}
iterations: 12767
real_time_factor: 1.0000317510080945
step_size {
  nsec: 4000000
}

sim_time {
  sec: 51
  nsec: 172000000
}
real_time {
  sec: 53
  nsec: 230097647
}
iterations: 12793
real_time_factor: 1.0000707550059167
step_size {
  nsec: 4000000
}

sim_time {
  sec: 51
  nsec: 272000000
}
real_time {
  sec: 53
  nsec: 330098712
}
iterations: 12818
real_time_factor: 1.00000150000225
step_size {
  nsec: 4000000
}

sim_time {
  sec: 51
  nsec: 376000000
}
real_time {
  sec: 53
  nsec: 434097762
}
iterations: 12844
real_time_factor: 1.0000085000722505
step_size {
  nsec: 4000000
}

sim_time {
  sec: 51
  nsec: 480000000
}
real_time {
  sec: 53
  nsec: 538098627
}
iterations: 12870
real_time_factor: 0.99973307126997091
step_size {
  nsec: 4000000
}

sim_time {
  sec: 51
  nsec: 580000000
}
real_time {
  sec: 53
  nsec: 638099515
}
iterations: 12895
real_time_factor: 0.999591916600048
step_size {
  nsec: 4000000
}

sim_time {
  sec: 51
  nsec: 680000000
}
real_time {
  sec: 53
  nsec: 738099626
}
iterations: 12920
real_time_factor: 0.9995129872969396
step_size {
  nsec: 4000000
}

sim_time {
  sec: 51
  nsec: 784000000
}
real_time {
  sec: 53
  nsec: 842097943
}
iterations: 12946
real_time_factor: 1.0000477522801714
step_size {
  nsec: 4000000
}

sim_time {
  sec: 51
  nsec: 884000000
}
real_time {
  sec: 53
  nsec: 942099415
}
iterations: 12971
real_time_factor: 0.99956843632761561
step_size {
  nsec: 4000000
}

sim_time {
  sec: 51
  nsec: 988000000
}
real_time {
  sec: 54
  nsec: 46097732
}
iterations: 12997
real_time_factor: 1.0005943530457091
step_size {
  nsec: 4000000
}

sim_time {
  sec: 52
  nsec: 88000000
}
real_time {
  sec: 54
  nsec: 146098010
}
iterations: 13022
real_time_factor: 0.99981378468260285
step_size {
  nsec: 4000000
}

sim_time {
  sec: 52
  nsec: 188000000
}
real_time {
  sec: 54
  nsec: 246098064
}
iterations: 13047
real_time_factor: 1.0016755527809142
step_size {
  nsec: 4000000
}

sim_time {
  sec: 52
  nsec: 292000000
}
real_time {
  sec: 54
  nsec: 350098475
}
iterations: 13073
real_time_factor: 0.99979754099794793
step_size {
  nsec: 4000000
}

sim_time {
  sec: 52
  nsec: 392000000
}
real_time {
  sec: 54
  nsec: 450100520
}
iterations: 13098
real_time_factor: 0.99937214445024913
step_size {
  nsec: 4000000
}

sim_time {
  sec: 52
  nsec: 496000000
}
real_time {
  sec: 54
  nsec: 554097744
}
iterations: 13124
real_time_factor: 1.000038501482307
step_size {
  nsec: 4000000
}

sim_time {
  sec: 52
  nsec: 596000000
}
real_time {
  sec: 54
  nsec: 654098215
}
iterations: 13149
real_time_factor: 1.0000267507155816
step_size {
  nsec: 4000000
}

sim_time {
  sec: 52
  nsec: 700000000
}
real_time {
  sec: 54
  nsec: 758097670
}
iterations: 13175
real_time_factor: 1.0000430018490796
step_size {
  nsec: 4000000
}

sim_time {
  sec: 52
  nsec: 800000000
}
real_time {
  sec: 54
  nsec: 858098103
}
iterations: 13200
real_time_factor: 1.0001195142819568
step_size {
  nsec: 4000000
}

sim_time {
  sec: 52
  nsec: 900000000
}
real_time {
  sec: 54
  nsec: 958098323
}
iterations: 13225
real_time_factor: 1.0001195142819568
step_size {
  nsec: 4000000
}

sim_time {
  sec: 53
  nsec: 4000000
}
real_time {
  sec: 55
  nsec: 62098306
}
iterations: 13251
real_time_factor: 0.99986051945753562
step_size {
  nsec: 4000000
}

sim_time {
  sec: 53
  nsec: 108000000
}
real_time {
  sec: 55
  nsec: 166097873
}
iterations: 13277
real_time_factor: 0.999952752232457
step_size {
  nsec: 4000000
}

sim_time {
  sec: 53
  nsec: 212000000
}
real_time {
  sec: 55
  nsec: 270098499
}
iterations: 13303
real_time_factor: 0.99985802016113712
step_size {
  nsec: 4000000
}

sim_time {
  sec: 53
  nsec: 316000000
}
real_time {
  sec: 55
  nsec: 374098594
}
iterations: 13329
real_time_factor: 0.99990675869475176
step_size {
  nsec: 4000000
}

sim_time {
  sec: 53
  nsec: 420000000
}
real_time {
  sec: 55
  nsec: 478097558
}
iterations: 13355
real_time_factor: 1.0000895080109671
step_size {
  nsec: 4000000
}

sim_time {
  sec: 53
  nsec: 524000000
}
real_time {
  sec: 55
  nsec: 582097254
}
iterations: 13381
real_time_factor: 1.0000522527302051
step_size {
  nsec: 4000000
}

sim_time {
  sec: 53
  nsec: 624000000
}
real_time {
  sec: 55
  nsec: 682098066
}
iterations: 13406
real_time_factor: 0.99994800270385942
step_size {
  nsec: 4000000
}

sim_time {
  sec: 53
  nsec: 724000000
}
real_time {
  sec: 55
  nsec: 782098654
}
iterations: 13431
real_time_factor: 0.99977005288783583
step_size {
  nsec: 4000000
}

sim_time {
  sec: 53
  nsec: 828000000
}
real_time {
  sec: 55
  nsec: 886098238
}
iterations: 13457
real_time_factor: 0.99990675869475176
step_size {
  nsec: 4000000
}

sim_time {
  sec: 53
  nsec: 932000000
}
real_time {
  sec: 55
  nsec: 990097405
}
iterations: 13483
real_time_factor: 1.0000292508555875
step_size {
  nsec: 4000000
}

sim_time {
  sec: 54
  nsec: 32000000
}
real_time {
  sec: 56
  nsec: 90097856
}
iterations: 13508
real_time_factor: 0.99998050038024255
step_size {
  nsec: 4000000
}

sim_time {
  sec: 54
  nsec: 132000000
}
real_time {
  sec: 56
  nsec: 190098399
}
iterations: 13533
real_time_factor: 1.0000360012960468
step_size {
  nsec: 4000000
}

sim_time {
  sec: 54
  nsec: 236000000
}
real_time {
  sec: 56
  nsec: 294097649
}
iterations: 13559
real_time_factor: 1.0000315009922813
step_size {
  nsec: 4000000
}

sim_time {
  sec: 54
  nsec: 336000000
}
real_time {
  sec: 56
  nsec: 394102238
}
iterations: 13584
real_time_factor: 0.99886628676452227
step_size {
  nsec: 4000000
}

sim_time {
  sec: 54
  nsec: 440000000
}
real_time {
  sec: 56
  nsec: 498099220
}
iterations: 13610
real_time_factor: 0.99959416476910379
step_size {
  nsec: 4000000
}

sim_time {
  sec: 54
  nsec: 544000000
}
real_time {
  sec: 56
  nsec: 602097617
}
iterations: 13636
real_time_factor: 1.0000640040962621
step_size {
  nsec: 4000000
}

sim_time {
  sec: 54
  nsec: 648000000
}
real_time {
  sec: 56
  nsec: 706097625
}
iterations: 13662
real_time_factor: 0.99996225142500872
step_size {
  nsec: 4000000
}

sim_time {
  sec: 54
  nsec: 748000000
}
real_time {
  sec: 56
  nsec: 806097917
}
iterations: 13687
real_time_factor: 0.99991100792029508
step_size {
  nsec: 4000000
}

sim_time {
  sec: 54
  nsec: 852000000
}
real_time {
  sec: 56
  nsec: 910102324
}
iterations: 13713
real_time_factor: 0.99884508537004091
step_size {
  nsec: 4000000
}

sim_time {
  sec: 54
  nsec: 956000000
}
real_time {
  sec: 57
  nsec: 14098147
}
iterations: 13739
real_time_factor: 0.99988551310874907
step_size {
  nsec: 4000000
}

sim_time {
  sec: 55
  nsec: 60000000
}
real_time {
  sec: 57
  nsec: 118102478
}
iterations: 13765
real_time_factor: 0.99882238840407156
step_size {
  nsec: 4000000
}

sim_time {
  sec: 55
  nsec: 164000000
}
real_time {
  sec: 57
  nsec: 222097386
}
iterations: 13791
real_time_factor: 1.00000350001225
step_size {
  nsec: 4000000
}

sim_time {
  sec: 55
  nsec: 264000000
}
real_time {
  sec: 57
  nsec: 322097528
}
iterations: 13816
real_time_factor: 1.0001705290752074
step_size {
  nsec: 4000000
}

sim_time {
  sec: 55
  nsec: 364000000
}
real_time {
  sec: 57
  nsec: 422097821
}
iterations: 13841
real_time_factor: 1.0001077616113137
step_size {
  nsec: 4000000
}

sim_time {
  sec: 55
  nsec: 468000000
}
real_time {
  sec: 57
  nsec: 526097522
}
iterations: 13867
real_time_factor: 0.99999700000899994
step_size {
  nsec: 4000000
}

sim_time {
  sec: 55
  nsec: 572000000
}
real_time {
  sec: 57
  nsec: 630097456
}
iterations: 13893
real_time_factor: 0.99996900096097019
step_size {
  nsec: 4000000
}

sim_time {
  sec: 55
  nsec: 676000000
}
real_time {
  sec: 57
  nsec: 734097583
}
iterations: 13919
real_time_factor: 0.99996225142500872
step_size {
  nsec: 4000000
}

sim_time {
  sec: 55
  nsec: 780000000
}
real_time {
  sec: 57
  nsec: 838098247
}
iterations: 13945
real_time_factor: 0.99979804079575929
step_size {
  nsec: 4000000
}

sim_time {
  sec: 55
  nsec: 884000000
}
real_time {
  sec: 57
  nsec: 942097578
}
iterations: 13971
real_time_factor: 1.0000107501155637
step_size {
  nsec: 4000000
}

sim_time {
  sec: 55
  nsec: 984000000
}
real_time {
  sec: 58
  nsec: 42097814
}
iterations: 13996
real_time_factor: 0.9999872501625604
step_size {
  nsec: 4000000
}

sim_time {
  sec: 56
  nsec: 88000000
}
real_time {
  sec: 58
  nsec: 146097626
}
iterations: 14022
real_time_factor: 1.0000152502325661
step_size {
  nsec: 4000000
}

sim_time {
  sec: 56
  nsec: 192000000
}
real_time {
  sec: 58
  nsec: 250097744
}
iterations: 14048
real_time_factor: 0.999939003720773
step_size {
  nsec: 4000000
}

sim_time {
  sec: 56
  nsec: 292000000
}
real_time {
  sec: 58
  nsec: 350098804
}
iterations: 14073
real_time_factor: 0.99965636812345759
step_size {
  nsec: 4000000
}

sim_time {
  sec: 56
  nsec: 396000000
}
real_time {
  sec: 58
  nsec: 454097801
}
iterations: 14099
real_time_factor: 0.99987176644595332
step_size {
  nsec: 4000000
}

sim_time {
  sec: 56
  nsec: 496000000
}
real_time {
  sec: 58
  nsec: 554098415
}
iterations: 14124
real_time_factor: 1.0001102621564026
step_size {
  nsec: 4000000
}

sim_time {
  sec: 56
  nsec: 600000000
}
real_time {
  sec: 58
  nsec: 658098865
}
iterations: 14150
real_time_factor: 0.99971907893881817
step_size {
  nsec: 4000000
}

sim_time {
  sec: 56
  nsec: 704000000
}
real_time {
  sec: 58
  nsec: 762097862
}
iterations: 14176
real_time_factor: 1.0000362513141101
step_size {
  nsec: 4000000
}

sim_time {
  sec: 56
  nsec: 804000000
}
real_time {
  sec: 58
  nsec: 862098401
}
iterations: 14201
real_time_factor: 1.0000685046925715
step_size {
  nsec: 4000000
}

sim_time {
  sec: 56
  nsec: 908000000
}
real_time {
  sec: 58
  nsec: 966099138
}
iterations: 14227
real_time_factor: 0.99958492236098961
step_size {
  nsec: 4000000
}

sim_time {
  sec: 57
  nsec: 8000000
}
real_time {
  sec: 59
  nsec: 66098510
}
iterations: 14252
real_time_factor: 1.0003836471286738
step_size {
  nsec: 4000000
}

sim_time {
  sec: 57
  nsec: 108000000
}
real_time {
  sec: 59
  nsec: 166099781
}
iterations: 14277
real_time_factor: 0.99956194197892778
step_size {
  nsec: 4000000
}

sim_time {
  sec: 57
  nsec: 212000000
}
real_time {
  sec: 59
  nsec: 270098111
}
iterations: 14303
real_time_factor: 1.0001080116652599
step_size {
  nsec: 4000000
}

sim_time {
  sec: 57
  nsec: 312000000
}
real_time {
  sec: 59
  nsec: 370098270
}
iterations: 14328
real_time_factor: 0.99989051198893719
step_size {
  nsec: 4000000
}

sim_time {
  sec: 57
  nsec: 412000000
}
real_time {
  sec: 59
  nsec: 470098208
}
iterations: 14353
real_time_factor: 1.0005270276117946
step_size {
  nsec: 4000000
}

sim_time {
  sec: 57
  nsec: 516000000
}
real_time {
  sec: 59
  nsec: 574099306
}
iterations: 14379
real_time_factor: 0.999538712884004
step_size {
  nsec: 4000000
}

sim_time {
  sec: 57
  nsec: 620000000
}
real_time {
  sec: 59
  nsec: 678097930
}
iterations: 14405
real_time_factor: 1.0000037500140626
step_size {
  nsec: 4000000
}

sim_time {
  sec: 57
  nsec: 724000000
}
real_time {
  sec: 59
  nsec: 782104564
}
iterations: 14431
real_time_factor: 0.998272987731225
step_size {
  nsec: 4000000
}

sim_time {
  sec: 57
  nsec: 828000000
}
real_time {
  sec: 59
  nsec: 886098948
}
iterations: 14457
real_time_factor: 1.0009120811339334
step_size {
  nsec: 4000000
}

sim_time {
  sec: 57
  nsec: 928000000
}
real_time {
  sec: 59
  nsec: 986100097
}
iterations: 14482
real_time_factor: 1.0008008909129531
step_size {
  nsec: 4000000
}

sim_time {
  sec: 58
  nsec: 28000000
}
real_time {
  sec: 60
  nsec: 86099126
}
iterations: 14507
real_time_factor: 1.0028033367278226
step_size {
  nsec: 4000000
}

sim_time {
  sec: 58
  nsec: 128000000
}
real_time {
  sec: 60
  nsec: 186100081
}
iterations: 14532
real_time_factor: 1.0008284357376818
step_size {
  nsec: 4000000
}

sim_time {
  sec: 58
  nsec: 232000000
}
real_time {
  sec: 60
  nsec: 290097585
}
iterations: 14558
real_time_factor: 1.000140519743024
step_size {
  nsec: 4000000
}

sim_time {
  sec: 58
  nsec: 336000000
}
real_time {
  sec: 60
  nsec: 394097446
}
iterations: 14584
real_time_factor: 1.0000292508555875
step_size {
  nsec: 4000000
}

sim_time {
  sec: 58
  nsec: 436000000
}
real_time {
  sec: 60
  nsec: 494098188
}
iterations: 14609
real_time_factor: 1.0006479195278943
step_size {
  nsec: 4000000
}

sim_time {
  sec: 58
  nsec: 536000000
}
real_time {
  sec: 60
  nsec: 594098772
}
iterations: 14634
real_time_factor: 0.99974906298519073
step_size {
  nsec: 4000000
}

sim_time {
  sec: 58
  nsec: 636000000
}
real_time {
  sec: 60
  nsec: 694099096
}
iterations: 14659
real_time_factor: 0.99998050038024255
step_size {
  nsec: 4000000
}

sim_time {
  sec: 58
  nsec: 740000000
}
real_time {
  sec: 60
  nsec: 798097663
}
iterations: 14685
real_time_factor: 1.0001195142819568
step_size {
  nsec: 4000000
}

sim_time {
  sec: 58
  nsec: 840000000
}
real_time {
  sec: 60
  nsec: 898098237
}
iterations: 14710
real_time_factor: 1.0010443395071909
step_size {
  nsec: 4000000
}

sim_time {
  sec: 58
  nsec: 944000000
}
real_time {
  sec: 61
  nsec: 2097611
}
iterations: 14736
real_time_factor: 1.0000662543893533
step_size {
  nsec: 4000000
}

sim_time {
  sec: 59
  nsec: 44000000
}
real_time {
  sec: 61
  nsec: 102098518
}
iterations: 14761
real_time_factor: 1.0012623414970423
step_size {
  nsec: 4000000
}

sim_time {
  sec: 59
  nsec: 148000000
}
real_time {
  sec: 61
  nsec: 206097975
}
iterations: 14787
real_time_factor: 1.0000247506125777
step_size {
  nsec: 4000000
}

sim_time {
  sec: 59
  nsec: 248000000
}
real_time {
  sec: 61
  nsec: 306099114
}
iterations: 14812
real_time_factor: 1.0002305531424993
step_size {
  nsec: 4000000
}

sim_time {
  sec: 59
  nsec: 352000000
}
real_time {
  sec: 61
  nsec: 410097487
}
iterations: 14838
real_time_factor: 0.99999675001056243
step_size {
  nsec: 4000000
}

sim_time {
  sec: 59
  nsec: 452000000
}
real_time {
  sec: 61
  nsec: 510097950
}
iterations: 14863
real_time_factor: 1.0000197503900703
step_size {
  nsec: 4000000
}

sim_time {
  sec: 59
  nsec: 556000000
}
real_time {
  sec: 61
  nsec: 614098377
}
iterations: 14889
real_time_factor: 0.99984877287310292
step_size {
  nsec: 4000000
}

sim_time {
  sec: 59
  nsec: 660000000
}
real_time {
  sec: 61
  nsec: 718097639
}
iterations: 14915
real_time_factor: 1.0000245006002646
step_size {
  nsec: 4000000
}

sim_time {
  sec: 59
  nsec: 760000000
}
real_time {
  sec: 61
  nsec: 818098887
}
iterations: 14940
real_time_factor: 0.99999450003024981
step_size {
  nsec: 4000000
}

sim_time {
  sec: 59
  nsec: 864000000
}
real_time {
  sec: 61
  nsec: 922099000
}
iterations: 14966
real_time_factor: 0.99964987263211058
step_size {
  nsec: 4000000
}

sim_time {
  sec: 59
  nsec: 968000000
}
real_time {
  sec: 62
  nsec: 26098566
}
iterations: 14992
real_time_factor: 0.99993675400030946
step_size {
  nsec: 4000000
}

sim_time {
  sec: 60
  nsec: 72000000
}
real_time {
  sec: 62
  nsec: 130099087
}
iterations: 15018
real_time_factor: 0.99986951702802784
step_size {
  nsec: 4000000
}

sim_time {
  sec: 60
  nsec: 172000000
}
real_time {
  sec: 62
  nsec: 230102317
}
iterations: 15043
real_time_factor: 0.99945529686320955
step_size {
  nsec: 4000000
}

sim_time {
  sec: 60
  nsec: 276000000
}
real_time {
  sec: 62
  nsec: 334097698
}
iterations: 15069
real_time_factor: 1.0000895080109671
step_size {
  nsec: 4000000
}

sim_time {
  sec: 60
  nsec: 376000000
}
real_time {
  sec: 62
  nsec: 434097585
}
iterations: 15094
real_time_factor: 1.0000042500180626
step_size {
  nsec: 4000000
}

sim_time {
  sec: 60
  nsec: 476000000
}
real_time {
  sec: 62
  nsec: 534098250
}
iterations: 15119
real_time_factor: 1.0000037500140626
step_size {
  nsec: 4000000
}

sim_time {
  sec: 60
  nsec: 580000000
}
real_time {
  sec: 62
  nsec: 638097343
}
iterations: 15145
real_time_factor: 1.0000085000722505
step_size {
  nsec: 4000000
}

sim_time {
  sec: 60
  nsec: 684000000
}
real_time {
  sec: 62
  nsec: 742097372
}
iterations: 15171
real_time_factor: 1.0000200004000079
step_size {
  nsec: 4000000
}

sim_time {
  sec: 60
  nsec: 784000000
}
real_time {
  sec: 62
  nsec: 842097573
}
iterations: 15196
real_time_factor: 1.0000640040962621
step_size {
  nsec: 4000000
}

sim_time {
  sec: 60
  nsec: 884000000
}
real_time {
  sec: 62
  nsec: 942097913
}
iterations: 15221
real_time_factor: 1.000038501482307
step_size {
  nsec: 4000000
}

sim_time {
  sec: 60
  nsec: 984000000
}
real_time {
  sec: 63
  nsec: 42098845
}
iterations: 15246
real_time_factor: 0.999830528725381
step_size {
  nsec: 4000000
}

sim_time {
  sec: 61
  nsec: 88000000
}
real_time {
  sec: 63
  nsec: 146097994
}
iterations: 15272
real_time_factor: 0.99995750180617327
step_size {
  nsec: 4000000
}

sim_time {
  sec: 61
  nsec: 192000000
}
real_time {
  sec: 63
  nsec: 250099754
}
iterations: 15298
real_time_factor: 0.99954320875359959
step_size {
  nsec: 4000000
}

sim_time {
  sec: 61
  nsec: 296000000
}
real_time {
  sec: 63
  nsec: 354097319
}
iterations: 15324
real_time_factor: 1.0001495223535919
step_size {
  nsec: 4000000
}

sim_time {
  sec: 61
  nsec: 396000000
}
real_time {
  sec: 63
  nsec: 454098011
}
iterations: 15349
real_time_factor: 1.0001197643417798
step_size {
  nsec: 4000000
}

sim_time {
  sec: 61
  nsec: 496000000
}
real_time {
  sec: 63
  nsec: 554100017
}
iterations: 15374
real_time_factor: 0.99931671719461823
step_size {
  nsec: 4000000
}

sim_time {
  sec: 61
  nsec: 600000000
}
real_time {
  sec: 63
  nsec: 658098609
}
iterations: 15400
real_time_factor: 0.999763056155691
step_size {
  nsec: 4000000
}

sim_time {
  sec: 61
  nsec: 704000000
}
real_time {
  sec: 63
  nsec: 762097941
}
iterations: 15426
real_time_factor: 0.99995525200247293
step_size {
  nsec: 4000000
}

sim_time {
  sec: 61
  nsec: 804000000
}
real_time {
  sec: 63
  nsec: 862097974
}
iterations: 15451
real_time_factor: 0.99991825668251622
step_size {
  nsec: 4000000
}

sim_time {
  sec: 61
  nsec: 908000000
}
real_time {
  sec: 63
  nsec: 966097409
}
iterations: 15477
real_time_factor: 1.0000455020703443
step_size {
  nsec: 4000000
}

sim_time {
  sec: 62
  nsec: 8000000
}
real_time {
  sec: 64
  nsec: 66097544
}
iterations: 15502
real_time_factor: 1.0000455020703443
step_size {
  nsec: 4000000
}

sim_time {
  sec: 62
  nsec: 112000000
}
real_time {
  sec: 64
  nsec: 170097960
}
iterations: 15528
real_time_factor: 0.99990175965211414
step_size {
  nsec: 4000000
}

sim_time {
  sec: 62
  nsec: 216000000
}
real_time {
  sec: 64
  nsec: 274097913
}
iterations: 15554
real_time_factor: 0.99992725529217752
step_size {
  nsec: 4000000
}

sim_time {
  sec: 62
  nsec: 316000000
}
real_time {
  sec: 64
  nsec: 374097816
}
iterations: 15579
real_time_factor: 0.99990425916718473
step_size {
  nsec: 4000000
}

sim_time {
  sec: 62
  nsec: 420000000
}
real_time {
  sec: 64
  nsec: 478098241
}
iterations: 15605
real_time_factor: 0.99990900828024654
step_size {
  nsec: 4000000
}

sim_time {
  sec: 62
  nsec: 520000000
}
real_time {
  sec: 64
  nsec: 578099616
}
iterations: 15630
real_time_factor: 0.99940934907469681
step_size {
  nsec: 4000000
}

sim_time {
  sec: 62
  nsec: 624000000
}
real_time {
  sec: 64
  nsec: 682098457
}
iterations: 15656
real_time_factor: 0.99984402433220421
step_size {
  nsec: 4000000
}

sim_time {
  sec: 62
  nsec: 728000000
}
real_time {
  sec: 64
  nsec: 786098297
}
iterations: 15682
real_time_factor: 1.0000895080109671
step_size {
  nsec: 4000000
}

sim_time {
  sec: 62
  nsec: 828000000
}
real_time {
  sec: 64
  nsec: 886097968
}
iterations: 15707
real_time_factor: 1.0001657774776169
step_size {
  nsec: 4000000
}

sim_time {
  sec: 62
  nsec: 932000000
}
real_time {
  sec: 64
  nsec: 990097735
}
iterations: 15733
real_time_factor: 1.0000037500140626
step_size {
  nsec: 4000000
}

sim_time {
  sec: 63
  nsec: 32000000
}
real_time {
  sec: 65
  nsec: 90098332
}
iterations: 15758
real_time_factor: 0.99986251890365074
step_size {
  nsec: 4000000
}

sim_time {
  sec: 63
  nsec: 136000000
}
real_time {
  sec: 65
  nsec: 194098116
}
iterations: 15784
real_time_factor: 0.99985602073301449
step_size {
  nsec: 4000000
}

sim_time {
  sec: 63
  nsec: 236000000
}
real_time {
  sec: 65
  nsec: 294097990
}
iterations: 15809
real_time_factor: 1.0005112612545011
step_size {
  nsec: 4000000
}

sim_time {
  sec: 63
  nsec: 340000000
}
real_time {
  sec: 65
  nsec: 398098165
}
iterations: 15835
real_time_factor: 0.99988351357066907
step_size {
  nsec: 4000000
}

sim_time {
  sec: 63
  nsec: 440000000
}
real_time {
  sec: 65
  nsec: 498098112
}
iterations: 15860
real_time_factor: 1.0000365013322987
step_size {
  nsec: 4000000
}

sim_time {
  sec: 63
  nsec: 544000000
}
real_time {
  sec: 65
  nsec: 602097483
}
iterations: 15886
real_time_factor: 0.99995750180617327
step_size {
  nsec: 4000000
}

sim_time {
  sec: 63
  nsec: 644000000
}
real_time {
  sec: 65
  nsec: 702098174
}
iterations: 15911
real_time_factor: 0.99996175146300659
step_size {
  nsec: 4000000
}

sim_time {
  sec: 63
  nsec: 748000000
}
real_time {
  sec: 65
  nsec: 806097374
}
iterations: 15937
real_time_factor: 1.0000987597525255
step_size {
  nsec: 4000000
}

sim_time {
  sec: 63
  nsec: 852000000
}
real_time {
  sec: 65
  nsec: 910097352
}
iterations: 15963
real_time_factor: 1.0000062500390627
step_size {
  nsec: 4000000
}

sim_time {
  sec: 63
  nsec: 952000000
}
real_time {
  sec: 66
  nsec: 10097651
}
iterations: 15988
real_time_factor: 1.0015942877074584
step_size {
  nsec: 4000000
}

sim_time {
  sec: 64
  nsec: 56000000
}
real_time {
  sec: 66
  nsec: 114097675
}
iterations: 16014
real_time_factor: 0.99994825267792387
step_size {
  nsec: 4000000
}

sim_time {
  sec: 64
  nsec: 156000000
}
real_time {
  sec: 66
  nsec: 214099271
}
iterations: 16039
real_time_factor: 0.9997493128598004
step_size {
  nsec: 4000000
}

sim_time {
  sec: 64
  nsec: 256000000
}
real_time {
  sec: 66
  nsec: 314101849
}
iterations: 16064
real_time_factor: 0.9991711874999688
step_size {
  nsec: 4000000
}

sim_time {
  sec: 64
  nsec: 360000000
}
real_time {
  sec: 66
  nsec: 418103558
}
iterations: 16090
real_time_factor: 0.99897704750335659
step_size {
  nsec: 4000000
}

sim_time {
  sec: 64
  nsec: 464000000
}
real_time {
  sec: 66
  nsec: 522099312
}
iterations: 16116
real_time_factor: 0.99957143374778068
step_size {
  nsec: 4000000
}

sim_time {
  sec: 64
  nsec: 568000000
}
real_time {
  sec: 66
  nsec: 626097901
}
iterations: 16142
real_time_factor: 0.99994825267792387
step_size {
  nsec: 4000000
}

sim_time {
  sec: 64
  nsec: 672000000
}
real_time {
  sec: 66
  nsec: 730098026
}
iterations: 16168
real_time_factor: 0.99995525200247293
step_size {
  nsec: 4000000
}

sim_time {
  sec: 64
  nsec: 776000000
}
real_time {
  sec: 66
  nsec: 834097262
}
iterations: 16194
real_time_factor: 1.0000292508555875
step_size {
  nsec: 4000000
}

sim_time {
  sec: 64
  nsec: 876000000
}
real_time {
  sec: 66
  nsec: 934098588
}
iterations: 16219
real_time_factor: 0.99976805381151568
step_size {
  nsec: 4000000
}

sim_time {
  sec: 64
  nsec: 980000000
}
real_time {
  sec: 67
  nsec: 38101602
}
iterations: 16245
real_time_factor: 0.999067370609536
step_size {
  nsec: 4000000
}

sim_time {
  sec: 65
  nsec: 84000000
}
real_time {
  sec: 67
  nsec: 142102681
}
iterations: 16271
real_time_factor: 0.99889172962597994
step_size {
  nsec: 4000000
}

sim_time {
  sec: 65
  nsec: 188000000
}
real_time {
  sec: 67
  nsec: 246102936
}
iterations: 16297
real_time_factor: 0.99913425017222579
step_size {
  nsec: 4000000
}

sim_time {
  sec: 65
  nsec: 292000000
}
real_time {
  sec: 67
  nsec: 350097857
}
iterations: 16323
real_time_factor: 1.000112512657674
step_size {
  nsec: 4000000
}

sim_time {
  sec: 65
  nsec: 396000000
}
real_time {
  sec: 67
  nsec: 454097732
}
iterations: 16349
real_time_factor: 1.0000640040962621
step_size {
  nsec: 4000000
}

sim_time {
  sec: 65
  nsec: 496000000
}
real_time {
  sec: 67
  nsec: 554097991
}
iterations: 16374
real_time_factor: 0.99999250005624962
step_size {
  nsec: 4000000
}

sim_time {
  sec: 65
  nsec: 596000000
}
real_time {
  sec: 67
  nsec: 654101529
}
iterations: 16399
real_time_factor: 0.99922460170907379
step_size {
  nsec: 4000000
}

sim_time {
  sec: 65
  nsec: 700000000
}
real_time {
  sec: 67
  nsec: 758097893
}
iterations: 16425
real_time_factor: 1.0001200144017282
step_size {
  nsec: 4000000
}

sim_time {
  sec: 65
  nsec: 800000000
}
real_time {
  sec: 67
  nsec: 858103182
}
iterations: 16450
real_time_factor: 0.99891916945864578
step_size {
  nsec: 4000000
}

sim_time {
  sec: 65
  nsec: 904000000
}
real_time {
  sec: 67
  nsec: 962097694
}
iterations: 16476
real_time_factor: 1.0001775315118433
step_size {
  nsec: 4000000
}

sim_time {
  sec: 66
  nsec: 8000000
}
real_time {
  sec: 68
  nsec: 66097540
}
iterations: 16502
real_time_factor: 1.0000502525251893
step_size {
  nsec: 4000000
}

sim_time {
  sec: 66
  nsec: 108000000
}
real_time {
  sec: 68
  nsec: 166097791
}
iterations: 16527
real_time_factor: 0.999990000099999
step_size {
  nsec: 4000000
}

sim_time {
  sec: 66
  nsec: 212000000
}
real_time {
  sec: 68
  nsec: 270098090
}
iterations: 16553
real_time_factor: 0.99998325028055779
step_size {
  nsec: 4000000
}

sim_time {
  sec: 66
  nsec: 316000000
}
real_time {
  sec: 68
  nsec: 374097982
}
iterations: 16579
real_time_factor: 0.99985602073301449
step_size {
  nsec: 4000000
}

sim_time {
  sec: 66
  nsec: 420000000
}
real_time {
  sec: 68
  nsec: 478097282
}
iterations: 16605
real_time_factor: 1.000281829405435
step_size {
  nsec: 4000000
}

sim_time {
  sec: 66
  nsec: 520000000
}
real_time {
  sec: 68
  nsec: 578097624
}
iterations: 16630
real_time_factor: 1.00027732688888
step_size {
  nsec: 4000000
}

sim_time {
  sec: 66
  nsec: 620000000
}
real_time {
  sec: 68
  nsec: 678098151
}
iterations: 16655
real_time_factor: 0.99983502722050865
step_size {
  nsec: 4000000
}

sim_time {
  sec: 66
  nsec: 720000000
}
real_time {
  sec: 68
  nsec: 778098845
}
iterations: 16680
real_time_factor: 0.99962189301896553
step_size {
  nsec: 4000000
}

sim_time {
  sec: 66
  nsec: 824000000
}
real_time {
  sec: 68
  nsec: 882097736
}
iterations: 16706
real_time_factor: 0.99988826248666707
step_size {
  nsec: 4000000
}

sim_time {
  sec: 66
  nsec: 924000000
}
real_time {
  sec: 68
  nsec: 982097642
}
iterations: 16731
real_time_factor: 1.0001915366792742
step_size {
  nsec: 4000000
}

sim_time {
  sec: 67
  nsec: 24000000
}
real_time {
  sec: 69
  nsec: 82106735
}
iterations: 16756
real_time_factor: 0.997844157697295
step_size {
  nsec: 4000000
}

sim_time {
  sec: 67
  nsec: 128000000
}
real_time {
  sec: 69
  nsec: 186097774
}
iterations: 16782
real_time_factor: 1.0000317510080945
step_size {
  nsec: 4000000
}

sim_time {
  sec: 67
  nsec: 232000000
}
real_time {
  sec: 69
  nsec: 290097360
}
iterations: 16808
real_time_factor: 0.99999675001056243
step_size {
  nsec: 4000000
}

sim_time {
  sec: 67
  nsec: 332000000
}
real_time {
  sec: 69
  nsec: 390097924
}
iterations: 16833
real_time_factor: 1.0000685046925715
step_size {
  nsec: 4000000
}

sim_time {
  sec: 67
  nsec: 432000000
}
real_time {
  sec: 69
  nsec: 490098431
}
iterations: 16858
real_time_factor: 1.0003446187211493
step_size {
  nsec: 4000000
}

sim_time {
  sec: 67
  nsec: 536000000
}
real_time {
  sec: 69
  nsec: 594098275
}
iterations: 16884
real_time_factor: 0.99996925094553346
step_size {
  nsec: 4000000
}

sim_time {
  sec: 67
  nsec: 640000000
}
real_time {
  sec: 69
  nsec: 698098397
}
iterations: 16910
real_time_factor: 0.99990425916718473
step_size {
  nsec: 4000000
}

sim_time {
  sec: 67
  nsec: 744000000
}
real_time {
  sec: 69
  nsec: 802097611
}
iterations: 16936
real_time_factor: 1.0000270007290197
step_size {
  nsec: 4000000
}

sim_time {
  sec: 67
  nsec: 844000000
}
real_time {
  sec: 69
  nsec: 902097997
}
iterations: 16961
real_time_factor: 1.0001315172945242
step_size {
  nsec: 4000000
}

sim_time {
  sec: 67
  nsec: 948000000
}
real_time {
  sec: 70
  nsec: 6097628
}
iterations: 16987
real_time_factor: 1.0000802564405793
step_size {
  nsec: 4000000
}

sim_time {
  sec: 68
  nsec: 48000000
}
real_time {
  sec: 70
  nsec: 106104349
}
iterations: 17012
real_time_factor: 0.99835819994019837
step_size {
  nsec: 4000000
}

sim_time {
  sec: 68
  nsec: 152000000
}
real_time {
  sec: 70
  nsec: 210099414
}
iterations: 17038
real_time_factor: 1.0006524253813487
step_size {
  nsec: 4000000
}

sim_time {
  sec: 68
  nsec: 256000000
}
real_time {
  sec: 70
  nsec: 314098174
}
iterations: 17064
real_time_factor: 1.0001612760057559
step_size {
  nsec: 4000000
}

sim_time {
  sec: 68
  nsec: 360000000
}
real_time {
  sec: 70
  nsec: 418098526
}
iterations: 17090
real_time_factor: 0.99980978618817773
step_size {
  nsec: 4000000
}

sim_time {
  sec: 68
  nsec: 464000000
}
real_time {
  sec: 70
  nsec: 522099064
}
iterations: 17116
real_time_factor: 0.99968934653556407
step_size {
  nsec: 4000000
}

sim_time {
  sec: 68
  nsec: 568000000
}
real_time {
  sec: 70
  nsec: 626097814
}
iterations: 17142
real_time_factor: 0.99996925094553346
step_size {
  nsec: 4000000
}

sim_time {
  sec: 68
  nsec: 672000000
}
real_time {
  sec: 70
  nsec: 730097428
}
iterations: 17168
real_time_factor: 1.0000060000360003
step_size {
  nsec: 4000000
}

sim_time {
  sec: 68
  nsec: 772000000
}
real_time {
  sec: 70
  nsec: 830097751
}
iterations: 17193
real_time_factor: 0.99996225142500872
step_size {
  nsec: 4000000
}

sim_time {
  sec: 68
  nsec: 876000000
}
real_time {
  sec: 70
  nsec: 934098158
}
iterations: 17219
real_time_factor: 0.99990225955412859
step_size {
  nsec: 4000000
}

sim_time {
  sec: 68
  nsec: 980000000
}
real_time {
  sec: 71
  nsec: 38097954
}
iterations: 17245
real_time_factor: 1.0000687547268874
step_size {
  nsec: 4000000
}

sim_time {
  sec: 69
  nsec: 84000000
}
real_time {
  sec: 71
  nsec: 142098972
}
iterations: 17271
real_time_factor: 0.99980503801758658
step_size {
  nsec: 4000000
}

sim_time {
  sec: 69
  nsec: 188000000
}
real_time {
  sec: 71
  nsec: 246098110
}
iterations: 17297
real_time_factor: 0.99993925369033831
step_size {
  nsec: 4000000
}

sim_time {
  sec: 69
  nsec: 292000000
}
real_time {
  sec: 71
  nsec: 350097239
}
iterations: 17323
real_time_factor: 1.0000827568481292
step_size {
  nsec: 4000000
}

sim_time {
  sec: 69
  nsec: 392000000
}
real_time {
  sec: 71
  nsec: 450098959
}
iterations: 17348
real_time_factor: 0.9998140345895663
step_size {
  nsec: 4000000
}

sim_time {
  sec: 69
  nsec: 496000000
}
real_time {
  sec: 71
  nsec: 554100615
}
iterations: 17374
real_time_factor: 0.99941184612855338
step_size {
  nsec: 4000000
}

sim_time {
  sec: 69
  nsec: 596000000
}
real_time {
  sec: 71
  nsec: 654102565
}
iterations: 17399
real_time_factor: 0.99899101907073851
step_size {
  nsec: 4000000
}

sim_time {
  sec: 69
  nsec: 700000000
}
real_time {
  sec: 71
  nsec: 758098627
}
iterations: 17425
real_time_factor: 1.0000065000422502
step_size {
  nsec: 4000000
}

sim_time {
  sec: 69
  nsec: 804000000
}
real_time {
  sec: 71
  nsec: 862099542
}
iterations: 17451
real_time_factor: 0.99999725000756245
step_size {
  nsec: 4000000
}

sim_time {
  sec: 69
  nsec: 908000000
}
real_time {
  sec: 71
  nsec: 966097884
}
iterations: 17477
real_time_factor: 1.0002330543016522
step_size {
  nsec: 4000000
}

sim_time {
  sec: 70
  nsec: 8000000
}
real_time {
  sec: 72
  nsec: 66101444
}
iterations: 17502
real_time_factor: 0.99979329273672668
step_size {
  nsec: 4000000
}

sim_time {
  sec: 70
  nsec: 112000000
}
real_time {
  sec: 72
  nsec: 170098840
}
iterations: 17528
real_time_factor: 1.0000132501755647
step_size {
  nsec: 4000000
}

sim_time {
  sec: 70
  nsec: 216000000
}
real_time {
  sec: 72
  nsec: 274097422
}
iterations: 17554
real_time_factor: 1.0001847841388696
step_size {
  nsec: 4000000
}

sim_time {
  sec: 70
  nsec: 316000000
}
real_time {
  sec: 72
  nsec: 374098029
}
iterations: 17579
real_time_factor: 1.0006178815418521
step_size {
  nsec: 4000000
}

sim_time {
  sec: 70
  nsec: 420000000
}
real_time {
  sec: 72
  nsec: 478098685
}
iterations: 17605
real_time_factor: 0.99989751050517317
step_size {
  nsec: 4000000
}

sim_time {
  sec: 70
  nsec: 524000000
}
real_time {
  sec: 72
  nsec: 582097951
}
iterations: 17631
real_time_factor: 1.0000107501155637
step_size {
  nsec: 4000000
}

sim_time {
  sec: 70
  nsec: 624000000
}
real_time {
  sec: 72
  nsec: 682099010
}
iterations: 17656
real_time_factor: 0.99987651525036658
step_size {
  nsec: 4000000
}

sim_time {
  sec: 70
  nsec: 728000000
}
real_time {
  sec: 72
  nsec: 786097951
}
iterations: 17682
real_time_factor: 1.0001312672288238
step_size {
  nsec: 4000000
}

sim_time {
  sec: 70
  nsec: 828000000
}
real_time {
  sec: 72
  nsec: 886098093
}
iterations: 17707
real_time_factor: 0.999976500552237
step_size {
  nsec: 4000000
}

sim_time {
  sec: 70
  nsec: 928000000
}
real_time {
  sec: 72
  nsec: 986098672
}
iterations: 17732
real_time_factor: 0.99999450003024981
step_size {
  nsec: 4000000
}

