sim_time {
  nsec: 4000000
}
real_time {
  sec: 1
  nsec: 776291935
}
iterations: 1
real_time_factor: 0.002251882092793491
step_size {
  nsec: 4000000
}

sim_time {
  nsec: 108000000
}
real_time {
  sec: 1
  nsec: 880275963
}
iterations: 27
real_time_factor: 0.99950649366875111
step_size {
  nsec: 4000000
}

sim_time {
  nsec: 208000000
}
real_time {
  sec: 1
  nsec: 980279339
}
iterations: 52
real_time_factor: 0.99893812876911847
step_size {
  nsec: 4000000
}

sim_time {
  nsec: 312000000
}
real_time {
  sec: 2
  nsec: 84279932
}
iterations: 78
real_time_factor: 0.99883411088407059
step_size {
  nsec: 4000000
}

sim_time {
  nsec: 412000000
}
real_time {
  sec: 2
  nsec: 184280995
}
iterations: 103
real_time_factor: 0.9985014988755625
step_size {
  nsec: 4000000
}

sim_time {
  nsec: 516000000
}
real_time {
  sec: 2
  nsec: 288275134
}
iterations: 129
real_time_factor: 1.0003326105930221
step_size {
  nsec: 4000000
}

sim_time {
  nsec: 620000000
}
real_time {
  sec: 2
  nsec: 392274864
}
iterations: 155
real_time_factor: 0.99996950093022163
step_size {
  nsec: 4000000
}

sim_time {
  nsec: 724000000
}
real_time {
  sec: 2
  nsec: 496274550
}
iterations: 181
real_time_factor: 1.0000455020703443
step_size {
  nsec: 4000000
}

sim_time {
  nsec: 828000000
}
real_time {
  sec: 2
  nsec: 600274703
}
iterations: 207
real_time_factor: 0.99992775521968535
step_size {
  nsec: 4000000
}

sim_time {
  nsec: 932000000
}
real_time {
  sec: 2
  nsec: 704274865
}
iterations: 233
real_time_factor: 1.0000225005062613
step_size {
  nsec: 4000000
}

sim_time {
  sec: 1
  nsec: 32000000
}
real_time {
  sec: 2
  nsec: 804275255
}
iterations: 258
real_time_factor: 0.99990200960305886
step_size {
  nsec: 4000000
}

sim_time {
  sec: 1
  nsec: 136000000
}
real_time {
  sec: 2
  nsec: 908274779
}
iterations: 284
real_time_factor: 0.99999450003024981
step_size {
  nsec: 4000000
}

sim_time {
  sec: 1
  nsec: 240000000
}
real_time {
  sec: 3
  nsec: 12274953
}
iterations: 310
real_time_factor: 0.99987676518869051
step_size {
  nsec: 4000000
}

sim_time {
  sec: 1
  nsec: 344000000
}
real_time {
  sec: 3
  nsec: 116274878
}
iterations: 336
real_time_factor: 0.99995550198016192
step_size {
  nsec: 4000000
}

sim_time {
  sec: 1
  nsec: 444000000
}
real_time {
  sec: 3
  nsec: 216276625
}
iterations: 361
real_time_factor: 0.9995457064764065
step_size {
  nsec: 4000000
}

sim_time {
  sec: 1
  nsec: 548000000
}
real_time {
  sec: 3
  nsec: 320274550
}
iterations: 387
real_time_factor: 1.0000827568481292
step_size {
  nsec: 4000000
}

sim_time {
  sec: 1
  nsec: 652000000
}
real_time {
  sec: 3
  nsec: 424275511
}
iterations: 413
real_time_factor: 0.99981203533735663
step_size {
  nsec: 4000000
}

sim_time {
  sec: 1
  nsec: 756000000
}
real_time {
  sec: 3
  nsec: 528274973
}
iterations: 439
real_time_factor: 0.99993475425728473
step_size {
  nsec: 4000000
}

sim_time {
  sec: 1
  nsec: 768000000
}
real_time {
  sec: 3
  nsec: 826990044
}
iterations: 442
real_time_factor: 0.013759517367866521
step_size {
  nsec: 4000000
}

sim_time {
  sec: 1
  nsec: 872000000
}
real_time {
  sec: 3
  nsec: 930986184
}
iterations: 468
real_time_factor: 1.0000620038442383
step_size {
  nsec: 4000000
}

sim_time {
  sec: 1
  nsec: 976000000
}
real_time {
  sec: 4
  nsec: 34984677
}
iterations: 494
real_time_factor: 1.0000017500030625
step_size {
  nsec: 4000000
}

sim_time {
  sec: 2
  nsec: 76000000
}
real_time {
  sec: 4
  nsec: 134985797
}
iterations: 519
real_time_factor: 0.99978404664592446
step_size {
  nsec: 4000000
}

sim_time {
  sec: 2
  nsec: 180000000
}
real_time {
  sec: 4
  nsec: 238984711
}
iterations: 545
real_time_factor: 1.0000087500765631
step_size {
  nsec: 4000000
}

sim_time {
  sec: 2
  nsec: 280000000
}
real_time {
  sec: 4
  nsec: 338985031
}
iterations: 570
real_time_factor: 0.99996225142500872
step_size {
  nsec: 4000000
}

sim_time {
  sec: 2
  nsec: 384000000
}
real_time {
  sec: 4
  nsec: 442984732
}
iterations: 596
real_time_factor: 1.0000247506125777
step_size {
  nsec: 4000000
}

sim_time {
  sec: 2
  nsec: 488000000
}
real_time {
  sec: 4
  nsec: 546984618
}
iterations: 622
real_time_factor: 1.0000295008702758
step_size {
  nsec: 4000000
}

sim_time {
  sec: 2
  nsec: 592000000
}
real_time {
  sec: 4
  nsec: 650984153
}
iterations: 648
real_time_factor: 1.0000155002402538
step_size {
  nsec: 4000000
}

sim_time {
  sec: 2
  nsec: 692000000
}
real_time {
  sec: 4
  nsec: 750984804
}
iterations: 673
real_time_factor: 0.99995550198016192
step_size {
  nsec: 4000000
}

sim_time {
  sec: 2
  nsec: 792000000
}
real_time {
  sec: 4
  nsec: 850985141
}
iterations: 698
real_time_factor: 1.0006108729379286
step_size {
  nsec: 4000000
}

sim_time {
  sec: 2
  nsec: 896000000
}
real_time {
  sec: 4
  nsec: 954985109
}
iterations: 724
real_time_factor: 1.0002195481908278
step_size {
  nsec: 4000000
}

sim_time {
  sec: 3
}
real_time {
  sec: 5
  nsec: 58984717
}
iterations: 750
real_time_factor: 1.0000342511731026
step_size {
  nsec: 4000000
}

sim_time {
  sec: 3
  nsec: 104000000
}
real_time {
  sec: 5
  nsec: 162984926
}
iterations: 776
real_time_factor: 0.99989751050517317
step_size {
  nsec: 4000000
}

sim_time {
  sec: 3
  nsec: 208000000
}
real_time {
  sec: 5
  nsec: 266984802
}
iterations: 802
real_time_factor: 1.0000250006250155
step_size {
  nsec: 4000000
}

sim_time {
  sec: 3
  nsec: 308000000
}
real_time {
  sec: 5
  nsec: 366985240
}
iterations: 827
real_time_factor: 0.99976580486021149
step_size {
  nsec: 4000000
}

sim_time {
  sec: 3
  nsec: 412000000
}
real_time {
  sec: 5
  nsec: 470984515
}
iterations: 853
real_time_factor: 1.0000342511731026
step_size {
  nsec: 4000000
}

sim_time {
  sec: 3
  nsec: 512000000
}
real_time {
  sec: 5
  nsec: 570984388
}
iterations: 878
real_time_factor: 1.0001060112371911
step_size {
  nsec: 4000000
}

sim_time {
  sec: 3
  nsec: 612000000
}
real_time {
  sec: 5
  nsec: 670987224
}
iterations: 903
real_time_factor: 1.0006644411889494
step_size {
  nsec: 4000000
}

sim_time {
  sec: 3
  nsec: 712000000
}
real_time {
  sec: 5
  nsec: 770986356
}
iterations: 928
real_time_factor: 0.99985352145910622
step_size {
  nsec: 4000000
}

sim_time {
  sec: 3
  nsec: 816000000
}
real_time {
  sec: 5
  nsec: 874989444
}
iterations: 954
real_time_factor: 0.99939811248675481
step_size {
  nsec: 4000000
}

sim_time {
  sec: 3
  nsec: 920000000
}
real_time {
  sec: 5
  nsec: 978985809
}
iterations: 980
real_time_factor: 0.999976500552237
step_size {
  nsec: 4000000
}

sim_time {
  sec: 4
  nsec: 20000000
}
real_time {
  sec: 6
  nsec: 78985774
}
iterations: 1005
real_time_factor: 1.0007941301422678
step_size {
  nsec: 4000000
}

sim_time {
  sec: 4
  nsec: 120000000
}
real_time {
  sec: 6
  nsec: 178985425
}
iterations: 1030
real_time_factor: 1.000406915512885
step_size {
  nsec: 4000000
}

sim_time {
  sec: 4
  nsec: 224000000
}
real_time {
  sec: 6
  nsec: 282986364
}
iterations: 1056
real_time_factor: 0.99982128194585218
step_size {
  nsec: 4000000
}

sim_time {
  sec: 4
  nsec: 328000000
}
real_time {
  sec: 6
  nsec: 386985081
}
iterations: 1082
real_time_factor: 1.000252063520007
step_size {
  nsec: 4000000
}

sim_time {
  sec: 4
  nsec: 428000000
}
real_time {
  sec: 6
  nsec: 486990436
}
iterations: 1107
real_time_factor: 0.999800289892094
step_size {
  nsec: 4000000
}

sim_time {
  sec: 4
  nsec: 532000000
}
real_time {
  sec: 6
  nsec: 590984161
}
iterations: 1133
real_time_factor: 1.0001177638666954
step_size {
  nsec: 4000000
}

sim_time {
  sec: 4
  nsec: 632000000
}
real_time {
  sec: 6
  nsec: 690985173
}
iterations: 1158
real_time_factor: 0.99997375068904437
step_size {
  nsec: 4000000
}

sim_time {
  sec: 4
  nsec: 732000000
}
real_time {
  sec: 6
  nsec: 790986201
}
iterations: 1183
real_time_factor: 1.057969592366961
step_size {
  nsec: 4000000
}

sim_time {
  sec: 4
  nsec: 836000000
}
real_time {
  sec: 6
  nsec: 894986370
}
iterations: 1209
real_time_factor: 0.99991625701347508
step_size {
  nsec: 4000000
}

sim_time {
  sec: 4
  nsec: 940000000
}
real_time {
  sec: 6
  nsec: 998985480
}
iterations: 1235
real_time_factor: 0.99997875045155293
step_size {
  nsec: 4000000
}

sim_time {
  sec: 5
  nsec: 40000000
}
real_time {
  sec: 7
  nsec: 98985440
}
iterations: 1260
real_time_factor: 1.0000595035404607
step_size {
  nsec: 4000000
}

sim_time {
  sec: 5
  nsec: 144000000
}
real_time {
  sec: 7
  nsec: 202985559
}
iterations: 1286
real_time_factor: 0.99974731386642024
step_size {
  nsec: 4000000
}

sim_time {
  sec: 5
  nsec: 248000000
}
real_time {
  sec: 7
  nsec: 306984615
}
iterations: 1312
real_time_factor: 1.0000065000422502
step_size {
  nsec: 4000000
}

sim_time {
  sec: 5
  nsec: 352000000
}
real_time {
  sec: 7
  nsec: 410984981
}
iterations: 1338
real_time_factor: 0.99991150783155691
step_size {
  nsec: 4000000
}

sim_time {
  sec: 5
  nsec: 456000000
}
real_time {
  sec: 7
  nsec: 514985123
}
iterations: 1364
real_time_factor: 1.0000225005062613
step_size {
  nsec: 4000000
}

sim_time {
  sec: 5
  nsec: 560000000
}
real_time {
  sec: 7
  nsec: 618985171
}
iterations: 1390
real_time_factor: 0.99990000999900008
step_size {
  nsec: 4000000
}

sim_time {
  sec: 5
  nsec: 664000000
}
real_time {
  sec: 7
  nsec: 722984923
}
iterations: 1416
real_time_factor: 0.9999717507980399
step_size {
  nsec: 4000000
}

sim_time {
  sec: 5
  nsec: 768000000
}
real_time {
  sec: 7
  nsec: 826985147
}
iterations: 1442
real_time_factor: 0.99997400067598241
step_size {
  nsec: 4000000
}

sim_time {
  sec: 5
  nsec: 872000000
}
real_time {
  sec: 7
  nsec: 930984918
}
iterations: 1468
real_time_factor: 0.99996475124251871
step_size {
  nsec: 4000000
}

sim_time {
  sec: 5
  nsec: 976000000
}
real_time {
  sec: 8
  nsec: 34985263
}
iterations: 1494
real_time_factor: 0.99991150783155691
step_size {
  nsec: 4000000
}

sim_time {
  sec: 6
  nsec: 80000000
}
real_time {
  sec: 8
  nsec: 138985099
}
iterations: 1520
real_time_factor: 0.99986976696285312
step_size {
  nsec: 4000000
}

sim_time {
  sec: 6
  nsec: 184000000
}
real_time {
  sec: 8
  nsec: 242984966
}
iterations: 1546
real_time_factor: 1.000126766067599
step_size {
  nsec: 4000000
}

sim_time {
  sec: 6
  nsec: 288000000
}
real_time {
  sec: 8
  nsec: 346985185
}
iterations: 1572
real_time_factor: 0.99996025157999968
step_size {
  nsec: 4000000
}

sim_time {
  sec: 6
  nsec: 388000000
}
real_time {
  sec: 8
  nsec: 446985575
}
iterations: 1597
real_time_factor: 1.0000482523281748
step_size {
  nsec: 4000000
}

sim_time {
  sec: 6
  nsec: 488000000
}
real_time {
  sec: 8
  nsec: 546986409
}
iterations: 1622
real_time_factor: 0.99988101415931507
step_size {
  nsec: 4000000
}

sim_time {
  sec: 6
  nsec: 592000000
}
real_time {
  sec: 8
  nsec: 650984890
}
iterations: 1648
real_time_factor: 1.0000480023041105
step_size {
  nsec: 4000000
}

sim_time {
  sec: 6
  nsec: 696000000
}
real_time {
  sec: 8
  nsec: 754985613
}
iterations: 1674
real_time_factor: 0.99978654557252022
step_size {
  nsec: 4000000
}

sim_time {
  sec: 6
  nsec: 800000000
}
real_time {
  sec: 8
  nsec: 858985605
}
iterations: 1700
real_time_factor: 0.99992075628006483
step_size {
  nsec: 4000000
}

sim_time {
  sec: 6
  nsec: 900000000
}
real_time {
  sec: 8
  nsec: 958985799
}
iterations: 1725
real_time_factor: 1.0006316487282596
step_size {
  nsec: 4000000
}

sim_time {
  sec: 7
  nsec: 4000000
}
real_time {
  sec: 9
  nsec: 62985400
}
iterations: 1751
real_time_factor: 1.0001592753646018
step_size {
  nsec: 4000000
}

sim_time {
  sec: 7
  nsec: 108000000
}
real_time {
  sec: 9
  nsec: 166985198
}
iterations: 1777
real_time_factor: 0.99997150081222685
step_size {
  nsec: 4000000
}

sim_time {
  sec: 7
  nsec: 212000000
}
real_time {
  sec: 9
  nsec: 270985068
}
iterations: 1803
real_time_factor: 0.99992800518362679
step_size {
  nsec: 4000000
}

sim_time {
  sec: 7
  nsec: 316000000
}
real_time {
  sec: 9
  nsec: 374984171
}
iterations: 1829
real_time_factor: 1.0001500225033755
step_size {
  nsec: 4000000
}

sim_time {
  sec: 7
  nsec: 416000000
}
real_time {
  sec: 9
  nsec: 474985864
}
iterations: 1854
real_time_factor: 0.99975181161276716
step_size {
  nsec: 4000000
}

sim_time {
  sec: 7
  nsec: 520000000
}
real_time {
  sec: 9
  nsec: 578984698
}
iterations: 1880
real_time_factor: 1.0001917867751142
step_size {
  nsec: 4000000
}

sim_time {
  sec: 7
  nsec: 620000000
}
real_time {
  sec: 9
  nsec: 678985677
}
iterations: 1905
real_time_factor: 1.00012451550218
step_size {
  nsec: 4000000
}

sim_time {
  sec: 7
  nsec: 724000000
}
real_time {
  sec: 9
  nsec: 782987241
}
iterations: 1931
real_time_factor: 0.9994465564693551
step_size {
  nsec: 4000000
}

sim_time {
  sec: 7
  nsec: 828000000
}
real_time {
  sec: 9
  nsec: 886984871
}
iterations: 1957
real_time_factor: 1.0002122950596264
step_size {
  nsec: 4000000
}

sim_time {
  sec: 7
  nsec: 928000000
}
real_time {
  sec: 9
  nsec: 986986173
}
iterations: 1982
real_time_factor: 0.99978454643024428
step_size {
  nsec: 4000000
}

sim_time {
  sec: 8
  nsec: 32000000
}
real_time {
  sec: 10
  nsec: 90985136
}
iterations: 2008
real_time_factor: 1.0000387515016207
step_size {
  nsec: 4000000
}

sim_time {
  sec: 8
  nsec: 132000000
}
real_time {
  sec: 10
  nsec: 190985708
}
iterations: 2033
real_time_factor: 1.0008219250059112
step_size {
  nsec: 4000000
}

sim_time {
  sec: 8
  nsec: 232000000
}
real_time {
  sec: 10
  nsec: 290987196
}
iterations: 2058
real_time_factor: 1.015349546773346
step_size {
  nsec: 4000000
}

sim_time {
  sec: 8
  nsec: 336000000
}
real_time {
  sec: 10
  nsec: 394986177
}
iterations: 2084
real_time_factor: 1.0000017500030625
step_size {
  nsec: 4000000
}

sim_time {
  sec: 8
  nsec: 440000000
}
real_time {
  sec: 10
  nsec: 498985380
}
iterations: 2110
real_time_factor: 1.0001012602526005
step_size {
  nsec: 4000000
}

sim_time {
  sec: 8
  nsec: 544000000
}
real_time {
  sec: 10
  nsec: 602985063
}
iterations: 2136
real_time_factor: 1.0000322510400961
step_size {
  nsec: 4000000
}

sim_time {
  sec: 8
  nsec: 648000000
}
real_time {
  sec: 10
  nsec: 706985525
}
iterations: 2162
real_time_factor: 0.99991150783155691
step_size {
  nsec: 4000000
}

sim_time {
  sec: 8
  nsec: 752000000
}
real_time {
  sec: 10
  nsec: 810985199
}
iterations: 2188
real_time_factor: 0.9999255055498365
step_size {
  nsec: 4000000
}

sim_time {
  sec: 8
  nsec: 856000000
}
real_time {
  sec: 10
  nsec: 914984836
}
iterations: 2214
real_time_factor: 0.99995775178498714
step_size {
  nsec: 4000000
}

sim_time {
  sec: 8
  nsec: 956000000
}
real_time {
  sec: 11
  nsec: 14985028
}
iterations: 2239
real_time_factor: 0.99995775178498714
step_size {
  nsec: 4000000
}

sim_time {
  sec: 9
  nsec: 60000000
}
real_time {
  sec: 11
  nsec: 118984878
}
iterations: 2265
real_time_factor: 0.99995300220889616
step_size {
  nsec: 4000000
}

sim_time {
  sec: 9
  nsec: 164000000
}
real_time {
  sec: 11
  nsec: 222984487
}
iterations: 2291
real_time_factor: 1.0000942588839
step_size {
  nsec: 4000000
}

sim_time {
  sec: 9
  nsec: 268000000
}
real_time {
  sec: 11
  nsec: 326985040
}
iterations: 2317
real_time_factor: 1.000002000004
step_size {
  nsec: 4000000
}

sim_time {
  sec: 9
  nsec: 372000000
}
real_time {
  sec: 11
  nsec: 430985012
}
iterations: 2343
real_time_factor: 0.99994150342204979
step_size {
  nsec: 4000000
}

sim_time {
  sec: 9
  nsec: 472000000
}
real_time {
  sec: 11
  nsec: 530987165
}
iterations: 2368
real_time_factor: 0.99999475002756233
step_size {
  nsec: 4000000
}

sim_time {
  sec: 9
  nsec: 576000000
}
real_time {
  sec: 11
  nsec: 634985292
}
iterations: 2394
real_time_factor: 1.0000157502480664
step_size {
  nsec: 4000000
}

sim_time {
  sec: 9
  nsec: 676000000
}
real_time {
  sec: 11
  nsec: 734985769
}
iterations: 2419
real_time_factor: 0.9997725517444781
step_size {
  nsec: 4000000
}

sim_time {
  sec: 9
  nsec: 780000000
}
real_time {
  sec: 11
  nsec: 838984867
}
iterations: 2445
real_time_factor: 0.99998350027224547
step_size {
  nsec: 4000000
}

sim_time {
  sec: 9
  nsec: 880000000
}
real_time {
  sec: 11
  nsec: 938985965
}
iterations: 2470
real_time_factor: 1.0003558766031015
step_size {
  nsec: 4000000
}

sim_time {
  sec: 9
  nsec: 984000000
}
real_time {
  sec: 12
  nsec: 42985045
}
iterations: 2496
real_time_factor: 0.99995325218546038
step_size {
  nsec: 4000000
}

sim_time {
  sec: 10
  nsec: 84000000
}
real_time {
  sec: 12
  nsec: 142985642
}
iterations: 2521
real_time_factor: 1.0001937875463371
step_size {
  nsec: 4000000
}

sim_time {
  sec: 10
  nsec: 188000000
}
real_time {
  sec: 12
  nsec: 246985185
}
iterations: 2547
real_time_factor: 0.9999855002102469
step_size {
  nsec: 4000000
}

sim_time {
  sec: 10
  nsec: 288000000
}
real_time {
  sec: 12
  nsec: 346985059
}
iterations: 2572
real_time_factor: 0.99992575551265317
step_size {
  nsec: 4000000
}

sim_time {
  sec: 10
  nsec: 392000000
}
real_time {
  sec: 12
  nsec: 450984982
}
iterations: 2598
real_time_factor: 1.0000182503330686
step_size {
  nsec: 4000000
}

sim_time {
  sec: 10
  nsec: 496000000
}
real_time {
  sec: 12
  nsec: 554984831
}
iterations: 2624
real_time_factor: 1.0000320010240327
step_size {
  nsec: 4000000
}

sim_time {
  sec: 10
  nsec: 596000000
}
real_time {
  sec: 12
  nsec: 654985344
}
iterations: 2649
real_time_factor: 0.99984677348196394
step_size {
  nsec: 4000000
}

sim_time {
  sec: 10
  nsec: 696000000
}
real_time {
  sec: 12
  nsec: 754988356
}
iterations: 2674
real_time_factor: 0.9994098484844699
step_size {
  nsec: 4000000
}

sim_time {
  sec: 10
  nsec: 800000000
}
real_time {
  sec: 12
  nsec: 859042000
}
iterations: 2700
real_time_factor: 0.98597694292918958
step_size {
  nsec: 4000000
}

sim_time {
  sec: 10
  nsec: 904000000
}
real_time {
  sec: 12
  nsec: 962986469
}
iterations: 2726
real_time_factor: 0.99979329273672668
step_size {
  nsec: 4000000
}

sim_time {
  sec: 11
  nsec: 8000000
}
real_time {
  sec: 13
  nsec: 66985992
}
iterations: 2752
real_time_factor: 1.0000482523281748
step_size {
  nsec: 4000000
}

sim_time {
  sec: 11
  nsec: 112000000
}
real_time {
  sec: 13
  nsec: 170985109
}
iterations: 2778
real_time_factor: 1.0001360184985157
step_size {
  nsec: 4000000
}

sim_time {
  sec: 11
  nsec: 212000000
}
real_time {
  sec: 13
  nsec: 270985139
}
iterations: 2803
real_time_factor: 0.99989076193425863
step_size {
  nsec: 4000000
}

sim_time {
  sec: 11
  nsec: 312000000
}
real_time {
  sec: 13
  nsec: 370985550
}
iterations: 2828
real_time_factor: 0.99986051945753562
step_size {
  nsec: 4000000
}

sim_time {
  sec: 11
  nsec: 416000000
}
real_time {
  sec: 13
  nsec: 474985073
}
iterations: 2854
real_time_factor: 0.99998825013806092
step_size {
  nsec: 4000000
}

sim_time {
  sec: 11
  nsec: 516000000
}
real_time {
  sec: 13
  nsec: 574985891
}
iterations: 2879
real_time_factor: 1.0000090000810007
step_size {
  nsec: 4000000
}

sim_time {
  sec: 11
  nsec: 620000000
}
real_time {
  sec: 13
  nsec: 678985368
}
iterations: 2905
real_time_factor: 0.99995300220889616
step_size {
  nsec: 4000000
}

sim_time {
  sec: 11
  nsec: 724000000
}
real_time {
  sec: 13
  nsec: 782985363
}
iterations: 2931
real_time_factor: 0.99993925369033831
step_size {
  nsec: 4000000
}

sim_time {
  sec: 11
  nsec: 828000000
}
real_time {
  sec: 13
  nsec: 886984894
}
iterations: 2957
real_time_factor: 0.99996950093022163
step_size {
  nsec: 4000000
}

sim_time {
  sec: 11
  nsec: 928000000
}
real_time {
  sec: 13
  nsec: 986984905
}
iterations: 2982
real_time_factor: 0.99993500422472537
step_size {
  nsec: 4000000
}

sim_time {
  sec: 12
  nsec: 28000000
}
real_time {
  sec: 14
  nsec: 86985472
}
iterations: 3007
real_time_factor: 0.99991850664170867
step_size {
  nsec: 4000000
}

sim_time {
  sec: 12
  nsec: 132000000
}
real_time {
  sec: 14
  nsec: 190984791
}
iterations: 3033
real_time_factor: 1.0000597535702758
step_size {
  nsec: 4000000
}

sim_time {
  sec: 12
  nsec: 232000000
}
real_time {
  sec: 14
  nsec: 290985302
}
iterations: 3058
real_time_factor: 0.99998325028055779
step_size {
  nsec: 4000000
}

sim_time {
  sec: 12
  nsec: 332000000
}
real_time {
  sec: 14
  nsec: 390989962
}
iterations: 3083
real_time_factor: 0.99866802651962949
step_size {
  nsec: 4000000
}

sim_time {
  sec: 12
  nsec: 436000000
}
real_time {
  sec: 14
  nsec: 494986313
}
iterations: 3109
real_time_factor: 0.99987676518869051
step_size {
  nsec: 4000000
}

sim_time {
  sec: 12
  nsec: 540000000
}
real_time {
  sec: 14
  nsec: 598985576
}
iterations: 3135
real_time_factor: 0.99995325218546038
step_size {
  nsec: 4000000
}

sim_time {
  sec: 12
  nsec: 640000000
}
real_time {
  sec: 14
  nsec: 698986058
}
iterations: 3160
real_time_factor: 0.99996475124251871
step_size {
  nsec: 4000000
}

sim_time {
  sec: 12
  nsec: 744000000
}
real_time {
  sec: 14
  nsec: 802985070
}
iterations: 3186
real_time_factor: 1.0002310533733292
step_size {
  nsec: 4000000
}

sim_time {
  sec: 12
  nsec: 844000000
}
real_time {
  sec: 14
  nsec: 902985830
}
iterations: 3211
real_time_factor: 0.99980278889988949
step_size {
  nsec: 4000000
}

sim_time {
  sec: 12
  nsec: 944000000
}
real_time {
  sec: 15
  nsec: 2985572
}
iterations: 3236
real_time_factor: 1.0001915366792742
step_size {
  nsec: 4000000
}

sim_time {
  sec: 13
  nsec: 48000000
}
real_time {
  sec: 15
  nsec: 106986852
}
iterations: 3262
real_time_factor: 0.99953221892154476
step_size {
  nsec: 4000000
}

sim_time {
  sec: 13
  nsec: 152000000
}
real_time {
  sec: 15
  nsec: 210988447
}
iterations: 3288
real_time_factor: 0.99935192027969866
step_size {
  nsec: 4000000
}

sim_time {
  sec: 13
  nsec: 256000000
}
real_time {
  sec: 15
  nsec: 314985997
}
iterations: 3314
real_time_factor: 0.99981428449665477
step_size {
  nsec: 4000000
}

sim_time {
  sec: 13
  nsec: 360000000
}
real_time {
  sec: 15
  nsec: 418984934
}
iterations: 3340
real_time_factor: 1.00012451550218
step_size {
  nsec: 4000000
}

sim_time {
  sec: 13
  nsec: 460000000
}
real_time {
  sec: 15
  nsec: 518985898
}
iterations: 3365
real_time_factor: 0.99980753704911807
step_size {
  nsec: 4000000
}

sim_time {
  sec: 13
  nsec: 564000000
}
real_time {
  sec: 15
  nsec: 622985086
}
iterations: 3391
real_time_factor: 1.0000317510080945
step_size {
  nsec: 4000000
}

sim_time {
  sec: 13
  nsec: 668000000
}
real_time {
  sec: 15
  nsec: 726984689
}
iterations: 3417
real_time_factor: 1.0000295008702758
step_size {
  nsec: 4000000
}

sim_time {
  sec: 13
  nsec: 768000000
}
real_time {
  sec: 15
  nsec: 826985966
}
iterations: 3442
real_time_factor: 0.99992800518362679
step_size {
  nsec: 4000000
}

sim_time {
  sec: 13
  nsec: 872000000
}
real_time {
  sec: 15
  nsec: 930985477
}
iterations: 3468
real_time_factor: 0.99998100036099313
step_size {
  nsec: 4000000
}

sim_time {
  sec: 13
  nsec: 972000000
}
real_time {
  sec: 16
  nsec: 30986828
}
iterations: 3493
real_time_factor: 0.99961314971106185
step_size {
  nsec: 4000000
}

sim_time {
  sec: 14
  nsec: 76000000
}
real_time {
  sec: 16
  nsec: 134985358
}
iterations: 3519
real_time_factor: 1.0000595035404607
step_size {
  nsec: 4000000
}

sim_time {
  sec: 14
  nsec: 176000000
}
real_time {
  sec: 16
  nsec: 234985682
}
iterations: 3544
real_time_factor: 1.0000757557384972
step_size {
  nsec: 4000000
}

sim_time {
  sec: 14
  nsec: 276000000
}
real_time {
  sec: 16
  nsec: 334987672
}
iterations: 3569
real_time_factor: 0.99979579170954336
step_size {
  nsec: 4000000
}

sim_time {
  sec: 14
  nsec: 380000000
}
real_time {
  sec: 16
  nsec: 438986562
}
iterations: 3595
real_time_factor: 0.99978204751364208
step_size {
  nsec: 4000000
}

sim_time {
  sec: 14
  nsec: 484000000
}
real_time {
  sec: 16
  nsec: 542985702
}
iterations: 3621
real_time_factor: 1.0002288023385348
step_size {
  nsec: 4000000
}

sim_time {
  sec: 14
  nsec: 584000000
}
real_time {
  sec: 16
  nsec: 642991655
}
iterations: 3646
real_time_factor: 0.99855733429128268
step_size {
  nsec: 4000000
}

sim_time {
  sec: 14
  nsec: 688000000
}
real_time {
  sec: 16
  nsec: 746986303
}
iterations: 3672
real_time_factor: 1.0011701175749157
step_size {
  nsec: 4000000
}

sim_time {
  sec: 14
  nsec: 792000000
}
real_time {
  sec: 16
  nsec: 850985183
}
iterations: 3698
real_time_factor: 0.9999717507980399
step_size {
  nsec: 4000000
}

sim_time {
  sec: 14
  nsec: 896000000
}
real_time {
  sec: 16
  nsec: 954985211
}
iterations: 3724
real_time_factor: 0.999976500552237
step_size {
  nsec: 4000000
}

sim_time {
  sec: 15
}
real_time {
  sec: 17
  nsec: 58985258
}
iterations: 3750
real_time_factor: 1.0000272507425827
step_size {
  nsec: 4000000
}

sim_time {
  sec: 15
  nsec: 100000000
}
real_time {
  sec: 17
  nsec: 158985626
}
iterations: 3775
real_time_factor: 1.0003306092663626
step_size {
  nsec: 4000000
}

sim_time {
  sec: 15
  nsec: 204000000
}
real_time {
  sec: 17
  nsec: 262985118
}
iterations: 3801
real_time_factor: 1.0001497724284212
step_size {
  nsec: 4000000
}

sim_time {
  sec: 15
  nsec: 304000000
}
real_time {
  sec: 17
  nsec: 362986495
}
iterations: 3826
real_time_factor: 1.0001757808934921
step_size {
  nsec: 4000000
}

sim_time {
  sec: 15
  nsec: 408000000
}
real_time {
  sec: 17
  nsec: 466986847
}
iterations: 3852
real_time_factor: 0.9999165069716679
step_size {
  nsec: 4000000
}

sim_time {
  sec: 15
  nsec: 512000000
}
real_time {
  sec: 17
  nsec: 570985413
}
iterations: 3878
real_time_factor: 1.0000435018923324
step_size {
  nsec: 4000000
}

sim_time {
  sec: 15
  nsec: 612000000
}
real_time {
  sec: 17
  nsec: 670985317
}
iterations: 3903
real_time_factor: 1.0000715051126154
step_size {
  nsec: 4000000
}

sim_time {
  sec: 15
  nsec: 716000000
}
real_time {
  sec: 17
  nsec: 774985122
}
iterations: 3929
real_time_factor: 1.0000992598515404
step_size {
  nsec: 4000000
}

sim_time {
  sec: 15
  nsec: 820000000
}
real_time {
  sec: 17
  nsec: 878985177
}
iterations: 3955
real_time_factor: 0.99999700000899994
step_size {
  nsec: 4000000
}

sim_time {
  sec: 15
  nsec: 924000000
}
real_time {
  sec: 17
  nsec: 982985519
}
iterations: 3981
real_time_factor: 0.99986976696285312
step_size {
  nsec: 4000000
}

sim_time {
  sec: 16
  nsec: 28000000
}
real_time {
  sec: 18
  nsec: 86985323
}
iterations: 4007
real_time_factor: 0.999888512430864
step_size {
  nsec: 4000000
}

sim_time {
  sec: 16
  nsec: 132000000
}
real_time {
  sec: 18
  nsec: 190984711
}
iterations: 4033
real_time_factor: 0.99999275005256216
step_size {
  nsec: 4000000
}

sim_time {
  sec: 16
  nsec: 232000000
}
real_time {
  sec: 18
  nsec: 290985921
}
iterations: 4058
real_time_factor: 1.0003238548480071
step_size {
  nsec: 4000000
}

sim_time {
  sec: 16
  nsec: 336000000
}
real_time {
  sec: 18
  nsec: 394985042
}
iterations: 4084
real_time_factor: 1.0000017500030625
step_size {
  nsec: 4000000
}

sim_time {
  sec: 16
  nsec: 436000000
}
real_time {
  sec: 18
  nsec: 494985159
}
iterations: 4109
real_time_factor: 0.99990225955412859
step_size {
  nsec: 4000000
}

sim_time {
  sec: 16
  nsec: 536000000
}
real_time {
  sec: 18
  nsec: 594990832
}
iterations: 4134
real_time_factor: 0.99875555058397236
step_size {
  nsec: 4000000
}

sim_time {
  sec: 16
  nsec: 640000000
}
real_time {
  sec: 18
  nsec: 698985033
}
iterations: 4160
real_time_factor: 0.99999975000006247
step_size {
  nsec: 4000000
}

sim_time {
  sec: 16
  nsec: 740000000
}
real_time {
  sec: 18
  nsec: 798985206
}
iterations: 4185
real_time_factor: 0.99993925369033831
step_size {
  nsec: 4000000
}

sim_time {
  sec: 16
  nsec: 844000000
}
real_time {
  sec: 18
  nsec: 902984917
}
iterations: 4211
real_time_factor: 1.0000087500765631
step_size {
  nsec: 4000000
}

sim_time {
  sec: 16
  nsec: 944000000
}
real_time {
  sec: 19
  nsec: 2985552
}
iterations: 4236
real_time_factor: 0.9999255055498365
step_size {
  nsec: 4000000
}

sim_time {
  sec: 17
  nsec: 48000000
}
real_time {
  sec: 19
  nsec: 106985207
}
iterations: 4262
real_time_factor: 1.0000322510400961
step_size {
  nsec: 4000000
}

sim_time {
  sec: 17
  nsec: 152000000
}
real_time {
  sec: 19
  nsec: 210985382
}
iterations: 4288
real_time_factor: 0.99990675869475176
step_size {
  nsec: 4000000
}

sim_time {
  sec: 17
  nsec: 256000000
}
real_time {
  sec: 19
  nsec: 314984760
}
iterations: 4314
real_time_factor: 1.0000850072256142
step_size {
  nsec: 4000000
}

sim_time {
  sec: 17
  nsec: 356000000
}
real_time {
  sec: 19
  nsec: 414985903
}
iterations: 4339
real_time_factor: 0.99974731386642024
step_size {
  nsec: 4000000
}

sim_time {
  sec: 17
  nsec: 460000000
}
real_time {
  sec: 19
  nsec: 518985188
}
iterations: 4365
real_time_factor: 0.99990950818950886
step_size {
  nsec: 4000000
}

sim_time {
  sec: 17
  nsec: 560000000
}
real_time {
  sec: 19
  nsec: 618989351
}
iterations: 4390
real_time_factor: 0.99888524406762058
step_size {
  nsec: 4000000
}

sim_time {
  sec: 17
  nsec: 664000000
}
real_time {
  sec: 19
  nsec: 722986499
}
iterations: 4416
real_time_factor: 1.0005603137757144
step_size {
  nsec: 4000000
}

sim_time {
  sec: 17
  nsec: 764000000
}
real_time {
  sec: 19
  nsec: 822986653
}
iterations: 4441
real_time_factor: 1.0364630284568699
step_size {
  nsec: 4000000
}

sim_time {
  sec: 17
  nsec: 864000000
}
real_time {
  sec: 19
  nsec: 922987194
}
iterations: 4466
real_time_factor: 0.99966186437437532
step_size {
  nsec: 4000000
}

sim_time {
  sec: 17
  nsec: 968000000
}
real_time {
  sec: 20
  nsec: 26985192
}
iterations: 4492
real_time_factor: 1.0000617538132979
step_size {
  nsec: 4000000
}

sim_time {
  sec: 18
  nsec: 68000000
}
real_time {
  sec: 20
  nsec: 126985482
}
iterations: 4517
real_time_factor: 1.0002102942143585
step_size {
  nsec: 4000000
}

sim_time {
  sec: 18
  nsec: 172000000
}
real_time {
  sec: 20
  nsec: 230984979
}
iterations: 4543
real_time_factor: 1.0000322510400961
step_size {
  nsec: 4000000
}

sim_time {
  sec: 18
  nsec: 272000000
}
real_time {
  sec: 20
  nsec: 330986817
}
iterations: 4568
real_time_factor: 0.99964812386040114
step_size {
  nsec: 4000000
}

sim_time {
  sec: 18
  nsec: 372000000
}
real_time {
  sec: 20
  nsec: 430998386
}
iterations: 4593
real_time_factor: 0.99683157085204677
step_size {
  nsec: 4000000
}

sim_time {
  sec: 18
  nsec: 476000000
}
real_time {
  sec: 20
  nsec: 534985402
}
iterations: 4619
real_time_factor: 0.99993725393731547
step_size {
  nsec: 4000000
}

sim_time {
  sec: 18
  nsec: 580000000
}
real_time {
  sec: 20
  nsec: 638985064
}
iterations: 4645
real_time_factor: 1.0000967593614682
step_size {
  nsec: 4000000
}

sim_time {
  sec: 18
  nsec: 684000000
}
real_time {
  sec: 20
  nsec: 742985012
}
iterations: 4671
real_time_factor: 0.99993500422472537
step_size {
  nsec: 4000000
}

sim_time {
  sec: 18
  nsec: 784000000
}
real_time {
  sec: 20
  nsec: 842985442
}
iterations: 4696
real_time_factor: 0.9998445241764905
step_size {
  nsec: 4000000
}

sim_time {
  sec: 18
  nsec: 888000000
}
real_time {
  sec: 20
  nsec: 946984983
}
iterations: 4722
real_time_factor: 0.99999250005624962
step_size {
  nsec: 4000000
}

sim_time {
  sec: 18
  nsec: 988000000
}
real_time {
  sec: 21
  nsec: 46985644
}
iterations: 4747
real_time_factor: 1.0000897580557855
step_size {
  nsec: 4000000
}

sim_time {
  sec: 19
  nsec: 92000000
}
real_time {
  sec: 21
  nsec: 150984510
}
iterations: 4773
real_time_factor: 1.0000782561235417
step_size {
  nsec: 4000000
}

sim_time {
  sec: 19
  nsec: 192000000
}
real_time {
  sec: 21
  nsec: 250985226
}
iterations: 4798
real_time_factor: 1.0000252506375786
step_size {
  nsec: 4000000
}

sim_time {
  sec: 19
  nsec: 296000000
}
real_time {
  sec: 21
  nsec: 354985277
}
iterations: 4824
real_time_factor: 0.99995100240088231
step_size {
  nsec: 4000000
}

sim_time {
  sec: 19
  nsec: 400000000
}
real_time {
  sec: 21
  nsec: 458985189
}
iterations: 4850
real_time_factor: 0.99996950093022163
step_size {
  nsec: 4000000
}

sim_time {
  sec: 19
  nsec: 500000000
}
real_time {
  sec: 21
  nsec: 558985590
}
iterations: 4875
real_time_factor: 1.0000645041605183
step_size {
  nsec: 4000000
}

sim_time {
  sec: 19
  nsec: 600000000
}
real_time {
  sec: 21
  nsec: 658986157
}
iterations: 4900
real_time_factor: 1.0023894458415248
step_size {
  nsec: 4000000
}

sim_time {
  sec: 19
  nsec: 704000000
}
real_time {
  sec: 21
  nsec: 762984893
}
iterations: 4926
real_time_factor: 0.99993675400030946
step_size {
  nsec: 4000000
}

sim_time {
  sec: 19
  nsec: 804000000
}
real_time {
  sec: 21
  nsec: 862985264
}
iterations: 4951
real_time_factor: 1.0000900081007291
step_size {
  nsec: 4000000
}

sim_time {
  sec: 19
  nsec: 908000000
}
real_time {
  sec: 21
  nsec: 966985148
}
iterations: 4977
real_time_factor: 0.99997875045155293
step_size {
  nsec: 4000000
}

sim_time {
  sec: 20
  nsec: 8000000
}
real_time {
  sec: 22
  nsec: 66985668
}
iterations: 5002
real_time_factor: 0.99993925369033831
step_size {
  nsec: 4000000
}

sim_time {
  sec: 20
  nsec: 108000000
}
real_time {
  sec: 22
  nsec: 166986327
}
iterations: 5027
real_time_factor: 0.9999047590716984
step_size {
  nsec: 4000000
}

sim_time {
  sec: 20
  nsec: 212000000
}
real_time {
  sec: 22
  nsec: 270985849
}
iterations: 5053
real_time_factor: 0.99985852001941722
step_size {
  nsec: 4000000
}

sim_time {
  sec: 20
  nsec: 316000000
}
real_time {
  sec: 22
  nsec: 374985316
}
iterations: 5079
real_time_factor: 1.000053002809149
step_size {
  nsec: 4000000
}

sim_time {
  sec: 20
  nsec: 420000000
}
real_time {
  sec: 22
  nsec: 478985060
}
iterations: 5105
real_time_factor: 1.00006675445586
step_size {
  nsec: 4000000
}

sim_time {
  sec: 20
  nsec: 520000000
}
real_time {
  sec: 22
  nsec: 578985774
}
iterations: 5130
real_time_factor: 1.0000715051126154
step_size {
  nsec: 4000000
}

sim_time {
  sec: 20
  nsec: 624000000
}
real_time {
  sec: 22
  nsec: 682985064
}
iterations: 5156
real_time_factor: 1.000129266707722
step_size {
  nsec: 4000000
}

sim_time {
  sec: 20
  nsec: 724000000
}
real_time {
  sec: 22
  nsec: 782985334
}
iterations: 5181
real_time_factor: 0.99985602073301449
step_size {
  nsec: 4000000
}

sim_time {
  sec: 20
  nsec: 828000000
}
real_time {
  sec: 22
  nsec: 886984984
}
iterations: 5207
real_time_factor: 0.99996025157999968
step_size {
  nsec: 4000000
}

sim_time {
  sec: 20
  nsec: 928000000
}
real_time {
  sec: 22
  nsec: 986986115
}
iterations: 5232
real_time_factor: 0.99985602073301449
step_size {
  nsec: 4000000
}

sim_time {
  sec: 21
  nsec: 32000000
}
real_time {
  sec: 23
  nsec: 90984562
}
iterations: 5258
real_time_factor: 1.0002333044182556
step_size {
  nsec: 4000000
}

sim_time {
  sec: 21
  nsec: 132000000
}
real_time {
  sec: 23
  nsec: 190984701
}
iterations: 5283
real_time_factor: 0.99984227488113753
step_size {
  nsec: 4000000
}

sim_time {
  sec: 21
  nsec: 232000000
}
real_time {
  sec: 23
  nsec: 290985442
}
iterations: 5308
real_time_factor: 1.0002868322491474
step_size {
  nsec: 4000000
}

sim_time {
  sec: 21
  nsec: 336000000
}
real_time {
  sec: 23
  nsec: 394986787
}
iterations: 5334
real_time_factor: 0.99956244154121532
step_size {
  nsec: 4000000
}

sim_time {
  sec: 21
  nsec: 440000000
}
real_time {
  sec: 23
  nsec: 498986105
}
iterations: 5360
real_time_factor: 0.99993250455594251
step_size {
  nsec: 4000000
}

sim_time {
  sec: 21
  nsec: 540000000
}
real_time {
  sec: 23
  nsec: 598987124
}
iterations: 5385
real_time_factor: 0.99992075628006483
step_size {
  nsec: 4000000
}

sim_time {
  sec: 21
  nsec: 644000000
}
real_time {
  sec: 23
  nsec: 702987005
}
iterations: 5411
real_time_factor: 0.99955270016667541
step_size {
  nsec: 4000000
}

sim_time {
  sec: 21
  nsec: 748000000
}
real_time {
  sec: 23
  nsec: 806985015
}
iterations: 5437
real_time_factor: 1.0002935861675402
step_size {
  nsec: 4000000
}

sim_time {
  sec: 21
  nsec: 848000000
}
real_time {
  sec: 23
  nsec: 906985830
}
iterations: 5462
real_time_factor: 0.99998075037055534
step_size {
  nsec: 4000000
}

sim_time {
  sec: 21
  nsec: 952000000
}
real_time {
  sec: 24
  nsec: 10985895
}
iterations: 5488
real_time_factor: 0.99999975000006247
step_size {
  nsec: 4000000
}

sim_time {
  sec: 22
  nsec: 56000000
}
real_time {
  sec: 24
  nsec: 114985249
}
iterations: 5514
real_time_factor: 1.000207793169031
step_size {
  nsec: 4000000
}

sim_time {
  sec: 22
  nsec: 156000000
}
real_time {
  sec: 24
  nsec: 214992628
}
iterations: 5539
real_time_factor: 0.99814195874379841
step_size {
  nsec: 4000000
}

sim_time {
  sec: 22
  nsec: 260000000
}
real_time {
  sec: 24
  nsec: 318984656
}
iterations: 5565
real_time_factor: 1.0004026620714839
step_size {
  nsec: 4000000
}

sim_time {
  sec: 22
  nsec: 360000000
}
real_time {
  sec: 24
  nsec: 418986591
}
iterations: 5590
real_time_factor: 0.99980078969265374
step_size {
  nsec: 4000000
}

sim_time {
  sec: 22
  nsec: 460000000
}
real_time {
  sec: 24
  nsec: 518987804
}
iterations: 5615
real_time_factor: 0.99963413390699007
step_size {
  nsec: 4000000
}

sim_time {
  sec: 22
  nsec: 564000000
}
real_time {
  sec: 24
  nsec: 622985378
}
iterations: 5641
real_time_factor: 1.0001247655645042
step_size {
  nsec: 4000000
}

sim_time {
  sec: 22
  nsec: 668000000
}
real_time {
  sec: 24
  nsec: 726985110
}
iterations: 5667
real_time_factor: 0.99981903275507134
step_size {
  nsec: 4000000
}

sim_time {
  sec: 22
  nsec: 772000000
}
real_time {
  sec: 24
  nsec: 830984326
}
iterations: 5693
real_time_factor: 1.000129266707722
step_size {
  nsec: 4000000
}

sim_time {
  sec: 22
  nsec: 872000000
}
real_time {
  sec: 24
  nsec: 930985086
}
iterations: 5718
real_time_factor: 0.999921006240507
step_size {
  nsec: 4000000
}

sim_time {
  sec: 22
  nsec: 972000000
}
real_time {
  sec: 25
  nsec: 30992047
}
iterations: 5743
real_time_factor: 0.99842573222671149
step_size {
  nsec: 4000000
}

sim_time {
  sec: 23
  nsec: 76000000
}
real_time {
  sec: 25
  nsec: 134985510
}
iterations: 5769
real_time_factor: 1.0011305266472164
step_size {
  nsec: 4000000
}

sim_time {
  sec: 23
  nsec: 176000000
}
real_time {
  sec: 25
  nsec: 234986638
}
iterations: 5794
real_time_factor: 0.99973107234154013
step_size {
  nsec: 4000000
}

sim_time {
  sec: 23
  nsec: 280000000
}
real_time {
  sec: 25
  nsec: 338986277
}
iterations: 5820
real_time_factor: 0.99972907342110284
step_size {
  nsec: 4000000
}

sim_time {
  sec: 23
  nsec: 384000000
}
real_time {
  sec: 25
  nsec: 442985231
}
iterations: 5846
real_time_factor: 0.99997875045155293
step_size {
  nsec: 4000000
}

sim_time {
  sec: 23
  nsec: 484000000
}
real_time {
  sec: 25
  nsec: 542985710
}
iterations: 5871
real_time_factor: 0.99997900044099075
step_size {
  nsec: 4000000
}

sim_time {
  sec: 23
  nsec: 588000000
}
real_time {
  sec: 25
  nsec: 646985034
}
iterations: 5897
real_time_factor: 1.0000065000422502
step_size {
  nsec: 4000000
}

sim_time {
  sec: 23
  nsec: 688000000
}
real_time {
  sec: 25
  nsec: 746991707
}
iterations: 5922
real_time_factor: 0.99848330386143447
step_size {
  nsec: 4000000
}

sim_time {
  sec: 23
  nsec: 792000000
}
real_time {
  sec: 25
  nsec: 850985252
}
iterations: 5948
real_time_factor: 1.0000367513506121
step_size {
  nsec: 4000000
}

sim_time {
  sec: 23
  nsec: 892000000
}
real_time {
  sec: 25
  nsec: 950985787
}
iterations: 5973
real_time_factor: 1.0000620038442383
step_size {
  nsec: 4000000
}

sim_time {
  sec: 23
  nsec: 996000000
}
real_time {
  sec: 26
  nsec: 54985757
}
iterations: 5999
real_time_factor: 0.99983552705579937
step_size {
  nsec: 4000000
}

sim_time {
  sec: 24
  nsec: 100000000
}
real_time {
  sec: 26
  nsec: 158985237
}
iterations: 6025
real_time_factor: 0.99998125035155594
step_size {
  nsec: 4000000
}

sim_time {
  sec: 24
  nsec: 204000000
}
real_time {
  sec: 26
  nsec: 262985106
}
iterations: 6051
real_time_factor: 1.000106261290262
step_size {
  nsec: 4000000
}

sim_time {
  sec: 24
  nsec: 304000000
}
real_time {
  sec: 26
  nsec: 362985696
}
iterations: 6076
real_time_factor: 0.99990025994907006
step_size {
  nsec: 4000000
}

sim_time {
  sec: 24
  nsec: 408000000
}
real_time {
  sec: 26
  nsec: 466985483
}
iterations: 6102
real_time_factor: 0.99991375743842092
step_size {
  nsec: 4000000
}

sim_time {
  sec: 24
  nsec: 512000000
}
real_time {
  sec: 26
  nsec: 570985454
}
iterations: 6128
real_time_factor: 1.0000805064807716
step_size {
  nsec: 4000000
}

sim_time {
  sec: 24
  nsec: 616000000
}
real_time {
  sec: 26
  nsec: 674984988
}
iterations: 6154
real_time_factor: 0.99999725000756245
step_size {
  nsec: 4000000
}

sim_time {
  sec: 24
  nsec: 716000000
}
real_time {
  sec: 26
  nsec: 774985734
}
iterations: 6179
real_time_factor: 0.99982603027073291
step_size {
  nsec: 4000000
}

sim_time {
  sec: 24
  nsec: 820000000
}
real_time {
  sec: 26
  nsec: 878984454
}
iterations: 6205
real_time_factor: 1.0003376139447064
step_size {
  nsec: 4000000
}

sim_time {
  sec: 24
  nsec: 920000000
}
real_time {
  sec: 26
  nsec: 978985506
}
iterations: 6230
real_time_factor: 0.99988376351249164
step_size {
  nsec: 4000000
}

sim_time {
  sec: 25
  nsec: 24000000
}
real_time {
  sec: 27
  nsec: 82985207
}
iterations: 6256
real_time_factor: 0.99993725393731547
step_size {
  nsec: 4000000
}

sim_time {
  sec: 25
  nsec: 128000000
}
real_time {
  sec: 27
  nsec: 186984732
}
iterations: 6282
real_time_factor: 1.0001802824959198
step_size {
  nsec: 4000000
}

sim_time {
  sec: 25
  nsec: 228000000
}
real_time {
  sec: 27
  nsec: 286985071
}
iterations: 6307
real_time_factor: 1.0000367513506121
step_size {
  nsec: 4000000
}

sim_time {
  sec: 25
  nsec: 328000000
}
real_time {
  sec: 27
  nsec: 386986327
}
iterations: 6332
real_time_factor: 0.99996250140619725
step_size {
  nsec: 4000000
}

sim_time {
  sec: 25
  nsec: 432000000
}
real_time {
  sec: 27
  nsec: 490985723
}
iterations: 6358
real_time_factor: 1.0000482523281748
step_size {
  nsec: 4000000
}

sim_time {
  sec: 25
  nsec: 532000000
}
real_time {
  sec: 27
  nsec: 590985810
}
iterations: 6383
real_time_factor: 1.0001642769824943
step_size {
  nsec: 4000000
}

sim_time {
  sec: 25
  nsec: 636000000
}
real_time {
  sec: 27
  nsec: 694985650
}
iterations: 6409
real_time_factor: 1.0000597535702758
step_size {
  nsec: 4000000
}

sim_time {
  sec: 25
  nsec: 740000000
}
real_time {
  sec: 27
  nsec: 798984970
}
iterations: 6435
real_time_factor: 1.000057753335255
step_size {
  nsec: 4000000
}

sim_time {
  sec: 25
  nsec: 844000000
}
real_time {
  sec: 27
  nsec: 902986282
}
iterations: 6461
real_time_factor: 0.99958767008608951
step_size {
  nsec: 4000000
}

sim_time {
  sec: 25
  nsec: 948000000
}
real_time {
  sec: 28
  nsec: 6986047
}
iterations: 6487
real_time_factor: 0.99977979849938048
step_size {
  nsec: 4000000
}

sim_time {
  sec: 26
  nsec: 52000000
}
real_time {
  sec: 28
  nsec: 110985812
}
iterations: 6513
real_time_factor: 0.999809536283338
step_size {
  nsec: 4000000
}

sim_time {
  sec: 26
  nsec: 156000000
}
real_time {
  sec: 28
  nsec: 214985641
}
iterations: 6539
real_time_factor: 0.99993950366002859
step_size {
  nsec: 4000000
}

sim_time {
  sec: 26
  nsec: 256000000
}
real_time {
  sec: 28
  nsec: 314987479
}
iterations: 6564
real_time_factor: 0.99996250140619725
step_size {
  nsec: 4000000
}

sim_time {
  sec: 26
  nsec: 360000000
}
real_time {
  sec: 28
  nsec: 418985244
}
iterations: 6590
real_time_factor: 1.0000992598515404
step_size {
  nsec: 4000000
}

sim_time {
  sec: 26
  nsec: 460000000
}
real_time {
  sec: 28
  nsec: 518984887
}
iterations: 6615
real_time_factor: 1.0000600036002161
step_size {
  nsec: 4000000
}

sim_time {
  sec: 26
  nsec: 564000000
}
real_time {
  sec: 28
  nsec: 622985124
}
iterations: 6641
real_time_factor: 1.0000205004202587
step_size {
  nsec: 4000000
}

sim_time {
  sec: 26
  nsec: 668000000
}
real_time {
  sec: 28
  nsec: 726985174
}
iterations: 6667
real_time_factor: 0.99998350027224547
step_size {
  nsec: 4000000
}

sim_time {
  sec: 26
  nsec: 772000000
}
real_time {
  sec: 28
  nsec: 830985438
}
iterations: 6693
real_time_factor: 0.99991875660102614
step_size {
  nsec: 4000000
}

sim_time {
  sec: 26
  nsec: 876000000
}
real_time {
  sec: 28
  nsec: 934984999
}
iterations: 6719
real_time_factor: 1.0000227505175743
step_size {
  nsec: 4000000
}

sim_time {
  sec: 26
  nsec: 976000000
}
real_time {
  sec: 29
  nsec: 34985473
}
iterations: 6744
real_time_factor: 1.0000460021160973
step_size {
  nsec: 4000000
}

sim_time {
  sec: 27
  nsec: 80000000
}
real_time {
  sec: 29
  nsec: 138985107
}
iterations: 6770
real_time_factor: 0.99996525120752056
step_size {
  nsec: 4000000
}

sim_time {
  sec: 27
  nsec: 180000000
}
real_time {
  sec: 29
  nsec: 238985323
}
iterations: 6795
real_time_factor: 1.00000450002025
step_size {
  nsec: 4000000
}

sim_time {
  sec: 27
  nsec: 284000000
}
real_time {
  sec: 29
  nsec: 342986606
}
iterations: 6821
real_time_factor: 0.9996223926411798
step_size {
  nsec: 4000000
}

sim_time {
  sec: 27
  nsec: 388000000
}
real_time {
  sec: 29
  nsec: 446988101
}
iterations: 6847
real_time_factor: 0.99926878506652761
step_size {
  nsec: 4000000
}

sim_time {
  sec: 27
  nsec: 492000000
}
real_time {
  sec: 29
  nsec: 550988143
}
iterations: 6873
real_time_factor: 0.99976805381151568
step_size {
  nsec: 4000000
}

sim_time {
  sec: 27
  nsec: 596000000
}
real_time {
  sec: 29
  nsec: 654985674
}
iterations: 6899
real_time_factor: 1.0000390015210594
step_size {
  nsec: 4000000
}

sim_time {
  sec: 27
  nsec: 696000000
}
real_time {
  sec: 29
  nsec: 754985602
}
iterations: 6924
real_time_factor: 0.999830528725381
step_size {
  nsec: 4000000
}

sim_time {
  sec: 27
  nsec: 796000000
}
real_time {
  sec: 29
  nsec: 854985965
}
iterations: 6949
real_time_factor: 1.0012976817956072
step_size {
  nsec: 4000000
}

sim_time {
  sec: 27
  nsec: 900000000
}
real_time {
  sec: 29
  nsec: 958985209
}
iterations: 6975
real_time_factor: 1.0000345011902911
step_size {
  nsec: 4000000
}

sim_time {
  sec: 28
  nsec: 4000000
}
real_time {
  sec: 30
  nsec: 62985817
}
iterations: 7001
real_time_factor: 0.99986076938786272
step_size {
  nsec: 4000000
}

sim_time {
  sec: 28
  nsec: 104000000
}
real_time {
  sec: 30
  nsec: 162985571
}
iterations: 7026
real_time_factor: 1.0001365186347937
step_size {
  nsec: 4000000
}

sim_time {
  sec: 28
  nsec: 204000000
}
real_time {
  sec: 30
  nsec: 262986156
}
iterations: 7051
real_time_factor: 1.0011585907791791
step_size {
  nsec: 4000000
}

sim_time {
  sec: 28
  nsec: 308000000
}
real_time {
  sec: 30
  nsec: 366984781
}
iterations: 7077
real_time_factor: 1.0000205004202587
step_size {
  nsec: 4000000
}

sim_time {
  sec: 28
  nsec: 408000000
}
real_time {
  sec: 30
  nsec: 466985199
}
iterations: 7102
real_time_factor: 0.9999302548647232
step_size {
  nsec: 4000000
}

sim_time {
  sec: 28
  nsec: 512000000
}
real_time {
  sec: 30
  nsec: 570984897
}
iterations: 7128
real_time_factor: 1.0000067500455627
step_size {
  nsec: 4000000
}

sim_time {
  sec: 28
  nsec: 616000000
}
real_time {
  sec: 30
  nsec: 674985705
}
iterations: 7154
real_time_factor: 0.99981678357441
step_size {
  nsec: 4000000
}

sim_time {
  sec: 28
  nsec: 720000000
}
real_time {
  sec: 30
  nsec: 778984910
}
iterations: 7180
real_time_factor: 1.0002127952721942
step_size {
  nsec: 4000000
}

sim_time {
  sec: 28
  nsec: 820000000
}
real_time {
  sec: 30
  nsec: 878985393
}
iterations: 7205
real_time_factor: 1.0000367513506121
step_size {
  nsec: 4000000
}

sim_time {
  sec: 28
  nsec: 920000000
}
real_time {
  sec: 30
  nsec: 978987329
}
iterations: 7230
real_time_factor: 1.130913085088487
step_size {
  nsec: 4000000
}

sim_time {
  sec: 29
  nsec: 24000000
}
real_time {
  sec: 31
  nsec: 82985359
}
iterations: 7256
real_time_factor: 0.99995325218546038
step_size {
  nsec: 4000000
}

sim_time {
  sec: 29
  nsec: 128000000
}
real_time {
  sec: 31
  nsec: 186985426
}
iterations: 7282
real_time_factor: 1.000053002809149
step_size {
  nsec: 4000000
}

sim_time {
  sec: 29
  nsec: 228000000
}
real_time {
  sec: 31
  nsec: 286986297
}
iterations: 7307
real_time_factor: 1.0000925085570416
step_size {
  nsec: 4000000
}

sim_time {
  sec: 29
  nsec: 332000000
}
real_time {
  sec: 31
  nsec: 390986049
}
iterations: 7333
real_time_factor: 0.99970133922490656
step_size {
  nsec: 4000000
}

sim_time {
  sec: 29
  nsec: 436000000
}
real_time {
  sec: 31
  nsec: 494985051
}
iterations: 7359
real_time_factor: 0.99995350216214951
step_size {
  nsec: 4000000
}

sim_time {
  sec: 29
  nsec: 536000000
}
real_time {
  sec: 31
  nsec: 594985468
}
iterations: 7384
real_time_factor: 0.99996500122495713
step_size {
  nsec: 4000000
}

sim_time {
  sec: 29
  nsec: 640000000
}
real_time {
  sec: 31
  nsec: 698985312
}
iterations: 7410
real_time_factor: 1.0000922585108476
step_size {
  nsec: 4000000
}

sim_time {
  sec: 29
  nsec: 740000000
}
real_time {
  sec: 31
  nsec: 798985478
}
iterations: 7435
real_time_factor: 1.0000275007562709
step_size {
  nsec: 4000000
}

sim_time {
  sec: 29
  nsec: 844000000
}
real_time {
  sec: 31
  nsec: 902985405
}
iterations: 7461
real_time_factor: 0.99997875045155293
step_size {
  nsec: 4000000
}

sim_time {
  sec: 29
  nsec: 948000000
}
real_time {
  sec: 32
  nsec: 6985304
}
iterations: 7487
real_time_factor: 1.0000252506375786
step_size {
  nsec: 4000000
}

sim_time {
  sec: 30
  nsec: 48000000
}
real_time {
  sec: 32
  nsec: 106986155
}
iterations: 7512
real_time_factor: 1.0001667778102
step_size {
  nsec: 4000000
}

sim_time {
  sec: 30
  nsec: 148000000
}
real_time {
  sec: 32
  nsec: 206989202
}
iterations: 7537
real_time_factor: 1.0007781049766193
step_size {
  nsec: 4000000
}

sim_time {
  sec: 30
  nsec: 252000000
}
real_time {
  sec: 32
  nsec: 310984925
}
iterations: 7563
real_time_factor: 1.0000600036002161
step_size {
  nsec: 4000000
}

sim_time {
  sec: 30
  nsec: 356000000
}
real_time {
  sec: 32
  nsec: 414984426
}
iterations: 7589
real_time_factor: 1.0001270161310487
step_size {
  nsec: 4000000
}

sim_time {
  sec: 30
  nsec: 456000000
}
real_time {
  sec: 32
  nsec: 514986176
}
iterations: 7614
real_time_factor: 0.99993250455594251
step_size {
  nsec: 4000000
}

sim_time {
  sec: 30
  nsec: 560000000
}
real_time {
  sec: 32
  nsec: 618985491
}
iterations: 7640
real_time_factor: 1.0002175473165413
step_size {
  nsec: 4000000
}

sim_time {
  sec: 30
  nsec: 664000000
}
real_time {
  sec: 32
  nsec: 722984666
}
iterations: 7666
real_time_factor: 1.0001135128837122
step_size {
  nsec: 4000000
}

sim_time {
  sec: 30
  nsec: 764000000
}
real_time {
  sec: 32
  nsec: 822985239
}
iterations: 7691
real_time_factor: 1.0000092500855633
step_size {
  nsec: 4000000
}

sim_time {
  sec: 30
  nsec: 868000000
}
real_time {
  sec: 32
  nsec: 926984239
}
iterations: 7717
real_time_factor: 1.0001802824959198
step_size {
  nsec: 4000000
}

sim_time {
  sec: 30
  nsec: 968000000
}
real_time {
  sec: 33
  nsec: 26985377
}
iterations: 7742
real_time_factor: 0.99993500422472537
step_size {
  nsec: 4000000
}

sim_time {
  sec: 31
  nsec: 72000000
}
real_time {
  sec: 33
  nsec: 130985544
}
iterations: 7768
real_time_factor: 0.99994400313582443
step_size {
  nsec: 4000000
}

sim_time {
  sec: 31
  nsec: 172000000
}
real_time {
  sec: 33
  nsec: 230985802
}
iterations: 7793
real_time_factor: 1.0002195481908278
step_size {
  nsec: 4000000
}

sim_time {
  sec: 31
  nsec: 276000000
}
real_time {
  sec: 33
  nsec: 334986032
}
iterations: 7819
real_time_factor: 0.99993500422472537
step_size {
  nsec: 4000000
}

sim_time {
  sec: 31
  nsec: 380000000
}
real_time {
  sec: 33
  nsec: 438985032
}
iterations: 7845
real_time_factor: 1.000138519184907
step_size {
  nsec: 4000000
}

sim_time {
  sec: 31
  nsec: 480000000
}
real_time {
  sec: 33
  nsec: 538985197
}
iterations: 7870
real_time_factor: 0.99993275452225838
step_size {
  nsec: 4000000
}

sim_time {
  sec: 31
  nsec: 584000000
}
real_time {
  sec: 33
  nsec: 642988836
}
iterations: 7896
real_time_factor: 0.99902370408518271
step_size {
  nsec: 4000000
}

sim_time {
  sec: 31
  nsec: 688000000
}
real_time {
  sec: 33
  nsec: 746985250
}
iterations: 7922
real_time_factor: 1.0000347512076044
step_size {
  nsec: 4000000
}

sim_time {
  sec: 31
  nsec: 788000000
}
real_time {
  sec: 33
  nsec: 846985970
}
iterations: 7947
real_time_factor: 0.99997900044099075
step_size {
  nsec: 4000000
}

sim_time {
  sec: 31
  nsec: 892000000
}
real_time {
  sec: 33
  nsec: 950984895
}
iterations: 7973
real_time_factor: 1.0000160002560041
step_size {
  nsec: 4000000
}

sim_time {
  sec: 31
  nsec: 992000000
}
real_time {
  sec: 34
  nsec: 50985652
}
iterations: 7998
real_time_factor: 0.99981228524344556
step_size {
  nsec: 4000000
}

sim_time {
  sec: 32
  nsec: 96000000
}
real_time {
  sec: 34
  nsec: 154984789
}
iterations: 8024
real_time_factor: 1.0001340179584064
step_size {
  nsec: 4000000
}

sim_time {
  sec: 32
  nsec: 196000000
}
real_time {
  sec: 34
  nsec: 254992314
}
iterations: 8049
real_time_factor: 0.99830363255238541
step_size {
  nsec: 4000000
}

sim_time {
  sec: 32
  nsec: 300000000
}
real_time {
  sec: 34
  nsec: 358984841
}
iterations: 8075
real_time_factor: 1.0001500225033755
step_size {
  nsec: 4000000
}

sim_time {
  sec: 32
  nsec: 400000000
}
real_time {
  sec: 34
  nsec: 458985122
}
iterations: 8100
real_time_factor: 1.0002127952721942
step_size {
  nsec: 4000000
}

sim_time {
  sec: 32
  nsec: 504000000
}
real_time {
  sec: 34
  nsec: 562987903
}
iterations: 8126
real_time_factor: 0.99928501157421867
step_size {
  nsec: 4000000
}

sim_time {
  sec: 32
  nsec: 608000000
}
real_time {
  sec: 34
  nsec: 666985388
}
iterations: 8152
real_time_factor: 1.000110762266921
step_size {
  nsec: 4000000
}

sim_time {
  sec: 32
  nsec: 712000000
}
real_time {
  sec: 34
  nsec: 770985039
}
iterations: 8178
real_time_factor: 0.99994175339286484
step_size {
  nsec: 4000000
}

sim_time {
  sec: 32
  nsec: 812000000
}
real_time {
  sec: 34
  nsec: 871043017
}
iterations: 8203
real_time_factor: 0.98564166504446471
step_size {
  nsec: 4000000
}

sim_time {
  sec: 32
  nsec: 916000000
}
real_time {
  sec: 34
  nsec: 974986759
}
iterations: 8229
real_time_factor: 0.99975680915617271
step_size {
  nsec: 4000000
}

sim_time {
  sec: 33
  nsec: 16000000
}
real_time {
  sec: 35
  nsec: 74986926
}
iterations: 8254
real_time_factor: 0.99953696450119478
step_size {
  nsec: 4000000
}

sim_time {
  sec: 33
  nsec: 120000000
}
real_time {
  sec: 35
  nsec: 178988000
}
iterations: 8280
real_time_factor: 0.99928476193164739
step_size {
  nsec: 4000000
}

sim_time {
  sec: 33
  nsec: 220000000
}
real_time {
  sec: 35
  nsec: 278987839
}
iterations: 8305
real_time_factor: 0.99937264382284019
step_size {
  nsec: 4000000
}

sim_time {
  sec: 33
  nsec: 320000000
}
real_time {
  sec: 35
  nsec: 378988956
}
iterations: 8330
real_time_factor: 0.99901447222315187
step_size {
  nsec: 4000000
}

sim_time {
  sec: 33
  nsec: 424000000
}
real_time {
  sec: 35
  nsec: 482986981
}
iterations: 8356
real_time_factor: 0.99947902156001189
step_size {
  nsec: 4000000
}

sim_time {
  sec: 33
  nsec: 528000000
}
real_time {
  sec: 35
  nsec: 586985034
}
iterations: 8382
real_time_factor: 1.0004789793113453
step_size {
  nsec: 4000000
}

sim_time {
  sec: 33
  nsec: 628000000
}
real_time {
  sec: 35
  nsec: 686988686
}
iterations: 8407
real_time_factor: 0.99934043531269368
step_size {
  nsec: 4000000
}

sim_time {
  sec: 33
  nsec: 732000000
}
real_time {
  sec: 35
  nsec: 790985340
}
iterations: 8433
real_time_factor: 1.0004189254250218
step_size {
  nsec: 4000000
}

sim_time {
  sec: 33
  nsec: 836000000
}
real_time {
  sec: 35
  nsec: 894984836
}
iterations: 8459
real_time_factor: 1.0000600036002161
step_size {
  nsec: 4000000
}

sim_time {
  sec: 33
  nsec: 940000000
}
real_time {
  sec: 35
  nsec: 998985508
}
iterations: 8485
real_time_factor: 0.99984252480234359
step_size {
  nsec: 4000000
}

sim_time {
  sec: 34
  nsec: 40000000
}
real_time {
  sec: 36
  nsec: 98985902
}
iterations: 8510
real_time_factor: 0.99969659208430239
step_size {
  nsec: 4000000
}

sim_time {
  sec: 34
  nsec: 144000000
}
real_time {
  sec: 36
  nsec: 202984797
}
iterations: 8536
real_time_factor: 1.0001430204519246
step_size {
  nsec: 4000000
}

sim_time {
  sec: 34
  nsec: 248000000
}
real_time {
  sec: 36
  nsec: 306984802
}
iterations: 8562
real_time_factor: 1.0000527527827092
step_size {
  nsec: 4000000
}

sim_time {
  sec: 34
  nsec: 348000000
}
real_time {
  sec: 36
  nsec: 406986428
}
iterations: 8587
real_time_factor: 0.99981678357441
step_size {
  nsec: 4000000
}

sim_time {
  sec: 34
  nsec: 452000000
}
real_time {
  sec: 36
  nsec: 510984891
}
iterations: 8613
real_time_factor: 0.99996975091503482
step_size {
  nsec: 4000000
}

sim_time {
  sec: 34
  nsec: 552000000
}
real_time {
  sec: 36
  nsec: 610985899
}
iterations: 8638
real_time_factor: 0.999826280183818
step_size {
  nsec: 4000000
}

sim_time {
  sec: 34
  nsec: 656000000
}
real_time {
  sec: 36
  nsec: 714985312
}
iterations: 8664
real_time_factor: 1.0000252506375786
step_size {
  nsec: 4000000
}

sim_time {
  sec: 34
  nsec: 760000000
}
real_time {
  sec: 36
  nsec: 818984678
}
iterations: 8690
real_time_factor: 1.0001592753646018
step_size {
  nsec: 4000000
}

sim_time {
  sec: 34
  nsec: 860000000
}
real_time {
  sec: 36
  nsec: 918985338
}
iterations: 8715
real_time_factor: 1.0002060424447436
step_size {
  nsec: 4000000
}

sim_time {
  sec: 34
  nsec: 964000000
}
real_time {
  sec: 37
  nsec: 22985019
}
iterations: 8741
real_time_factor: 0.99996275138751078
step_size {
  nsec: 4000000
}

sim_time {
  sec: 35
  nsec: 64000000
}
real_time {
  sec: 37
  nsec: 122985392
}
iterations: 8766
real_time_factor: 0.99981953257437028
step_size {
  nsec: 4000000
}

sim_time {
  sec: 35
  nsec: 168000000
}
real_time {
  sec: 37
  nsec: 226984443
}
iterations: 8792
real_time_factor: 1.0000462521391615
step_size {
  nsec: 4000000
}

sim_time {
  sec: 35
  nsec: 268000000
}
real_time {
  sec: 37
  nsec: 326985530
}
iterations: 8817
real_time_factor: 1.0000320010240327
step_size {
  nsec: 4000000
}

sim_time {
  sec: 35
  nsec: 368000000
}
real_time {
  sec: 37
  nsec: 426984978
}
iterations: 8842
real_time_factor: 0.99993725393731547
step_size {
  nsec: 4000000
}

sim_time {
  sec: 35
  nsec: 472000000
}
real_time {
  sec: 37
  nsec: 531014816
}
iterations: 8868
real_time_factor: 0.99267849972527622
step_size {
  nsec: 4000000
}

sim_time {
  sec: 35
  nsec: 576000000
}
real_time {
  sec: 37
  nsec: 634984838
}
iterations: 8894
real_time_factor: 0.9999302548647232
step_size {
  nsec: 4000000
}

sim_time {
  sec: 35
  nsec: 680000000
}
real_time {
  sec: 37
  nsec: 738984715
}
iterations: 8920
real_time_factor: 1.0000047500225626
step_size {
  nsec: 4000000
}

sim_time {
  sec: 35
  nsec: 784000000
}
real_time {
  sec: 37
  nsec: 842984705
}
iterations: 8946
real_time_factor: 0.99994450308007909
step_size {
  nsec: 4000000
}

sim_time {
  sec: 35
  nsec: 884000000
}
real_time {
  sec: 37
  nsec: 942984981
}
iterations: 8971
real_time_factor: 1.0000047500225626
step_size {
  nsec: 4000000
}

sim_time {
  sec: 35
  nsec: 984000000
}
real_time {
  sec: 38
  nsec: 42985898
}
iterations: 8996
real_time_factor: 1.0006369053902808
step_size {
  nsec: 4000000
}

sim_time {
  sec: 36
  nsec: 88000000
}
real_time {
  sec: 38
  nsec: 146985253
}
iterations: 9022
real_time_factor: 0.999935254192291
step_size {
  nsec: 4000000
}

sim_time {
  sec: 36
  nsec: 192000000
}
real_time {
  sec: 38
  nsec: 250985688
}
iterations: 9048
real_time_factor: 0.9998445241764905
step_size {
  nsec: 4000000
}

sim_time {
  sec: 36
  nsec: 296000000
}
real_time {
  sec: 38
  nsec: 354986047
}
iterations: 9074
real_time_factor: 0.999830778640715
step_size {
  nsec: 4000000
}

sim_time {
  sec: 36
  nsec: 400000000
}
real_time {
  sec: 38
  nsec: 458986070
}
iterations: 9100
real_time_factor: 0.99969634223604575
step_size {
  nsec: 4000000
}

sim_time {
  sec: 36
  nsec: 504000000
}
real_time {
  sec: 38
  nsec: 562986943
}
iterations: 9126
real_time_factor: 0.99955095173493314
step_size {
  nsec: 4000000
}

sim_time {
  sec: 36
  nsec: 608000000
}
real_time {
  sec: 38
  nsec: 666984769
}
iterations: 9152
real_time_factor: 1.000150272578455
step_size {
  nsec: 4000000
}

sim_time {
  sec: 36
  nsec: 708000000
}
real_time {
  sec: 38
  nsec: 766985335
}
iterations: 9177
real_time_factor: 1.0000625039064941
step_size {
  nsec: 4000000
}

sim_time {
  sec: 36
  nsec: 812000000
}
real_time {
  sec: 38
  nsec: 870985263
}
iterations: 9203
real_time_factor: 1.0000532528357136
step_size {
  nsec: 4000000
}

sim_time {
  sec: 36
  nsec: 912000000
}
real_time {
  sec: 38
  nsec: 970985084
}
iterations: 9228
real_time_factor: 1.0000162502640668
step_size {
  nsec: 4000000
}

sim_time {
  sec: 37
  nsec: 16000000
}
real_time {
  sec: 39
  nsec: 74984666
}
iterations: 9254
real_time_factor: 1.0001225150080886
step_size {
  nsec: 4000000
}

sim_time {
  sec: 37
  nsec: 116000000
}
real_time {
  sec: 39
  nsec: 174985341
}
iterations: 9279
real_time_factor: 1.0001825333123295
step_size {
  nsec: 4000000
}

sim_time {
  sec: 37
  nsec: 216000000
}
real_time {
  sec: 39
  nsec: 274985416
}
iterations: 9304
real_time_factor: 1.0000507525756932
step_size {
  nsec: 4000000
}

sim_time {
  sec: 37
  nsec: 320000000
}
real_time {
  sec: 39
  nsec: 378985205
}
iterations: 9330
real_time_factor: 0.99994175339286484
step_size {
  nsec: 4000000
}

sim_time {
  sec: 37
  nsec: 420000000
}
real_time {
  sec: 39
  nsec: 478985475
}
iterations: 9355
real_time_factor: 1.0000297508850888
step_size {
  nsec: 4000000
}

sim_time {
  sec: 37
  nsec: 524000000
}
real_time {
  sec: 39
  nsec: 582989060
}
iterations: 9381
real_time_factor: 0.99902170799244838
step_size {
  nsec: 4000000
}

sim_time {
  sec: 37
  nsec: 628000000
}
real_time {
  sec: 39
  nsec: 686985026
}
iterations: 9407
real_time_factor: 1.0009013116311238
step_size {
  nsec: 4000000
}

sim_time {
  sec: 37
  nsec: 732000000
}
real_time {
  sec: 39
  nsec: 790985560
}
iterations: 9433
real_time_factor: 0.99988376351249164
step_size {
  nsec: 4000000
}

sim_time {
  sec: 37
  nsec: 836000000
}
real_time {
  sec: 39
  nsec: 894984787
}
iterations: 9459
real_time_factor: 0.99998350027224547
step_size {
  nsec: 4000000
}

sim_time {
  sec: 37
  nsec: 940000000
}
real_time {
  sec: 39
  nsec: 998985097
}
iterations: 9485
real_time_factor: 0.99994450308007909
step_size {
  nsec: 4000000
}

sim_time {
  sec: 38
  nsec: 40000000
}
real_time {
  sec: 40
  nsec: 98986496
}
iterations: 9510
real_time_factor: 0.9999165069716679
step_size {
  nsec: 4000000
}

sim_time {
  sec: 38
  nsec: 144000000
}
real_time {
  sec: 40
  nsec: 202987052
}
iterations: 9536
real_time_factor: 0.99982877932154124
step_size {
  nsec: 4000000
}

sim_time {
  sec: 38
  nsec: 248000000
}
real_time {
  sec: 40
  nsec: 306985007
}
iterations: 9562
real_time_factor: 0.99990275945664286
step_size {
  nsec: 4000000
}

sim_time {
  sec: 38
  nsec: 348000000
}
real_time {
  sec: 40
  nsec: 406985257
}
iterations: 9587
real_time_factor: 0.99972457587934527
step_size {
  nsec: 4000000
}

sim_time {
  sec: 38
  nsec: 452000000
}
real_time {
  sec: 40
  nsec: 510985887
}
iterations: 9613
real_time_factor: 0.9997223271236414
step_size {
  nsec: 4000000
}

sim_time {
  sec: 38
  nsec: 556000000
}
real_time {
  sec: 40
  nsec: 614984813
}
iterations: 9639
real_time_factor: 0.99992825514769312
step_size {
  nsec: 4000000
}

sim_time {
  sec: 38
  nsec: 656000000
}
real_time {
  sec: 40
  nsec: 714985244
}
iterations: 9664
real_time_factor: 0.99984477409882111
step_size {
  nsec: 4000000
}

sim_time {
  sec: 38
  nsec: 760000000
}
real_time {
  sec: 40
  nsec: 818984749
}
iterations: 9690
real_time_factor: 0.99996050156018834
step_size {
  nsec: 4000000
}

sim_time {
  sec: 38
  nsec: 860000000
}
real_time {
  sec: 40
  nsec: 918987290
}
iterations: 9715
real_time_factor: 0.99936839917172349
step_size {
  nsec: 4000000
}

sim_time {
  sec: 38
  nsec: 964000000
}
real_time {
  sec: 41
  nsec: 22985888
}
iterations: 9741
real_time_factor: 0.99981928266465836
step_size {
  nsec: 4000000
}

sim_time {
  sec: 39
  nsec: 68000000
}
real_time {
  sec: 41
  nsec: 126984906
}
iterations: 9767
real_time_factor: 1.0000462521391615
step_size {
  nsec: 4000000
}

sim_time {
  sec: 39
  nsec: 172000000
}
real_time {
  sec: 41
  nsec: 230984614
}
iterations: 9793
real_time_factor: 1.0000092500855633
step_size {
  nsec: 4000000
}

sim_time {
  sec: 39
  nsec: 276000000
}
real_time {
  sec: 41
  nsec: 334984656
}
iterations: 9819
real_time_factor: 0.99999500002499986
step_size {
  nsec: 4000000
}

sim_time {
  sec: 39
  nsec: 376000000
}
real_time {
  sec: 41
  nsec: 434993161
}
iterations: 9844
real_time_factor: 0.99868423352233437
step_size {
  nsec: 4000000
}

sim_time {
  sec: 39
  nsec: 480000000
}
real_time {
  sec: 41
  nsec: 538985825
}
iterations: 9870
real_time_factor: 0.99978454643024428
step_size {
  nsec: 4000000
}

sim_time {
  sec: 39
  nsec: 584000000
}
real_time {
  sec: 41
  nsec: 642985661
}
iterations: 9896
real_time_factor: 0.99989076193425863
step_size {
  nsec: 4000000
}

sim_time {
  sec: 39
  nsec: 688000000
}
real_time {
  sec: 41
  nsec: 746987103
}
iterations: 9922
real_time_factor: 0.99958592153200532
step_size {
  nsec: 4000000
}

sim_time {
  sec: 39
  nsec: 792000000
}
real_time {
  sec: 41
  nsec: 850985491
}
iterations: 9948
real_time_factor: 1.00000450002025
step_size {
  nsec: 4000000
}

sim_time {
  sec: 39
  nsec: 896000000
}
real_time {
  sec: 41
  nsec: 954985851
}
iterations: 9974
real_time_factor: 0.9997335710033276
step_size {
  nsec: 4000000
}

sim_time {
  sec: 40
}
real_time {
  sec: 42
  nsec: 58984867
}
iterations: 10000
real_time_factor: 1.0000022500050625
step_size {
  nsec: 4000000
}

sim_time {
  sec: 40
  nsec: 100000000
}
real_time {
  sec: 42
  nsec: 158985170
}
iterations: 10025
real_time_factor: 1.0000345011902911
step_size {
  nsec: 4000000
}

sim_time {
  sec: 40
  nsec: 204000000
}
real_time {
  sec: 42
  nsec: 262984951
}
iterations: 10051
real_time_factor: 0.99987026683287838
step_size {
  nsec: 4000000
}

sim_time {
  sec: 40
  nsec: 304000000
}
real_time {
  sec: 42
  nsec: 362987639
}
iterations: 10076
real_time_factor: 0.99971533105948085
step_size {
  nsec: 4000000
}

sim_time {
  sec: 40
  nsec: 408000000
}
real_time {
  sec: 42
  nsec: 466986031
}
iterations: 10102
real_time_factor: 0.99980803685692343
step_size {
  nsec: 4000000
}

sim_time {
  sec: 40
  nsec: 508000000
}
real_time {
  sec: 42
  nsec: 566986463
}
iterations: 10127
real_time_factor: 1.0012260012385166
step_size {
  nsec: 4000000
}

sim_time {
  sec: 40
  nsec: 612000000
}
real_time {
  sec: 42
  nsec: 670985480
}
iterations: 10153
real_time_factor: 0.99984677348196394
step_size {
  nsec: 4000000
}

sim_time {
  sec: 40
  nsec: 716000000
}
real_time {
  sec: 42
  nsec: 774985653
}
iterations: 10179
real_time_factor: 0.999710583785994
step_size {
  nsec: 4000000
}

sim_time {
  sec: 40
  nsec: 820000000
}
real_time {
  sec: 42
  nsec: 878984225
}
iterations: 10205
real_time_factor: 1.0002890835451446
step_size {
  nsec: 4000000
}

sim_time {
  sec: 40
  nsec: 920000000
}
real_time {
  sec: 42
  nsec: 978986383
}
iterations: 10230
real_time_factor: 0.99946303848257523
step_size {
  nsec: 4000000
}

sim_time {
  sec: 41
  nsec: 24000000
}
real_time {
  sec: 43
  nsec: 82985820
}
iterations: 10256
real_time_factor: 0.99979854059407025
step_size {
  nsec: 4000000
}

sim_time {
  sec: 41
  nsec: 128000000
}
real_time {
  sec: 43
  nsec: 186985402
}
iterations: 10282
real_time_factor: 0.99985152204897576
step_size {
  nsec: 4000000
}

sim_time {
  sec: 41
  nsec: 232000000
}
real_time {
  sec: 43
  nsec: 290985029
}
iterations: 10308
real_time_factor: 0.9999930000489996
step_size {
  nsec: 4000000
}

sim_time {
  sec: 41
  nsec: 332000000
}
real_time {
  sec: 43
  nsec: 390985628
}
iterations: 10333
real_time_factor: 1.0001572747314516
step_size {
  nsec: 4000000
}

sim_time {
  sec: 41
  nsec: 436000000
}
real_time {
  sec: 43
  nsec: 494985755
}
iterations: 10359
real_time_factor: 0.99986101931831473
step_size {
  nsec: 4000000
}

sim_time {
  sec: 41
  nsec: 536000000
}
real_time {
  sec: 43
  nsec: 594986057
}
iterations: 10384
real_time_factor: 0.9996318855581432
step_size {
  nsec: 4000000
}

sim_time {
  sec: 41
  nsec: 640000000
}
real_time {
  sec: 43
  nsec: 698984497
}
iterations: 10410
real_time_factor: 1.0001760309814527
step_size {
  nsec: 4000000
}

sim_time {
  sec: 41
  nsec: 740000000
}
real_time {
  sec: 43
  nsec: 798985788
}
iterations: 10435
real_time_factor: 0.99981928266465836
step_size {
  nsec: 4000000
}

sim_time {
  sec: 41
  nsec: 840000000
}
real_time {
  sec: 43
  nsec: 898990150
}
iterations: 10460
real_time_factor: 0.99875829375129366
step_size {
  nsec: 4000000
}

sim_time {
  sec: 41
  nsec: 944000000
}
real_time {
  sec: 44
  nsec: 2985993
}
iterations: 10486
real_time_factor: 1.0000765058526977
step_size {
  nsec: 4000000
}

sim_time {
  sec: 42
  nsec: 48000000
}
real_time {
  sec: 44
  nsec: 106986411
}
iterations: 10512
real_time_factor: 0.99965761726608637
step_size {
  nsec: 4000000
}

sim_time {
  sec: 42
  nsec: 152000000
}
real_time {
  sec: 44
  nsec: 210985768
}
iterations: 10538
real_time_factor: 0.99998825013806092
step_size {
  nsec: 4000000
}

sim_time {
  sec: 42
  nsec: 256000000
}
real_time {
  sec: 44
  nsec: 314985008
}
iterations: 10564
real_time_factor: 1.0000412517016326
step_size {
  nsec: 4000000
}

sim_time {
  sec: 42
  nsec: 360000000
}
real_time {
  sec: 44
  nsec: 418985018
}
iterations: 10590
real_time_factor: 0.99974056732277972
step_size {
  nsec: 4000000
}

sim_time {
  sec: 42
  nsec: 464000000
}
real_time {
  sec: 44
  nsec: 522984554
}
iterations: 10616
real_time_factor: 1.0001550240287245
step_size {
  nsec: 4000000
}

sim_time {
  sec: 42
  nsec: 564000000
}
real_time {
  sec: 44
  nsec: 622984864
}
iterations: 10641
real_time_factor: 1.0000115001322516
step_size {
  nsec: 4000000
}

sim_time {
  sec: 42
  nsec: 668000000
}
real_time {
  sec: 44
  nsec: 726985498
}
iterations: 10667
real_time_factor: 0.99973157207289842
step_size {
  nsec: 4000000
}

sim_time {
  sec: 42
  nsec: 772000000
}
real_time {
  sec: 44
  nsec: 830984678
}
iterations: 10693
real_time_factor: 1.0002570660659789
step_size {
  nsec: 4000000
}

sim_time {
  sec: 42
  nsec: 872000000
}
real_time {
  sec: 44
  nsec: 930985055
}
iterations: 10718
real_time_factor: 1.0000135001822525
step_size {
  nsec: 4000000
}

sim_time {
  sec: 42
  nsec: 972000000
}
real_time {
  sec: 45
  nsec: 30985941
}
iterations: 10743
real_time_factor: 0.99988176398140916
step_size {
  nsec: 4000000
}

sim_time {
  sec: 43
  nsec: 76000000
}
real_time {
  sec: 45
  nsec: 134985159
}
iterations: 10769
real_time_factor: 1.000064754192834
step_size {
  nsec: 4000000
}

sim_time {
  sec: 43
  nsec: 180000000
}
real_time {
  sec: 45
  nsec: 238985071
}
iterations: 10795
real_time_factor: 0.99984952264684168
step_size {
  nsec: 4000000
}

sim_time {
  sec: 43
  nsec: 284000000
}
real_time {
  sec: 45
  nsec: 342984621
}
iterations: 10821
real_time_factor: 1.0000277507700839
step_size {
  nsec: 4000000
}

sim_time {
  sec: 43
  nsec: 384000000
}
real_time {
  sec: 45
  nsec: 442985301
}
iterations: 10846
real_time_factor: 1.0000485023523642
step_size {
  nsec: 4000000
}

sim_time {
  sec: 43
  nsec: 488000000
}
real_time {
  sec: 45
  nsec: 546985084
}
iterations: 10872
real_time_factor: 0.99996250140619725
step_size {
  nsec: 4000000
}

sim_time {
  sec: 43
  nsec: 592000000
}
real_time {
  sec: 45
  nsec: 650984818
}
iterations: 10898
real_time_factor: 0.9999302548647232
step_size {
  nsec: 4000000
}

sim_time {
  sec: 43
  nsec: 692000000
}
real_time {
  sec: 45
  nsec: 750984978
}
iterations: 10923
real_time_factor: 0.99995600193591483
step_size {
  nsec: 4000000
}

sim_time {
  sec: 43
  nsec: 796000000
}
real_time {
  sec: 45
  nsec: 854984449
}
iterations: 10949
real_time_factor: 1.0001272661946232
step_size {
  nsec: 4000000
}

sim_time {
  sec: 43
  nsec: 896000000
}
real_time {
  sec: 45
  nsec: 954986448
}
iterations: 10974
real_time_factor: 0.999516483900913
step_size {
  nsec: 4000000
}

sim_time {
  sec: 44
}
real_time {
  sec: 46
  nsec: 58984531
}
iterations: 11000
real_time_factor: 1.0000297508850888
step_size {
  nsec: 4000000
}

sim_time {
  sec: 44
  nsec: 100000000
}
real_time {
  sec: 46
  nsec: 158985465
}
iterations: 11025
real_time_factor: 0.99998850013224849
step_size {
  nsec: 4000000
}

sim_time {
  sec: 44
  nsec: 204000000
}
real_time {
  sec: 46
  nsec: 262985719
}
iterations: 11051
real_time_factor: 0.99976155686868684
step_size {
  nsec: 4000000
}

sim_time {
  sec: 44
  nsec: 308000000
}
real_time {
  sec: 46
  nsec: 366984616
}
iterations: 11077
real_time_factor: 1.0002268014272235
step_size {
  nsec: 4000000
}

sim_time {
  sec: 44
  nsec: 408000000
}
real_time {
  sec: 46
  nsec: 466985271
}
iterations: 11102
real_time_factor: 0.99973132220715688
step_size {
  nsec: 4000000
}

sim_time {
  sec: 44
  nsec: 512000000
}
real_time {
  sec: 46
  nsec: 570986534
}
iterations: 11128
real_time_factor: 0.99961814586827835
step_size {
  nsec: 4000000
}

sim_time {
  sec: 44
  nsec: 616000000
}
real_time {
  sec: 46
  nsec: 674985455
}
iterations: 11154
real_time_factor: 0.999900509899265
step_size {
  nsec: 4000000
}

sim_time {
  sec: 44
  nsec: 716000000
}
real_time {
  sec: 46
  nsec: 774987304
}
iterations: 11179
real_time_factor: 0.99968285061564222
step_size {
  nsec: 4000000
}

sim_time {
  sec: 44
  nsec: 820000000
}
real_time {
  sec: 46
  nsec: 878986097
}
iterations: 11205
real_time_factor: 0.999837776320792
step_size {
  nsec: 4000000
}

sim_time {
  sec: 44
  nsec: 924000000
}
real_time {
  sec: 46
  nsec: 982985071
}
iterations: 11231
real_time_factor: 0.99989351134104221
step_size {
  nsec: 4000000
}

sim_time {
  sec: 45
  nsec: 28000000
}
real_time {
  sec: 47
  nsec: 86984796
}
iterations: 11257
real_time_factor: 1.0000392515406229
step_size {
  nsec: 4000000
}

sim_time {
  sec: 45
  nsec: 132000000
}
real_time {
  sec: 47
  nsec: 190985104
}
iterations: 11283
real_time_factor: 0.99988151404058623
step_size {
  nsec: 4000000
}

sim_time {
  sec: 45
  nsec: 232000000
}
real_time {
  sec: 47
  nsec: 290986920
}
iterations: 11308
real_time_factor: 0.99953246868777135
step_size {
  nsec: 4000000
}

sim_time {
  sec: 45
  nsec: 336000000
}
real_time {
  sec: 47
  nsec: 394984996
}
iterations: 11334
real_time_factor: 1.0001042608691957
step_size {
  nsec: 4000000
}

sim_time {
  sec: 45
  nsec: 440000000
}
real_time {
  sec: 47
  nsec: 498985091
}
iterations: 11360
real_time_factor: 1.0000022500050625
step_size {
  nsec: 4000000
}

sim_time {
  sec: 45
  nsec: 544000000
}
real_time {
  sec: 47
  nsec: 602985185
}
iterations: 11386
real_time_factor: 0.99999775000506252
step_size {
  nsec: 4000000
}

sim_time {
  sec: 45
  nsec: 648000000
}
real_time {
  sec: 47
  nsec: 706985186
}
iterations: 11412
real_time_factor: 0.99986126924889174
step_size {
  nsec: 4000000
}

sim_time {
  sec: 45
  nsec: 748000000
}
real_time {
  sec: 47
  nsec: 806989501
}
iterations: 11437
real_time_factor: 0.99896182891929564
step_size {
  nsec: 4000000
}

sim_time {
  sec: 45
  nsec: 852000000
}
real_time {
  sec: 47
  nsec: 910985131
}
iterations: 11463
real_time_factor: 1.0001065113434582
step_size {
  nsec: 4000000
}

sim_time {
  sec: 45
  nsec: 956000000
}
real_time {
  sec: 48
  nsec: 14985549
}
iterations: 11489
real_time_factor: 0.99998150034224365
step_size {
  nsec: 4000000
}

sim_time {
  sec: 46
  nsec: 60000000
}
real_time {
  sec: 48
  nsec: 118984893
}
iterations: 11515
real_time_factor: 0.99990250950532322
step_size {
  nsec: 4000000
}

sim_time {
  sec: 46
  nsec: 160000000
}
real_time {
  sec: 48
  nsec: 218985699
}
iterations: 11540
real_time_factor: 0.999687597625742
step_size {
  nsec: 4000000
}

sim_time {
  sec: 46
  nsec: 264000000
}
real_time {
  sec: 48
  nsec: 322985376
}
iterations: 11566
real_time_factor: 0.99994900260086739
step_size {
  nsec: 4000000
}

sim_time {
  sec: 46
  nsec: 368000000
}
real_time {
  sec: 48
  nsec: 426985275
}
iterations: 11592
real_time_factor: 0.99995375213896354
step_size {
  nsec: 4000000
}

sim_time {
  sec: 46
  nsec: 472000000
}
real_time {
  sec: 48
  nsec: 530984934
}
iterations: 11618
real_time_factor: 1.0000370013690507
step_size {
  nsec: 4000000
}

sim_time {
  sec: 46
  nsec: 572000000
}
real_time {
  sec: 48
  nsec: 630986332
}
iterations: 11643
real_time_factor: 0.99956968525049961
step_size {
  nsec: 4000000
}

sim_time {
  sec: 46
  nsec: 676000000
}
real_time {
  sec: 48
  nsec: 734985063
}
iterations: 11669
real_time_factor: 1.0001202644618015
step_size {
  nsec: 4000000
}

sim_time {
  sec: 46
  nsec: 776000000
}
real_time {
  sec: 48
  nsec: 834991146
}
iterations: 11694
real_time_factor: 0.998396076702777
step_size {
  nsec: 4000000
}

sim_time {
  sec: 46
  nsec: 880000000
}
real_time {
  sec: 48
  nsec: 938987099
}
iterations: 11720
real_time_factor: 0.99972707450865916
step_size {
  nsec: 4000000
}

sim_time {
  sec: 46
  nsec: 984000000
}
real_time {
  sec: 49
  nsec: 42985322
}
iterations: 11746
real_time_factor: 1.0003078447392184
step_size {
  nsec: 4000000
}

sim_time {
  sec: 47
  nsec: 84000000
}
real_time {
  sec: 49
  nsec: 142985432
}
iterations: 11771
real_time_factor: 1.0001642769824943
step_size {
  nsec: 4000000
}

sim_time {
  sec: 47
  nsec: 188000000
}
real_time {
  sec: 49
  nsec: 246985024
}
iterations: 11797
real_time_factor: 1.0001920368710793
step_size {
  nsec: 4000000
}

sim_time {
  sec: 47
  nsec: 288000000
}
real_time {
  sec: 49
  nsec: 346986126
}
iterations: 11822
real_time_factor: 0.99992800518362679
step_size {
  nsec: 4000000
}

sim_time {
  sec: 47
  nsec: 392000000
}
real_time {
  sec: 49
  nsec: 450985450
}
iterations: 11848
real_time_factor: 0.99998125035155594
step_size {
  nsec: 4000000
}

sim_time {
  sec: 47
  nsec: 496000000
}
real_time {
  sec: 49
  nsec: 554984921
}
iterations: 11874
real_time_factor: 0.99995150235213592
step_size {
  nsec: 4000000
}

sim_time {
  sec: 47
  nsec: 596000000
}
real_time {
  sec: 49
  nsec: 654989244
}
iterations: 11899
real_time_factor: 0.9988924779650562
step_size {
  nsec: 4000000
}

sim_time {
  sec: 47
  nsec: 700000000
}
real_time {
  sec: 49
  nsec: 758987058
}
iterations: 11925
real_time_factor: 0.99952772315081129
step_size {
  nsec: 4000000
}

sim_time {
  sec: 47
  nsec: 804000000
}
real_time {
  sec: 49
  nsec: 862985306
}
iterations: 11951
real_time_factor: 1.0002338046518373
step_size {
  nsec: 4000000
}

sim_time {
  sec: 47
  nsec: 908000000
}
real_time {
  sec: 49
  nsec: 966984620
}
iterations: 11977
real_time_factor: 1.000064754192834
step_size {
  nsec: 4000000
}

sim_time {
  sec: 48
  nsec: 8000000
}
real_time {
  sec: 50
  nsec: 66985100
}
iterations: 12002
real_time_factor: 0.99999050009024915
step_size {
  nsec: 4000000
}

sim_time {
  sec: 48
  nsec: 108000000
}
real_time {
  sec: 50
  nsec: 166986005
}
iterations: 12027
real_time_factor: 1
step_size {
  nsec: 4000000
}

sim_time {
  sec: 48
  nsec: 208000000
}
real_time {
  sec: 50
  nsec: 266986421
}
iterations: 12052
real_time_factor: 0.99973606967760509
step_size {
  nsec: 4000000
}

sim_time {
  sec: 48
  nsec: 312000000
}
real_time {
  sec: 50
  nsec: 370984984
}
iterations: 12078
real_time_factor: 1.0000487523766783
step_size {
  nsec: 4000000
}

sim_time {
  sec: 48
  nsec: 412000000
}
real_time {
  sec: 50
  nsec: 470991232
}
iterations: 12103
real_time_factor: 0.99838909918845942
step_size {
  nsec: 4000000
}

sim_time {
  sec: 48
  nsec: 516000000
}
real_time {
  sec: 50
  nsec: 574985306
}
iterations: 12129
real_time_factor: 1.0003723886216644
step_size {
  nsec: 4000000
}

sim_time {
  sec: 48
  nsec: 616000000
}
real_time {
  sec: 50
  nsec: 674985525
}
iterations: 12154
real_time_factor: 1.0013119690073919
step_size {
  nsec: 4000000
}

sim_time {
  sec: 48
  nsec: 720000000
}
real_time {
  sec: 50
  nsec: 778985106
}
iterations: 12180
real_time_factor: 1.0002985891288549
step_size {
  nsec: 4000000
}

sim_time {
  sec: 48
  nsec: 824000000
}
real_time {
  sec: 50
  nsec: 882984946
}
iterations: 12206
real_time_factor: 1.0000115001322516
step_size {
  nsec: 4000000
}

sim_time {
  sec: 48
  nsec: 928000000
}
real_time {
  sec: 50
  nsec: 986984925
}
iterations: 12232
real_time_factor: 1.0000902581457976
step_size {
  nsec: 4000000
}

sim_time {
  sec: 49
  nsec: 32000000
}
real_time {
  sec: 51
  nsec: 90985395
}
iterations: 12258
real_time_factor: 0.99985177197480468
step_size {
  nsec: 4000000
}

sim_time {
  sec: 49
  nsec: 136000000
}
real_time {
  sec: 51
  nsec: 194985291
}
iterations: 12284
real_time_factor: 0.99998825013806092
step_size {
  nsec: 4000000
}

sim_time {
  sec: 49
  nsec: 236000000
}
real_time {
  sec: 51
  nsec: 294985779
}
iterations: 12309
real_time_factor: 1.0000185003422564
step_size {
  nsec: 4000000
}

sim_time {
  sec: 49
  nsec: 340000000
}
real_time {
  sec: 51
  nsec: 398985424
}
iterations: 12335
real_time_factor: 1.000101760354116
step_size {
  nsec: 4000000
}

sim_time {
  sec: 49
  nsec: 444000000
}
real_time {
  sec: 51
  nsec: 502985079
}
iterations: 12361
real_time_factor: 1.0000115001322516
step_size {
  nsec: 4000000
}

sim_time {
  sec: 49
  nsec: 544000000
}
real_time {
  sec: 51
  nsec: 602985113
}
iterations: 12386
real_time_factor: 1.0001342680254823
step_size {
  nsec: 4000000
}

sim_time {
  sec: 49
  nsec: 648000000
}
real_time {
  sec: 51
  nsec: 706986786
}
iterations: 12412
real_time_factor: 0.99956019351485348
step_size {
  nsec: 4000000
}

sim_time {
  sec: 49
  nsec: 748000000
}
real_time {
  sec: 51
  nsec: 806986596
}
iterations: 12437
real_time_factor: 1.0014859547854129
step_size {
  nsec: 4000000
}

sim_time {
  sec: 49
  nsec: 852000000
}
real_time {
  sec: 51
  nsec: 910985000
}
iterations: 12463
real_time_factor: 1.0004399434651388
step_size {
  nsec: 4000000
}

sim_time {
  sec: 49
  nsec: 952000000
}
real_time {
  sec: 52
  nsec: 10988209
}
iterations: 12488
real_time_factor: 1.0005605640560125
step_size {
  nsec: 4000000
}

sim_time {
  sec: 50
  nsec: 56000000
}
real_time {
  sec: 52
  nsec: 114984798
}
iterations: 12514
real_time_factor: 1.0001897860118958
step_size {
  nsec: 4000000
}

sim_time {
  sec: 50
  nsec: 156000000
}
real_time {
  sec: 52
  nsec: 214986351
}
iterations: 12539
real_time_factor: 1.0001180139256431
step_size {
  nsec: 4000000
}

sim_time {
  sec: 50
  nsec: 256000000
}
real_time {
  sec: 52
  nsec: 314986051
}
iterations: 12564
real_time_factor: 1.0004607121579487
step_size {
  nsec: 4000000
}

sim_time {
  sec: 50
  nsec: 360000000
}
real_time {
  sec: 52
  nsec: 418985881
}
iterations: 12590
real_time_factor: 1.0000067500455627
step_size {
  nsec: 4000000
}

sim_time {
  sec: 50
  nsec: 464000000
}
real_time {
  sec: 52
  nsec: 522985025
}
iterations: 12616
real_time_factor: 1.0000137501890651
step_size {
  nsec: 4000000
}

sim_time {
  sec: 50
  nsec: 568000000
}
real_time {
  sec: 52
  nsec: 626985047
}
iterations: 12642
real_time_factor: 0.99991700688842822
step_size {
  nsec: 4000000
}

sim_time {
  sec: 50
  nsec: 668000000
}
real_time {
  sec: 52
  nsec: 726985218
}
iterations: 12667
real_time_factor: 1.0000650042252746
step_size {
  nsec: 4000000
}

sim_time {
  sec: 50
  nsec: 768000000
}
real_time {
  sec: 52
  nsec: 826985936
}
iterations: 12692
real_time_factor: 1.000171529417295
step_size {
  nsec: 4000000
}

sim_time {
  sec: 50
  nsec: 872000000
}
real_time {
  sec: 52
  nsec: 930984690
}
iterations: 12718
real_time_factor: 1.0001737801943087
step_size {
  nsec: 4000000
}

sim_time {
  sec: 50
  nsec: 976000000
}
real_time {
  sec: 53
  nsec: 34985000
}
iterations: 12744
real_time_factor: 0.99983577697363213
step_size {
  nsec: 4000000
}

sim_time {
  sec: 51
  nsec: 76000000
}
real_time {
  sec: 53
  nsec: 134984884
}
iterations: 12769
real_time_factor: 0.99993775387482131
step_size {
  nsec: 4000000
}

sim_time {
  sec: 51
  nsec: 180000000
}
real_time {
  sec: 53
  nsec: 238986574
}
iterations: 12795
real_time_factor: 0.99952347718225332
step_size {
  nsec: 4000000
}

sim_time {
  sec: 51
  nsec: 284000000
}
real_time {
  sec: 53
  nsec: 342984801
}
iterations: 12821
real_time_factor: 0.99996975091503482
step_size {
  nsec: 4000000
}

sim_time {
  sec: 51
  nsec: 388000000
}
real_time {
  sec: 53
  nsec: 446984556
}
iterations: 12847
real_time_factor: 1.0000252506375786
step_size {
  nsec: 4000000
}

sim_time {
  sec: 51
  nsec: 488000000
}
real_time {
  sec: 53
  nsec: 546984875
}
iterations: 12872
real_time_factor: 1.0000092500855633
step_size {
  nsec: 4000000
}

sim_time {
  sec: 51
  nsec: 592000000
}
real_time {
  sec: 53
  nsec: 650985332
}
iterations: 12898
real_time_factor: 0.99985427123996673
step_size {
  nsec: 4000000
}

sim_time {
  sec: 51
  nsec: 696000000
}
real_time {
  sec: 53
  nsec: 754985382
}
iterations: 12924
real_time_factor: 0.9999930000489996
step_size {
  nsec: 4000000
}

sim_time {
  sec: 51
  nsec: 796000000
}
real_time {
  sec: 53
  nsec: 854988265
}
iterations: 12949
real_time_factor: 0.99932445666729286
step_size {
  nsec: 4000000
}

sim_time {
  sec: 51
  nsec: 900000000
}
real_time {
  sec: 53
  nsec: 958985445
}
iterations: 12975
real_time_factor: 1.0000625039064941
step_size {
  nsec: 4000000
}

sim_time {
  sec: 52
}
real_time {
  sec: 54
  nsec: 58986272
}
iterations: 13000
real_time_factor: 1.0007761018669978
step_size {
  nsec: 4000000
}

sim_time {
  sec: 52
  nsec: 104000000
}
real_time {
  sec: 54
  nsec: 162985368
}
iterations: 13026
real_time_factor: 1.0001320174263002
step_size {
  nsec: 4000000
}

sim_time {
  sec: 52
  nsec: 204000000
}
real_time {
  sec: 54
  nsec: 262985705
}
iterations: 13051
real_time_factor: 1.0002430590633524
step_size {
  nsec: 4000000
}

sim_time {
  sec: 52
  nsec: 308000000
}
real_time {
  sec: 54
  nsec: 366984837
}
iterations: 13077
real_time_factor: 1.0000490024011177
step_size {
  nsec: 4000000
}

sim_time {
  sec: 52
  nsec: 408000000
}
real_time {
  sec: 54
  nsec: 466985637
}
iterations: 13102
real_time_factor: 0.99992125620107419
step_size {
  nsec: 4000000
}

sim_time {
  sec: 52
  nsec: 508000000
}
real_time {
  sec: 54
  nsec: 566985622
}
iterations: 13127
real_time_factor: 0.99987026683287838
step_size {
  nsec: 4000000
}

sim_time {
  sec: 52
  nsec: 612000000
}
real_time {
  sec: 54
  nsec: 670984977
}
iterations: 13153
real_time_factor: 1.000002000004
step_size {
  nsec: 4000000
}

sim_time {
  sec: 52
  nsec: 712000000
}
real_time {
  sec: 54
  nsec: 770985312
}
iterations: 13178
real_time_factor: 0.99992350585180234
step_size {
  nsec: 4000000
}

sim_time {
  sec: 52
  nsec: 816000000
}
real_time {
  sec: 54
  nsec: 874985176
}
iterations: 13204
real_time_factor: 0.9999952500225624
step_size {
  nsec: 4000000
}

sim_time {
  sec: 52
  nsec: 920000000
}
real_time {
  sec: 54
  nsec: 978985354
}
iterations: 13230
real_time_factor: 0.99991875660102614
step_size {
  nsec: 4000000
}

sim_time {
  sec: 53
  nsec: 20000000
}
real_time {
  sec: 55
  nsec: 78985550
}
iterations: 13255
real_time_factor: 0.99993750390600589
step_size {
  nsec: 4000000
}

sim_time {
  sec: 53
  nsec: 124000000
}
real_time {
  sec: 55
  nsec: 182985655
}
iterations: 13281
real_time_factor: 0.9998657680206432
step_size {
  nsec: 4000000
}

sim_time {
  sec: 53
  nsec: 224000000
}
real_time {
  sec: 55
  nsec: 282985481
}
iterations: 13306
real_time_factor: 1.0002778271664956
step_size {
  nsec: 4000000
}

sim_time {
  sec: 53
  nsec: 324000000
}
real_time {
  sec: 55
  nsec: 382987391
}
iterations: 13331
real_time_factor: 0.99947927129965286
step_size {
  nsec: 4000000
}

sim_time {
  sec: 53
  nsec: 428000000
}
real_time {
  sec: 55
  nsec: 486984967
}
iterations: 13357
real_time_factor: 1.0000345011902911
step_size {
  nsec: 4000000
}

sim_time {
  sec: 53
  nsec: 528000000
}
real_time {
  sec: 55
  nsec: 586985756
}
iterations: 13382
real_time_factor: 1.0006276436895043
step_size {
  nsec: 4000000
}

sim_time {
  sec: 53
  nsec: 632000000
}
real_time {
  sec: 55
  nsec: 690985563
}
iterations: 13408
real_time_factor: 0.99993975362984377
step_size {
  nsec: 4000000
}

sim_time {
  sec: 53
  nsec: 736000000
}
real_time {
  sec: 55
  nsec: 794984786
}
iterations: 13434
real_time_factor: 0.99994900260086739
step_size {
  nsec: 4000000
}

sim_time {
  sec: 53
  nsec: 840000000
}
real_time {
  sec: 55
  nsec: 898984741
}
iterations: 13460
real_time_factor: 0.99997925043055358
step_size {
  nsec: 4000000
}

sim_time {
  sec: 53
  nsec: 940000000
}
real_time {
  sec: 55
  nsec: 998986890
}
iterations: 13485
real_time_factor: 0.99963688190264888
step_size {
  nsec: 4000000
}

sim_time {
  sec: 54
  nsec: 44000000
}
real_time {
  sec: 56
  nsec: 102984975
}
iterations: 13511
real_time_factor: 1.0000277507700839
step_size {
  nsec: 4000000
}

sim_time {
  sec: 54
  nsec: 144000000
}
real_time {
  sec: 56
  nsec: 202985199
}
iterations: 13536
real_time_factor: 0.9999305048299143
step_size {
  nsec: 4000000
}

sim_time {
  sec: 54
  nsec: 248000000
}
real_time {
  sec: 56
  nsec: 306985310
}
iterations: 13562
real_time_factor: 0.999967751040029
step_size {
  nsec: 4000000
}

sim_time {
  sec: 54
  nsec: 348000000
}
real_time {
  sec: 56
  nsec: 406987562
}
iterations: 13587
real_time_factor: 0.9994098484844699
step_size {
  nsec: 4000000
}

sim_time {
  sec: 54
  nsec: 452000000
}
real_time {
  sec: 56
  nsec: 510984776
}
iterations: 13613
real_time_factor: 1.0001320174263002
step_size {
  nsec: 4000000
}

sim_time {
  sec: 54
  nsec: 556000000
}
real_time {
  sec: 56
  nsec: 615004017
}
iterations: 13639
real_time_factor: 0.99521525386323906
step_size {
  nsec: 4000000
}

sim_time {
  sec: 54
  nsec: 660000000
}
real_time {
  sec: 56
  nsec: 718984999
}
iterations: 13665
real_time_factor: 0.99990975814432748
step_size {
  nsec: 4000000
}

sim_time {
  sec: 54
  nsec: 764000000
}
real_time {
  sec: 56
  nsec: 822985258
}
iterations: 13691
real_time_factor: 0.99985901987819714
step_size {
  nsec: 4000000
}

sim_time {
  sec: 54
  nsec: 868000000
}
real_time {
  sec: 56
  nsec: 926984842
}
iterations: 13717
real_time_factor: 1.0000230005290123
step_size {
  nsec: 4000000
}

sim_time {
  sec: 54
  nsec: 968000000
}
real_time {
  sec: 57
  nsec: 26986351
}
iterations: 13742
real_time_factor: 0.99963663208423736
step_size {
  nsec: 4000000
}

sim_time {
  sec: 55
  nsec: 72000000
}
real_time {
  sec: 57
  nsec: 130984786
}
iterations: 13768
real_time_factor: 1.0001157633996136
step_size {
  nsec: 4000000
}

sim_time {
  sec: 55
  nsec: 172000000
}
real_time {
  sec: 57
  nsec: 230985277
}
iterations: 13793
real_time_factor: 1.0009754505765869
step_size {
  nsec: 4000000
}

sim_time {
  sec: 55
  nsec: 276000000
}
real_time {
  sec: 57
  nsec: 334984823
}
iterations: 13819
real_time_factor: 0.99994675283541157
step_size {
  nsec: 4000000
}

sim_time {
  sec: 55
  nsec: 380000000
}
real_time {
  sec: 57
  nsec: 438984833
}
iterations: 13845
real_time_factor: 0.99995600193591483
step_size {
  nsec: 4000000
}

sim_time {
  sec: 55
  nsec: 480000000
}
real_time {
  sec: 57
  nsec: 538985110
}
iterations: 13870
real_time_factor: 0.99993550415998167
step_size {
  nsec: 4000000
}

sim_time {
  sec: 55
  nsec: 584000000
}
real_time {
  sec: 57
  nsec: 642985203
}
iterations: 13896
real_time_factor: 0.99986801742170028
step_size {
  nsec: 4000000
}

sim_time {
  sec: 55
  nsec: 684000000
}
real_time {
  sec: 57
  nsec: 742985795
}
iterations: 13921
real_time_factor: 1.0002035414206791
step_size {
  nsec: 4000000
}

sim_time {
  sec: 55
  nsec: 788000000
}
real_time {
  sec: 57
  nsec: 846985228
}
iterations: 13947
real_time_factor: 0.99989826035200924
step_size {
  nsec: 4000000
}

sim_time {
  sec: 55
  nsec: 888000000
}
real_time {
  sec: 57
  nsec: 946985422
}
iterations: 13972
real_time_factor: 1.0004191756345908
step_size {
  nsec: 4000000
}

sim_time {
  sec: 55
  nsec: 988000000
}
real_time {
  sec: 58
  nsec: 46986578
}
iterations: 13997
real_time_factor: 1.0008364490623038
step_size {
  nsec: 4000000
}

sim_time {
  sec: 56
  nsec: 92000000
}
real_time {
  sec: 58
  nsec: 150986243
}
iterations: 14023
real_time_factor: 0.999748063488001
step_size {
  nsec: 4000000
}

sim_time {
  sec: 56
  nsec: 196000000
}
real_time {
  sec: 58
  nsec: 254986826
}
iterations: 14049
real_time_factor: 0.99952347718225332
step_size {
  nsec: 4000000
}

sim_time {
  sec: 56
  nsec: 300000000
}
real_time {
  sec: 58
  nsec: 358986010
}
iterations: 14075
real_time_factor: 0.99983327780092668
step_size {
  nsec: 4000000
}

sim_time {
  sec: 56
  nsec: 404000000
}
real_time {
  sec: 58
  nsec: 462984871
}
iterations: 14101
real_time_factor: 0.99994425310788926
step_size {
  nsec: 4000000
}

sim_time {
  sec: 56
  nsec: 508000000
}
real_time {
  sec: 58
  nsec: 566985545
}
iterations: 14127
real_time_factor: 0.9998055378228935
step_size {
  nsec: 4000000
}

sim_time {
  sec: 56
  nsec: 612000000
}
real_time {
  sec: 58
  nsec: 670984913
}
iterations: 14153
real_time_factor: 1.0000280007840219
step_size {
  nsec: 4000000
}

sim_time {
  sec: 56
  nsec: 712000000
}
real_time {
  sec: 58
  nsec: 770985179
}
iterations: 14178
real_time_factor: 1.00000250000625
step_size {
  nsec: 4000000
}

sim_time {
  sec: 56
  nsec: 812000000
}
real_time {
  sec: 58
  nsec: 870985752
}
iterations: 14203
real_time_factor: 0.99993500422472537
step_size {
  nsec: 4000000
}

sim_time {
  sec: 56
  nsec: 916000000
}
real_time {
  sec: 58
  nsec: 974984916
}
iterations: 14229
real_time_factor: 1.0000557531082357
step_size {
  nsec: 4000000
}

sim_time {
  sec: 57
  nsec: 20000000
}
real_time {
  sec: 59
  nsec: 78985267
}
iterations: 14255
real_time_factor: 0.99987726506571317
step_size {
  nsec: 4000000
}

sim_time {
  sec: 57
  nsec: 124000000
}
real_time {
  sec: 59
  nsec: 182985135
}
iterations: 14281
real_time_factor: 0.99998375026405817
step_size {
  nsec: 4000000
}

sim_time {
  sec: 57
  nsec: 224000000
}
real_time {
  sec: 59
  nsec: 282985808
}
iterations: 14306
real_time_factor: 1.0000650042252746
step_size {
  nsec: 4000000
}

sim_time {
  sec: 57
  nsec: 328000000
}
real_time {
  sec: 59
  nsec: 386984945
}
iterations: 14332
real_time_factor: 1.0000417517431353
step_size {
  nsec: 4000000
}

sim_time {
  sec: 57
  nsec: 432000000
}
real_time {
  sec: 59
  nsec: 490984388
}
iterations: 14358
real_time_factor: 1.0002243002993421
step_size {
  nsec: 4000000
}

sim_time {
  sec: 57
  nsec: 532000000
}
real_time {
  sec: 59
  nsec: 590984959
}
iterations: 14383
real_time_factor: 1.0000625039064941
step_size {
  nsec: 4000000
}

sim_time {
  sec: 57
  nsec: 632000000
}
real_time {
  sec: 59
  nsec: 690985160
}
iterations: 14408
real_time_factor: 1.0000230005290123
step_size {
  nsec: 4000000
}

sim_time {
  sec: 57
  nsec: 736000000
}
real_time {
  sec: 59
  nsec: 794984592
}
iterations: 14434
real_time_factor: 1.0001365186347937
step_size {
  nsec: 4000000
}

sim_time {
  sec: 57
  nsec: 836000000
}
real_time {
  sec: 59
  nsec: 894985153
}
iterations: 14459
real_time_factor: 1.00000250000625
step_size {
  nsec: 4000000
}

sim_time {
  sec: 57
  nsec: 936000000
}
real_time {
  sec: 59
  nsec: 994985558
}
iterations: 14484
real_time_factor: 0.99987501562304715
step_size {
  nsec: 4000000
}

sim_time {
  sec: 58
  nsec: 40000000
}
real_time {
  sec: 60
  nsec: 98988818
}
iterations: 14510
real_time_factor: 0.99903792647680278
step_size {
  nsec: 4000000
}

sim_time {
  sec: 58
  nsec: 144000000
}
real_time {
  sec: 60
  nsec: 202986862
}
iterations: 14536
real_time_factor: 0.9999050090241427
step_size {
  nsec: 4000000
}

sim_time {
  sec: 58
  nsec: 248000000
}
real_time {
  sec: 60
  nsec: 306985294
}
iterations: 14562
real_time_factor: 1.0000322510400961
step_size {
  nsec: 4000000
}

sim_time {
  sec: 58
  nsec: 348000000
}
real_time {
  sec: 60
  nsec: 406986142
}
iterations: 14587
real_time_factor: 1.0001970388166468
step_size {
  nsec: 4000000
}

sim_time {
  sec: 58
  nsec: 452000000
}
real_time {
  sec: 60
  nsec: 510984890
}
iterations: 14613
real_time_factor: 0.99998600019599726
step_size {
  nsec: 4000000
}

sim_time {
  sec: 58
  nsec: 552000000
}
real_time {
  sec: 60
  nsec: 610985303
}
iterations: 14638
real_time_factor: 1.0000762558145058
step_size {
  nsec: 4000000
}

sim_time {
  sec: 58
  nsec: 656000000
}
real_time {
  sec: 60
  nsec: 714985206
}
iterations: 14664
real_time_factor: 0.99996525120752056
step_size {
  nsec: 4000000
}

sim_time {
  sec: 58
  nsec: 760000000
}
real_time {
  sec: 60
  nsec: 818985395
}
iterations: 14690
real_time_factor: 0.99989601081487522
step_size {
  nsec: 4000000
}

sim_time {
  sec: 58
  nsec: 864000000
}
real_time {
  sec: 60
  nsec: 922985771
}
iterations: 14716
real_time_factor: 0.99973606967760509
step_size {
  nsec: 4000000
}

sim_time {
  sec: 58
  nsec: 968000000
}
real_time {
  sec: 61
  nsec: 26985350
}
iterations: 14742
real_time_factor: 0.99986326869800557
step_size {
  nsec: 4000000
}

sim_time {
  sec: 59
  nsec: 72000000
}
real_time {
  sec: 61
  nsec: 130985531
}
iterations: 14768
real_time_factor: 0.99982852940720668
step_size {
  nsec: 4000000
}

sim_time {
  sec: 59
  nsec: 172000000
}
real_time {
  sec: 61
  nsec: 230985082
}
iterations: 14793
real_time_factor: 1.0012192347230839
step_size {
  nsec: 4000000
}

sim_time {
  sec: 59
  nsec: 276000000
}
real_time {
  sec: 61
  nsec: 334985568
}
iterations: 14819
real_time_factor: 1.0000465021623506
step_size {
  nsec: 4000000
}

sim_time {
  sec: 59
  nsec: 376000000
}
real_time {
  sec: 61
  nsec: 434986499
}
iterations: 14844
real_time_factor: 0.99955120151052179
step_size {
  nsec: 4000000
}

sim_time {
  sec: 59
  nsec: 480000000
}
real_time {
  sec: 61
  nsec: 538985272
}
iterations: 14870
real_time_factor: 0.99987976445832394
step_size {
  nsec: 4000000
}

sim_time {
  sec: 59
  nsec: 584000000
}
real_time {
  sec: 61
  nsec: 642985092
}
iterations: 14896
real_time_factor: 1.0000207504305714
step_size {
  nsec: 4000000
}

sim_time {
  sec: 59
  nsec: 688000000
}
real_time {
  sec: 61
  nsec: 746985151
}
iterations: 14922
real_time_factor: 1.000141269954381
step_size {
  nsec: 4000000
}

sim_time {
  sec: 59
  nsec: 792000000
}
real_time {
  sec: 61
  nsec: 850985312
}
iterations: 14948
real_time_factor: 0.99985202190075873
step_size {
  nsec: 4000000
}

sim_time {
  sec: 59
  nsec: 896000000
}
real_time {
  sec: 61
  nsec: 954984843
}
iterations: 14974
real_time_factor: 0.99996550119020888
step_size {
  nsec: 4000000
}

sim_time {
  sec: 60
}
real_time {
  sec: 62
  nsec: 58985143
}
iterations: 15000
real_time_factor: 0.99997725051755071
step_size {
  nsec: 4000000
}

sim_time {
  sec: 60
  nsec: 104000000
}
real_time {
  sec: 62
  nsec: 162984749
}
iterations: 15026
real_time_factor: 0.99995400211590268
step_size {
  nsec: 4000000
}

sim_time {
  sec: 60
  nsec: 204000000
}
real_time {
  sec: 62
  nsec: 262985309
}
iterations: 15051
real_time_factor: 1.00015977552414
step_size {
  nsec: 4000000
}

sim_time {
  sec: 60
  nsec: 304000000
}
real_time {
  sec: 62
  nsec: 362986202
}
iterations: 15076
real_time_factor: 0.99985402131288836
step_size {
  nsec: 4000000
}

sim_time {
  sec: 60
  nsec: 408000000
}
real_time {
  sec: 62
  nsec: 466985168
}
iterations: 15102
real_time_factor: 1.0000650042252746
step_size {
  nsec: 4000000
}

sim_time {
  sec: 60
  nsec: 508000000
}
real_time {
  sec: 62
  nsec: 566984932
}
iterations: 15127
real_time_factor: 1.0004839841273216
step_size {
  nsec: 4000000
}

sim_time {
  sec: 60
  nsec: 612000000
}
real_time {
  sec: 62
  nsec: 670985083
}
iterations: 15153
real_time_factor: 1.0000322510400961
step_size {
  nsec: 4000000
}

sim_time {
  sec: 60
  nsec: 712000000
}
real_time {
  sec: 62
  nsec: 770985780
}
iterations: 15178
real_time_factor: 1.0003868996334333
step_size {
  nsec: 4000000
}

sim_time {
  sec: 60
  nsec: 816000000
}
real_time {
  sec: 62
  nsec: 874984922
}
iterations: 15204
real_time_factor: 1.000178281778727
step_size {
  nsec: 4000000
}

sim_time {
  sec: 60
  nsec: 920000000
}
real_time {
  sec: 62
  nsec: 978985341
}
iterations: 15230
real_time_factor: 0.99994450308007909
step_size {
  nsec: 4000000
}

sim_time {
  sec: 61
  nsec: 24000000
}
real_time {
  sec: 63
  nsec: 82984761
}
iterations: 15256
real_time_factor: 1.0000090000810007
step_size {
  nsec: 4000000
}

sim_time {
  sec: 61
  nsec: 124000000
}
real_time {
  sec: 63
  nsec: 182985384
}
iterations: 15281
real_time_factor: 0.99996525120752056
step_size {
  nsec: 4000000
}

sim_time {
  sec: 61
  nsec: 228000000
}
real_time {
  sec: 63
  nsec: 286984701
}
iterations: 15307
real_time_factor: 1.0001065113434582
step_size {
  nsec: 4000000
}

sim_time {
  sec: 61
  nsec: 332000000
}
real_time {
  sec: 63
  nsec: 390985194
}
iterations: 15333
real_time_factor: 0.99991000809927111
step_size {
  nsec: 4000000
}

sim_time {
  sec: 61
  nsec: 436000000
}
real_time {
  sec: 63
  nsec: 494984678
}
iterations: 15359
real_time_factor: 1.000005000025
step_size {
  nsec: 4000000
}

sim_time {
  sec: 61
  nsec: 536000000
}
real_time {
  sec: 63
  nsec: 594985218
}
iterations: 15384
real_time_factor: 1.0001065113434582
step_size {
  nsec: 4000000
}

sim_time {
  sec: 61
  nsec: 636000000
}
real_time {
  sec: 63
  nsec: 694990090
}
iterations: 15409
real_time_factor: 0.99986101931831473
step_size {
  nsec: 4000000
}

sim_time {
  sec: 61
  nsec: 740000000
}
real_time {
  sec: 63
  nsec: 798989276
}
iterations: 15435
real_time_factor: 0.99888574295373511
step_size {
  nsec: 4000000
}

sim_time {
  sec: 61
  nsec: 844000000
}
real_time {
  sec: 63
  nsec: 902985380
}
iterations: 15461
real_time_factor: 0.99999100008099928
step_size {
  nsec: 4000000
}

sim_time {
  sec: 61
  nsec: 944000000
}
real_time {
  sec: 64
  nsec: 2986475
}
iterations: 15486
real_time_factor: 0.99960440655610538
step_size {
  nsec: 4000000
}

sim_time {
  sec: 62
  nsec: 48000000
}
real_time {
  sec: 64
  nsec: 106985828
}
iterations: 15512
real_time_factor: 1.0001460213191127
step_size {
  nsec: 4000000
}

sim_time {
  sec: 62
  nsec: 148000000
}
real_time {
  sec: 64
  nsec: 206986672
}
iterations: 15537
real_time_factor: 0.99983827615883136
step_size {
  nsec: 4000000
}

sim_time {
  sec: 62
  nsec: 252000000
}
real_time {
  sec: 64
  nsec: 310984896
}
iterations: 15563
real_time_factor: 0.99987526556062134
step_size {
  nsec: 4000000
}

sim_time {
  sec: 62
  nsec: 352000000
}
real_time {
  sec: 64
  nsec: 411029203
}
iterations: 15588
real_time_factor: 0.98924003612704614
step_size {
  nsec: 4000000
}

sim_time {
  sec: 62
  nsec: 456000000
}
real_time {
  sec: 64
  nsec: 514985344
}
iterations: 15614
real_time_factor: 0.99999775000506252
step_size {
  nsec: 4000000
}

sim_time {
  sec: 62
  nsec: 556000000
}
real_time {
  sec: 64
  nsec: 614986476
}
iterations: 15639
real_time_factor: 0.99961564778342726
step_size {
  nsec: 4000000
}

sim_time {
  sec: 62
  nsec: 660000000
}
real_time {
  sec: 64
  nsec: 718984846
}
iterations: 15665
real_time_factor: 1.0001157633996136
step_size {
  nsec: 4000000
}

sim_time {
  sec: 62
  nsec: 764000000
}
real_time {
  sec: 64
  nsec: 822986300
}
iterations: 15691
real_time_factor: 0.99958592153200532
step_size {
  nsec: 4000000
}

sim_time {
  sec: 62
  nsec: 864000000
}
real_time {
  sec: 64
  nsec: 922990144
}
iterations: 15716
real_time_factor: 1.0004792295509548
step_size {
  nsec: 4000000
}

sim_time {
  sec: 62
  nsec: 968000000
}
real_time {
  sec: 65
  nsec: 26984959
}
iterations: 15742
real_time_factor: 1.0005720770850735
step_size {
  nsec: 4000000
}

sim_time {
  sec: 63
  nsec: 72000000
}
real_time {
  sec: 65
  nsec: 130984904
}
iterations: 15768
real_time_factor: 1.000058003364195
step_size {
  nsec: 4000000
}

sim_time {
  sec: 63
  nsec: 172000000
}
real_time {
  sec: 65
  nsec: 230984923
}
iterations: 15793
real_time_factor: 1.0000972594584823
step_size {
  nsec: 4000000
}

sim_time {
  sec: 63
  nsec: 272000000
}
real_time {
  sec: 65
  nsec: 330985769
}
iterations: 15818
real_time_factor: 0.99988451333870942
step_size {
  nsec: 4000000
}

sim_time {
  sec: 63
  nsec: 376000000
}
real_time {
  sec: 65
  nsec: 434984920
}
iterations: 15844
real_time_factor: 1.0000235005522631
step_size {
  nsec: 4000000
}

sim_time {
  sec: 63
  nsec: 476000000
}
real_time {
  sec: 65
  nsec: 534986282
}
iterations: 15869
real_time_factor: 0.99970858494748782
step_size {
  nsec: 4000000
}

sim_time {
  sec: 63
  nsec: 580000000
}
real_time {
  sec: 65
  nsec: 638985180
}
iterations: 15895
real_time_factor: 1.0000047500225626
step_size {
  nsec: 4000000
}

sim_time {
  sec: 63
  nsec: 684000000
}
real_time {
  sec: 65
  nsec: 742985226
}
iterations: 15921
real_time_factor: 0.99998150034224365
step_size {
  nsec: 4000000
}

sim_time {
  sec: 63
  nsec: 788000000
}
real_time {
  sec: 65
  nsec: 846984864
}
iterations: 15947
real_time_factor: 0.99994925257543177
step_size {
  nsec: 4000000
}

sim_time {
  sec: 63
  nsec: 888000000
}
real_time {
  sec: 65
  nsec: 946984984
}
iterations: 15972
real_time_factor: 1.0001737801943087
step_size {
  nsec: 4000000
}

sim_time {
  sec: 63
  nsec: 992000000
}
real_time {
  sec: 66
  nsec: 50984512
}
iterations: 15998
real_time_factor: 1.0000252506375786
step_size {
  nsec: 4000000
}

sim_time {
  sec: 64
  nsec: 92000000
}
real_time {
  sec: 66
  nsec: 150985197
}
iterations: 16023
real_time_factor: 0.9999952500225624
step_size {
  nsec: 4000000
}

sim_time {
  sec: 64
  nsec: 196000000
}
real_time {
  sec: 66
  nsec: 254984668
}
iterations: 16049
real_time_factor: 1.000201540610433
step_size {
  nsec: 4000000
}

sim_time {
  sec: 64
  nsec: 296000000
}
real_time {
  sec: 66
  nsec: 354985723
}
iterations: 16074
real_time_factor: 1.0000602536302812
step_size {
  nsec: 4000000
}

sim_time {
  sec: 64
  nsec: 400000000
}
real_time {
  sec: 66
  nsec: 458984760
}
iterations: 16100
real_time_factor: 0.99998375026405817
step_size {
  nsec: 4000000
}

sim_time {
  sec: 64
  nsec: 504000000
}
real_time {
  sec: 66
  nsec: 562984462
}
iterations: 16126
real_time_factor: 1.0000442519581492
step_size {
  nsec: 4000000
}

sim_time {
  sec: 64
  nsec: 604000000
}
real_time {
  sec: 66
  nsec: 662985693
}
iterations: 16151
real_time_factor: 0.99974556475377019
step_size {
  nsec: 4000000
}

sim_time {
  sec: 64
  nsec: 708000000
}
real_time {
  sec: 66
  nsec: 766984590
}
iterations: 16177
real_time_factor: 1.0000437519141463
step_size {
  nsec: 4000000
}

sim_time {
  sec: 64
  nsec: 808000000
}
real_time {
  sec: 66
  nsec: 866984885
}
iterations: 16202
real_time_factor: 1.0001367687031202
step_size {
  nsec: 4000000
}

sim_time {
  sec: 64
  nsec: 908000000
}
real_time {
  sec: 66
  nsec: 966985041
}
iterations: 16227
real_time_factor: 1.0000715051126154
step_size {
  nsec: 4000000
}

sim_time {
  sec: 65
  nsec: 12000000
}
real_time {
  sec: 67
  nsec: 70985307
}
iterations: 16253
real_time_factor: 0.99990300940808741
step_size {
  nsec: 4000000
}

sim_time {
  sec: 65
  nsec: 112000000
}
real_time {
  sec: 67
  nsec: 170985463
}
iterations: 16278
real_time_factor: 1.0016441989525806
step_size {
  nsec: 4000000
}

sim_time {
  sec: 65
  nsec: 212000000
}
real_time {
  sec: 67
  nsec: 270989620
}
iterations: 16303
real_time_factor: 1.000344868893551
step_size {
  nsec: 4000000
}

sim_time {
  sec: 65
  nsec: 316000000
}
real_time {
  sec: 67
  nsec: 374985303
}
iterations: 16329
real_time_factor: 1.0000880077446814
step_size {
  nsec: 4000000
}

sim_time {
  sec: 65
  nsec: 416000000
}
real_time {
  sec: 67
  nsec: 474985987
}
iterations: 16354
real_time_factor: 1.0007738483782584
step_size {
  nsec: 4000000
}

sim_time {
  sec: 65
  nsec: 520000000
}
real_time {
  sec: 67
  nsec: 578985263
}
iterations: 16380
real_time_factor: 1.0001575248101575
step_size {
  nsec: 4000000
}

sim_time {
  sec: 65
  nsec: 620000000
}
real_time {
  sec: 67
  nsec: 678985390
}
iterations: 16405
real_time_factor: 1.0000557531082357
step_size {
  nsec: 4000000
}

sim_time {
  sec: 65
  nsec: 724000000
}
real_time {
  sec: 67
  nsec: 782984841
}
iterations: 16431
real_time_factor: 0.99998150034224365
step_size {
  nsec: 4000000
}

sim_time {
  sec: 65
  nsec: 824000000
}
real_time {
  sec: 67
  nsec: 882987940
}
iterations: 16456
real_time_factor: 0.99929474773178828
step_size {
  nsec: 4000000
}

sim_time {
  sec: 65
  nsec: 924000000
}
real_time {
  sec: 67
  nsec: 982987837
}
iterations: 16481
real_time_factor: 0.99930123860890274
step_size {
  nsec: 4000000
}

sim_time {
  sec: 66
  nsec: 24000000
}
real_time {
  sec: 68
  nsec: 82988241
}
iterations: 16506
real_time_factor: 0.999967751040029
step_size {
  nsec: 4000000
}

sim_time {
  sec: 66
  nsec: 128000000
}
real_time {
  sec: 68
  nsec: 186985378
}
iterations: 16532
real_time_factor: 0.999847273328999
step_size {
  nsec: 4000000
}

sim_time {
  sec: 66
  nsec: 228000000
}
real_time {
  sec: 68
  nsec: 286986366
}
iterations: 16557
real_time_factor: 1.0000255006502665
step_size {
  nsec: 4000000
}

sim_time {
  sec: 66
  nsec: 328000000
}
real_time {
  sec: 68
  nsec: 387126020
}
iterations: 16582
real_time_factor: 0.96586395323286733
step_size {
  nsec: 4000000
}

sim_time {
  sec: 66
  nsec: 432000000
}
real_time {
  sec: 68
  nsec: 490984907
}
iterations: 16608
real_time_factor: 1.0003543755375341
step_size {
  nsec: 4000000
}

sim_time {
  sec: 66
  nsec: 532000000
}
real_time {
  sec: 68
  nsec: 590986349
}
iterations: 16633
real_time_factor: 1.001602062498967
step_size {
  nsec: 4000000
}

sim_time {
  sec: 66
  nsec: 636000000
}
real_time {
  sec: 68
  nsec: 694985150
}
iterations: 16659
real_time_factor: 1.0000697548654018
step_size {
  nsec: 4000000
}

sim_time {
  sec: 66
  nsec: 736000000
}
real_time {
  sec: 68
  nsec: 794986601
}
iterations: 16684
real_time_factor: 1.0000557531082357
step_size {
  nsec: 4000000
}

sim_time {
  sec: 66
  nsec: 840000000
}
real_time {
  sec: 68
  nsec: 898984745
}
iterations: 16710
real_time_factor: 1.000085757353693
step_size {
  nsec: 4000000
}

sim_time {
  sec: 66
  nsec: 944000000
}
real_time {
  sec: 69
  nsec: 2985037
}
iterations: 16736
real_time_factor: 1.000099759951055
step_size {
  nsec: 4000000
}

sim_time {
  sec: 67
  nsec: 44000000
}
real_time {
  sec: 69
  nsec: 102987506
}
iterations: 16761
real_time_factor: 0.99991675692998561
step_size {
  nsec: 4000000
}

sim_time {
  sec: 67
  nsec: 148000000
}
real_time {
  sec: 69
  nsec: 206984715
}
iterations: 16787
real_time_factor: 1.0000532528357136
step_size {
  nsec: 4000000
}

sim_time {
  sec: 67
  nsec: 252000000
}
real_time {
  sec: 69
  nsec: 310985036
}
iterations: 16813
real_time_factor: 1
step_size {
  nsec: 4000000
}

sim_time {
  sec: 67
  nsec: 352000000
}
real_time {
  sec: 69
  nsec: 410987042
}
iterations: 16838
real_time_factor: 0.99971308234536693
step_size {
  nsec: 4000000
}

sim_time {
  sec: 67
  nsec: 456000000
}
real_time {
  sec: 69
  nsec: 514985352
}
iterations: 16864
real_time_factor: 0.99985677051762334
step_size {
  nsec: 4000000
}

sim_time {
  sec: 67
  nsec: 560000000
}
real_time {
  sec: 69
  nsec: 618984922
}
iterations: 16890
real_time_factor: 0.99991200774331856
step_size {
  nsec: 4000000
}

sim_time {
  sec: 67
  nsec: 660000000
}
real_time {
  sec: 69
  nsec: 718991585
}
iterations: 16915
real_time_factor: 0.99834748532491591
step_size {
  nsec: 4000000
}

sim_time {
  sec: 67
  nsec: 764000000
}
real_time {
  sec: 69
  nsec: 822985422
}
iterations: 16941
real_time_factor: 1.0000695048305857
step_size {
  nsec: 4000000
}

sim_time {
  sec: 67
  nsec: 868000000
}
real_time {
  sec: 69
  nsec: 926984584
}
iterations: 16967
real_time_factor: 1.0001317673603498
step_size {
  nsec: 4000000
}

sim_time {
  sec: 67
  nsec: 968000000
}
real_time {
  sec: 70
  nsec: 26986042
}
iterations: 16992
real_time_factor: 0.999831028556174
step_size {
  nsec: 4000000
}

sim_time {
  sec: 68
  nsec: 72000000
}
real_time {
  sec: 70
  nsec: 130985204
}
iterations: 17018
real_time_factor: 0.99992600547559485
step_size {
  nsec: 4000000
}

sim_time {
  sec: 68
  nsec: 172000000
}
real_time {
  sec: 70
  nsec: 230985486
}
iterations: 17043
real_time_factor: 1.0000490024011177
step_size {
  nsec: 4000000
}

sim_time {
  sec: 68
  nsec: 276000000
}
real_time {
  sec: 70
  nsec: 334985417
}
iterations: 17069
real_time_factor: 1.0000210004410093
step_size {
  nsec: 4000000
}

sim_time {
  sec: 68
  nsec: 376000000
}
real_time {
  sec: 70
  nsec: 434985478
}
iterations: 17094
real_time_factor: 1.0000627539378095
step_size {
  nsec: 4000000
}

sim_time {
  sec: 68
  nsec: 480000000
}
real_time {
  sec: 70
  nsec: 538984857
}
iterations: 17120
real_time_factor: 1.0001345180926835
step_size {
  nsec: 4000000
}

sim_time {
  sec: 68
  nsec: 580000000
}
real_time {
  sec: 70
  nsec: 638985000
}
iterations: 17145
real_time_factor: 0.99998150034224365
step_size {
  nsec: 4000000
}

sim_time {
  sec: 68
  nsec: 680000000
}
real_time {
  sec: 70
  nsec: 738985790
}
iterations: 17170
real_time_factor: 0.99966711085208626
step_size {
  nsec: 4000000
}

sim_time {
  sec: 68
  nsec: 784000000
}
real_time {
  sec: 70
  nsec: 842985247
}
iterations: 17196
real_time_factor: 1.0000142502030653
step_size {
  nsec: 4000000
}

sim_time {
  sec: 68
  nsec: 884000000
}
real_time {
  sec: 70
  nsec: 942987196
}
iterations: 17221
real_time_factor: 1.0002177974253894
step_size {
  nsec: 4000000
}

sim_time {
  sec: 68
  nsec: 988000000
}
real_time {
  sec: 71
  nsec: 46985152
}
iterations: 17247
real_time_factor: 1.0000675045565575
step_size {
  nsec: 4000000
}

sim_time {
  sec: 69
  nsec: 88000000
}
real_time {
  sec: 71
  nsec: 146985054
}
iterations: 17272
real_time_factor: 1.0000972594584823
step_size {
  nsec: 4000000
}

sim_time {
  sec: 69
  nsec: 192000000
}
real_time {
  sec: 71
  nsec: 250986260
}
iterations: 17298
real_time_factor: 0.99967860332902969
step_size {
  nsec: 4000000
}

sim_time {
  sec: 69
  nsec: 296000000
}
real_time {
  sec: 71
  nsec: 354984737
}
iterations: 17324
real_time_factor: 0.99995600193591483
step_size {
  nsec: 4000000
}

sim_time {
  sec: 69
  nsec: 396000000
}
real_time {
  sec: 71
  nsec: 455168129
}
iterations: 17349
real_time_factor: 0.95637861499161736
step_size {
  nsec: 4000000
}

sim_time {
  sec: 69
  nsec: 500000000
}
real_time {
  sec: 71
  nsec: 558984781
}
iterations: 17375
real_time_factor: 1.0001457712461592
step_size {
  nsec: 4000000
}

sim_time {
  sec: 69
  nsec: 600000000
}
real_time {
  sec: 71
  nsec: 658985394
}
iterations: 17400
real_time_factor: 1.0001182639847161
step_size {
  nsec: 4000000
}

sim_time {
  sec: 69
  nsec: 704000000
}
real_time {
  sec: 71
  nsec: 762985442
}
iterations: 17426
real_time_factor: 1.0000142502030653
step_size {
  nsec: 4000000
}

sim_time {
  sec: 69
  nsec: 808000000
}
real_time {
  sec: 71
  nsec: 866985333
}
iterations: 17452
real_time_factor: 0.99994475305239383
step_size {
  nsec: 4000000
}

sim_time {
  sec: 69
  nsec: 912000000
}
real_time {
  sec: 71
  nsec: 970984613
}
iterations: 17478
real_time_factor: 1.0001112623779396
step_size {
  nsec: 4000000
}

sim_time {
  sec: 70
  nsec: 12000000
}
real_time {
  sec: 72
  nsec: 70985005
}
iterations: 17503
real_time_factor: 0.99997950042024142
step_size {
  nsec: 4000000
}

sim_time {
  sec: 70
  nsec: 112000000
}
real_time {
  sec: 72
  nsec: 170987601
}
iterations: 17528
real_time_factor: 0.99941933736499089
step_size {
  nsec: 4000000
}

sim_time {
  sec: 70
  nsec: 216000000
}
real_time {
  sec: 72
  nsec: 274985168
}
iterations: 17554
real_time_factor: 0.99998150034224365
step_size {
  nsec: 4000000
}

sim_time {
  sec: 70
  nsec: 320000000
}
real_time {
  sec: 72
  nsec: 378985105
}
iterations: 17580
real_time_factor: 0.99997700052898786
step_size {
  nsec: 4000000
}

sim_time {
  sec: 70
  nsec: 424000000
}
real_time {
  sec: 72
  nsec: 482984931
}
iterations: 17606
real_time_factor: 0.99995400211590268
step_size {
  nsec: 4000000
}

sim_time {
  sec: 70
  nsec: 524000000
}
real_time {
  sec: 72
  nsec: 582985461
}
iterations: 17631
real_time_factor: 0.99982653009702815
step_size {
  nsec: 4000000
}

sim_time {
  sec: 70
  nsec: 628000000
}
real_time {
  sec: 72
  nsec: 686984860
}
iterations: 17657
real_time_factor: 1.000099759951055
step_size {
  nsec: 4000000
}

sim_time {
  sec: 70
  nsec: 728000000
}
real_time {
  sec: 72
  nsec: 786985075
}
iterations: 17682
real_time_factor: 1.000007250052563
step_size {
  nsec: 4000000
}

sim_time {
  sec: 70
  nsec: 828000000
}
real_time {
  sec: 72
  nsec: 886985586
}
iterations: 17707
real_time_factor: 1.0000485023523642
step_size {
  nsec: 4000000
}

sim_time {
  sec: 70
  nsec: 928000000
}
real_time {
  sec: 72
  nsec: 986986763
}
iterations: 17732
real_time_factor: 0.99964612527165386
step_size {
  nsec: 4000000
}

sim_time {
  sec: 71
  nsec: 32000000
}
real_time {
  sec: 73
  nsec: 90985820
}
iterations: 17758
real_time_factor: 0.99982877932154124
step_size {
  nsec: 4000000
}

sim_time {
  sec: 71
  nsec: 132000000
}
real_time {
  sec: 73
  nsec: 190986396
}
iterations: 17783
real_time_factor: 0.99963913027397111
step_size {
  nsec: 4000000
}

sim_time {
  sec: 71
  nsec: 236000000
}
real_time {
  sec: 73
  nsec: 294985008
}
iterations: 17809
real_time_factor: 0.99994925257543177
step_size {
  nsec: 4000000
}

sim_time {
  sec: 71
  nsec: 336000000
}
real_time {
  sec: 73
  nsec: 394985325
}
iterations: 17834
real_time_factor: 1.0002988392782344
step_size {
  nsec: 4000000
}

sim_time {
  sec: 71
  nsec: 440000000
}
real_time {
  sec: 73
  nsec: 498986168
}
iterations: 17860
real_time_factor: 0.999833527717635
step_size {
  nsec: 4000000
}

sim_time {
  sec: 71
  nsec: 544000000
}
real_time {
  sec: 73
  nsec: 602988826
}
iterations: 17886
real_time_factor: 0.9992575516391321
step_size {
  nsec: 4000000
}

sim_time {
  sec: 71
  nsec: 644000000
}
real_time {
  sec: 73
  nsec: 702989512
}
iterations: 17911
real_time_factor: 0.99900124850181027
step_size {
  nsec: 4000000
}

sim_time {
  sec: 71
  nsec: 748000000
}
real_time {
  sec: 73
  nsec: 806985187
}
iterations: 17937
real_time_factor: 0.99997475063754637
step_size {
  nsec: 4000000
}

sim_time {
  sec: 71
  nsec: 852000000
}
real_time {
  sec: 73
  nsec: 910984863
}
iterations: 17963
real_time_factor: 1.000058003364195
step_size {
  nsec: 4000000
}

sim_time {
  sec: 71
  nsec: 952000000
}
real_time {
  sec: 74
  nsec: 10986521
}
iterations: 17988
real_time_factor: 0.99977355129063272
step_size {
  nsec: 4000000
}

sim_time {
  sec: 72
  nsec: 56000000
}
real_time {
  sec: 74
  nsec: 114990151
}
iterations: 18014
real_time_factor: 0.99867550660935933
step_size {
  nsec: 4000000
}

sim_time {
  sec: 72
  nsec: 160000000
}
real_time {
  sec: 74
  nsec: 218984957
}
iterations: 18040
real_time_factor: 1.0000650042252746
step_size {
  nsec: 4000000
}

sim_time {
  sec: 72
  nsec: 260000000
}
real_time {
  sec: 74
  nsec: 318985938
}
iterations: 18065
real_time_factor: 0.999731821938765
step_size {
  nsec: 4000000
}

sim_time {
  sec: 72
  nsec: 364000000
}
real_time {
  sec: 74
  nsec: 422984874
}
iterations: 18091
real_time_factor: 0.99996300136894933
step_size {
  nsec: 4000000
}

sim_time {
  sec: 72
  nsec: 464000000
}
real_time {
  sec: 74
  nsec: 522985189
}
iterations: 18116
real_time_factor: 1.0000882577887498
step_size {
  nsec: 4000000
}

sim_time {
  sec: 72
  nsec: 564000000
}
real_time {
  sec: 74
  nsec: 622985819
}
iterations: 18141
real_time_factor: 1.0007623307054148
step_size {
  nsec: 4000000
}

sim_time {
  sec: 72
  nsec: 668000000
}
real_time {
  sec: 74
  nsec: 726984633
}
iterations: 18167
real_time_factor: 1.0000280007840219
step_size {
  nsec: 4000000
}

sim_time {
  sec: 72
  nsec: 768000000
}
real_time {
  sec: 74
  nsec: 826986521
}
iterations: 18192
real_time_factor: 0.99977804927306135
step_size {
  nsec: 4000000
}

sim_time {
  sec: 72
  nsec: 872000000
}
real_time {
  sec: 74
  nsec: 930985362
}
iterations: 18218
real_time_factor: 1.0000905081909912
step_size {
  nsec: 4000000
}

sim_time {
  sec: 72
  nsec: 972000000
}
real_time {
  sec: 75
  nsec: 30987196
}
iterations: 18243
real_time_factor: 0.99948176870292749
step_size {
  nsec: 4000000
}

sim_time {
  sec: 73
  nsec: 76000000
}
real_time {
  sec: 75
  nsec: 134985499
}
iterations: 18269
real_time_factor: 1.0000117501380641
step_size {
  nsec: 4000000
}

sim_time {
  sec: 73
  nsec: 176000000
}
real_time {
  sec: 75
  nsec: 234985472
}
iterations: 18294
real_time_factor: 1.0000835069728322
step_size {
  nsec: 4000000
}

sim_time {
  sec: 73
  nsec: 280000000
}
real_time {
  sec: 75
  nsec: 338985054
}
iterations: 18320
real_time_factor: 1.0001090118822951
step_size {
  nsec: 4000000
}

sim_time {
  sec: 73
  nsec: 384000000
}
real_time {
  sec: 75
  nsec: 442984636
}
iterations: 18346
real_time_factor: 1.0000117501380641
step_size {
  nsec: 4000000
}

sim_time {
  sec: 73
  nsec: 488000000
}
real_time {
  sec: 75
  nsec: 546985107
}
iterations: 18372
real_time_factor: 0.99992150616176634
step_size {
  nsec: 4000000
}

sim_time {
  sec: 73
  nsec: 592000000
}
real_time {
  sec: 75
  nsec: 650984974
}
iterations: 18398
real_time_factor: 1.0000165002722545
step_size {
  nsec: 4000000
}

sim_time {
  sec: 73
  nsec: 696000000
}
real_time {
  sec: 75
  nsec: 754987282
}
iterations: 18424
real_time_factor: 0.99943332130681906
step_size {
  nsec: 4000000
}

sim_time {
  sec: 73
  nsec: 796000000
}
real_time {
  sec: 75
  nsec: 854992508
}
iterations: 18449
real_time_factor: 0.9980527989891721
step_size {
  nsec: 4000000
}

sim_time {
  sec: 73
  nsec: 900000000
}
real_time {
  sec: 75
  nsec: 958985279
}
iterations: 18475
real_time_factor: 0.99982203167836126
step_size {
  nsec: 4000000
}

sim_time {
  sec: 74
  nsec: 4000000
}
real_time {
  sec: 76
  nsec: 62985044
}
iterations: 18501
real_time_factor: 0.999960751540502
step_size {
  nsec: 4000000
}

sim_time {
  sec: 74
  nsec: 104000000
}
real_time {
  sec: 76
  nsec: 162984598
}
iterations: 18526
real_time_factor: 1.0000512526266971
step_size {
  nsec: 4000000
}

sim_time {
  sec: 74
  nsec: 208000000
}
real_time {
  sec: 76
  nsec: 266984438
}
iterations: 18552
real_time_factor: 1.0001297668372471
step_size {
  nsec: 4000000
}

sim_time {
  sec: 74
  nsec: 308000000
}
real_time {
  sec: 76
  nsec: 366984881
}
iterations: 18577
real_time_factor: 1.0000280007840219
step_size {
  nsec: 4000000
}

sim_time {
  sec: 74
  nsec: 412000000
}
real_time {
  sec: 76
  nsec: 470984958
}
iterations: 18603
real_time_factor: 0.99992125620107419
step_size {
  nsec: 4000000
}

sim_time {
  sec: 74
  nsec: 516000000
}
real_time {
  sec: 76
  nsec: 574984533
}
iterations: 18629
real_time_factor: 1.0000720051843732
step_size {
  nsec: 4000000
}

sim_time {
  sec: 74
  nsec: 620000000
}
real_time {
  sec: 76
  nsec: 678985007
}
iterations: 18655
real_time_factor: 0.9998657680206432
step_size {
  nsec: 4000000
}

sim_time {
  sec: 74
  nsec: 724000000
}
real_time {
  sec: 76
  nsec: 782984608
}
iterations: 18681
real_time_factor: 0.99997700052898786
step_size {
  nsec: 4000000
}

sim_time {
  sec: 74
  nsec: 824000000
}
real_time {
  sec: 76
  nsec: 882984874
}
iterations: 18706
real_time_factor: 1.0000487523766783
step_size {
  nsec: 4000000
}

sim_time {
  sec: 74
  nsec: 928000000
}
real_time {
  sec: 76
  nsec: 986984732
}
iterations: 18732
real_time_factor: 1.00000250000625
step_size {
  nsec: 4000000
}

sim_time {
  sec: 75
  nsec: 28000000
}
real_time {
  sec: 77
  nsec: 86985257
}
iterations: 18757
real_time_factor: 0.99997700052898786
step_size {
  nsec: 4000000
}

sim_time {
  sec: 75
  nsec: 128000000
}
real_time {
  sec: 77
  nsec: 186985644
}
iterations: 18782
real_time_factor: 1.0000465021623506
step_size {
  nsec: 4000000
}

sim_time {
  sec: 75
  nsec: 232000000
}
real_time {
  sec: 77
  nsec: 290985010
}
iterations: 18808
real_time_factor: 0.99999325004556217
step_size {
  nsec: 4000000
}

sim_time {
  sec: 75
  nsec: 332000000
}
real_time {
  sec: 77
  nsec: 390985332
}
iterations: 18833
real_time_factor: 0.99998400025599588
step_size {
  nsec: 4000000
}

sim_time {
  sec: 75
  nsec: 436000000
}
real_time {
  sec: 77
  nsec: 494984967
}
iterations: 18859
real_time_factor: 0.99994925257543177
step_size {
  nsec: 4000000
}

sim_time {
  sec: 75
  nsec: 536000000
}
real_time {
  sec: 77
  nsec: 594986530
}
iterations: 18884
real_time_factor: 0.99973631954571984
step_size {
  nsec: 4000000
}

sim_time {
  sec: 75
  nsec: 640000000
}
real_time {
  sec: 77
  nsec: 698986636
}
iterations: 18910
real_time_factor: 0.99994250330605994
step_size {
  nsec: 4000000
}

sim_time {
  sec: 75
  nsec: 744000000
}
real_time {
  sec: 77
  nsec: 803246789
}
iterations: 18936
real_time_factor: 0.93892261446757685
step_size {
  nsec: 4000000
}

sim_time {
  sec: 75
  nsec: 848000000
}
real_time {
  sec: 77
  nsec: 906986637
}
iterations: 18962
real_time_factor: 0.99960215834098032
step_size {
  nsec: 4000000
}

sim_time {
  sec: 75
  nsec: 952000000
}
real_time {
  sec: 78
  nsec: 10985290
}
iterations: 18988
real_time_factor: 1.0000212504515722
step_size {
  nsec: 4000000
}

sim_time {
  sec: 76
  nsec: 56000000
}
real_time {
  sec: 78
  nsec: 114984804
}
iterations: 19014
real_time_factor: 0.99993775387482131
step_size {
  nsec: 4000000
}

sim_time {
  sec: 76
  nsec: 160000000
}
real_time {
  sec: 78
  nsec: 218984716
}
iterations: 19040
real_time_factor: 1.0000280007840219
step_size {
  nsec: 4000000
}

sim_time {
  sec: 76
  nsec: 260000000
}
real_time {
  sec: 78
  nsec: 318984880
}
iterations: 19065
real_time_factor: 0.99998150034224365
step_size {
  nsec: 4000000
}

sim_time {
  sec: 76
  nsec: 360000000
}
real_time {
  sec: 78
  nsec: 418985682
}
iterations: 19090
real_time_factor: 1.0000140001960027
step_size {
  nsec: 4000000
}

sim_time {
  sec: 76
  nsec: 464000000
}
real_time {
  sec: 78
  nsec: 522987538
}
iterations: 19116
real_time_factor: 0.99945654550338259
step_size {
  nsec: 4000000
}

sim_time {
  sec: 76
  nsec: 568000000
}
real_time {
  sec: 78
  nsec: 626984626
}
iterations: 19142
real_time_factor: 1.0000257506630796
step_size {
  nsec: 4000000
}

sim_time {
  sec: 76
  nsec: 672000000
}
real_time {
  sec: 78
  nsec: 730986342
}
iterations: 19168
real_time_factor: 0.99961864548674684
step_size {
  nsec: 4000000
}

sim_time {
  sec: 76
  nsec: 776000000
}
real_time {
  sec: 78
  nsec: 834985606
}
iterations: 19194
real_time_factor: 1.0000165002722545
step_size {
  nsec: 4000000
}

sim_time {
  sec: 76
  nsec: 880000000
}
real_time {
  sec: 78
  nsec: 938986786
}
iterations: 19220
real_time_factor: 0.99944955315859785
step_size {
  nsec: 4000000
}

sim_time {
  sec: 76
  nsec: 984000000
}
real_time {
  sec: 79
  nsec: 42985401
}
iterations: 19246
real_time_factor: 0.99989601081487522
step_size {
  nsec: 4000000
}

sim_time {
  sec: 77
  nsec: 88000000
}
real_time {
  sec: 79
  nsec: 146984877
}
iterations: 19272
real_time_factor: 1.0000187503515692
step_size {
  nsec: 4000000
}

sim_time {
  sec: 77
  nsec: 192000000
}
real_time {
  sec: 79
  nsec: 250985121
}
iterations: 19298
real_time_factor: 1.00000250000625
step_size {
  nsec: 4000000
}

sim_time {
  sec: 77
  nsec: 296000000
}
real_time {
  sec: 79
  nsec: 354984894
}
iterations: 19324
real_time_factor: 0.99992150616176634
step_size {
  nsec: 4000000
}

sim_time {
  sec: 77
  nsec: 396000000
}
real_time {
  sec: 79
  nsec: 454985231
}
iterations: 19349
real_time_factor: 1.0001322674923758
step_size {
  nsec: 4000000
}

sim_time {
  sec: 77
  nsec: 496000000
}
real_time {
  sec: 79
  nsec: 554986523
}
iterations: 19374
real_time_factor: 0.99957218310563078
step_size {
  nsec: 4000000
}

sim_time {
  sec: 77
  nsec: 600000000
}
real_time {
  sec: 79
  nsec: 658984822
}
iterations: 19400
real_time_factor: 1.0000650042252746
step_size {
  nsec: 4000000
}

sim_time {
  sec: 77
  nsec: 704000000
}
real_time {
  sec: 79
  nsec: 762987196
}
iterations: 19426
real_time_factor: 0.999380134471594
step_size {
  nsec: 4000000
}

sim_time {
  sec: 77
  nsec: 808000000
}
real_time {
  sec: 79
  nsec: 866986522
}
iterations: 19452
real_time_factor: 0.99966711085208626
step_size {
  nsec: 4000000
}

sim_time {
  sec: 77
  nsec: 912000000
}
real_time {
  sec: 79
  nsec: 970985182
}
iterations: 19478
real_time_factor: 1.0000142502030653
step_size {
  nsec: 4000000
}

sim_time {
  sec: 78
  nsec: 16000000
}
real_time {
  sec: 80
  nsec: 74984814
}
iterations: 19504
real_time_factor: 1.0000027500075626
step_size {
  nsec: 4000000
}

sim_time {
  sec: 78
  nsec: 116000000
}
real_time {
  sec: 80
  nsec: 175079078
}
iterations: 19529
real_time_factor: 0.97705078685563806
step_size {
  nsec: 4000000
}

sim_time {
  sec: 78
  nsec: 220000000
}
real_time {
  sec: 80
  nsec: 278986461
}
iterations: 19555
real_time_factor: 0.9997895443009247
step_size {
  nsec: 4000000
}

sim_time {
  sec: 78
  nsec: 324000000
}
real_time {
  sec: 80
  nsec: 382984954
}
iterations: 19581
real_time_factor: 1.0000047500225626
step_size {
  nsec: 4000000
}

sim_time {
  sec: 78
  nsec: 428000000
}
real_time {
  sec: 80
  nsec: 486985521
}
iterations: 19607
real_time_factor: 0.99987051676807859
step_size {
  nsec: 4000000
}

sim_time {
  sec: 78
  nsec: 532000000
}
real_time {
  sec: 80
  nsec: 590984931
}
iterations: 19633
real_time_factor: 1.0000257506630796
step_size {
  nsec: 4000000
}

sim_time {
  sec: 78
  nsec: 632000000
}
real_time {
  sec: 80
  nsec: 690985101
}
iterations: 19658
real_time_factor: 0.99992600547559485
step_size {
  nsec: 4000000
}

sim_time {
  sec: 78
  nsec: 736000000
}
real_time {
  sec: 80
  nsec: 794985195
}
iterations: 19684
real_time_factor: 0.99995850172217848
step_size {
  nsec: 4000000
}

sim_time {
  sec: 78
  nsec: 836000000
}
real_time {
  sec: 80
  nsec: 894987262
}
iterations: 19709
real_time_factor: 0.99960015993602558
step_size {
  nsec: 4000000
}

sim_time {
  sec: 78
  nsec: 940000000
}
real_time {
  sec: 80
  nsec: 998987153
}
iterations: 19735
real_time_factor: 0.9994657855376301
step_size {
  nsec: 4000000
}

sim_time {
  sec: 79
  nsec: 44000000
}
real_time {
  sec: 81
  nsec: 102985293
}
iterations: 19761
real_time_factor: 0.99997725051755071
step_size {
  nsec: 4000000
}

sim_time {
  sec: 79
  nsec: 148000000
}
real_time {
  sec: 81
  nsec: 206985350
}
iterations: 19787
real_time_factor: 0.99993350442195594
step_size {
  nsec: 4000000
}

sim_time {
  sec: 79
  nsec: 252000000
}
real_time {
  sec: 81
  nsec: 310985019
}
iterations: 19813
real_time_factor: 0.99998400025599588
step_size {
  nsec: 4000000
}

sim_time {
  sec: 79
  nsec: 356000000
}
real_time {
  sec: 81
  nsec: 414986271
}
iterations: 19839
real_time_factor: 0.99962539038495324
step_size {
  nsec: 4000000
}

sim_time {
  sec: 79
  nsec: 460000000
}
real_time {
  sec: 81
  nsec: 518988059
}
iterations: 19865
real_time_factor: 0.99926004793450451
step_size {
  nsec: 4000000
}

sim_time {
  sec: 79
  nsec: 564000000
}
real_time {
  sec: 81
  nsec: 622984950
}
iterations: 19891
real_time_factor: 0.999967751040029
step_size {
  nsec: 4000000
}

sim_time {
  sec: 79
  nsec: 668000000
}
real_time {
  sec: 81
  nsec: 726985043
}
iterations: 19917
real_time_factor: 0.99985652058929542
step_size {
  nsec: 4000000
}

sim_time {
  sec: 79
  nsec: 772000000
}
real_time {
  sec: 81
  nsec: 830984589
}
iterations: 19943
real_time_factor: 1.0000352512426063
step_size {
  nsec: 4000000
}

sim_time {
  sec: 79
  nsec: 872000000
}
real_time {
  sec: 81
  nsec: 930984860
}
iterations: 19968
real_time_factor: 1.0000002500000624
step_size {
  nsec: 4000000
}

sim_time {
  sec: 79
  nsec: 976000000
}
real_time {
  sec: 82
  nsec: 34985749
}
iterations: 19994
real_time_factor: 0.99968784746962758
step_size {
  nsec: 4000000
}

sim_time {
  sec: 80
  nsec: 80000000
}
real_time {
  sec: 82
  nsec: 138984639
}
iterations: 20020
real_time_factor: 1.00000250000625
step_size {
  nsec: 4000000
}

sim_time {
  sec: 80
  nsec: 180000000
}
real_time {
  sec: 82
  nsec: 238985067
}
iterations: 20045
real_time_factor: 0.99998850013224849
step_size {
  nsec: 4000000
}

sim_time {
  sec: 80
  nsec: 284000000
}
real_time {
  sec: 82
  nsec: 342984799
}
iterations: 20071
real_time_factor: 1.0000650042252746
step_size {
  nsec: 4000000
}

sim_time {
  sec: 80
  nsec: 384000000
}
real_time {
  sec: 82
  nsec: 442987402
}
iterations: 20096
real_time_factor: 0.99959541375628214
step_size {
  nsec: 4000000
}

sim_time {
  sec: 80
  nsec: 488000000
}
real_time {
  sec: 82
  nsec: 546986161
}
iterations: 20122
real_time_factor: 1.0000467521856646
step_size {
  nsec: 4000000
}

sim_time {
  sec: 80
  nsec: 592000000
}
real_time {
  sec: 82
  nsec: 650985680
}
iterations: 20148
real_time_factor: 1.0000395015603116
step_size {
  nsec: 4000000
}

sim_time {
  sec: 80
  nsec: 696000000
}
real_time {
  sec: 82
  nsec: 754984643
}
iterations: 20174
real_time_factor: 1.0001112623779396
step_size {
  nsec: 4000000
}

sim_time {
  sec: 80
  nsec: 796000000
}
real_time {
  sec: 82
  nsec: 854984791
}
iterations: 20199
real_time_factor: 1.0000352512426063
step_size {
  nsec: 4000000
}

sim_time {
  sec: 80
  nsec: 900000000
}
real_time {
  sec: 82
  nsec: 958984568
}
iterations: 20225
real_time_factor: 1.0000305009302783
step_size {
  nsec: 4000000
}

sim_time {
  sec: 81
}
real_time {
  sec: 83
  nsec: 58985171
}
iterations: 20250
real_time_factor: 1.0000557531082357
step_size {
  nsec: 4000000
}

sim_time {
  sec: 81
  nsec: 104000000
}
real_time {
  sec: 83
  nsec: 162984513
}
iterations: 20276
real_time_factor: 1.000035001225043
step_size {
  nsec: 4000000
}

sim_time {
  sec: 81
  nsec: 208000000
}
real_time {
  sec: 83
  nsec: 266984651
}
iterations: 20302
real_time_factor: 1.0000720051843732
step_size {
  nsec: 4000000
}

sim_time {
  sec: 81
  nsec: 308000000
}
real_time {
  sec: 83
  nsec: 366985403
}
iterations: 20327
real_time_factor: 1.0000765058526977
step_size {
  nsec: 4000000
}

sim_time {
  sec: 81
  nsec: 408000000
}
real_time {
  sec: 83
  nsec: 466985412
}
iterations: 20352
real_time_factor: 1.0013468114614157
step_size {
  nsec: 4000000
}

sim_time {
  sec: 81
  nsec: 512000000
}
real_time {
  sec: 83
  nsec: 570985180
}
iterations: 20378
real_time_factor: 0.999903259359657
step_size {
  nsec: 4000000
}

sim_time {
  sec: 81
  nsec: 616000000
}
real_time {
  sec: 83
  nsec: 674984780
}
iterations: 20404
real_time_factor: 0.99998625018906
step_size {
  nsec: 4000000
}

sim_time {
  sec: 81
  nsec: 720000000
}
real_time {
  sec: 83
  nsec: 778985149
}
iterations: 20430
real_time_factor: 0.999919256520036
step_size {
  nsec: 4000000
}

sim_time {
  sec: 81
  nsec: 824000000
}
real_time {
  sec: 83
  nsec: 882984740
}
iterations: 20456
real_time_factor: 0.9999957500180624
step_size {
  nsec: 4000000
}

sim_time {
  sec: 81
  nsec: 928000000
}
real_time {
  sec: 83
  nsec: 986984914
}
iterations: 20482
real_time_factor: 1.00000050000025
step_size {
  nsec: 4000000
}

sim_time {
  sec: 82
  nsec: 32000000
}
real_time {
  sec: 84
  nsec: 90984783
}
iterations: 20508
real_time_factor: 1.0000142502030653
step_size {
  nsec: 4000000
}

sim_time {
  sec: 82
  nsec: 132000000
}
real_time {
  sec: 84
  nsec: 190985015
}
iterations: 20533
real_time_factor: 1.000085757353693
step_size {
  nsec: 4000000
}

sim_time {
  sec: 82
  nsec: 236000000
}
real_time {
  sec: 84
  nsec: 294984504
}
iterations: 20559
real_time_factor: 1.0000557531082357
step_size {
  nsec: 4000000
}

sim_time {
  sec: 82
  nsec: 336000000
}
real_time {
  sec: 84
  nsec: 394985097
}
iterations: 20584
real_time_factor: 0.99998150034224365
step_size {
  nsec: 4000000
}

sim_time {
  sec: 82
  nsec: 440000000
}
real_time {
  sec: 84
  nsec: 498992956
}
iterations: 20610
real_time_factor: 0.99791435898971148
step_size {
  nsec: 4000000
}

sim_time {
  sec: 82
  nsec: 544000000
}
real_time {
  sec: 84
  nsec: 602988509
}
iterations: 20636
real_time_factor: 0.99932969960399065
step_size {
  nsec: 4000000
}

sim_time {
  sec: 82
  nsec: 648000000
}
real_time {
  sec: 84
  nsec: 706985127
}
iterations: 20662
real_time_factor: 1.0000765058526977
step_size {
  nsec: 4000000
}

sim_time {
  sec: 82
  nsec: 752000000
}
real_time {
  sec: 84
  nsec: 810984856
}
iterations: 20688
real_time_factor: 0.9999472527824157
step_size {
  nsec: 4000000
}

sim_time {
  sec: 82
  nsec: 852000000
}
real_time {
  sec: 84
  nsec: 910985393
}
iterations: 20713
real_time_factor: 1.000086007396636
step_size {
  nsec: 4000000
}

sim_time {
  sec: 82
  nsec: 956000000
}
real_time {
  sec: 85
  nsec: 14985199
}
iterations: 20739
real_time_factor: 0.99998900012099867
step_size {
  nsec: 4000000
}

sim_time {
  sec: 83
  nsec: 60000000
}
real_time {
  sec: 85
  nsec: 118984540
}
iterations: 20765
real_time_factor: 1.000127516258323
step_size {
  nsec: 4000000
}

sim_time {
  sec: 83
  nsec: 160000000
}
real_time {
  sec: 85
  nsec: 218985270
}
iterations: 20790
real_time_factor: 0.99998400025599588
step_size {
  nsec: 4000000
}

sim_time {
  sec: 83
  nsec: 264000000
}
real_time {
  sec: 85
  nsec: 322984952
}
iterations: 20816
real_time_factor: 0.999940003599784
step_size {
  nsec: 4000000
}

sim_time {
  sec: 83
  nsec: 364000000
}
real_time {
  sec: 85
  nsec: 422984998
}
iterations: 20841
real_time_factor: 1.0000975095071769
step_size {
  nsec: 4000000
}

sim_time {
  sec: 83
  nsec: 464000000
}
real_time {
  sec: 85
  nsec: 522985190
}
iterations: 20866
real_time_factor: 1.000127516258323
step_size {
  nsec: 4000000
}

sim_time {
  sec: 83
  nsec: 568000000
}
real_time {
  sec: 85
  nsec: 626984946
}
iterations: 20892
real_time_factor: 1.0000167502805672
step_size {
  nsec: 4000000
}

sim_time {
  sec: 83
  nsec: 672000000
}
real_time {
  sec: 85
  nsec: 730984933
}
iterations: 20918
real_time_factor: 1.0000237505640759
step_size {
  nsec: 4000000
}

sim_time {
  sec: 83
  nsec: 776000000
}
real_time {
  sec: 85
  nsec: 834985245
}
iterations: 20944
real_time_factor: 0.99997025088503622
step_size {
  nsec: 4000000
}

sim_time {
  sec: 83
  nsec: 880000000
}
real_time {
  sec: 85
  nsec: 938985176
}
iterations: 20970
real_time_factor: 0.99991250765558015
step_size {
  nsec: 4000000
}

sim_time {
  sec: 83
  nsec: 980000000
}
real_time {
  sec: 86
  nsec: 38985730
}
iterations: 20995
real_time_factor: 1.0002850812481556
step_size {
  nsec: 4000000
}

sim_time {
  sec: 84
  nsec: 84000000
}
real_time {
  sec: 86
  nsec: 142985263
}
iterations: 21021
real_time_factor: 0.99993325445526515
step_size {
  nsec: 4000000
}

sim_time {
  sec: 84
  nsec: 188000000
}
real_time {
  sec: 86
  nsec: 246985176
}
iterations: 21047
real_time_factor: 1.0000582533932603
step_size {
  nsec: 4000000
}

sim_time {
  sec: 84
  nsec: 292000000
}
real_time {
  sec: 86
  nsec: 350984839
}
iterations: 21073
real_time_factor: 1.000035001225043
step_size {
  nsec: 4000000
}

sim_time {
  sec: 84
  nsec: 396000000
}
real_time {
  sec: 86
  nsec: 454984910
}
iterations: 21099
real_time_factor: 1.0000695048305857
step_size {
  nsec: 4000000
}

sim_time {
  sec: 84
  nsec: 496000000
}
real_time {
  sec: 86
  nsec: 554985046
}
iterations: 21124
real_time_factor: 1.00000250000625
step_size {
  nsec: 4000000
}

sim_time {
  sec: 84
  nsec: 600000000
}
real_time {
  sec: 86
  nsec: 658985290
}
iterations: 21150
real_time_factor: 0.99998675017556016
step_size {
  nsec: 4000000
}

sim_time {
  sec: 84
  nsec: 704000000
}
real_time {
  sec: 86
  nsec: 762984953
}
iterations: 21176
real_time_factor: 0.99983377763446823
step_size {
  nsec: 4000000
}

sim_time {
  sec: 84
  nsec: 804000000
}
real_time {
  sec: 86
  nsec: 862985376
}
iterations: 21201
real_time_factor: 1.0001667778102
step_size {
  nsec: 4000000
}

sim_time {
  sec: 84
  nsec: 908000000
}
real_time {
  sec: 86
  nsec: 966984916
}
iterations: 21227
real_time_factor: 0.99993100476067154
step_size {
  nsec: 4000000
}

sim_time {
  sec: 85
  nsec: 8000000
}
real_time {
  sec: 87
  nsec: 66985117
}
iterations: 21252
real_time_factor: 1.0000167502805672
step_size {
  nsec: 4000000
}

sim_time {
  sec: 85
  nsec: 108000000
}
real_time {
  sec: 87
  nsec: 166985549
}
iterations: 21277
real_time_factor: 1.0000187503515692
step_size {
  nsec: 4000000
}

sim_time {
  sec: 85
  nsec: 208000000
}
real_time {
  sec: 87
  nsec: 266986342
}
iterations: 21302
real_time_factor: 0.99977580027678792
step_size {
  nsec: 4000000
}

sim_time {
  sec: 85
  nsec: 312000000
}
real_time {
  sec: 87
  nsec: 370985225
}
iterations: 21328
real_time_factor: 1.0000305009302783
step_size {
  nsec: 4000000
}

sim_time {
  sec: 85
  nsec: 416000000
}
real_time {
  sec: 87
  nsec: 474985277
}
iterations: 21354
real_time_factor: 0.99998625018906
step_size {
  nsec: 4000000
}

sim_time {
  sec: 85
  nsec: 516000000
}
real_time {
  sec: 87
  nsec: 574985227
}
iterations: 21379
real_time_factor: 0.99983577697363213
step_size {
  nsec: 4000000
}

sim_time {
  sec: 85
  nsec: 616000000
}
real_time {
  sec: 87
  nsec: 674985732
}
iterations: 21404
real_time_factor: 1.00008375701465
step_size {
  nsec: 4000000
}

sim_time {
  sec: 85
  nsec: 720000000
}
real_time {
  sec: 87
  nsec: 778986439
}
iterations: 21430
real_time_factor: 0.99953996173261261
step_size {
  nsec: 4000000
}

sim_time {
  sec: 85
  nsec: 824000000
}
real_time {
  sec: 87
  nsec: 882984322
}
iterations: 21456
real_time_factor: 1.0002177974253894
step_size {
  nsec: 4000000
}

sim_time {
  sec: 85
  nsec: 924000000
}
real_time {
  sec: 87
  nsec: 982984836
}
iterations: 21481
real_time_factor: 1.0000445019803381
step_size {
  nsec: 4000000
}

sim_time {
  sec: 86
  nsec: 24000000
}
real_time {
  sec: 88
  nsec: 82988462
}
iterations: 21506
real_time_factor: 0.99936615201808254
step_size {
  nsec: 4000000
}

sim_time {
  sec: 86
  nsec: 128000000
}
real_time {
  sec: 88
  nsec: 186987168
}
iterations: 21532
real_time_factor: 0.99975281111745118
step_size {
  nsec: 4000000
}

sim_time {
  sec: 86
  nsec: 232000000
}
real_time {
  sec: 88
  nsec: 290984969
}
iterations: 21558
real_time_factor: 1.000127516258323
step_size {
  nsec: 4000000
}

sim_time {
  sec: 86
  nsec: 336000000
}
real_time {
  sec: 88
  nsec: 394984657
}
iterations: 21584
real_time_factor: 1.0000190003610068
step_size {
  nsec: 4000000
}

sim_time {
  sec: 86
  nsec: 436000000
}
real_time {
  sec: 88
  nsec: 494984625
}
iterations: 21609
real_time_factor: 1.0000442519581492
step_size {
  nsec: 4000000
}

sim_time {
  sec: 86
  nsec: 540000000
}
real_time {
  sec: 88
  nsec: 598985934
}
iterations: 21635
real_time_factor: 0.99968559887915254
step_size {
  nsec: 4000000
}

sim_time {
  sec: 86
  nsec: 644000000
}
real_time {
  sec: 88
  nsec: 702984714
}
iterations: 21661
real_time_factor: 0.99999325004556217
step_size {
  nsec: 4000000
}

sim_time {
  sec: 86
  nsec: 748000000
}
real_time {
  sec: 88
  nsec: 806985735
}
iterations: 21687
real_time_factor: 0.99979429232435424
step_size {
  nsec: 4000000
}

sim_time {
  sec: 86
  nsec: 848000000
}
real_time {
  sec: 88
  nsec: 906985479
}
iterations: 21712
real_time_factor: 0.99992175612258338
step_size {
  nsec: 4000000
}

sim_time {
  sec: 86
  nsec: 948000000
}
real_time {
  sec: 89
  nsec: 6985947
}
iterations: 21737
real_time_factor: 1.0008479684412619
step_size {
  nsec: 4000000
}

sim_time {
  sec: 87
  nsec: 52000000
}
real_time {
  sec: 89
  nsec: 110987884
}
iterations: 21763
real_time_factor: 0.99923233975498327
step_size {
  nsec: 4000000
}

sim_time {
  sec: 87
  nsec: 156000000
}
real_time {
  sec: 89
  nsec: 214984608
}
iterations: 21789
real_time_factor: 1.0002227996286173
step_size {
  nsec: 4000000
}

sim_time {
  sec: 87
  nsec: 256000000
}
real_time {
  sec: 89
  nsec: 314985696
}
iterations: 21814
real_time_factor: 1.0000302509150902
step_size {
  nsec: 4000000
}

sim_time {
  sec: 87
  nsec: 360000000
}
real_time {
  sec: 89
  nsec: 418984458
}
iterations: 21840
real_time_factor: 0.99998625018906
step_size {
  nsec: 4000000
}

sim_time {
  sec: 87
  nsec: 460000000
}
real_time {
  sec: 89
  nsec: 518985202
}
iterations: 21865
real_time_factor: 0.99992375581361925
step_size {
  nsec: 4000000
}

sim_time {
  sec: 87
  nsec: 564000000
}
real_time {
  sec: 89
  nsec: 622985167
}
iterations: 21891
real_time_factor: 1.0000095000902509
step_size {
  nsec: 4000000
}

sim_time {
  sec: 87
  nsec: 668000000
}
real_time {
  sec: 89
  nsec: 726985215
}
iterations: 21917
real_time_factor: 1.0000047500225626
step_size {
  nsec: 4000000
}

sim_time {
  sec: 87
  nsec: 772000000
}
real_time {
  sec: 89
  nsec: 830988828
}
iterations: 21943
real_time_factor: 0.99898029086809637
step_size {
  nsec: 4000000
}

sim_time {
  sec: 87
  nsec: 876000000
}
real_time {
  sec: 89
  nsec: 934985754
}
iterations: 21969
real_time_factor: 1.0000490024011177
step_size {
  nsec: 4000000
}

sim_time {
  sec: 87
  nsec: 976000000
}
real_time {
  sec: 90
  nsec: 34985499
}
iterations: 21994
real_time_factor: 0.99989401123480914
step_size {
  nsec: 4000000
}

sim_time {
  sec: 88
  nsec: 76000000
}
real_time {
  sec: 90
  nsec: 134985580
}
iterations: 22019
real_time_factor: 1.0000165002722545
step_size {
  nsec: 4000000
}

sim_time {
  sec: 88
  nsec: 176000000
}
real_time {
  sec: 90
  nsec: 234984851
}
iterations: 22044
real_time_factor: 1.0000190003610068
step_size {
  nsec: 4000000
}

sim_time {
  sec: 88
  nsec: 280000000
}
real_time {
  sec: 90
  nsec: 338984640
}
iterations: 22070
real_time_factor: 0.99998650018224755
step_size {
  nsec: 4000000
}

sim_time {
  sec: 88
  nsec: 380000000
}
real_time {
  sec: 90
  nsec: 438985319
}
iterations: 22095
real_time_factor: 0.999940003599784
step_size {
  nsec: 4000000
}

sim_time {
  sec: 88
  nsec: 484000000
}
real_time {
  sec: 90
  nsec: 542984931
}
iterations: 22121
real_time_factor: 0.99996575117302233
step_size {
  nsec: 4000000
}

sim_time {
  sec: 88
  nsec: 584000000
}
real_time {
  sec: 90
  nsec: 642985646
}
iterations: 22146
real_time_factor: 0.99998625018906
step_size {
  nsec: 4000000
}

sim_time {
  sec: 88
  nsec: 688000000
}
real_time {
  sec: 90
  nsec: 746984535
}
iterations: 22172
real_time_factor: 0.9999610015209407
step_size {
  nsec: 4000000
}

sim_time {
  sec: 88
  nsec: 792000000
}
real_time {
  sec: 90
  nsec: 850984573
}
iterations: 22198
real_time_factor: 1.0000420017640741
step_size {
  nsec: 4000000
}

sim_time {
  sec: 88
  nsec: 892000000
}
real_time {
  sec: 90
  nsec: 950986787
}
iterations: 22223
real_time_factor: 0.99962564019774591
step_size {
  nsec: 4000000
}

sim_time {
  sec: 88
  nsec: 992000000
}
real_time {
  sec: 91
  nsec: 50986743
}
iterations: 22248
real_time_factor: 0.9996973416298216
step_size {
  nsec: 4000000
}

sim_time {
  sec: 89
  nsec: 96000000
}
real_time {
  sec: 91
  nsec: 154991077
}
iterations: 22274
real_time_factor: 0.99856007636987465
step_size {
  nsec: 4000000
}

sim_time {
  sec: 89
  nsec: 200000000
}
real_time {
  sec: 91
  nsec: 258985206
}
iterations: 22300
real_time_factor: 1.0000677545903736
step_size {
  nsec: 4000000
}

sim_time {
  sec: 89
  nsec: 304000000
}
real_time {
  sec: 91
  nsec: 362984707
}
iterations: 22326
real_time_factor: 1.0001787819572749
step_size {
  nsec: 4000000
}

sim_time {
  sec: 89
  nsec: 404000000
}
real_time {
  sec: 91
  nsec: 462984671
}
iterations: 22351
real_time_factor: 1.0000400016000639
step_size {
  nsec: 4000000
}

sim_time {
  sec: 89
  nsec: 504000000
}
real_time {
  sec: 91
  nsec: 562985646
}
iterations: 22376
real_time_factor: 0.99990100980002983
step_size {
  nsec: 4000000
}

sim_time {
  sec: 89
  nsec: 608000000
}
real_time {
  sec: 91
  nsec: 666984720
}
iterations: 22402
real_time_factor: 0.99994925257543177
step_size {
  nsec: 4000000
}

sim_time {
  sec: 89
  nsec: 708000000
}
real_time {
  sec: 91
  nsec: 766985165
}
iterations: 22427
real_time_factor: 1.0000142502030653
step_size {
  nsec: 4000000
}

sim_time {
  sec: 89
  nsec: 812000000
}
real_time {
  sec: 91
  nsec: 870985081
}
iterations: 22453
real_time_factor: 1.00000250000625
step_size {
  nsec: 4000000
}

sim_time {
  sec: 89
  nsec: 912000000
}
real_time {
  sec: 91
  nsec: 970984831
}
iterations: 22478
real_time_factor: 1.0002713235965255
step_size {
  nsec: 4000000
}

sim_time {
  sec: 90
  nsec: 16000000
}
real_time {
  sec: 92
  nsec: 74987026
}
iterations: 22504
real_time_factor: 0.999472528373151
step_size {
  nsec: 4000000
}

sim_time {
  sec: 90
  nsec: 120000000
}
real_time {
  sec: 92
  nsec: 178984330
}
iterations: 22530
real_time_factor: 1.0001785318679384
step_size {
  nsec: 4000000
}

sim_time {
  sec: 90
  nsec: 224000000
}
real_time {
  sec: 92
  nsec: 282986913
}
iterations: 22556
real_time_factor: 0.99938737553879475
step_size {
  nsec: 4000000
}

sim_time {
  sec: 90
  nsec: 328000000
}
real_time {
  sec: 92
  nsec: 386986606
}
iterations: 22582
real_time_factor: 0.99985926980777451
step_size {
  nsec: 4000000
}

sim_time {
  sec: 90
  nsec: 428000000
}
real_time {
  sec: 92
  nsec: 486988468
}
iterations: 22607
real_time_factor: 0.99928351372066226
step_size {
  nsec: 4000000
}

sim_time {
  sec: 90
  nsec: 528000000
}
real_time {
  sec: 92
  nsec: 586989969
}
iterations: 22632
real_time_factor: 0.99896207840054185
step_size {
  nsec: 4000000
}

sim_time {
  sec: 90
  nsec: 632000000
}
real_time {
  sec: 92
  nsec: 690985680
}
iterations: 22658
real_time_factor: 0.99997725051755071
step_size {
  nsec: 4000000
}

sim_time {
  sec: 90
  nsec: 736000000
}
real_time {
  sec: 92
  nsec: 794985095
}
iterations: 22684
real_time_factor: 0.99993325445526515
step_size {
  nsec: 4000000
}

sim_time {
  sec: 90
  nsec: 840000000
}
real_time {
  sec: 92
  nsec: 898985621
}
iterations: 22710
real_time_factor: 0.99993550415998167
step_size {
  nsec: 4000000
}

sim_time {
  sec: 90
  nsec: 940000000
}
real_time {
  sec: 92
  nsec: 998988241
}
iterations: 22735
real_time_factor: 0.99925106132953356
step_size {
  nsec: 4000000
}

sim_time {
  sec: 91
  nsec: 44000000
}
real_time {
  sec: 93
  nsec: 102984925
}
iterations: 22761
real_time_factor: 0.9999957500180624
step_size {
  nsec: 4000000
}

sim_time {
  sec: 91
  nsec: 144000000
}
real_time {
  sec: 93
  nsec: 202984989
}
iterations: 22786
real_time_factor: 1.0003571274945156
step_size {
  nsec: 4000000
}

sim_time {
  sec: 91
  nsec: 248000000
}
real_time {
  sec: 93
  nsec: 306985729
}
iterations: 22812
real_time_factor: 0.99972957315046285
step_size {
  nsec: 4000000
}

sim_time {
  sec: 91
  nsec: 352000000
}
real_time {
  sec: 93
  nsec: 410985319
}
iterations: 22838
real_time_factor: 0.99994250330605994
step_size {
  nsec: 4000000
}

sim_time {
  sec: 91
  nsec: 456000000
}
real_time {
  sec: 93
  nsec: 514985058
}
iterations: 22864
real_time_factor: 1.0000582533932603
step_size {
  nsec: 4000000
}

sim_time {
  sec: 91
  nsec: 556000000
}
real_time {
  sec: 93
  nsec: 614985345
}
iterations: 22889
real_time_factor: 0.99997225077004115
step_size {
  nsec: 4000000
}

sim_time {
  sec: 91
  nsec: 660000000
}
real_time {
  sec: 93
  nsec: 718985443
}
iterations: 22915
real_time_factor: 0.99999125007656187
step_size {
  nsec: 4000000
}

sim_time {
  sec: 91
  nsec: 764000000
}
real_time {
  sec: 93
  nsec: 822985608
}
iterations: 22941
real_time_factor: 0.9998962607629458
step_size {
  nsec: 4000000
}

sim_time {
  sec: 91
  nsec: 864000000
}
real_time {
  sec: 93
  nsec: 922988365
}
iterations: 22966
real_time_factor: 0.99908708417683345
step_size {
  nsec: 4000000
}

sim_time {
  sec: 91
  nsec: 968000000
}
real_time {
  sec: 94
  nsec: 26985622
}
iterations: 22992
real_time_factor: 0.99991250765558015
step_size {
  nsec: 4000000
}

sim_time {
  sec: 92
  nsec: 72000000
}
real_time {
  sec: 94
  nsec: 130985018
}
iterations: 23018
real_time_factor: 0.99998175033305647
step_size {
  nsec: 4000000
}

sim_time {
  sec: 92
  nsec: 176000000
}
real_time {
  sec: 94
  nsec: 234984765
}
iterations: 23044
real_time_factor: 1.0000397515801254
step_size {
  nsec: 4000000
}

sim_time {
  sec: 92
  nsec: 276000000
}
real_time {
  sec: 94
  nsec: 334985559
}
iterations: 23069
real_time_factor: 0.99982453079484546
step_size {
  nsec: 4000000
}

sim_time {
  sec: 92
  nsec: 380000000
}
real_time {
  sec: 94
  nsec: 438984900
}
iterations: 23095
real_time_factor: 1.0001277663221477
step_size {
  nsec: 4000000
}

sim_time {
  sec: 92
  nsec: 484000000
}
real_time {
  sec: 94
  nsec: 542985406
}
iterations: 23121
real_time_factor: 0.99985677051762334
step_size {
  nsec: 4000000
}

sim_time {
  sec: 92
  nsec: 584000000
}
real_time {
  sec: 94
  nsec: 642985858
}
iterations: 23146
real_time_factor: 0.99985452116717022
step_size {
  nsec: 4000000
}

sim_time {
  sec: 92
  nsec: 688000000
}
real_time {
  sec: 94
  nsec: 746984808
}
iterations: 23172
real_time_factor: 1.000123265192435
step_size {
  nsec: 4000000
}

sim_time {
  sec: 92
  nsec: 788000000
}
real_time {
  sec: 94
  nsec: 846987481
}
iterations: 23197
real_time_factor: 1.000992233551508
step_size {
  nsec: 4000000
}

sim_time {
  sec: 92
  nsec: 892000000
}
real_time {
  sec: 94
  nsec: 950985450
}
iterations: 23223
real_time_factor: 1.0001070114502251
step_size {
  nsec: 4000000
}

sim_time {
  sec: 92
  nsec: 996000000
}
real_time {
  sec: 95
  nsec: 54984585
}
iterations: 23249
real_time_factor: 1.000086007396636
step_size {
  nsec: 4000000
}

sim_time {
  sec: 93
  nsec: 96000000
}
real_time {
  sec: 95
  nsec: 154985036
}
iterations: 23274
real_time_factor: 1.0000560031361756
step_size {
  nsec: 4000000
}

sim_time {
  sec: 93
  nsec: 196000000
}
real_time {
  sec: 95
  nsec: 254985720
}
iterations: 23299
real_time_factor: 0.99979679130216781
step_size {
  nsec: 4000000
}

sim_time {
  sec: 93
  nsec: 296000000
}
real_time {
  sec: 95
  nsec: 354990925
}
iterations: 23324
real_time_factor: 0.99876128631464822
step_size {
  nsec: 4000000
}

sim_time {
  sec: 93
  nsec: 400000000
}
real_time {
  sec: 95
  nsec: 458984747
}
iterations: 23350
real_time_factor: 0.99998625018906
step_size {
  nsec: 4000000
}

sim_time {
  sec: 93
  nsec: 500000000
}
real_time {
  sec: 95
  nsec: 558985401
}
iterations: 23375
real_time_factor: 0.99996350133220135
step_size {
  nsec: 4000000
}

sim_time {
  sec: 93
  nsec: 604000000
}
real_time {
  sec: 95
  nsec: 662990629
}
iterations: 23401
real_time_factor: 0.99842872279749739
step_size {
  nsec: 4000000
}

sim_time {
  sec: 93
  nsec: 708000000
}
real_time {
  sec: 95
  nsec: 766985410
}
iterations: 23427
real_time_factor: 0.99996350133220135
step_size {
  nsec: 4000000
}

sim_time {
  sec: 93
  nsec: 812000000
}
real_time {
  sec: 95
  nsec: 870985230
}
iterations: 23453
real_time_factor: 0.99988476328103182
step_size {
  nsec: 4000000
}

sim_time {
  sec: 93
  nsec: 912000000
}
real_time {
  sec: 95
  nsec: 970987060
}
iterations: 23478
real_time_factor: 1.0005840909630996
step_size {
  nsec: 4000000
}

sim_time {
  sec: 94
  nsec: 16000000
}
real_time {
  sec: 96
  nsec: 74984981
}
iterations: 23504
real_time_factor: 0.99989176171679417
step_size {
  nsec: 4000000
}

sim_time {
  sec: 94
  nsec: 116000000
}
real_time {
  sec: 96
  nsec: 174986274
}
iterations: 23529
real_time_factor: 0.99987076670340358
step_size {
  nsec: 4000000
}

sim_time {
  sec: 94
  nsec: 220000000
}
real_time {
  sec: 96
  nsec: 278985196
}
iterations: 23555
real_time_factor: 0.99990975814432748
step_size {
  nsec: 4000000
}

sim_time {
  sec: 94
  nsec: 324000000
}
real_time {
  sec: 96
  nsec: 382984746
}
iterations: 23581
real_time_factor: 1.000070004900343
step_size {
  nsec: 4000000
}

sim_time {
  sec: 94
  nsec: 424000000
}
real_time {
  sec: 96
  nsec: 482985233
}
iterations: 23606
real_time_factor: 1.0000190003610068
step_size {
  nsec: 4000000
}

sim_time {
  sec: 94
  nsec: 524000000
}
real_time {
  sec: 96
  nsec: 582988212
}
iterations: 23631
real_time_factor: 0.99927877054735748
step_size {
  nsec: 4000000
}

sim_time {
  sec: 94
  nsec: 628000000
}
real_time {
  sec: 96
  nsec: 686985076
}
iterations: 23657
real_time_factor: 0.99997025088503622
step_size {
  nsec: 4000000
}

sim_time {
  sec: 94
  nsec: 728000000
}
real_time {
  sec: 96
  nsec: 786986183
}
iterations: 23682
real_time_factor: 0.99990550892940622
step_size {
  nsec: 4000000
}

sim_time {
  sec: 94
  nsec: 832000000
}
real_time {
  sec: 96
  nsec: 890985353
}
iterations: 23708
real_time_factor: 0.99991025805433964
step_size {
  nsec: 4000000
}

sim_time {
  sec: 94
  nsec: 932000000
}
real_time {
  sec: 96
  nsec: 990985913
}
iterations: 23733
real_time_factor: 0.9997623065116269
step_size {
  nsec: 4000000
}

sim_time {
  sec: 95
  nsec: 36000000
}
real_time {
  sec: 97
  nsec: 94985018
}
iterations: 23759
real_time_factor: 0.99988951220890088
step_size {
  nsec: 4000000
}

sim_time {
  sec: 95
  nsec: 140000000
}
real_time {
  sec: 97
  nsec: 198984670
}
iterations: 23785
real_time_factor: 1.0002112946359918
step_size {
  nsec: 4000000
}

sim_time {
  sec: 95
  nsec: 240000000
}
real_time {
  sec: 97
  nsec: 298985657
}
iterations: 23810
real_time_factor: 1.0009619244093575
step_size {
  nsec: 4000000
}

sim_time {
  sec: 95
  nsec: 340000000
}
real_time {
  sec: 97
  nsec: 398985357
}
iterations: 23835
real_time_factor: 1.0001207645823234
step_size {
  nsec: 4000000
}

sim_time {
  sec: 95
  nsec: 440000000
}
real_time {
  sec: 97
  nsec: 498986491
}
iterations: 23860
real_time_factor: 0.99967410624136532
step_size {
  nsec: 4000000
}

sim_time {
  sec: 95
  nsec: 544000000
}
real_time {
  sec: 97
  nsec: 602985373
}
iterations: 23886
real_time_factor: 1.0001625264105418
step_size {
  nsec: 4000000
}

sim_time {
  sec: 95
  nsec: 644000000
}
real_time {
  sec: 97
  nsec: 702986137
}
iterations: 23911
real_time_factor: 0.999847523252704
step_size {
  nsec: 4000000
}

sim_time {
  sec: 95
  nsec: 748000000
}
real_time {
  sec: 97
  nsec: 806984825
}
iterations: 23937
real_time_factor: 1.0000372513876141
step_size {
  nsec: 4000000
}

sim_time {
  sec: 95
  nsec: 848000000
}
real_time {
  sec: 97
  nsec: 906985700
}
iterations: 23962
real_time_factor: 0.99986851728997639
step_size {
  nsec: 4000000
}

sim_time {
  sec: 95
  nsec: 952000000
}
real_time {
  sec: 98
  nsec: 10985072
}
iterations: 23988
real_time_factor: 0.99995875170149229
step_size {
  nsec: 4000000
}

sim_time {
  sec: 96
  nsec: 52000000
}
real_time {
  sec: 98
  nsec: 110985113
}
iterations: 24013
real_time_factor: 1.0000165002722545
step_size {
  nsec: 4000000
}

sim_time {
  sec: 96
  nsec: 152000000
}
real_time {
  sec: 98
  nsec: 210985793
}
iterations: 24038
real_time_factor: 0.999903259359657
step_size {
  nsec: 4000000
}

sim_time {
  sec: 96
  nsec: 256000000
}
real_time {
  sec: 98
  nsec: 314985156
}
iterations: 24064
real_time_factor: 1.0001325175585765
step_size {
  nsec: 4000000
}

sim_time {
  sec: 96
  nsec: 360000000
}
real_time {
  sec: 98
  nsec: 418984539
}
iterations: 24090
real_time_factor: 1.0001370187715717
step_size {
  nsec: 4000000
}

sim_time {
  sec: 96
  nsec: 460000000
}
real_time {
  sec: 98
  nsec: 518985783
}
iterations: 24115
real_time_factor: 1.0001347681600095
step_size {
  nsec: 4000000
}

sim_time {
  sec: 96
  nsec: 564000000
}
real_time {
  sec: 98
  nsec: 622985516
}
iterations: 24141
real_time_factor: 0.99984077535652449
step_size {
  nsec: 4000000
}

sim_time {
  sec: 96
  nsec: 664000000
}
real_time {
  sec: 98
  nsec: 722992492
}
iterations: 24166
real_time_factor: 0.99826028189372973
step_size {
  nsec: 4000000
}

sim_time {
  sec: 96
  nsec: 768000000
}
real_time {
  sec: 98
  nsec: 826984928
}
iterations: 24192
real_time_factor: 1.0001022604561316
step_size {
  nsec: 4000000
}

sim_time {
  sec: 96
  nsec: 872000000
}
real_time {
  sec: 98
  nsec: 930990188
}
iterations: 24218
real_time_factor: 0.99862963048956066
step_size {
  nsec: 4000000
}

sim_time {
  sec: 96
  nsec: 976000000
}
real_time {
  sec: 99
  nsec: 34984977
}
iterations: 24244
real_time_factor: 1.0002180475343625
step_size {
  nsec: 4000000
}

sim_time {
  sec: 97
  nsec: 80000000
}
real_time {
  sec: 99
  nsec: 138985654
}
iterations: 24270
real_time_factor: 0.999847523252704
step_size {
  nsec: 4000000
}

sim_time {
  sec: 97
  nsec: 184000000
}
real_time {
  sec: 99
  nsec: 242984776
}
iterations: 24296
real_time_factor: 1.0000027500075626
step_size {
  nsec: 4000000
}

sim_time {
  sec: 97
  nsec: 288000000
}
real_time {
  sec: 99
  nsec: 346985286
}
iterations: 24322
real_time_factor: 0.9998547710944985
step_size {
  nsec: 4000000
}

sim_time {
  sec: 97
  nsec: 388000000
}
real_time {
  sec: 99
  nsec: 446985216
}
iterations: 24347
real_time_factor: 1.0000652542578403
step_size {
  nsec: 4000000
}

sim_time {
  sec: 97
  nsec: 492000000
}
real_time {
  sec: 99
  nsec: 550985485
}
iterations: 24373
real_time_factor: 0.9998987602505246
step_size {
  nsec: 4000000
}

sim_time {
  sec: 97
  nsec: 596000000
}
real_time {
  sec: 99
  nsec: 654984968
}
iterations: 24399
real_time_factor: 1.0000305009302783
step_size {
  nsec: 4000000
}

sim_time {
  sec: 97
  nsec: 696000000
}
real_time {
  sec: 99
  nsec: 754985905
}
iterations: 24424
real_time_factor: 0.99994475305239383
step_size {
  nsec: 4000000
}

sim_time {
  sec: 97
  nsec: 800000000
}
real_time {
  sec: 99
  nsec: 858985747
}
iterations: 24450
real_time_factor: 0.9998962607629458
step_size {
  nsec: 4000000
}

sim_time {
  sec: 97
  nsec: 900000000
}
real_time {
  sec: 99
  nsec: 958985889
}
iterations: 24475
real_time_factor: 1.0500525945093275
step_size {
  nsec: 4000000
}

sim_time {
  sec: 98
  nsec: 4000000
}
real_time {
  sec: 100
  nsec: 62985129
}
iterations: 24501
real_time_factor: 1.000070004900343
step_size {
  nsec: 4000000
}

sim_time {
  sec: 98
  nsec: 108000000
}
real_time {
  sec: 100
  nsec: 166984908
}
iterations: 24527
real_time_factor: 1.0000490024011177
step_size {
  nsec: 4000000
}

sim_time {
  sec: 98
  nsec: 212000000
}
real_time {
  sec: 100
  nsec: 270985112
}
iterations: 24553
real_time_factor: 0.99998425024805859
step_size {
  nsec: 4000000
}

sim_time {
  sec: 98
  nsec: 312000000
}
real_time {
  sec: 100
  nsec: 370985567
}
iterations: 24578
real_time_factor: 0.99994025356984917
step_size {
  nsec: 4000000
}

sim_time {
  sec: 98
  nsec: 416000000
}
real_time {
  sec: 100
  nsec: 474984377
}
iterations: 24604
real_time_factor: 1.0000515026523866
step_size {
  nsec: 4000000
}

sim_time {
  sec: 98
  nsec: 516000000
}
real_time {
  sec: 100
  nsec: 574985908
}
iterations: 24629
real_time_factor: 1.0006466679091364
step_size {
  nsec: 4000000
}

sim_time {
  sec: 98
  nsec: 620000000
}
real_time {
  sec: 100
  nsec: 678985787
}
iterations: 24655
real_time_factor: 0.99970408759007334
step_size {
  nsec: 4000000
}

sim_time {
  sec: 98
  nsec: 724000000
}
real_time {
  sec: 100
  nsec: 782985240
}
iterations: 24681
real_time_factor: 1.0001117624894582
step_size {
  nsec: 4000000
}

sim_time {
  sec: 98
  nsec: 824000000
}
real_time {
  sec: 100
  nsec: 882986222
}
iterations: 24706
real_time_factor: 0.99975056223472247
step_size {
  nsec: 4000000
}

sim_time {
  sec: 98
  nsec: 928000000
}
real_time {
  sec: 100
  nsec: 986984870
}
iterations: 24732
real_time_factor: 1.0003015909296653
step_size {
  nsec: 4000000
}

sim_time {
  sec: 99
  nsec: 32000000
}
real_time {
  sec: 101
  nsec: 90985157
}
iterations: 24758
real_time_factor: 0.99985901987819714
step_size {
  nsec: 4000000
}

sim_time {
  sec: 99
  nsec: 132000000
}
real_time {
  sec: 101
  nsec: 190987111
}
iterations: 24783
real_time_factor: 0.99959316558160827
step_size {
  nsec: 4000000
}

sim_time {
  sec: 99
  nsec: 236000000
}
real_time {
  sec: 101
  nsec: 294985749
}
iterations: 24809
real_time_factor: 0.99979429232435424
step_size {
  nsec: 4000000
}

sim_time {
  sec: 99
  nsec: 340000000
}
real_time {
  sec: 101
  nsec: 398984693
}
iterations: 24835
real_time_factor: 1.0000027500075626
step_size {
  nsec: 4000000
}

sim_time {
  sec: 99
  nsec: 444000000
}
real_time {
  sec: 101
  nsec: 502984877
}
iterations: 24861
real_time_factor: 0.99994025356984917
step_size {
  nsec: 4000000
}

sim_time {
  sec: 99
  nsec: 548000000
}
real_time {
  sec: 101
  nsec: 606986413
}
iterations: 24887
real_time_factor: 0.99960490616084
step_size {
  nsec: 4000000
}

sim_time {
  sec: 99
  nsec: 652000000
}
real_time {
  sec: 101
  nsec: 710984559
}
iterations: 24913
real_time_factor: 1.0001022604561316
step_size {
  nsec: 4000000
}

sim_time {
  sec: 99
  nsec: 756000000
}
real_time {
  sec: 101
  nsec: 814985040
}
iterations: 24939
real_time_factor: 0.99990075984958493
step_size {
  nsec: 4000000
}

sim_time {
  sec: 99
  nsec: 856000000
}
real_time {
  sec: 101
  nsec: 914985215
}
iterations: 24964
real_time_factor: 0.99990550892940622
step_size {
  nsec: 4000000
}

sim_time {
  sec: 99
  nsec: 960000000
}
real_time {
  sec: 102
  nsec: 18985843
}
iterations: 24990
real_time_factor: 0.99982453079484546
step_size {
  nsec: 4000000
}

sim_time {
  sec: 100
  nsec: 64000000
}
real_time {
  sec: 102
  nsec: 122985157
}
iterations: 25016
real_time_factor: 0.9999957500180624
step_size {
  nsec: 4000000
}

sim_time {
  sec: 100
  nsec: 168000000
}
real_time {
  sec: 102
  nsec: 226984969
}
iterations: 25042
real_time_factor: 1.000095509121121
step_size {
  nsec: 4000000
}

sim_time {
  sec: 100
  nsec: 268000000
}
real_time {
  sec: 102
  nsec: 326985497
}
iterations: 25067
real_time_factor: 1.0000190003610068
step_size {
  nsec: 4000000
}

sim_time {
  sec: 100
  nsec: 372000000
}
real_time {
  sec: 102
  nsec: 430984848
}
iterations: 25093
real_time_factor: 1.0000512526266971
step_size {
  nsec: 4000000
}

sim_time {
  sec: 100
  nsec: 472000000
}
real_time {
  sec: 102
  nsec: 530985505
}
iterations: 25118
real_time_factor: 0.99981978248420722
step_size {
  nsec: 4000000
}

sim_time {
  sec: 100
  nsec: 572000000
}
real_time {
  sec: 102
  nsec: 630985458
}
iterations: 25143
real_time_factor: 1.0249188520498889
step_size {
  nsec: 4000000
}

sim_time {
  sec: 100
  nsec: 672000000
}
real_time {
  sec: 102
  nsec: 730986540
}
iterations: 25168
real_time_factor: 1.0001025105073269
step_size {
  nsec: 4000000
}

sim_time {
  sec: 100
  nsec: 776000000
}
real_time {
  sec: 102
  nsec: 834986390
}
iterations: 25194
real_time_factor: 0.99985227182683756
step_size {
  nsec: 4000000
}

sim_time {
  sec: 100
  nsec: 876000000
}
real_time {
  sec: 102
  nsec: 934992685
}
iterations: 25219
real_time_factor: 0.99806923506476719
step_size {
  nsec: 4000000
}

sim_time {
  sec: 100
  nsec: 980000000
}
real_time {
  sec: 103
  nsec: 38985553
}
iterations: 25245
real_time_factor: 1.0002273016543008
step_size {
  nsec: 4000000
}

sim_time {
  sec: 101
  nsec: 80000000
}
real_time {
  sec: 103
  nsec: 138985487
}
iterations: 25270
real_time_factor: 0.99991250765558015
step_size {
  nsec: 4000000
}

sim_time {
  sec: 101
  nsec: 184000000
}
real_time {
  sec: 103
  nsec: 242984604
}
iterations: 25296
real_time_factor: 0.99998900012099867
step_size {
  nsec: 4000000
}

sim_time {
  sec: 101
  nsec: 284000000
}
real_time {
  sec: 103
  nsec: 342984650
}
iterations: 25321
real_time_factor: 1.0000305009302783
step_size {
  nsec: 4000000
}

sim_time {
  sec: 101
  nsec: 384000000
}
real_time {
  sec: 103
  nsec: 442985593
}
iterations: 25346
real_time_factor: 0.99997975041005416
step_size {
  nsec: 4000000
}

sim_time {
  sec: 101
  nsec: 484000000
}
real_time {
  sec: 103
  nsec: 542985806
}
iterations: 25371
real_time_factor: 0.99986851728997639
step_size {
  nsec: 4000000
}

sim_time {
  sec: 101
  nsec: 588000000
}
real_time {
  sec: 103
  nsec: 646985033
}
iterations: 25397
real_time_factor: 1.0000375014063028
step_size {
  nsec: 4000000
}

sim_time {
  sec: 101
  nsec: 688000000
}
real_time {
  sec: 103
  nsec: 746986819
}
iterations: 25422
real_time_factor: 0.9997897941957703
step_size {
  nsec: 4000000
}

sim_time {
  sec: 101
  nsec: 792000000
}
real_time {
  sec: 103
  nsec: 850988185
}
iterations: 25448
real_time_factor: 0.99946154009527366
step_size {
  nsec: 4000000
}

sim_time {
  sec: 101
  nsec: 896000000
}
real_time {
  sec: 103
  nsec: 954984894
}
iterations: 25474
real_time_factor: 1.00000050000025
step_size {
  nsec: 4000000
}

sim_time {
  sec: 101
  nsec: 996000000
}
real_time {
  sec: 104
  nsec: 54985939
}
iterations: 25499
real_time_factor: 0.99971133335249451
step_size {
  nsec: 4000000
}

sim_time {
  sec: 102
  nsec: 100000000
}
real_time {
  sec: 104
  nsec: 158985296
}
iterations: 25525
real_time_factor: 1.0000120001440018
step_size {
  nsec: 4000000
}

sim_time {
  sec: 102
  nsec: 204000000
}
real_time {
  sec: 104
  nsec: 262985996
}
iterations: 25551
real_time_factor: 0.999866517819871
step_size {
  nsec: 4000000
}

sim_time {
  sec: 102
  nsec: 308000000
}
real_time {
  sec: 104
  nsec: 366985410
}
iterations: 25577
real_time_factor: 0.99998650018224755
step_size {
  nsec: 4000000
}

sim_time {
  sec: 102
  nsec: 408000000
}
real_time {
  sec: 104
  nsec: 466985574
}
iterations: 25602
real_time_factor: 0.99987776494323566
step_size {
  nsec: 4000000
}

sim_time {
  sec: 102
  nsec: 508000000
}
real_time {
  sec: 104
  nsec: 566986090
}
iterations: 25627
real_time_factor: 0.9999590016809311
step_size {
  nsec: 4000000
}

sim_time {
  sec: 102
  nsec: 612000000
}
real_time {
  sec: 104
  nsec: 670985095
}
iterations: 25653
real_time_factor: 1.0000400016000639
step_size {
  nsec: 4000000
}

sim_time {
  sec: 102
  nsec: 712000000
}
real_time {
  sec: 104
  nsec: 770986166
}
iterations: 25678
real_time_factor: 0.99986401849348494
step_size {
  nsec: 4000000
}

sim_time {
  sec: 102
  nsec: 816000000
}
real_time {
  sec: 104
  nsec: 874985013
}
iterations: 25704
real_time_factor: 1.0000840070565928
step_size {
  nsec: 4000000
}

sim_time {
  sec: 102
  nsec: 920000000
}
real_time {
  sec: 104
  nsec: 978984981
}
iterations: 25730
real_time_factor: 1.0000560031361756
step_size {
  nsec: 4000000
}

sim_time {
  sec: 103
  nsec: 20000000
}
real_time {
  sec: 105
  nsec: 78984941
}
iterations: 25755
real_time_factor: 1.0001672779772417
step_size {
  nsec: 4000000
}

sim_time {
  sec: 103
  nsec: 120000000
}
real_time {
  sec: 105
  nsec: 178985383
}
iterations: 25780
real_time_factor: 1.0000560031361756
step_size {
  nsec: 4000000
}

sim_time {
  sec: 103
  nsec: 224000000
}
real_time {
  sec: 105
  nsec: 282985396
}
iterations: 25806
real_time_factor: 0.99989401123480914
step_size {
  nsec: 4000000
}

