sim_time {
  nsec: 4000000
}
real_time {
  sec: 1
  nsec: 776349765
}
iterations: 1
real_time_factor: 0.0022518087815886867
step_size {
  nsec: 4000000
}

sim_time {
  nsec: 108000000
}
real_time {
  sec: 1
  nsec: 880332355
}
iterations: 27
real_time_factor: 1.0001655273947838
step_size {
  nsec: 4000000
}

sim_time {
  nsec: 212000000
}
real_time {
  sec: 1
  nsec: 984333576
}
iterations: 53
real_time_factor: 0.99964237793929223
step_size {
  nsec: 4000000
}

sim_time {
  nsec: 316000000
}
real_time {
  sec: 2
  nsec: 88332676
}
iterations: 79
real_time_factor: 1.0000657543233467
step_size {
  nsec: 4000000
}

sim_time {
  nsec: 420000000
}
real_time {
  sec: 2
  nsec: 192332089
}
iterations: 105
real_time_factor: 0.99998975010506141
step_size {
  nsec: 4000000
}

sim_time {
  nsec: 524000000
}
real_time {
  sec: 2
  nsec: 296331884
}
iterations: 131
real_time_factor: 1.0000245006002646
step_size {
  nsec: 4000000
}

sim_time {
  nsec: 628000000
}
real_time {
  sec: 2
  nsec: 400332277
}
iterations: 157
real_time_factor: 0.99994100348079462
step_size {
  nsec: 4000000
}

sim_time {
  nsec: 728000000
}
real_time {
  sec: 2
  nsec: 500333917
}
iterations: 182
real_time_factor: 0.99954970285886213
step_size {
  nsec: 4000000
}

sim_time {
  nsec: 828000000
}
real_time {
  sec: 2
  nsec: 600339036
}
iterations: 207
real_time_factor: 0.99830712070007288
step_size {
  nsec: 4000000
}

sim_time {
  nsec: 932000000
}
real_time {
  sec: 2
  nsec: 704332031
}
iterations: 233
real_time_factor: 0.9999895001102489
step_size {
  nsec: 4000000
}

sim_time {
  sec: 1
  nsec: 36000000
}
real_time {
  sec: 2
  nsec: 808332035
}
iterations: 259
real_time_factor: 0.999999000001
step_size {
  nsec: 4000000
}

sim_time {
  sec: 1
  nsec: 136000000
}
real_time {
  sec: 2
  nsec: 908332257
}
iterations: 284
real_time_factor: 1.000163276654914
step_size {
  nsec: 4000000
}

sim_time {
  sec: 1
  nsec: 240000000
}
real_time {
  sec: 3
  nsec: 12332735
}
iterations: 310
real_time_factor: 0.99993825381282708
step_size {
  nsec: 4000000
}

sim_time {
  sec: 1
  nsec: 344000000
}
real_time {
  sec: 3
  nsec: 116331702
}
iterations: 336
real_time_factor: 1.0001257658150513
step_size {
  nsec: 4000000
}

sim_time {
  sec: 1
  nsec: 444000000
}
real_time {
  sec: 3
  nsec: 216333377
}
iterations: 361
real_time_factor: 0.99966536202006373
step_size {
  nsec: 4000000
}

sim_time {
  sec: 1
  nsec: 548000000
}
real_time {
  sec: 3
  nsec: 320332548
}
iterations: 387
real_time_factor: 0.99984602371234832
step_size {
  nsec: 4000000
}

sim_time {
  sec: 1
  nsec: 652000000
}
real_time {
  sec: 3
  nsec: 424332059
}
iterations: 413
real_time_factor: 1.0003045927484919
step_size {
  nsec: 4000000
}

sim_time {
  sec: 1
  nsec: 752000000
}
real_time {
  sec: 3
  nsec: 524332259
}
iterations: 438
real_time_factor: 0.99997575058804822
step_size {
  nsec: 4000000
}

sim_time {
  sec: 1
  nsec: 804000000
}
real_time {
  sec: 3
  nsec: 846486249
}
iterations: 451
real_time_factor: 0.014590436915521232
step_size {
  nsec: 4000000
}

sim_time {
  sec: 1
  nsec: 908000000
}
real_time {
  sec: 3
  nsec: 950483510
}
iterations: 477
real_time_factor: 0.99990625878823858
step_size {
  nsec: 4000000
}

sim_time {
  sec: 2
  nsec: 12000000
}
real_time {
  sec: 4
  nsec: 54483493
}
iterations: 503
real_time_factor: 0.99992725529217752
step_size {
  nsec: 4000000
}

sim_time {
  sec: 2
  nsec: 116000000
}
real_time {
  sec: 4
  nsec: 158483429
}
iterations: 529
real_time_factor: 0.99995500202490883
step_size {
  nsec: 4000000
}

sim_time {
  sec: 2
  nsec: 216000000
}
real_time {
  sec: 4
  nsec: 258483344
}
iterations: 554
real_time_factor: 1.0000612537517923
step_size {
  nsec: 4000000
}

sim_time {
  sec: 2
  nsec: 320000000
}
real_time {
  sec: 4
  nsec: 362483224
}
iterations: 580
real_time_factor: 0.99997100084097557
step_size {
  nsec: 4000000
}

sim_time {
  sec: 2
  nsec: 420000000
}
real_time {
  sec: 4
  nsec: 462488940
}
iterations: 605
real_time_factor: 0.99869969299971439
step_size {
  nsec: 4000000
}

sim_time {
  sec: 2
  nsec: 524000000
}
real_time {
  sec: 4
  nsec: 566483189
}
iterations: 631
real_time_factor: 0.99999200006399946
step_size {
  nsec: 4000000
}

sim_time {
  sec: 2
  nsec: 628000000
}
real_time {
  sec: 4
  nsec: 670483142
}
iterations: 657
real_time_factor: 0.999980000399992
step_size {
  nsec: 4000000
}

sim_time {
  sec: 2
  nsec: 728000000
}
real_time {
  sec: 4
  nsec: 770483534
}
iterations: 682
real_time_factor: 0.99994325322037969
step_size {
  nsec: 4000000
}

sim_time {
  sec: 2
  nsec: 828000000
}
real_time {
  sec: 4
  nsec: 870483815
}
iterations: 707
real_time_factor: 1.0001795322260345
step_size {
  nsec: 4000000
}

sim_time {
  sec: 2
  nsec: 932000000
}
real_time {
  sec: 4
  nsec: 974483805
}
iterations: 733
real_time_factor: 0.99995500202490883
step_size {
  nsec: 4000000
}

sim_time {
  sec: 3
  nsec: 36000000
}
real_time {
  sec: 5
  nsec: 78483471
}
iterations: 759
real_time_factor: 0.99998925011556128
step_size {
  nsec: 4000000
}

sim_time {
  sec: 3
  nsec: 140000000
}
real_time {
  sec: 5
  nsec: 182483413
}
iterations: 785
real_time_factor: 1.0000590034812054
step_size {
  nsec: 4000000
}

sim_time {
  sec: 3
  nsec: 244000000
}
real_time {
  sec: 5
  nsec: 286483310
}
iterations: 811
real_time_factor: 0.99998050038024255
step_size {
  nsec: 4000000
}

sim_time {
  sec: 3
  nsec: 348000000
}
real_time {
  sec: 5
  nsec: 390483604
}
iterations: 837
real_time_factor: 0.99989701060790737
step_size {
  nsec: 4000000
}

sim_time {
  sec: 3
  nsec: 452000000
}
real_time {
  sec: 5
  nsec: 494483359
}
iterations: 863
real_time_factor: 1.0001285165143721
step_size {
  nsec: 4000000
}

sim_time {
  sec: 3
  nsec: 552000000
}
real_time {
  sec: 5
  nsec: 594484008
}
iterations: 888
real_time_factor: 1.0000360012960468
step_size {
  nsec: 4000000
}

sim_time {
  sec: 3
  nsec: 656000000
}
real_time {
  sec: 5
  nsec: 698484837
}
iterations: 914
real_time_factor: 0.999612650098087
step_size {
  nsec: 4000000
}

sim_time {
  sec: 3
  nsec: 760000000
}
real_time {
  sec: 5
  nsec: 802484631
}
iterations: 940
real_time_factor: 1.0000447520026521
step_size {
  nsec: 4000000
}

sim_time {
  sec: 3
  nsec: 864000000
}
real_time {
  sec: 5
  nsec: 906483552
}
iterations: 966
real_time_factor: 1.0000107501155637
step_size {
  nsec: 4000000
}

sim_time {
  sec: 3
  nsec: 964000000
}
real_time {
  sec: 6
  nsec: 6484637
}
iterations: 991
real_time_factor: 0.99978804493447393
step_size {
  nsec: 4000000
}

sim_time {
  sec: 4
  nsec: 64000000
}
real_time {
  sec: 6
  nsec: 106484332
}
iterations: 1016
real_time_factor: 1.0004294343346882
step_size {
  nsec: 4000000
}

sim_time {
  sec: 4
  nsec: 164000000
}
real_time {
  sec: 6
  nsec: 206485713
}
iterations: 1041
real_time_factor: 1.0016261400383524
step_size {
  nsec: 4000000
}

sim_time {
  sec: 4
  nsec: 268000000
}
real_time {
  sec: 6
  nsec: 310484144
}
iterations: 1067
real_time_factor: 0.99979029398583652
step_size {
  nsec: 4000000
}

sim_time {
  sec: 4
  nsec: 368000000
}
real_time {
  sec: 6
  nsec: 410484401
}
iterations: 1092
real_time_factor: 1.0000730053293891
step_size {
  nsec: 4000000
}

sim_time {
  sec: 4
  nsec: 472000000
}
real_time {
  sec: 6
  nsec: 514483099
}
iterations: 1118
real_time_factor: 1.0000635040325061
step_size {
  nsec: 4000000
}

sim_time {
  sec: 4
  nsec: 572000000
}
real_time {
  sec: 6
  nsec: 614488522
}
iterations: 1143
real_time_factor: 0.99894686027255764
step_size {
  nsec: 4000000
}

sim_time {
  sec: 4
  nsec: 676000000
}
real_time {
  sec: 6
  nsec: 718484043
}
iterations: 1169
real_time_factor: 1.0000660043562875
step_size {
  nsec: 4000000
}

sim_time {
  sec: 4
  nsec: 776000000
}
real_time {
  sec: 6
  nsec: 818484739
}
iterations: 1194
real_time_factor: 0.99999650001224993
step_size {
  nsec: 4000000
}

sim_time {
  sec: 4
  nsec: 880000000
}
real_time {
  sec: 6
  nsec: 922484003
}
iterations: 1220
real_time_factor: 1.0002095438994469
step_size {
  nsec: 4000000
}

sim_time {
  sec: 4
  nsec: 980000000
}
real_time {
  sec: 7
  nsec: 22484140
}
iterations: 1245
real_time_factor: 1.0001887856332883
step_size {
  nsec: 4000000
}

sim_time {
  sec: 5
  nsec: 84000000
}
real_time {
  sec: 7
  nsec: 126483652
}
iterations: 1271
real_time_factor: 1.0000452520476553
step_size {
  nsec: 4000000
}

sim_time {
  sec: 5
  nsec: 184000000
}
real_time {
  sec: 7
  nsec: 226483836
}
iterations: 1296
real_time_factor: 1.00023730630092
step_size {
  nsec: 4000000
}

sim_time {
  sec: 5
  nsec: 288000000
}
real_time {
  sec: 7
  nsec: 330483383
}
iterations: 1322
real_time_factor: 1.0000570032491851
step_size {
  nsec: 4000000
}

sim_time {
  sec: 5
  nsec: 392000000
}
real_time {
  sec: 7
  nsec: 434483476
}
iterations: 1348
real_time_factor: 0.99987401587399982
step_size {
  nsec: 4000000
}

sim_time {
  sec: 5
  nsec: 496000000
}
real_time {
  sec: 7
  nsec: 538483421
}
iterations: 1374
real_time_factor: 1.0000682546583803
step_size {
  nsec: 4000000
}

sim_time {
  sec: 5
  nsec: 596000000
}
real_time {
  sec: 7
  nsec: 638483833
}
iterations: 1399
real_time_factor: 0.99984377441024841
step_size {
  nsec: 4000000
}

sim_time {
  sec: 5
  nsec: 696000000
}
real_time {
  sec: 7
  nsec: 738484078
}
iterations: 1424
real_time_factor: 0.9999942500330623
step_size {
  nsec: 4000000
}

sim_time {
  sec: 5
  nsec: 800000000
}
real_time {
  sec: 7
  nsec: 842483125
}
iterations: 1450
real_time_factor: 1.000163276654914
step_size {
  nsec: 4000000
}

sim_time {
  sec: 5
  nsec: 900000000
}
real_time {
  sec: 7
  nsec: 942483685
}
iterations: 1475
real_time_factor: 1.0000660043562875
step_size {
  nsec: 4000000
}

sim_time {
  sec: 6
  nsec: 4000000
}
real_time {
  sec: 8
  nsec: 46484305
}
iterations: 1501
real_time_factor: 0.99995500202490883
step_size {
  nsec: 4000000
}

sim_time {
  sec: 6
  nsec: 108000000
}
real_time {
  sec: 8
  nsec: 150484166
}
iterations: 1527
real_time_factor: 1.0000060000360003
step_size {
  nsec: 4000000
}

sim_time {
  sec: 6
  nsec: 212000000
}
real_time {
  sec: 8
  nsec: 254483490
}
iterations: 1553
real_time_factor: 1.0001075115574924
step_size {
  nsec: 4000000
}

sim_time {
  sec: 6
  nsec: 312000000
}
real_time {
  sec: 8
  nsec: 354483596
}
iterations: 1578
real_time_factor: 1.0000127501625646
step_size {
  nsec: 4000000
}

sim_time {
  sec: 6
  nsec: 412000000
}
real_time {
  sec: 8
  nsec: 454483644
}
iterations: 1603
real_time_factor: 1.000193287352781
step_size {
  nsec: 4000000
}

sim_time {
  sec: 6
  nsec: 516000000
}
real_time {
  sec: 8
  nsec: 558483567
}
iterations: 1629
real_time_factor: 1.0000407516606302
step_size {
  nsec: 4000000
}

sim_time {
  sec: 6
  nsec: 620000000
}
real_time {
  sec: 8
  nsec: 662484185
}
iterations: 1655
real_time_factor: 0.99973032274543938
step_size {
  nsec: 4000000
}

sim_time {
  sec: 6
  nsec: 720000000
}
real_time {
  sec: 8
  nsec: 762484187
}
iterations: 1680
real_time_factor: 0.99991100792029508
step_size {
  nsec: 4000000
}

sim_time {
  sec: 6
  nsec: 824000000
}
real_time {
  sec: 8
  nsec: 866483120
}
iterations: 1706
real_time_factor: 1.0000220004840106
step_size {
  nsec: 4000000
}

sim_time {
  sec: 6
  nsec: 924000000
}
real_time {
  sec: 8
  nsec: 966484020
}
iterations: 1731
real_time_factor: 1.0002975885325884
step_size {
  nsec: 4000000
}

sim_time {
  sec: 7
  nsec: 28000000
}
real_time {
  sec: 9
  nsec: 70483572
}
iterations: 1757
real_time_factor: 1.0000592535107704
step_size {
  nsec: 4000000
}

sim_time {
  sec: 7
  nsec: 132000000
}
real_time {
  sec: 9
  nsec: 174483365
}
iterations: 1783
real_time_factor: 1.0000085000722505
step_size {
  nsec: 4000000
}

sim_time {
  sec: 7
  nsec: 232000000
}
real_time {
  sec: 9
  nsec: 274483978
}
iterations: 1808
real_time_factor: 1.0000662543893533
step_size {
  nsec: 4000000
}

sim_time {
  sec: 7
  nsec: 332000000
}
real_time {
  sec: 9
  nsec: 374484063
}
iterations: 1833
real_time_factor: 1.0004344386549859
step_size {
  nsec: 4000000
}

sim_time {
  sec: 7
  nsec: 432000000
}
real_time {
  sec: 9
  nsec: 474484220
}
iterations: 1858
real_time_factor: 0.99992250600578458
step_size {
  nsec: 4000000
}

sim_time {
  sec: 7
  nsec: 532000000
}
real_time {
  sec: 9
  nsec: 574488516
}
iterations: 1883
real_time_factor: 0.99902095945972946
step_size {
  nsec: 4000000
}

sim_time {
  sec: 7
  nsec: 636000000
}
real_time {
  sec: 9
  nsec: 678484380
}
iterations: 1909
real_time_factor: 0.99981878284560921
step_size {
  nsec: 4000000
}

sim_time {
  sec: 7
  nsec: 740000000
}
real_time {
  sec: 9
  nsec: 782484754
}
iterations: 1935
real_time_factor: 0.99994600291584257
step_size {
  nsec: 4000000
}

sim_time {
  sec: 7
  nsec: 844000000
}
real_time {
  sec: 9
  nsec: 886483619
}
iterations: 1961
real_time_factor: 1.0000130001690022
step_size {
  nsec: 4000000
}

sim_time {
  sec: 7
  nsec: 948000000
}
real_time {
  sec: 9
  nsec: 990483419
}
iterations: 1987
real_time_factor: 0.99994825267792387
step_size {
  nsec: 4000000
}

sim_time {
  sec: 8
  nsec: 48000000
}
real_time {
  sec: 10
  nsec: 90483854
}
iterations: 2012
real_time_factor: 0.99995950164018355
step_size {
  nsec: 4000000
}

sim_time {
  sec: 8
  nsec: 148000000
}
real_time {
  sec: 10
  nsec: 190720475
}
iterations: 2037
real_time_factor: 0.94497995933751233
step_size {
  nsec: 4000000
}

sim_time {
  sec: 8
  nsec: 252000000
}
real_time {
  sec: 10
  nsec: 294483857
}
iterations: 2063
real_time_factor: 1.0000152502325661
step_size {
  nsec: 4000000
}

sim_time {
  sec: 8
  nsec: 356000000
}
real_time {
  sec: 10
  nsec: 398483517
}
iterations: 2089
real_time_factor: 1.0000127501625646
step_size {
  nsec: 4000000
}

sim_time {
  sec: 8
  nsec: 460000000
}
real_time {
  sec: 10
  nsec: 502483703
}
iterations: 2115
real_time_factor: 0.99996175146300659
step_size {
  nsec: 4000000
}

sim_time {
  sec: 8
  nsec: 560000000
}
real_time {
  sec: 10
  nsec: 602484274
}
iterations: 2140
real_time_factor: 1.0000220004840106
step_size {
  nsec: 4000000
}

sim_time {
  sec: 8
  nsec: 660000000
}
real_time {
  sec: 10
  nsec: 702484270
}
iterations: 2165
real_time_factor: 1.0001772814231322
step_size {
  nsec: 4000000
}

sim_time {
  sec: 8
  nsec: 760000000
}
real_time {
  sec: 10
  nsec: 802484952
}
iterations: 2190
real_time_factor: 0.99995525200247293
step_size {
  nsec: 4000000
}

sim_time {
  sec: 8
  nsec: 864000000
}
real_time {
  sec: 10
  nsec: 906483759
}
iterations: 2216
real_time_factor: 0.99993400435571256
step_size {
  nsec: 4000000
}

sim_time {
  sec: 8
  nsec: 968000000
}
real_time {
  sec: 11
  nsec: 10483797
}
iterations: 2242
real_time_factor: 0.99988301368739863
step_size {
  nsec: 4000000
}

sim_time {
  sec: 9
  nsec: 68000000
}
real_time {
  sec: 11
  nsec: 110485201
}
iterations: 2267
real_time_factor: 0.999936504031994
step_size {
  nsec: 4000000
}

sim_time {
  sec: 9
  nsec: 168000000
}
real_time {
  sec: 11
  nsec: 210488559
}
iterations: 2292
real_time_factor: 0.99910155792403677
step_size {
  nsec: 4000000
}

sim_time {
  sec: 9
  nsec: 272000000
}
real_time {
  sec: 11
  nsec: 314484254
}
iterations: 2318
real_time_factor: 1.0005918500793218
step_size {
  nsec: 4000000
}

sim_time {
  sec: 9
  nsec: 376000000
}
real_time {
  sec: 11
  nsec: 418484141
}
iterations: 2344
real_time_factor: 0.99988326362897129
step_size {
  nsec: 4000000
}

sim_time {
  sec: 9
  nsec: 476000000
}
real_time {
  sec: 11
  nsec: 518484784
}
iterations: 2369
real_time_factor: 0.99983452738571765
step_size {
  nsec: 4000000
}

sim_time {
  sec: 9
  nsec: 580000000
}
real_time {
  sec: 11
  nsec: 622484504
}
iterations: 2395
real_time_factor: 0.99991350748160279
step_size {
  nsec: 4000000
}

sim_time {
  sec: 9
  nsec: 680000000
}
real_time {
  sec: 11
  nsec: 722486044
}
iterations: 2420
real_time_factor: 0.9994440592420466
step_size {
  nsec: 4000000
}

sim_time {
  sec: 9
  nsec: 784000000
}
real_time {
  sec: 11
  nsec: 826483913
}
iterations: 2446
real_time_factor: 1.0000847571831712
step_size {
  nsec: 4000000
}

sim_time {
  sec: 9
  nsec: 888000000
}
real_time {
  sec: 11
  nsec: 930483699
}
iterations: 2472
real_time_factor: 1.000166027560575
step_size {
  nsec: 4000000
}

sim_time {
  sec: 9
  nsec: 992000000
}
real_time {
  sec: 12
  nsec: 34483729
}
iterations: 2498
real_time_factor: 0.99998525021755924
step_size {
  nsec: 4000000
}

sim_time {
  sec: 10
  nsec: 96000000
}
real_time {
  sec: 12
  nsec: 138483117
}
iterations: 2524
real_time_factor: 1.0001655273947838
step_size {
  nsec: 4000000
}

sim_time {
  sec: 10
  nsec: 196000000
}
real_time {
  sec: 12
  nsec: 238484166
}
iterations: 2549
real_time_factor: 1.0139291045561158
step_size {
  nsec: 4000000
}

sim_time {
  sec: 10
  nsec: 300000000
}
real_time {
  sec: 12
  nsec: 342485497
}
iterations: 2575
real_time_factor: 0.99941634085693953
step_size {
  nsec: 4000000
}

sim_time {
  sec: 10
  nsec: 404000000
}
real_time {
  sec: 12
  nsec: 446484030
}
iterations: 2601
real_time_factor: 1.0000500025001251
step_size {
  nsec: 4000000
}

sim_time {
  sec: 10
  nsec: 508000000
}
real_time {
  sec: 12
  nsec: 550483850
}
iterations: 2627
real_time_factor: 0.99995975161999728
step_size {
  nsec: 4000000
}

sim_time {
  sec: 10
  nsec: 612000000
}
real_time {
  sec: 12
  nsec: 654483419
}
iterations: 2653
real_time_factor: 1.0000197503900703
step_size {
  nsec: 4000000
}

sim_time {
  sec: 10
  nsec: 712000000
}
real_time {
  sec: 12
  nsec: 754483679
}
iterations: 2678
real_time_factor: 1.0000892579662735
step_size {
  nsec: 4000000
}

sim_time {
  sec: 10
  nsec: 812000000
}
real_time {
  sec: 12
  nsec: 854484199
}
iterations: 2703
real_time_factor: 0.99986951702802784
step_size {
  nsec: 4000000
}

sim_time {
  sec: 10
  nsec: 916000000
}
real_time {
  sec: 12
  nsec: 958483917
}
iterations: 2729
real_time_factor: 0.99993400435571256
step_size {
  nsec: 4000000
}

sim_time {
  sec: 11
  nsec: 20000000
}
real_time {
  sec: 13
  nsec: 62483662
}
iterations: 2755
real_time_factor: 0.99999650001224993
step_size {
  nsec: 4000000
}

sim_time {
  sec: 11
  nsec: 124000000
}
real_time {
  sec: 13
  nsec: 166483843
}
iterations: 2781
real_time_factor: 0.99989476107639674
step_size {
  nsec: 4000000
}

sim_time {
  sec: 11
  nsec: 228000000
}
real_time {
  sec: 13
  nsec: 270483856
}
iterations: 2807
real_time_factor: 0.9998185329362721
step_size {
  nsec: 4000000
}

sim_time {
  sec: 11
  nsec: 332000000
}
real_time {
  sec: 13
  nsec: 374483193
}
iterations: 2833
real_time_factor: 1.0000292508555875
step_size {
  nsec: 4000000
}

sim_time {
  sec: 11
  nsec: 436000000
}
real_time {
  sec: 13
  nsec: 478483436
}
iterations: 2859
real_time_factor: 1.0000245006002646
step_size {
  nsec: 4000000
}

sim_time {
  sec: 11
  nsec: 536000000
}
real_time {
  sec: 13
  nsec: 578483786
}
iterations: 2884
real_time_factor: 1.0000130001690022
step_size {
  nsec: 4000000
}

sim_time {
  sec: 11
  nsec: 636000000
}
real_time {
  sec: 13
  nsec: 678486506
}
iterations: 2909
real_time_factor: 0.99946029144262094
step_size {
  nsec: 4000000
}

sim_time {
  sec: 11
  nsec: 740000000
}
real_time {
  sec: 13
  nsec: 782484925
}
iterations: 2935
real_time_factor: 0.99968659825144812
step_size {
  nsec: 4000000
}

sim_time {
  sec: 11
  nsec: 844000000
}
real_time {
  sec: 13
  nsec: 886484454
}
iterations: 2961
real_time_factor: 0.99985102219769251
step_size {
  nsec: 4000000
}

sim_time {
  sec: 11
  nsec: 948000000
}
real_time {
  sec: 13
  nsec: 990483318
}
iterations: 2987
real_time_factor: 1.0000200004000079
step_size {
  nsec: 4000000
}

sim_time {
  sec: 12
  nsec: 48000000
}
real_time {
  sec: 14
  nsec: 90483298
}
iterations: 3012
real_time_factor: 1.0000360012960468
step_size {
  nsec: 4000000
}

sim_time {
  sec: 12
  nsec: 152000000
}
real_time {
  sec: 14
  nsec: 194483957
}
iterations: 3038
real_time_factor: 0.99984877287310292
step_size {
  nsec: 4000000
}

sim_time {
  sec: 12
  nsec: 256000000
}
real_time {
  sec: 14
  nsec: 298483394
}
iterations: 3064
real_time_factor: 0.99996675110552569
step_size {
  nsec: 4000000
}

sim_time {
  sec: 12
  nsec: 360000000
}
real_time {
  sec: 14
  nsec: 402483617
}
iterations: 3090
real_time_factor: 0.99984852294877324
step_size {
  nsec: 4000000
}

sim_time {
  sec: 12
  nsec: 464000000
}
real_time {
  sec: 14
  nsec: 506483652
}
iterations: 3116
real_time_factor: 0.99988126409988809
step_size {
  nsec: 4000000
}

sim_time {
  sec: 12
  nsec: 568000000
}
real_time {
  sec: 14
  nsec: 610483365
}
iterations: 3142
real_time_factor: 0.999992250060062
step_size {
  nsec: 4000000
}

sim_time {
  sec: 12
  nsec: 668000000
}
real_time {
  sec: 14
  nsec: 710486536
}
iterations: 3167
real_time_factor: 0.99946703420401073
step_size {
  nsec: 4000000
}

sim_time {
  sec: 12
  nsec: 772000000
}
real_time {
  sec: 14
  nsec: 814484796
}
iterations: 3193
real_time_factor: 1.0000152502325661
step_size {
  nsec: 4000000
}

sim_time {
  sec: 12
  nsec: 876000000
}
real_time {
  sec: 14
  nsec: 918483655
}
iterations: 3219
real_time_factor: 0.99999700000899994
step_size {
  nsec: 4000000
}

sim_time {
  sec: 12
  nsec: 980000000
}
real_time {
  sec: 15
  nsec: 22483470
}
iterations: 3245
real_time_factor: 0.99997375068904437
step_size {
  nsec: 4000000
}

sim_time {
  sec: 13
  nsec: 80000000
}
real_time {
  sec: 15
  nsec: 122484725
}
iterations: 3270
real_time_factor: 0.9998347773030507
step_size {
  nsec: 4000000
}

sim_time {
  sec: 13
  nsec: 184000000
}
real_time {
  sec: 15
  nsec: 226483983
}
iterations: 3296
real_time_factor: 0.99987676518869051
step_size {
  nsec: 4000000
}

sim_time {
  sec: 13
  nsec: 284000000
}
real_time {
  sec: 15
  nsec: 326484183
}
iterations: 3321
real_time_factor: 1.0000107501155637
step_size {
  nsec: 4000000
}

sim_time {
  sec: 13
  nsec: 388000000
}
real_time {
  sec: 15
  nsec: 430483243
}
iterations: 3347
real_time_factor: 0.99999475002756233
step_size {
  nsec: 4000000
}

sim_time {
  sec: 13
  nsec: 488000000
}
real_time {
  sec: 15
  nsec: 530483265
}
iterations: 3372
real_time_factor: 1.0000662543893533
step_size {
  nsec: 4000000
}

sim_time {
  sec: 13
  nsec: 592000000
}
real_time {
  sec: 15
  nsec: 634483585
}
iterations: 3398
real_time_factor: 0.99998300028899512
step_size {
  nsec: 4000000
}

sim_time {
  sec: 13
  nsec: 696000000
}
real_time {
  sec: 15
  nsec: 738483536
}
iterations: 3424
real_time_factor: 0.99995975161999728
step_size {
  nsec: 4000000
}

sim_time {
  sec: 13
  nsec: 800000000
}
real_time {
  sec: 15
  nsec: 842483468
}
iterations: 3450
real_time_factor: 0.99998525021755924
step_size {
  nsec: 4000000
}

sim_time {
  sec: 13
  nsec: 900000000
}
real_time {
  sec: 15
  nsec: 942483599
}
iterations: 3475
real_time_factor: 1.0000455020703443
step_size {
  nsec: 4000000
}

sim_time {
  sec: 14
}
real_time {
  sec: 16
  nsec: 42483843
}
iterations: 3500
real_time_factor: 1.0001842839543187
step_size {
  nsec: 4000000
}

sim_time {
  sec: 14
  nsec: 104000000
}
real_time {
  sec: 16
  nsec: 146483932
}
iterations: 3526
real_time_factor: 0.9998787646997801
step_size {
  nsec: 4000000
}

sim_time {
  sec: 14
  nsec: 208000000
}
real_time {
  sec: 16
  nsec: 250484419
}
iterations: 3552
real_time_factor: 0.9997837967539519
step_size {
  nsec: 4000000
}

sim_time {
  sec: 14
  nsec: 308000000
}
real_time {
  sec: 16
  nsec: 350484902
}
iterations: 3577
real_time_factor: 1.0125956776340905
step_size {
  nsec: 4000000
}

sim_time {
  sec: 14
  nsec: 412000000
}
real_time {
  sec: 16
  nsec: 454483275
}
iterations: 3603
real_time_factor: 1.0002310533733292
step_size {
  nsec: 4000000
}

sim_time {
  sec: 14
  nsec: 516000000
}
real_time {
  sec: 16
  nsec: 558484214
}
iterations: 3629
real_time_factor: 0.99991825668251622
step_size {
  nsec: 4000000
}

sim_time {
  sec: 14
  nsec: 620000000
}
real_time {
  sec: 16
  nsec: 662484226
}
iterations: 3655
real_time_factor: 0.99992025635955528
step_size {
  nsec: 4000000
}

sim_time {
  sec: 14
  nsec: 724000000
}
real_time {
  sec: 16
  nsec: 766484497
}
iterations: 3681
real_time_factor: 0.99977005288783583
step_size {
  nsec: 4000000
}

sim_time {
  sec: 14
  nsec: 828000000
}
real_time {
  sec: 16
  nsec: 870483843
}
iterations: 3707
real_time_factor: 1.0000387515016207
step_size {
  nsec: 4000000
}

sim_time {
  sec: 14
  nsec: 928000000
}
real_time {
  sec: 16
  nsec: 970483853
}
iterations: 3732
real_time_factor: 1.0000130001690022
step_size {
  nsec: 4000000
}

sim_time {
  sec: 15
  nsec: 28000000
}
real_time {
  sec: 17
  nsec: 70484010
}
iterations: 3757
real_time_factor: 1.0000662543893533
step_size {
  nsec: 4000000
}

sim_time {
  sec: 15
  nsec: 132000000
}
real_time {
  sec: 17
  nsec: 174483977
}
iterations: 3783
real_time_factor: 0.99991125787586355
step_size {
  nsec: 4000000
}

sim_time {
  sec: 15
  nsec: 236000000
}
real_time {
  sec: 17
  nsec: 278483938
}
iterations: 3809
real_time_factor: 0.99991800672344866
step_size {
  nsec: 4000000
}

sim_time {
  sec: 15
  nsec: 336000000
}
real_time {
  sec: 17
  nsec: 378483724
}
iterations: 3834
real_time_factor: 1.0005362874500732
step_size {
  nsec: 4000000
}

sim_time {
  sec: 15
  nsec: 440000000
}
real_time {
  sec: 17
  nsec: 482483224
}
iterations: 3860
real_time_factor: 1.0000222504950735
step_size {
  nsec: 4000000
}

sim_time {
  sec: 15
  nsec: 540000000
}
real_time {
  sec: 17
  nsec: 582483684
}
iterations: 3885
real_time_factor: 0.99990200960305886
step_size {
  nsec: 4000000
}

sim_time {
  sec: 15
  nsec: 644000000
}
real_time {
  sec: 17
  nsec: 686483712
}
iterations: 3911
real_time_factor: 0.999987500156248
step_size {
  nsec: 4000000
}

sim_time {
  sec: 15
  nsec: 744000000
}
real_time {
  sec: 17
  nsec: 786487450
}
iterations: 3936
real_time_factor: 0.99900025049931285
step_size {
  nsec: 4000000
}

sim_time {
  sec: 15
  nsec: 848000000
}
real_time {
  sec: 17
  nsec: 890483756
}
iterations: 3962
real_time_factor: 0.99990650874143272
step_size {
  nsec: 4000000
}

sim_time {
  sec: 15
  nsec: 948000000
}
real_time {
  sec: 17
  nsec: 990486160
}
iterations: 3987
real_time_factor: 0.99931921378560851
step_size {
  nsec: 4000000
}

sim_time {
  sec: 16
  nsec: 52000000
}
real_time {
  sec: 18
  nsec: 94483680
}
iterations: 4013
real_time_factor: 1.0001032606616633
step_size {
  nsec: 4000000
}

sim_time {
  sec: 16
  nsec: 152000000
}
real_time {
  sec: 18
  nsec: 194483714
}
iterations: 4038
real_time_factor: 1.0000432518706435
step_size {
  nsec: 4000000
}

sim_time {
  sec: 16
  nsec: 256000000
}
real_time {
  sec: 18
  nsec: 298484048
}
iterations: 4064
real_time_factor: 0.99994350319206959
step_size {
  nsec: 4000000
}

sim_time {
  sec: 16
  nsec: 356000000
}
real_time {
  sec: 18
  nsec: 398484627
}
iterations: 4089
real_time_factor: 0.99999450003024981
step_size {
  nsec: 4000000
}

sim_time {
  sec: 16
  nsec: 460000000
}
real_time {
  sec: 18
  nsec: 502483707
}
iterations: 4115
real_time_factor: 1.0001217648248675
step_size {
  nsec: 4000000
}

sim_time {
  sec: 16
  nsec: 564000000
}
real_time {
  sec: 18
  nsec: 606483650
}
iterations: 4141
real_time_factor: 0.99994575294290289
step_size {
  nsec: 4000000
}

sim_time {
  sec: 16
  nsec: 664000000
}
real_time {
  sec: 18
  nsec: 706484431
}
iterations: 4166
real_time_factor: 1.0000340011560394
step_size {
  nsec: 4000000
}

sim_time {
  sec: 16
  nsec: 768000000
}
real_time {
  sec: 18
  nsec: 810484336
}
iterations: 4192
real_time_factor: 0.99997150081222685
step_size {
  nsec: 4000000
}

sim_time {
  sec: 16
  nsec: 868000000
}
real_time {
  sec: 18
  nsec: 910485432
}
iterations: 4217
real_time_factor: 1.014958200215222
step_size {
  nsec: 4000000
}

sim_time {
  sec: 16
  nsec: 972000000
}
real_time {
  sec: 19
  nsec: 14484514
}
iterations: 4243
real_time_factor: 0.9997837967539519
step_size {
  nsec: 4000000
}

sim_time {
  sec: 17
  nsec: 72000000
}
real_time {
  sec: 19
  nsec: 114536189
}
iterations: 4268
real_time_factor: 0.98708254428422448
step_size {
  nsec: 4000000
}

sim_time {
  sec: 17
  nsec: 176000000
}
real_time {
  sec: 19
  nsec: 218483803
}
iterations: 4294
real_time_factor: 0.99995525200247293
step_size {
  nsec: 4000000
}

sim_time {
  sec: 17
  nsec: 280000000
}
real_time {
  sec: 19
  nsec: 322483787
}
iterations: 4320
real_time_factor: 0.99993225458975155
step_size {
  nsec: 4000000
}

sim_time {
  sec: 17
  nsec: 380000000
}
real_time {
  sec: 19
  nsec: 422484295
}
iterations: 4345
real_time_factor: 0.99999475002756233
step_size {
  nsec: 4000000
}

sim_time {
  sec: 17
  nsec: 480000000
}
real_time {
  sec: 19
  nsec: 522484528
}
iterations: 4370
real_time_factor: 1.0004461990047562
step_size {
  nsec: 4000000
}

sim_time {
  sec: 17
  nsec: 584000000
}
real_time {
  sec: 19
  nsec: 626483763
}
iterations: 4396
real_time_factor: 0.99990675869475176
step_size {
  nsec: 4000000
}

sim_time {
  sec: 17
  nsec: 688000000
}
real_time {
  sec: 19
  nsec: 730483573
}
iterations: 4422
real_time_factor: 0.99997625056404915
step_size {
  nsec: 4000000
}

sim_time {
  sec: 17
  nsec: 788000000
}
real_time {
  sec: 19
  nsec: 830483714
}
iterations: 4447
real_time_factor: 1.0000455020703443
step_size {
  nsec: 4000000
}

sim_time {
  sec: 17
  nsec: 888000000
}
real_time {
  sec: 19
  nsec: 930485467
}
iterations: 4472
real_time_factor: 0.999612899904512
step_size {
  nsec: 4000000
}

sim_time {
  sec: 17
  nsec: 992000000
}
real_time {
  sec: 20
  nsec: 34484123
}
iterations: 4498
real_time_factor: 1.0000987597525255
step_size {
  nsec: 4000000
}

sim_time {
  sec: 18
  nsec: 96000000
}
real_time {
  sec: 20
  nsec: 138483873
}
iterations: 4524
real_time_factor: 0.999952752232457
step_size {
  nsec: 4000000
}

sim_time {
  sec: 18
  nsec: 200000000
}
real_time {
  sec: 20
  nsec: 242483451
}
iterations: 4550
real_time_factor: 0.99999025009506159
step_size {
  nsec: 4000000
}

sim_time {
  sec: 18
  nsec: 300000000
}
real_time {
  sec: 20
  nsec: 342483858
}
iterations: 4575
real_time_factor: 0.99993925369033831
step_size {
  nsec: 4000000
}

sim_time {
  sec: 18
  nsec: 400000000
}
real_time {
  sec: 20
  nsec: 442486144
}
iterations: 4600
real_time_factor: 0.99985827009021466
step_size {
  nsec: 4000000
}

sim_time {
  sec: 18
  nsec: 504000000
}
real_time {
  sec: 20
  nsec: 546483434
}
iterations: 4626
real_time_factor: 1.0000847571831712
step_size {
  nsec: 4000000
}

sim_time {
  sec: 18
  nsec: 604000000
}
real_time {
  sec: 20
  nsec: 646484396
}
iterations: 4651
real_time_factor: 1.0002930858741612
step_size {
  nsec: 4000000
}

sim_time {
  sec: 18
  nsec: 708000000
}
real_time {
  sec: 20
  nsec: 750483508
}
iterations: 4677
real_time_factor: 1.0000895080109671
step_size {
  nsec: 4000000
}

sim_time {
  sec: 18
  nsec: 812000000
}
real_time {
  sec: 20
  nsec: 854484056
}
iterations: 4703
real_time_factor: 0.99988826248666707
step_size {
  nsec: 4000000
}

sim_time {
  sec: 18
  nsec: 912000000
}
real_time {
  sec: 20
  nsec: 954484184
}
iterations: 4728
real_time_factor: 1.0001060112371911
step_size {
  nsec: 4000000
}

sim_time {
  sec: 19
  nsec: 12000000
}
real_time {
  sec: 21
  nsec: 54484766
}
iterations: 4753
real_time_factor: 1.000041001681069
step_size {
  nsec: 4000000
}

sim_time {
  sec: 19
  nsec: 116000000
}
real_time {
  sec: 21
  nsec: 158483962
}
iterations: 4779
real_time_factor: 1.0000872576132267
step_size {
  nsec: 4000000
}

sim_time {
  sec: 19
  nsec: 220000000
}
real_time {
  sec: 21
  nsec: 262483602
}
iterations: 4805
real_time_factor: 0.99991850664170867
step_size {
  nsec: 4000000
}

sim_time {
  sec: 19
  nsec: 320000000
}
real_time {
  sec: 21
  nsec: 362483767
}
iterations: 4830
real_time_factor: 1.0002610681387842
step_size {
  nsec: 4000000
}

sim_time {
  sec: 19
  nsec: 424000000
}
real_time {
  sec: 21
  nsec: 466483350
}
iterations: 4856
real_time_factor: 0.99999475002756233
step_size {
  nsec: 4000000
}

sim_time {
  sec: 19
  nsec: 524000000
}
real_time {
  sec: 21
  nsec: 566483781
}
iterations: 4881
real_time_factor: 1.0001682783128261
step_size {
  nsec: 4000000
}

sim_time {
  sec: 19
  nsec: 624000000
}
real_time {
  sec: 21
  nsec: 666488592
}
iterations: 4906
real_time_factor: 0.998787721403147
step_size {
  nsec: 4000000
}

sim_time {
  sec: 19
  nsec: 724000000
}
real_time {
  sec: 21
  nsec: 766490134
}
iterations: 4931
real_time_factor: 0.99819924855560571
step_size {
  nsec: 4000000
}

sim_time {
  sec: 19
  nsec: 828000000
}
real_time {
  sec: 21
  nsec: 870485577
}
iterations: 4957
real_time_factor: 1.0003861490535346
step_size {
  nsec: 4000000
}

sim_time {
  sec: 19
  nsec: 932000000
}
real_time {
  sec: 21
  nsec: 974483725
}
iterations: 4983
real_time_factor: 1.0000107501155637
step_size {
  nsec: 4000000
}

sim_time {
  sec: 20
  nsec: 32000000
}
real_time {
  sec: 22
  nsec: 74483980
}
iterations: 5008
real_time_factor: 0.99999700000899994
step_size {
  nsec: 4000000
}

sim_time {
  sec: 20
  nsec: 136000000
}
real_time {
  sec: 22
  nsec: 178484146
}
iterations: 5034
real_time_factor: 0.99997400067598241
step_size {
  nsec: 4000000
}

sim_time {
  sec: 20
  nsec: 240000000
}
real_time {
  sec: 22
  nsec: 282484255
}
iterations: 5060
real_time_factor: 0.99990925823481525
step_size {
  nsec: 4000000
}

sim_time {
  sec: 20
  nsec: 344000000
}
real_time {
  sec: 22
  nsec: 386483596
}
iterations: 5086
real_time_factor: 1.0000917584188349
step_size {
  nsec: 4000000
}

sim_time {
  sec: 20
  nsec: 448000000
}
real_time {
  sec: 22
  nsec: 490483258
}
iterations: 5112
real_time_factor: 0.99998775015006069
step_size {
  nsec: 4000000
}

sim_time {
  sec: 20
  nsec: 548000000
}
real_time {
  sec: 22
  nsec: 590483382
}
iterations: 5137
real_time_factor: 0.99992525558714485
step_size {
  nsec: 4000000
}

sim_time {
  sec: 20
  nsec: 648000000
}
real_time {
  sec: 22
  nsec: 690484209
}
iterations: 5162
real_time_factor: 0.9999855002102469
step_size {
  nsec: 4000000
}

sim_time {
  sec: 20
  nsec: 752000000
}
real_time {
  sec: 22
  nsec: 794483752
}
iterations: 5188
real_time_factor: 0.99983952575611612
step_size {
  nsec: 4000000
}

sim_time {
  sec: 20
  nsec: 852000000
}
real_time {
  sec: 22
  nsec: 894483847
}
iterations: 5213
real_time_factor: 1.0014039683636458
step_size {
  nsec: 4000000
}

sim_time {
  sec: 20
  nsec: 956000000
}
real_time {
  sec: 22
  nsec: 998483750
}
iterations: 5239
real_time_factor: 1.0000247506125777
step_size {
  nsec: 4000000
}

sim_time {
  sec: 21
  nsec: 60000000
}
real_time {
  sec: 23
  nsec: 102483367
}
iterations: 5265
real_time_factor: 1.0000550030251665
step_size {
  nsec: 4000000
}

sim_time {
  sec: 21
  nsec: 164000000
}
real_time {
  sec: 23
  nsec: 206483280
}
iterations: 5291
real_time_factor: 1.0001497724284212
step_size {
  nsec: 4000000
}

sim_time {
  sec: 21
  nsec: 264000000
}
real_time {
  sec: 23
  nsec: 306483625
}
iterations: 5316
real_time_factor: 1.0000480023041105
step_size {
  nsec: 4000000
}

sim_time {
  sec: 21
  nsec: 364000000
}
real_time {
  sec: 23
  nsec: 406484062
}
iterations: 5341
real_time_factor: 0.99990450911937911
step_size {
  nsec: 4000000
}

sim_time {
  sec: 21
  nsec: 464000000
}
real_time {
  sec: 23
  nsec: 506485469
}
iterations: 5366
real_time_factor: 1.0000065000422502
step_size {
  nsec: 4000000
}

sim_time {
  sec: 21
  nsec: 568000000
}
real_time {
  sec: 23
  nsec: 610483787
}
iterations: 5392
real_time_factor: 1.0001150132265211
step_size {
  nsec: 4000000
}

sim_time {
  sec: 21
  nsec: 668000000
}
real_time {
  sec: 23
  nsec: 710483565
}
iterations: 5417
real_time_factor: 1.0003048429008741
step_size {
  nsec: 4000000
}

sim_time {
  sec: 21
  nsec: 768000000
}
real_time {
  sec: 23
  nsec: 810484751
}
iterations: 5442
real_time_factor: 0.999765305094629
step_size {
  nsec: 4000000
}

sim_time {
  sec: 21
  nsec: 868000000
}
real_time {
  sec: 23
  nsec: 910485918
}
iterations: 5467
real_time_factor: 0.99998275029755734
step_size {
  nsec: 4000000
}

sim_time {
  sec: 21
  nsec: 972000000
}
real_time {
  sec: 24
  nsec: 14484374
}
iterations: 5493
real_time_factor: 1.0000340011560394
step_size {
  nsec: 4000000
}

sim_time {
  sec: 22
  nsec: 76000000
}
real_time {
  sec: 24
  nsec: 118485812
}
iterations: 5519
real_time_factor: 0.99964987263211058
step_size {
  nsec: 4000000
}

sim_time {
  sec: 22
  nsec: 180000000
}
real_time {
  sec: 24
  nsec: 222483518
}
iterations: 5545
real_time_factor: 0.99988601299451862
step_size {
  nsec: 4000000
}

sim_time {
  sec: 22
  nsec: 280000000
}
real_time {
  sec: 24
  nsec: 322484704
}
iterations: 5570
real_time_factor: 0.99995750180617327
step_size {
  nsec: 4000000
}

sim_time {
  sec: 22
  nsec: 380000000
}
real_time {
  sec: 24
  nsec: 422484998
}
iterations: 5595
real_time_factor: 0.99980503801758658
step_size {
  nsec: 4000000
}

sim_time {
  sec: 22
  nsec: 484000000
}
real_time {
  sec: 24
  nsec: 526485202
}
iterations: 5621
real_time_factor: 0.99975181161276716
step_size {
  nsec: 4000000
}

sim_time {
  sec: 22
  nsec: 588000000
}
real_time {
  sec: 24
  nsec: 630483831
}
iterations: 5647
real_time_factor: 1.000085507310875
step_size {
  nsec: 4000000
}

sim_time {
  sec: 22
  nsec: 692000000
}
real_time {
  sec: 24
  nsec: 734483443
}
iterations: 5673
real_time_factor: 0.99990675869475176
step_size {
  nsec: 4000000
}

sim_time {
  sec: 22
  nsec: 792000000
}
real_time {
  sec: 24
  nsec: 834484126
}
iterations: 5698
real_time_factor: 1.0001175138078724
step_size {
  nsec: 4000000
}

sim_time {
  sec: 22
  nsec: 896000000
}
real_time {
  sec: 24
  nsec: 938485052
}
iterations: 5724
real_time_factor: 0.999636132447789
step_size {
  nsec: 4000000
}

sim_time {
  sec: 22
  nsec: 996000000
}
real_time {
  sec: 25
  nsec: 38485272
}
iterations: 5749
real_time_factor: 0.999531969155443
step_size {
  nsec: 4000000
}

sim_time {
  sec: 23
  nsec: 100000000
}
real_time {
  sec: 25
  nsec: 142483356
}
iterations: 5775
real_time_factor: 1.000038501482307
step_size {
  nsec: 4000000
}

sim_time {
  sec: 23
  nsec: 200000000
}
real_time {
  sec: 25
  nsec: 242483677
}
iterations: 5800
real_time_factor: 0.99999025009506159
step_size {
  nsec: 4000000
}

sim_time {
  sec: 23
  nsec: 300000000
}
real_time {
  sec: 25
  nsec: 342483360
}
iterations: 5825
real_time_factor: 1.0000710050413579
step_size {
  nsec: 4000000
}

sim_time {
  sec: 23
  nsec: 404000000
}
real_time {
  sec: 25
  nsec: 446491089
}
iterations: 5851
real_time_factor: 0.99801718934906081
step_size {
  nsec: 4000000
}

sim_time {
  sec: 23
  nsec: 508000000
}
real_time {
  sec: 25
  nsec: 550484781
}
iterations: 5877
real_time_factor: 1.0003003401771382
step_size {
  nsec: 4000000
}

sim_time {
  sec: 23
  nsec: 612000000
}
real_time {
  sec: 25
  nsec: 654489297
}
iterations: 5903
real_time_factor: 0.99865406398526391
step_size {
  nsec: 4000000
}

sim_time {
  sec: 23
  nsec: 716000000
}
real_time {
  sec: 25
  nsec: 758484461
}
iterations: 5929
real_time_factor: 0.99995325218546038
step_size {
  nsec: 4000000
}

sim_time {
  sec: 23
  nsec: 820000000
}
real_time {
  sec: 25
  nsec: 862483533
}
iterations: 5955
real_time_factor: 0.99990200960305886
step_size {
  nsec: 4000000
}

sim_time {
  sec: 23
  nsec: 924000000
}
real_time {
  sec: 25
  nsec: 966483725
}
iterations: 5981
real_time_factor: 1.0000225005062613
step_size {
  nsec: 4000000
}

sim_time {
  sec: 24
  nsec: 28000000
}
real_time {
  sec: 26
  nsec: 70483713
}
iterations: 6007
real_time_factor: 0.99992300592854355
step_size {
  nsec: 4000000
}

sim_time {
  sec: 24
  nsec: 132000000
}
real_time {
  sec: 26
  nsec: 174483469
}
iterations: 6033
real_time_factor: 1.0000690047613285
step_size {
  nsec: 4000000
}

sim_time {
  sec: 24
  nsec: 232000000
}
real_time {
  sec: 26
  nsec: 274484186
}
iterations: 6058
real_time_factor: 1.0000345011902911
step_size {
  nsec: 4000000
}

sim_time {
  sec: 24
  nsec: 332000000
}
real_time {
  sec: 26
  nsec: 374485061
}
iterations: 6083
real_time_factor: 0.99999025009506159
step_size {
  nsec: 4000000
}

sim_time {
  sec: 24
  nsec: 436000000
}
real_time {
  sec: 26
  nsec: 478483134
}
iterations: 6109
real_time_factor: 1.0001912865835592
step_size {
  nsec: 4000000
}

sim_time {
  sec: 24
  nsec: 540000000
}
real_time {
  sec: 26
  nsec: 582483593
}
iterations: 6135
real_time_factor: 0.9999855002102469
step_size {
  nsec: 4000000
}

sim_time {
  sec: 24
  nsec: 640000000
}
real_time {
  sec: 26
  nsec: 682483447
}
iterations: 6160
real_time_factor: 0.9999160070554074
step_size {
  nsec: 4000000
}

sim_time {
  sec: 24
  nsec: 740000000
}
real_time {
  sec: 26
  nsec: 782484652
}
iterations: 6185
real_time_factor: 0.99998325028055779
step_size {
  nsec: 4000000
}

sim_time {
  sec: 24
  nsec: 844000000
}
real_time {
  sec: 26
  nsec: 886485184
}
iterations: 6211
real_time_factor: 0.99964312740351691
step_size {
  nsec: 4000000
}

sim_time {
  sec: 24
  nsec: 948000000
}
real_time {
  sec: 26
  nsec: 990483642
}
iterations: 6237
real_time_factor: 1.0000435018923324
step_size {
  nsec: 4000000
}

sim_time {
  sec: 25
  nsec: 52000000
}
real_time {
  sec: 27
  nsec: 94483711
}
iterations: 6263
real_time_factor: 1.0000340011560394
step_size {
  nsec: 4000000
}

sim_time {
  sec: 25
  nsec: 152000000
}
real_time {
  sec: 27
  nsec: 194484500
}
iterations: 6288
real_time_factor: 0.99973332113658686
step_size {
  nsec: 4000000
}

sim_time {
  sec: 25
  nsec: 256000000
}
real_time {
  sec: 27
  nsec: 298483930
}
iterations: 6314
real_time_factor: 1.000004000016
step_size {
  nsec: 4000000
}

sim_time {
  sec: 25
  nsec: 356000000
}
real_time {
  sec: 27
  nsec: 398485569
}
iterations: 6339
real_time_factor: 0.99980053979231143
step_size {
  nsec: 4000000
}

sim_time {
  sec: 25
  nsec: 460000000
}
real_time {
  sec: 27
  nsec: 502483681
}
iterations: 6365
real_time_factor: 1.0000295008702758
step_size {
  nsec: 4000000
}

sim_time {
  sec: 25
  nsec: 564000000
}
real_time {
  sec: 27
  nsec: 606483591
}
iterations: 6391
real_time_factor: 0.99997850046224
step_size {
  nsec: 4000000
}

sim_time {
  sec: 25
  nsec: 664000000
}
real_time {
  sec: 27
  nsec: 706483673
}
iterations: 6416
real_time_factor: 1.0001152632840935
step_size {
  nsec: 4000000
}

sim_time {
  sec: 25
  nsec: 764000000
}
real_time {
  sec: 27
  nsec: 806483821
}
iterations: 6441
real_time_factor: 0.99997850046224
step_size {
  nsec: 4000000
}

sim_time {
  sec: 25
  nsec: 864000000
}
real_time {
  sec: 27
  nsec: 906485672
}
iterations: 6466
real_time_factor: 0.99974706399280977
step_size {
  nsec: 4000000
}

sim_time {
  sec: 25
  nsec: 968000000
}
real_time {
  sec: 28
  nsec: 10483904
}
iterations: 6492
real_time_factor: 0.99999050009024915
step_size {
  nsec: 4000000
}

sim_time {
  sec: 26
  nsec: 68000000
}
real_time {
  sec: 28
  nsec: 110484348
}
iterations: 6517
real_time_factor: 0.99982603027073291
step_size {
  nsec: 4000000
}

sim_time {
  sec: 26
  nsec: 172000000
}
real_time {
  sec: 28
  nsec: 214483869
}
iterations: 6543
real_time_factor: 0.99997375068904437
step_size {
  nsec: 4000000
}

sim_time {
  sec: 26
  nsec: 276000000
}
real_time {
  sec: 28
  nsec: 318483704
}
iterations: 6569
real_time_factor: 0.99996925094553346
step_size {
  nsec: 4000000
}

sim_time {
  sec: 26
  nsec: 380000000
}
real_time {
  sec: 28
  nsec: 422483592
}
iterations: 6595
real_time_factor: 1.0000780060844745
step_size {
  nsec: 4000000
}

sim_time {
  sec: 26
  nsec: 484000000
}
real_time {
  sec: 28
  nsec: 526483164
}
iterations: 6621
real_time_factor: 1.0000505025503788
step_size {
  nsec: 4000000
}

sim_time {
  sec: 26
  nsec: 584000000
}
real_time {
  sec: 28
  nsec: 626483540
}
iterations: 6646
real_time_factor: 0.99995125237644666
step_size {
  nsec: 4000000
}

sim_time {
  sec: 26
  nsec: 684000000
}
real_time {
  sec: 28
  nsec: 726483880
}
iterations: 6671
real_time_factor: 0.99996950093022163
step_size {
  nsec: 4000000
}

sim_time {
  sec: 26
  nsec: 784000000
}
real_time {
  sec: 28
  nsec: 826484553
}
iterations: 6696
real_time_factor: 0.99977030277293788
step_size {
  nsec: 4000000
}

sim_time {
  sec: 26
  nsec: 884000000
}
real_time {
  sec: 28
  nsec: 926486791
}
iterations: 6721
real_time_factor: 1.0008216745948424
step_size {
  nsec: 4000000
}

sim_time {
  sec: 26
  nsec: 988000000
}
real_time {
  sec: 29
  nsec: 30484679
}
iterations: 6747
real_time_factor: 1.000205292136211
step_size {
  nsec: 4000000
}

sim_time {
  sec: 27
  nsec: 92000000
}
real_time {
  sec: 29
  nsec: 134483826
}
iterations: 6773
real_time_factor: 1.000041001681069
step_size {
  nsec: 4000000
}

sim_time {
  sec: 27
  nsec: 196000000
}
real_time {
  sec: 29
  nsec: 238483630
}
iterations: 6799
real_time_factor: 0.999960001599936
step_size {
  nsec: 4000000
}

sim_time {
  sec: 27
  nsec: 296000000
}
real_time {
  sec: 29
  nsec: 338484025
}
iterations: 6824
real_time_factor: 1.000017750315068
step_size {
  nsec: 4000000
}

sim_time {
  sec: 27
  nsec: 400000000
}
real_time {
  sec: 29
  nsec: 442485178
}
iterations: 6850
real_time_factor: 0.99952297765891229
step_size {
  nsec: 4000000
}

sim_time {
  sec: 27
  nsec: 504000000
}
real_time {
  sec: 29
  nsec: 546483434
}
iterations: 6876
real_time_factor: 1.0003351122626081
step_size {
  nsec: 4000000
}

sim_time {
  sec: 27
  nsec: 604000000
}
real_time {
  sec: 29
  nsec: 646484548
}
iterations: 6901
real_time_factor: 0.999839775675948
step_size {
  nsec: 4000000
}

sim_time {
  sec: 27
  nsec: 704000000
}
real_time {
  sec: 29
  nsec: 746485792
}
iterations: 6926
real_time_factor: 0.9998932613943462
step_size {
  nsec: 4000000
}

sim_time {
  sec: 27
  nsec: 804000000
}
real_time {
  sec: 29
  nsec: 846487323
}
iterations: 6951
real_time_factor: 0.99904241784249792
step_size {
  nsec: 4000000
}

sim_time {
  sec: 27
  nsec: 908000000
}
real_time {
  sec: 29
  nsec: 950485043
}
iterations: 6977
real_time_factor: 0.99976555497735786
step_size {
  nsec: 4000000
}

sim_time {
  sec: 28
  nsec: 8000000
}
real_time {
  sec: 30
  nsec: 50485713
}
iterations: 7002
real_time_factor: 0.99969859087485125
step_size {
  nsec: 4000000
}

sim_time {
  sec: 28
  nsec: 112000000
}
real_time {
  sec: 30
  nsec: 154483625
}
iterations: 7028
real_time_factor: 1.0004371910524898
step_size {
  nsec: 4000000
}

sim_time {
  sec: 28
  nsec: 212000000
}
real_time {
  sec: 30
  nsec: 254484092
}
iterations: 7053
real_time_factor: 1.0006223871247917
step_size {
  nsec: 4000000
}

sim_time {
  sec: 28
  nsec: 316000000
}
real_time {
  sec: 30
  nsec: 358483846
}
iterations: 7079
real_time_factor: 1.0000252506375786
step_size {
  nsec: 4000000
}

sim_time {
  sec: 28
  nsec: 420000000
}
real_time {
  sec: 30
  nsec: 462483590
}
iterations: 7105
real_time_factor: 1.0000180003240058
step_size {
  nsec: 4000000
}

sim_time {
  sec: 28
  nsec: 520000000
}
real_time {
  sec: 30
  nsec: 562484304
}
iterations: 7130
real_time_factor: 1.0000527527827092
step_size {
  nsec: 4000000
}

sim_time {
  sec: 28
  nsec: 624000000
}
real_time {
  sec: 30
  nsec: 666484788
}
iterations: 7156
real_time_factor: 0.999636132447789
step_size {
  nsec: 4000000
}

sim_time {
  sec: 28
  nsec: 728000000
}
real_time {
  sec: 30
  nsec: 770658190
}
iterations: 7182
real_time_factor: 0.95839350247541066
step_size {
  nsec: 4000000
}

sim_time {
  sec: 28
  nsec: 832000000
}
real_time {
  sec: 30
  nsec: 874484071
}
iterations: 7208
real_time_factor: 1.0002035414206791
step_size {
  nsec: 4000000
}

sim_time {
  sec: 28
  nsec: 936000000
}
real_time {
  sec: 30
  nsec: 978484056
}
iterations: 7234
real_time_factor: 0.99991850664170867
step_size {
  nsec: 4000000
}

sim_time {
  sec: 29
  nsec: 36000000
}
real_time {
  sec: 31
  nsec: 78484493
}
iterations: 7259
real_time_factor: 0.9999855002102469
step_size {
  nsec: 4000000
}

sim_time {
  sec: 29
  nsec: 136000000
}
real_time {
  sec: 31
  nsec: 178484549
}
iterations: 7284
real_time_factor: 1.0001222649468897
step_size {
  nsec: 4000000
}

sim_time {
  sec: 29
  nsec: 236000000
}
real_time {
  sec: 31
  nsec: 278485512
}
iterations: 7309
real_time_factor: 0.99977305151730556
step_size {
  nsec: 4000000
}

sim_time {
  sec: 29
  nsec: 340000000
}
real_time {
  sec: 31
  nsec: 382483700
}
iterations: 7335
real_time_factor: 0.99997850046224
step_size {
  nsec: 4000000
}

sim_time {
  sec: 29
  nsec: 444000000
}
real_time {
  sec: 31
  nsec: 486483663
}
iterations: 7361
real_time_factor: 1.0000967593614682
step_size {
  nsec: 4000000
}

sim_time {
  sec: 29
  nsec: 548000000
}
real_time {
  sec: 31
  nsec: 590483296
}
iterations: 7387
real_time_factor: 0.99996950093022163
step_size {
  nsec: 4000000
}

sim_time {
  sec: 29
  nsec: 648000000
}
real_time {
  sec: 31
  nsec: 690484157
}
iterations: 7412
real_time_factor: 0.99990725860176466
step_size {
  nsec: 4000000
}

sim_time {
  sec: 29
  nsec: 748000000
}
real_time {
  sec: 31
  nsec: 790484165
}
iterations: 7437
real_time_factor: 0.99991625701347508
step_size {
  nsec: 4000000
}

sim_time {
  sec: 29
  nsec: 852000000
}
real_time {
  sec: 31
  nsec: 894484730
}
iterations: 7463
real_time_factor: 0.99983277796788483
step_size {
  nsec: 4000000
}

sim_time {
  sec: 29
  nsec: 952000000
}
real_time {
  sec: 31
  nsec: 994485479
}
iterations: 7488
real_time_factor: 0.99992750525586893
step_size {
  nsec: 4000000
}

sim_time {
  sec: 30
  nsec: 56000000
}
real_time {
  sec: 32
  nsec: 98483553
}
iterations: 7514
real_time_factor: 1.0001127627139961
step_size {
  nsec: 4000000
}

sim_time {
  sec: 30
  nsec: 160000000
}
real_time {
  sec: 32
  nsec: 202483692
}
iterations: 7540
real_time_factor: 0.99993925369033831
step_size {
  nsec: 4000000
}

sim_time {
  sec: 30
  nsec: 260000000
}
real_time {
  sec: 32
  nsec: 302483867
}
iterations: 7565
real_time_factor: 1.0000642541283278
step_size {
  nsec: 4000000
}

sim_time {
  sec: 30
  nsec: 360000000
}
real_time {
  sec: 32
  nsec: 402484252
}
iterations: 7590
real_time_factor: 0.99994625288890726
step_size {
  nsec: 4000000
}

sim_time {
  sec: 30
  nsec: 464000000
}
real_time {
  sec: 32
  nsec: 506484583
}
iterations: 7616
real_time_factor: 0.9997288235566103
step_size {
  nsec: 4000000
}

sim_time {
  sec: 30
  nsec: 568000000
}
real_time {
  sec: 32
  nsec: 610484562
}
iterations: 7642
real_time_factor: 0.99967110820540039
step_size {
  nsec: 4000000
}

sim_time {
  sec: 30
  nsec: 672000000
}
real_time {
  sec: 32
  nsec: 714483985
}
iterations: 7668
real_time_factor: 0.999921006240507
step_size {
  nsec: 4000000
}

sim_time {
  sec: 30
  nsec: 772000000
}
real_time {
  sec: 32
  nsec: 814484167
}
iterations: 7693
real_time_factor: 1.0000620038442383
step_size {
  nsec: 4000000
}

sim_time {
  sec: 30
  nsec: 876000000
}
real_time {
  sec: 32
  nsec: 918484664
}
iterations: 7719
real_time_factor: 0.99991175778737529
step_size {
  nsec: 4000000
}

sim_time {
  sec: 30
  nsec: 980000000
}
real_time {
  sec: 33
  nsec: 22484199
}
iterations: 7745
real_time_factor: 0.99996025157999968
step_size {
  nsec: 4000000
}

sim_time {
  sec: 31
  nsec: 84000000
}
real_time {
  sec: 33
  nsec: 126483706
}
iterations: 7771
real_time_factor: 0.99996725107252737
step_size {
  nsec: 4000000
}

sim_time {
  sec: 31
  nsec: 184000000
}
real_time {
  sec: 33
  nsec: 226484026
}
iterations: 7796
real_time_factor: 1.0000065000422502
step_size {
  nsec: 4000000
}

sim_time {
  sec: 31
  nsec: 284000000
}
real_time {
  sec: 33
  nsec: 326484244
}
iterations: 7821
real_time_factor: 0.999895510919109
step_size {
  nsec: 4000000
}

sim_time {
  sec: 31
  nsec: 388000000
}
real_time {
  sec: 33
  nsec: 430483703
}
iterations: 7847
real_time_factor: 0.9999717507980399
step_size {
  nsec: 4000000
}

sim_time {
  sec: 31
  nsec: 492000000
}
real_time {
  sec: 33
  nsec: 534483392
}
iterations: 7873
real_time_factor: 1.0000087500765631
step_size {
  nsec: 4000000
}

sim_time {
  sec: 31
  nsec: 592000000
}
real_time {
  sec: 33
  nsec: 634483412
}
iterations: 7898
real_time_factor: 1.0000367513506121
step_size {
  nsec: 4000000
}

sim_time {
  sec: 31
  nsec: 696000000
}
real_time {
  sec: 33
  nsec: 738483270
}
iterations: 7924
real_time_factor: 0.99998775015006069
step_size {
  nsec: 4000000
}

sim_time {
  sec: 31
  nsec: 796000000
}
real_time {
  sec: 33
  nsec: 838484744
}
iterations: 7949
real_time_factor: 0.9999302548647232
step_size {
  nsec: 4000000
}

sim_time {
  sec: 31
  nsec: 900000000
}
real_time {
  sec: 33
  nsec: 942484387
}
iterations: 7975
real_time_factor: 0.99993250455594251
step_size {
  nsec: 4000000
}

sim_time {
  sec: 32
  nsec: 4000000
}
real_time {
  sec: 34
  nsec: 46483354
}
iterations: 8001
real_time_factor: 1.0000230005290123
step_size {
  nsec: 4000000
}

sim_time {
  sec: 32
  nsec: 104000000
}
real_time {
  sec: 34
  nsec: 146483728
}
iterations: 8026
real_time_factor: 0.999930004899657
step_size {
  nsec: 4000000
}

sim_time {
  sec: 32
  nsec: 208000000
}
real_time {
  sec: 34
  nsec: 250483408
}
iterations: 8052
real_time_factor: 1.00006675445586
step_size {
  nsec: 4000000
}

sim_time {
  sec: 32
  nsec: 308000000
}
real_time {
  sec: 34
  nsec: 350483530
}
iterations: 8077
real_time_factor: 0.99996275138751078
step_size {
  nsec: 4000000
}

sim_time {
  sec: 32
  nsec: 412000000
}
real_time {
  sec: 34
  nsec: 454483300
}
iterations: 8103
real_time_factor: 1.0000785061627337
step_size {
  nsec: 4000000
}

sim_time {
  sec: 32
  nsec: 512000000
}
real_time {
  sec: 34
  nsec: 554488504
}
iterations: 8128
real_time_factor: 0.99887576532612543
step_size {
  nsec: 4000000
}

sim_time {
  sec: 32
  nsec: 616000000
}
real_time {
  sec: 34
  nsec: 658484071
}
iterations: 8154
real_time_factor: 1.0000645041605183
step_size {
  nsec: 4000000
}

sim_time {
  sec: 32
  nsec: 720000000
}
real_time {
  sec: 34
  nsec: 762486628
}
iterations: 8180
real_time_factor: 0.99923633363202169
step_size {
  nsec: 4000000
}

sim_time {
  sec: 32
  nsec: 824000000
}
real_time {
  sec: 34
  nsec: 866486518
}
iterations: 8206
real_time_factor: 0.99948151896203841
step_size {
  nsec: 4000000
}

sim_time {
  sec: 32
  nsec: 928000000
}
real_time {
  sec: 34
  nsec: 970485353
}
iterations: 8232
real_time_factor: 0.9996223926411798
step_size {
  nsec: 4000000
}

sim_time {
  sec: 33
  nsec: 28000000
}
real_time {
  sec: 35
  nsec: 70485039
}
iterations: 8257
real_time_factor: 0.99976580486021149
step_size {
  nsec: 4000000
}

sim_time {
  sec: 33
  nsec: 132000000
}
real_time {
  sec: 35
  nsec: 174484031
}
iterations: 8283
real_time_factor: 0.9998932613943462
step_size {
  nsec: 4000000
}

sim_time {
  sec: 33
  nsec: 236000000
}
real_time {
  sec: 35
  nsec: 278483580
}
iterations: 8309
real_time_factor: 0.9999855002102469
step_size {
  nsec: 4000000
}

sim_time {
  sec: 33
  nsec: 340000000
}
real_time {
  sec: 35
  nsec: 382483144
}
iterations: 8335
real_time_factor: 1.0000552530527311
step_size {
  nsec: 4000000
}

sim_time {
  sec: 33
  nsec: 440000000
}
real_time {
  sec: 35
  nsec: 482483327
}
iterations: 8360
real_time_factor: 1.000110762266921
step_size {
  nsec: 4000000
}

sim_time {
  sec: 33
  nsec: 540000000
}
real_time {
  sec: 35
  nsec: 582484399
}
iterations: 8385
real_time_factor: 0.99982827949299713
step_size {
  nsec: 4000000
}

sim_time {
  sec: 33
  nsec: 644000000
}
real_time {
  sec: 35
  nsec: 686483954
}
iterations: 8411
real_time_factor: 1.0000597535702758
step_size {
  nsec: 4000000
}

sim_time {
  sec: 33
  nsec: 744000000
}
real_time {
  sec: 35
  nsec: 786484192
}
iterations: 8436
real_time_factor: 1.000002000004
step_size {
  nsec: 4000000
}

sim_time {
  sec: 33
  nsec: 848000000
}
real_time {
  sec: 35
  nsec: 890483506
}
iterations: 8462
real_time_factor: 1.0000737554394636
step_size {
  nsec: 4000000
}

sim_time {
  sec: 33
  nsec: 948000000
}
real_time {
  sec: 35
  nsec: 990483763
}
iterations: 8487
real_time_factor: 0.99991625701347508
step_size {
  nsec: 4000000
}

sim_time {
  sec: 34
  nsec: 48000000
}
real_time {
  sec: 36
  nsec: 90484159
}
iterations: 8512
real_time_factor: 0.99982603027073291
step_size {
  nsec: 4000000
}

sim_time {
  sec: 34
  nsec: 152000000
}
real_time {
  sec: 36
  nsec: 194483333
}
iterations: 8538
real_time_factor: 1.0000715051126154
step_size {
  nsec: 4000000
}

sim_time {
  sec: 34
  nsec: 252000000
}
real_time {
  sec: 36
  nsec: 294484609
}
iterations: 8563
real_time_factor: 0.99981203533735663
step_size {
  nsec: 4000000
}

sim_time {
  sec: 34
  nsec: 356000000
}
real_time {
  sec: 36
  nsec: 398483616
}
iterations: 8589
real_time_factor: 0.99992775521968535
step_size {
  nsec: 4000000
}

sim_time {
  sec: 34
  nsec: 460000000
}
real_time {
  sec: 36
  nsec: 502483603
}
iterations: 8615
real_time_factor: 0.99998325028055779
step_size {
  nsec: 4000000
}

sim_time {
  sec: 34
  nsec: 560000000
}
real_time {
  sec: 36
  nsec: 602484450
}
iterations: 8640
real_time_factor: 0.99975456025545728
step_size {
  nsec: 4000000
}

sim_time {
  sec: 34
  nsec: 664000000
}
real_time {
  sec: 36
  nsec: 706483132
}
iterations: 8666
real_time_factor: 0.99999975000006247
step_size {
  nsec: 4000000
}

sim_time {
  sec: 34
  nsec: 764000000
}
real_time {
  sec: 36
  nsec: 806483712
}
iterations: 8691
real_time_factor: 1.0004674684246213
step_size {
  nsec: 4000000
}

sim_time {
  sec: 34
  nsec: 864000000
}
real_time {
  sec: 36
  nsec: 906486247
}
iterations: 8716
real_time_factor: 0.999543958069131
step_size {
  nsec: 4000000
}

sim_time {
  sec: 34
  nsec: 968000000
}
real_time {
  sec: 37
  nsec: 10483475
}
iterations: 8742
real_time_factor: 1.0001455211733308
step_size {
  nsec: 4000000
}

sim_time {
  sec: 35
  nsec: 68000000
}
real_time {
  sec: 37
  nsec: 110483499
}
iterations: 8767
real_time_factor: 1.0002125451658477
step_size {
  nsec: 4000000
}

sim_time {
  sec: 35
  nsec: 168000000
}
real_time {
  sec: 37
  nsec: 210486179
}
iterations: 8792
real_time_factor: 0.99994400313582443
step_size {
  nsec: 4000000
}

sim_time {
  sec: 35
  nsec: 272000000
}
real_time {
  sec: 37
  nsec: 314484009
}
iterations: 8818
real_time_factor: 1.0000482523281748
step_size {
  nsec: 4000000
}

sim_time {
  sec: 35
  nsec: 376000000
}
real_time {
  sec: 37
  nsec: 418483318
}
iterations: 8844
real_time_factor: 1.0001037607651795
step_size {
  nsec: 4000000
}

sim_time {
  sec: 35
  nsec: 476000000
}
real_time {
  sec: 37
  nsec: 518483487
}
iterations: 8869
real_time_factor: 0.9999047590716984
step_size {
  nsec: 4000000
}

sim_time {
  sec: 35
  nsec: 580000000
}
real_time {
  sec: 37
  nsec: 622483665
}
iterations: 8895
real_time_factor: 1.0000182503330686
step_size {
  nsec: 4000000
}

sim_time {
  sec: 35
  nsec: 680000000
}
real_time {
  sec: 37
  nsec: 722484649
}
iterations: 8920
real_time_factor: 0.9999047590716984
step_size {
  nsec: 4000000
}

sim_time {
  sec: 35
  nsec: 784000000
}
real_time {
  sec: 37
  nsec: 826483338
}
iterations: 8946
real_time_factor: 1.0000527527827092
step_size {
  nsec: 4000000
}

sim_time {
  sec: 35
  nsec: 884000000
}
real_time {
  sec: 37
  nsec: 926485581
}
iterations: 8971
real_time_factor: 1.0006178815418521
step_size {
  nsec: 4000000
}

sim_time {
  sec: 35
  nsec: 988000000
}
real_time {
  sec: 38
  nsec: 30485806
}
iterations: 8997
real_time_factor: 0.99943731679064685
step_size {
  nsec: 4000000
}

sim_time {
  sec: 36
  nsec: 88000000
}
real_time {
  sec: 38
  nsec: 130489882
}
iterations: 9022
real_time_factor: 0.99849252590900883
step_size {
  nsec: 4000000
}

sim_time {
  sec: 36
  nsec: 192000000
}
real_time {
  sec: 38
  nsec: 234483810
}
iterations: 9048
real_time_factor: 1.0001477718332883
step_size {
  nsec: 4000000
}

sim_time {
  sec: 36
  nsec: 296000000
}
real_time {
  sec: 38
  nsec: 338483572
}
iterations: 9074
real_time_factor: 1.0001040108171251
step_size {
  nsec: 4000000
}

sim_time {
  sec: 36
  nsec: 396000000
}
real_time {
  sec: 38
  nsec: 438488017
}
iterations: 9099
real_time_factor: 0.99887576532612543
step_size {
  nsec: 4000000
}

sim_time {
  sec: 36
  nsec: 500000000
}
real_time {
  sec: 38
  nsec: 542483443
}
iterations: 9125
real_time_factor: 1.0000067500455627
step_size {
  nsec: 4000000
}

sim_time {
  sec: 36
  nsec: 600000000
}
real_time {
  sec: 38
  nsec: 642483915
}
iterations: 9150
real_time_factor: 0.99991150783155691
step_size {
  nsec: 4000000
}

sim_time {
  sec: 36
  nsec: 700000000
}
real_time {
  sec: 38
  nsec: 743446197
}
iterations: 9175
real_time_factor: 0.806038355738177
step_size {
  nsec: 4000000
}

sim_time {
  sec: 36
  nsec: 804000000
}
real_time {
  sec: 38
  nsec: 846483739
}
iterations: 9201
real_time_factor: 0.99999050009024915
step_size {
  nsec: 4000000
}

sim_time {
  sec: 36
  nsec: 908000000
}
real_time {
  sec: 38
  nsec: 950483804
}
iterations: 9227
real_time_factor: 0.99993275452225838
step_size {
  nsec: 4000000
}

sim_time {
  sec: 37
  nsec: 8000000
}
real_time {
  sec: 39
  nsec: 50483175
}
iterations: 9252
real_time_factor: 1.0001615260864629
step_size {
  nsec: 4000000
}

sim_time {
  sec: 37
  nsec: 108000000
}
real_time {
  sec: 39
  nsec: 150484313
}
iterations: 9277
real_time_factor: 1.0002102942143585
step_size {
  nsec: 4000000
}

sim_time {
  sec: 37
  nsec: 212000000
}
real_time {
  sec: 39
  nsec: 254483563
}
iterations: 9303
real_time_factor: 1.00005750330644
step_size {
  nsec: 4000000
}

sim_time {
  sec: 37
  nsec: 316000000
}
real_time {
  sec: 39
  nsec: 358483507
}
iterations: 9329
real_time_factor: 0.99996275138751078
step_size {
  nsec: 4000000
}

sim_time {
  sec: 37
  nsec: 420000000
}
real_time {
  sec: 39
  nsec: 462483885
}
iterations: 9355
real_time_factor: 0.99989776045399359
step_size {
  nsec: 4000000
}

sim_time {
  sec: 37
  nsec: 524000000
}
real_time {
  sec: 39
  nsec: 566483521
}
iterations: 9381
real_time_factor: 1
step_size {
  nsec: 4000000
}

sim_time {
  sec: 37
  nsec: 624000000
}
real_time {
  sec: 39
  nsec: 666483824
}
iterations: 9406
real_time_factor: 0.99987701512713933
step_size {
  nsec: 4000000
}

sim_time {
  sec: 37
  nsec: 724000000
}
real_time {
  sec: 39
  nsec: 766485432
}
iterations: 9431
real_time_factor: 0.99980528792017753
step_size {
  nsec: 4000000
}

sim_time {
  sec: 37
  nsec: 824000000
}
real_time {
  sec: 39
  nsec: 866490763
}
iterations: 9456
real_time_factor: 0.99817658093078465
step_size {
  nsec: 4000000
}

sim_time {
  sec: 37
  nsec: 928000000
}
real_time {
  sec: 39
  nsec: 970483232
}
iterations: 9482
real_time_factor: 1.0000067500455627
step_size {
  nsec: 4000000
}

sim_time {
  sec: 38
  nsec: 28000000
}
real_time {
  sec: 40
  nsec: 70484165
}
iterations: 9507
real_time_factor: 1.0001987895094151
step_size {
  nsec: 4000000
}

sim_time {
  sec: 38
  nsec: 132000000
}
real_time {
  sec: 40
  nsec: 174483533
}
iterations: 9533
real_time_factor: 1.000106261290262
step_size {
  nsec: 4000000
}

sim_time {
  sec: 38
  nsec: 236000000
}
real_time {
  sec: 40
  nsec: 278483939
}
iterations: 9559
real_time_factor: 0.99998100036099313
step_size {
  nsec: 4000000
}

sim_time {
  sec: 38
  nsec: 340000000
}
real_time {
  sec: 40
  nsec: 382483547
}
iterations: 9585
real_time_factor: 1.0000017500030625
step_size {
  nsec: 4000000
}

sim_time {
  sec: 38
  nsec: 444000000
}
real_time {
  sec: 40
  nsec: 486483458
}
iterations: 9611
real_time_factor: 0.99989801040293891
step_size {
  nsec: 4000000
}

sim_time {
  sec: 38
  nsec: 544000000
}
real_time {
  sec: 40
  nsec: 586483925
}
iterations: 9636
real_time_factor: 0.99993950366002859
step_size {
  nsec: 4000000
}

sim_time {
  sec: 38
  nsec: 648000000
}
real_time {
  sec: 40
  nsec: 690483282
}
iterations: 9662
real_time_factor: 0.99995575195797581
step_size {
  nsec: 4000000
}

sim_time {
  sec: 38
  nsec: 748000000
}
real_time {
  sec: 40
  nsec: 790484184
}
iterations: 9687
real_time_factor: 0.99990225955412859
step_size {
  nsec: 4000000
}

sim_time {
  sec: 38
  nsec: 848000000
}
real_time {
  sec: 40
  nsec: 890484900
}
iterations: 9712
real_time_factor: 0.99960415675392544
step_size {
  nsec: 4000000
}

sim_time {
  sec: 38
  nsec: 952000000
}
real_time {
  sec: 40
  nsec: 994483516
}
iterations: 9738
real_time_factor: 1.0000300009000269
step_size {
  nsec: 4000000
}

sim_time {
  sec: 39
  nsec: 56000000
}
real_time {
  sec: 41
  nsec: 98483308
}
iterations: 9764
real_time_factor: 1.0000370013690507
step_size {
  nsec: 4000000
}

sim_time {
  sec: 39
  nsec: 156000000
}
real_time {
  sec: 41
  nsec: 198491358
}
iterations: 9789
real_time_factor: 0.99818355547492454
step_size {
  nsec: 4000000
}

sim_time {
  sec: 39
  nsec: 260000000
}
real_time {
  sec: 41
  nsec: 302506076
}
iterations: 9815
real_time_factor: 0.994960277454623
step_size {
  nsec: 4000000
}

sim_time {
  sec: 39
  nsec: 364000000
}
real_time {
  sec: 41
  nsec: 406487356
}
iterations: 9841
real_time_factor: 0.999002995010979
step_size {
  nsec: 4000000
}

sim_time {
  sec: 39
  nsec: 468000000
}
real_time {
  sec: 41
  nsec: 510484321
}
iterations: 9867
real_time_factor: 0.99996275138751078
step_size {
  nsec: 4000000
}

sim_time {
  sec: 39
  nsec: 572000000
}
real_time {
  sec: 41
  nsec: 614484156
}
iterations: 9893
real_time_factor: 0.99997450065023341
step_size {
  nsec: 4000000
}

sim_time {
  sec: 39
  nsec: 672000000
}
real_time {
  sec: 41
  nsec: 714486602
}
iterations: 9918
real_time_factor: 0.99944231119035576
step_size {
  nsec: 4000000
}

sim_time {
  sec: 39
  nsec: 772000000
}
real_time {
  sec: 41
  nsec: 814486187
}
iterations: 9943
real_time_factor: 0.99929424843704129
step_size {
  nsec: 4000000
}

sim_time {
  sec: 39
  nsec: 876000000
}
real_time {
  sec: 41
  nsec: 918483412
}
iterations: 9969
real_time_factor: 1.0000415017223214
step_size {
  nsec: 4000000
}

sim_time {
  sec: 39
  nsec: 976000000
}
real_time {
  sec: 42
  nsec: 18483825
}
iterations: 9994
real_time_factor: 0.99998825013806092
step_size {
  nsec: 4000000
}

sim_time {
  sec: 40
  nsec: 80000000
}
real_time {
  sec: 42
  nsec: 122483642
}
iterations: 10020
real_time_factor: 0.99995575195797581
step_size {
  nsec: 4000000
}

sim_time {
  sec: 40
  nsec: 180000000
}
real_time {
  sec: 42
  nsec: 222484597
}
iterations: 10045
real_time_factor: 0.9999165069716679
step_size {
  nsec: 4000000
}

sim_time {
  sec: 40
  nsec: 284000000
}
real_time {
  sec: 42
  nsec: 326484210
}
iterations: 10071
real_time_factor: 0.99994425310788926
step_size {
  nsec: 4000000
}

sim_time {
  sec: 40
  nsec: 388000000
}
real_time {
  sec: 42
  nsec: 430483330
}
iterations: 10097
real_time_factor: 1.0000625039064941
step_size {
  nsec: 4000000
}

sim_time {
  sec: 40
  nsec: 488000000
}
real_time {
  sec: 42
  nsec: 530485338
}
iterations: 10122
real_time_factor: 1.000053002809149
step_size {
  nsec: 4000000
}

sim_time {
  sec: 40
  nsec: 592000000
}
real_time {
  sec: 42
  nsec: 634484004
}
iterations: 10148
real_time_factor: 0.99993750390600589
step_size {
  nsec: 4000000
}

sim_time {
  sec: 40
  nsec: 696000000
}
real_time {
  sec: 42
  nsec: 738483125
}
iterations: 10174
real_time_factor: 1.0000435018923324
step_size {
  nsec: 4000000
}

sim_time {
  sec: 40
  nsec: 796000000
}
real_time {
  sec: 42
  nsec: 838483660
}
iterations: 10199
real_time_factor: 0.99993975362984377
step_size {
  nsec: 4000000
}

sim_time {
  sec: 40
  nsec: 896000000
}
real_time {
  sec: 42
  nsec: 938489465
}
iterations: 10224
real_time_factor: 0.9991761792402164
step_size {
  nsec: 4000000
}

sim_time {
  sec: 41
}
real_time {
  sec: 43
  nsec: 42483538
}
iterations: 10250
real_time_factor: 1.0004399434651388
step_size {
  nsec: 4000000
}

sim_time {
  sec: 41
  nsec: 100000000
}
real_time {
  sec: 43
  nsec: 142488278
}
iterations: 10275
real_time_factor: 1.000141269954381
step_size {
  nsec: 4000000
}

sim_time {
  sec: 41
  nsec: 204000000
}
real_time {
  sec: 43
  nsec: 246483620
}
iterations: 10301
real_time_factor: 0.99986551808781721
step_size {
  nsec: 4000000
}

sim_time {
  sec: 41
  nsec: 304000000
}
real_time {
  sec: 43
  nsec: 346483840
}
iterations: 10326
real_time_factor: 0.99992600547559485
step_size {
  nsec: 4000000
}

sim_time {
  sec: 41
  nsec: 404000000
}
real_time {
  sec: 43
  nsec: 446486790
}
iterations: 10351
real_time_factor: 1.000813160693063
step_size {
  nsec: 4000000
}

sim_time {
  sec: 41
  nsec: 508000000
}
real_time {
  sec: 43
  nsec: 550483287
}
iterations: 10377
real_time_factor: 1.0000162502640668
step_size {
  nsec: 4000000
}

sim_time {
  sec: 41
  nsec: 608000000
}
real_time {
  sec: 43
  nsec: 650483700
}
iterations: 10402
real_time_factor: 0.99997450065023341
step_size {
  nsec: 4000000
}

sim_time {
  sec: 41
  nsec: 708000000
}
real_time {
  sec: 43
  nsec: 750483975
}
iterations: 10427
real_time_factor: 0.99995825174298969
step_size {
  nsec: 4000000
}

sim_time {
  sec: 41
  nsec: 812000000
}
real_time {
  sec: 43
  nsec: 854483499
}
iterations: 10453
real_time_factor: 0.99991900656046862
step_size {
  nsec: 4000000
}

sim_time {
  sec: 41
  nsec: 916000000
}
real_time {
  sec: 43
  nsec: 958484209
}
iterations: 10479
real_time_factor: 0.99977555038893773
step_size {
  nsec: 4000000
}

sim_time {
  sec: 42
  nsec: 16000000
}
real_time {
  sec: 44
  nsec: 58491011
}
iterations: 10504
real_time_factor: 0.99921361888193994
step_size {
  nsec: 4000000
}

sim_time {
  sec: 42
  nsec: 120000000
}
real_time {
  sec: 44
  nsec: 162484554
}
iterations: 10530
real_time_factor: 0.99989801040293891
step_size {
  nsec: 4000000
}

sim_time {
  sec: 42
  nsec: 224000000
}
real_time {
  sec: 44
  nsec: 266484070
}
iterations: 10556
real_time_factor: 0.999921006240507
step_size {
  nsec: 4000000
}

sim_time {
  sec: 42
  nsec: 324000000
}
real_time {
  sec: 44
  nsec: 366484556
}
iterations: 10581
real_time_factor: 0.99981703348287265
step_size {
  nsec: 4000000
}

sim_time {
  sec: 42
  nsec: 428000000
}
real_time {
  sec: 44
  nsec: 470483218
}
iterations: 10607
real_time_factor: 1.0000415017223214
step_size {
  nsec: 4000000
}

sim_time {
  sec: 42
  nsec: 528000000
}
real_time {
  sec: 44
  nsec: 570484517
}
iterations: 10632
real_time_factor: 0.999847023405419
step_size {
  nsec: 4000000
}

sim_time {
  sec: 42
  nsec: 632000000
}
real_time {
  sec: 44
  nsec: 674483734
}
iterations: 10658
real_time_factor: 0.99990250950532322
step_size {
  nsec: 4000000
}

sim_time {
  sec: 42
  nsec: 732000000
}
real_time {
  sec: 44
  nsec: 774484190
}
iterations: 10683
real_time_factor: 1.0001687784813686
step_size {
  nsec: 4000000
}

sim_time {
  sec: 42
  nsec: 836000000
}
real_time {
  sec: 44
  nsec: 878489665
}
iterations: 10709
real_time_factor: 0.998515955660899
step_size {
  nsec: 4000000
}

sim_time {
  sec: 42
  nsec: 940000000
}
real_time {
  sec: 44
  nsec: 982483966
}
iterations: 10735
real_time_factor: 1.0000160002560041
step_size {
  nsec: 4000000
}

sim_time {
  sec: 43
  nsec: 44000000
}
real_time {
  sec: 45
  nsec: 86483469
}
iterations: 10761
real_time_factor: 1.0000437519141463
step_size {
  nsec: 4000000
}

sim_time {
  sec: 43
  nsec: 144000000
}
real_time {
  sec: 45
  nsec: 186487093
}
iterations: 10786
real_time_factor: 1.000053002809149
step_size {
  nsec: 4000000
}

sim_time {
  sec: 43
  nsec: 248000000
}
real_time {
  sec: 45
  nsec: 290483513
}
iterations: 10812
real_time_factor: 0.99996525120752056
step_size {
  nsec: 4000000
}

sim_time {
  sec: 43
  nsec: 352000000
}
real_time {
  sec: 45
  nsec: 394483154
}
iterations: 10838
real_time_factor: 1.0000742555134718
step_size {
  nsec: 4000000
}

sim_time {
  sec: 43
  nsec: 452000000
}
real_time {
  sec: 45
  nsec: 494483303
}
iterations: 10863
real_time_factor: 1.0000672545228666
step_size {
  nsec: 4000000
}

sim_time {
  sec: 43
  nsec: 552000000
}
real_time {
  sec: 45
  nsec: 594488350
}
iterations: 10888
real_time_factor: 0.99923683286889642
step_size {
  nsec: 4000000
}

sim_time {
  sec: 43
  nsec: 656000000
}
real_time {
  sec: 45
  nsec: 698484712
}
iterations: 10914
real_time_factor: 0.99988426339651182
step_size {
  nsec: 4000000
}

sim_time {
  sec: 43
  nsec: 756000000
}
real_time {
  sec: 45
  nsec: 798485223
}
iterations: 10939
real_time_factor: 0.99968709793834531
step_size {
  nsec: 4000000
}

sim_time {
  sec: 43
  nsec: 856000000
}
real_time {
  sec: 45
  nsec: 898485983
}
iterations: 10964
real_time_factor: 0.99940510411177741
step_size {
  nsec: 4000000
}

sim_time {
  sec: 43
  nsec: 960000000
}
real_time {
  sec: 46
  nsec: 2483558
}
iterations: 10990
real_time_factor: 0.99998825013806092
step_size {
  nsec: 4000000
}

sim_time {
  sec: 44
  nsec: 64000000
}
real_time {
  sec: 46
  nsec: 106483217
}
iterations: 11016
real_time_factor: 0.99998825013806092
step_size {
  nsec: 4000000
}

sim_time {
  sec: 44
  nsec: 168000000
}
real_time {
  sec: 46
  nsec: 210483309
}
iterations: 11042
real_time_factor: 0.99997250075622923
step_size {
  nsec: 4000000
}

sim_time {
  sec: 44
  nsec: 268000000
}
real_time {
  sec: 46
  nsec: 310483819
}
iterations: 11067
real_time_factor: 1.0001807826764688
step_size {
  nsec: 4000000
}

sim_time {
  sec: 44
  nsec: 368000000
}
real_time {
  sec: 46
  nsec: 410484429
}
iterations: 11092
real_time_factor: 0.9998660179535942
step_size {
  nsec: 4000000
}

sim_time {
  sec: 44
  nsec: 472000000
}
real_time {
  sec: 46
  nsec: 514483660
}
iterations: 11118
real_time_factor: 1.0000415017223214
step_size {
  nsec: 4000000
}

sim_time {
  sec: 44
  nsec: 576000000
}
real_time {
  sec: 46
  nsec: 618483228
}
iterations: 11144
real_time_factor: 1.0000070000490004
step_size {
  nsec: 4000000
}

sim_time {
  sec: 44
  nsec: 676000000
}
real_time {
  sec: 46
  nsec: 718484074
}
iterations: 11169
real_time_factor: 1.0000070000490004
step_size {
  nsec: 4000000
}

sim_time {
  sec: 44
  nsec: 776000000
}
real_time {
  sec: 46
  nsec: 818484828
}
iterations: 11194
real_time_factor: 0.99969684193268393
step_size {
  nsec: 4000000
}

sim_time {
  sec: 44
  nsec: 880000000
}
real_time {
  sec: 46
  nsec: 922483888
}
iterations: 11220
real_time_factor: 1.0000925085570416
step_size {
  nsec: 4000000
}

sim_time {
  sec: 44
  nsec: 984000000
}
real_time {
  sec: 47
  nsec: 26484071
}
iterations: 11246
real_time_factor: 1.0000187503515692
step_size {
  nsec: 4000000
}

sim_time {
  sec: 45
  nsec: 88000000
}
real_time {
  sec: 47
  nsec: 130483533
}
iterations: 11272
real_time_factor: 1.0001342680254823
step_size {
  nsec: 4000000
}

sim_time {
  sec: 45
  nsec: 188000000
}
real_time {
  sec: 47
  nsec: 230487822
}
iterations: 11297
real_time_factor: 1.0002335545349839
step_size {
  nsec: 4000000
}

sim_time {
  sec: 45
  nsec: 292000000
}
real_time {
  sec: 47
  nsec: 334483788
}
iterations: 11323
real_time_factor: 1.0000322510400961
step_size {
  nsec: 4000000
}

sim_time {
  sec: 45
  nsec: 392000000
}
real_time {
  sec: 47
  nsec: 434485540
}
iterations: 11348
real_time_factor: 0.99964112883474832
step_size {
  nsec: 4000000
}

sim_time {
  sec: 45
  nsec: 496000000
}
real_time {
  sec: 47
  nsec: 538483998
}
iterations: 11374
real_time_factor: 0.9999420033638049
step_size {
  nsec: 4000000
}

sim_time {
  sec: 45
  nsec: 600000000
}
real_time {
  sec: 47
  nsec: 642483651
}
iterations: 11400
real_time_factor: 1.0000670044893007
step_size {
  nsec: 4000000
}

sim_time {
  sec: 45
  nsec: 700000000
}
real_time {
  sec: 47
  nsec: 742486558
}
iterations: 11425
real_time_factor: 1.0001065113434582
step_size {
  nsec: 4000000
}

sim_time {
  sec: 45
  nsec: 804000000
}
real_time {
  sec: 47
  nsec: 846484611
}
iterations: 11451
real_time_factor: 0.99994675283541157
step_size {
  nsec: 4000000
}

sim_time {
  sec: 45
  nsec: 908000000
}
real_time {
  sec: 47
  nsec: 950483560
}
iterations: 11477
real_time_factor: 1.0001342680254823
step_size {
  nsec: 4000000
}

sim_time {
  sec: 46
  nsec: 8000000
}
real_time {
  sec: 48
  nsec: 50483936
}
iterations: 11502
real_time_factor: 0.99992575551265317
step_size {
  nsec: 4000000
}

sim_time {
  sec: 46
  nsec: 112000000
}
real_time {
  sec: 48
  nsec: 154483580
}
iterations: 11528
real_time_factor: 0.99996050156018834
step_size {
  nsec: 4000000
}

sim_time {
  sec: 46
  nsec: 212000000
}
real_time {
  sec: 48
  nsec: 254484284
}
iterations: 11553
real_time_factor: 0.99993975362984377
step_size {
  nsec: 4000000
}

sim_time {
  sec: 46
  nsec: 316000000
}
real_time {
  sec: 48
  nsec: 358483544
}
iterations: 11579
real_time_factor: 1.0000022500050625
step_size {
  nsec: 4000000
}

sim_time {
  sec: 46
  nsec: 416000000
}
real_time {
  sec: 48
  nsec: 458483746
}
iterations: 11604
real_time_factor: 1.0000717551484319
step_size {
  nsec: 4000000
}

sim_time {
  sec: 46
  nsec: 516000000
}
real_time {
  sec: 48
  nsec: 558486290
}
iterations: 11629
real_time_factor: 1.0007648345247855
step_size {
  nsec: 4000000
}

sim_time {
  sec: 46
  nsec: 620000000
}
real_time {
  sec: 48
  nsec: 662483473
}
iterations: 11655
real_time_factor: 0.99999100008099928
step_size {
  nsec: 4000000
}

sim_time {
  sec: 46
  nsec: 720000000
}
real_time {
  sec: 48
  nsec: 762484366
}
iterations: 11680
real_time_factor: 1.0000280007840219
step_size {
  nsec: 4000000
}

sim_time {
  sec: 46
  nsec: 824000000
}
real_time {
  sec: 48
  nsec: 866483633
}
iterations: 11706
real_time_factor: 0.99989126182527654
step_size {
  nsec: 4000000
}

sim_time {
  sec: 46
  nsec: 928000000
}
real_time {
  sec: 48
  nsec: 970484088
}
iterations: 11732
real_time_factor: 0.99985652058929542
step_size {
  nsec: 4000000
}

sim_time {
  sec: 47
  nsec: 32000000
}
real_time {
  sec: 49
  nsec: 74483822
}
iterations: 11758
real_time_factor: 0.99993775387482131
step_size {
  nsec: 4000000
}

sim_time {
  sec: 47
  nsec: 136000000
}
real_time {
  sec: 49
  nsec: 178483316
}
iterations: 11784
real_time_factor: 1.0000115001322516
step_size {
  nsec: 4000000
}

sim_time {
  sec: 47
  nsec: 236000000
}
real_time {
  sec: 49
  nsec: 278484014
}
iterations: 11809
real_time_factor: 0.99993725393731547
step_size {
  nsec: 4000000
}

sim_time {
  sec: 47
  nsec: 340000000
}
real_time {
  sec: 49
  nsec: 382484097
}
iterations: 11835
real_time_factor: 0.99998175033305647
step_size {
  nsec: 4000000
}

sim_time {
  sec: 47
  nsec: 444000000
}
real_time {
  sec: 49
  nsec: 486484514
}
iterations: 11861
real_time_factor: 0.9998055378228935
step_size {
  nsec: 4000000
}

sim_time {
  sec: 47
  nsec: 548000000
}
real_time {
  sec: 49
  nsec: 590483378
}
iterations: 11887
real_time_factor: 1.00000250000625
step_size {
  nsec: 4000000
}

sim_time {
  sec: 47
  nsec: 652000000
}
real_time {
  sec: 49
  nsec: 694488512
}
iterations: 11913
real_time_factor: 0.99874008937725056
step_size {
  nsec: 4000000
}

sim_time {
  sec: 47
  nsec: 756000000
}
real_time {
  sec: 49
  nsec: 798483212
}
iterations: 11939
real_time_factor: 1.0000600036002161
step_size {
  nsec: 4000000
}

sim_time {
  sec: 47
  nsec: 856000000
}
real_time {
  sec: 49
  nsec: 898485095
}
iterations: 11964
real_time_factor: 0.99996550119020888
step_size {
  nsec: 4000000
}

sim_time {
  sec: 47
  nsec: 960000000
}
real_time {
  sec: 50
  nsec: 2483683
}
iterations: 11990
real_time_factor: 1.0000810065615315
step_size {
  nsec: 4000000
}

sim_time {
  sec: 48
  nsec: 60000000
}
real_time {
  sec: 50
  nsec: 102483929
}
iterations: 12015
real_time_factor: 1
step_size {
  nsec: 4000000
}

sim_time {
  sec: 48
  nsec: 164000000
}
real_time {
  sec: 50
  nsec: 206483208
}
iterations: 12041
real_time_factor: 1.0000232505405751
step_size {
  nsec: 4000000
}

sim_time {
  sec: 48
  nsec: 264000000
}
real_time {
  sec: 50
  nsec: 306483718
}
iterations: 12066
real_time_factor: 1.0001180139256431
step_size {
  nsec: 4000000
}

sim_time {
  sec: 48
  nsec: 368000000
}
real_time {
  sec: 50
  nsec: 410483466
}
iterations: 12092
real_time_factor: 1.0000277507700839
step_size {
  nsec: 4000000
}

sim_time {
  sec: 48
  nsec: 468000000
}
real_time {
  sec: 50
  nsec: 510483575
}
iterations: 12117
real_time_factor: 1.0000207504305714
step_size {
  nsec: 4000000
}

sim_time {
  sec: 48
  nsec: 572000000
}
real_time {
  sec: 50
  nsec: 614483405
}
iterations: 12143
real_time_factor: 1.0000117501380641
step_size {
  nsec: 4000000
}

sim_time {
  sec: 48
  nsec: 676000000
}
real_time {
  sec: 50
  nsec: 718483422
}
iterations: 12169
real_time_factor: 0.99998600019599726
step_size {
  nsec: 4000000
}

sim_time {
  sec: 48
  nsec: 780000000
}
real_time {
  sec: 50
  nsec: 822483568
}
iterations: 12195
real_time_factor: 0.99993500422472537
step_size {
  nsec: 4000000
}

sim_time {
  sec: 48
  nsec: 880000000
}
real_time {
  sec: 50
  nsec: 922483842
}
iterations: 12220
real_time_factor: 1.0003383644517758
step_size {
  nsec: 4000000
}

sim_time {
  sec: 48
  nsec: 980000000
}
real_time {
  sec: 51
  nsec: 22486780
}
iterations: 12245
real_time_factor: 0.999144232964466
step_size {
  nsec: 4000000
}

sim_time {
  sec: 49
  nsec: 84000000
}
real_time {
  sec: 51
  nsec: 126483737
}
iterations: 12271
real_time_factor: 1.0000485023523642
step_size {
  nsec: 4000000
}

sim_time {
  sec: 49
  nsec: 184000000
}
real_time {
  sec: 51
  nsec: 226487045
}
iterations: 12296
real_time_factor: 0.99922759706746689
step_size {
  nsec: 4000000
}

sim_time {
  sec: 49
  nsec: 288000000
}
real_time {
  sec: 51
  nsec: 330483594
}
iterations: 12322
real_time_factor: 0.99991225769938685
step_size {
  nsec: 4000000
}

sim_time {
  sec: 49
  nsec: 392000000
}
real_time {
  sec: 51
  nsec: 434483578
}
iterations: 12348
real_time_factor: 0.99990975814432748
step_size {
  nsec: 4000000
}

sim_time {
  sec: 49
  nsec: 496000000
}
real_time {
  sec: 51
  nsec: 538483397
}
iterations: 12374
real_time_factor: 0.99998600019599726
step_size {
  nsec: 4000000
}

sim_time {
  sec: 49
  nsec: 600000000
}
real_time {
  sec: 51
  nsec: 642483104
}
iterations: 12400
real_time_factor: 0.99999550002025
step_size {
  nsec: 4000000
}

sim_time {
  sec: 49
  nsec: 700000000
}
real_time {
  sec: 51
  nsec: 742483397
}
iterations: 12425
real_time_factor: 0.99997700052898786
step_size {
  nsec: 4000000
}

sim_time {
  sec: 49
  nsec: 800000000
}
real_time {
  sec: 51
  nsec: 842483830
}
iterations: 12450
real_time_factor: 0.99994225333486986
step_size {
  nsec: 4000000
}

sim_time {
  sec: 49
  nsec: 904000000
}
real_time {
  sec: 51
  nsec: 946483635
}
iterations: 12476
real_time_factor: 0.99995375213896354
step_size {
  nsec: 4000000
}

sim_time {
  sec: 50
  nsec: 8000000
}
real_time {
  sec: 52
  nsec: 50483227
}
iterations: 12502
real_time_factor: 1.000064754192834
step_size {
  nsec: 4000000
}

sim_time {
  sec: 50
  nsec: 112000000
}
real_time {
  sec: 52
  nsec: 154483429
}
iterations: 12528
real_time_factor: 0.99988451333870942
step_size {
  nsec: 4000000
}

sim_time {
  sec: 50
  nsec: 212000000
}
real_time {
  sec: 52
  nsec: 254483592
}
iterations: 12553
real_time_factor: 0.99997900044099075
step_size {
  nsec: 4000000
}

sim_time {
  sec: 50
  nsec: 312000000
}
real_time {
  sec: 52
  nsec: 354483754
}
iterations: 12578
real_time_factor: 1.0001042608691957
step_size {
  nsec: 4000000
}

sim_time {
  sec: 50
  nsec: 416000000
}
real_time {
  sec: 52
  nsec: 458484163
}
iterations: 12604
real_time_factor: 0.999831028556174
step_size {
  nsec: 4000000
}

sim_time {
  sec: 50
  nsec: 520000000
}
real_time {
  sec: 52
  nsec: 562483803
}
iterations: 12630
real_time_factor: 0.999905258976712
step_size {
  nsec: 4000000
}

sim_time {
  sec: 50
  nsec: 624000000
}
real_time {
  sec: 52
  nsec: 666483259
}
iterations: 12656
real_time_factor: 1.0000115001322516
step_size {
  nsec: 4000000
}

sim_time {
  sec: 50
  nsec: 724000000
}
real_time {
  sec: 52
  nsec: 766487978
}
iterations: 12681
real_time_factor: 0.99899426252620172
step_size {
  nsec: 4000000
}

sim_time {
  sec: 50
  nsec: 828000000
}
real_time {
  sec: 52
  nsec: 870483235
}
iterations: 12707
real_time_factor: 0.99991900656046862
step_size {
  nsec: 4000000
}

sim_time {
  sec: 50
  nsec: 928000000
}
real_time {
  sec: 52
  nsec: 970483848
}
iterations: 12732
real_time_factor: 0.99999550002025
step_size {
  nsec: 4000000
}

sim_time {
  sec: 51
  nsec: 28000000
}
real_time {
  sec: 53
  nsec: 70484045
}
iterations: 12757
real_time_factor: 1.0000437519141463
step_size {
  nsec: 4000000
}

sim_time {
  sec: 51
  nsec: 132000000
}
real_time {
  sec: 53
  nsec: 174484046
}
iterations: 12783
real_time_factor: 1.0000975095071769
step_size {
  nsec: 4000000
}

sim_time {
  sec: 51
  nsec: 232000000
}
real_time {
  sec: 53
  nsec: 274485234
}
iterations: 12808
real_time_factor: 0.99984952264684168
step_size {
  nsec: 4000000
}

sim_time {
  sec: 51
  nsec: 336000000
}
real_time {
  sec: 53
  nsec: 378483072
}
iterations: 12834
real_time_factor: 0.99999550002025
step_size {
  nsec: 4000000
}

sim_time {
  sec: 51
  nsec: 436000000
}
real_time {
  sec: 53
  nsec: 478484251
}
iterations: 12859
real_time_factor: 0.99985677051762334
step_size {
  nsec: 4000000
}

sim_time {
  sec: 51
  nsec: 540000000
}
real_time {
  sec: 53
  nsec: 582483589
}
iterations: 12885
real_time_factor: 1.0000185003422564
step_size {
  nsec: 4000000
}

sim_time {
  sec: 51
  nsec: 640000000
}
real_time {
  sec: 53
  nsec: 682484036
}
iterations: 12910
real_time_factor: 1.0001250156269534
step_size {
  nsec: 4000000
}

sim_time {
  sec: 51
  nsec: 744000000
}
real_time {
  sec: 53
  nsec: 786488934
}
iterations: 12936
real_time_factor: 0.99879520328603622
step_size {
  nsec: 4000000
}

sim_time {
  sec: 51
  nsec: 848000000
}
real_time {
  sec: 53
  nsec: 890483693
}
iterations: 12962
real_time_factor: 1.0000692547958947
step_size {
  nsec: 4000000
}

sim_time {
  sec: 51
  nsec: 952000000
}
real_time {
  sec: 53
  nsec: 994483641
}
iterations: 12988
real_time_factor: 1.0001227650694122
step_size {
  nsec: 4000000
}

sim_time {
  sec: 52
  nsec: 56000000
}
real_time {
  sec: 54
  nsec: 98485099
}
iterations: 13014
real_time_factor: 0.99972482574171462
step_size {
  nsec: 4000000
}

sim_time {
  sec: 52
  nsec: 160000000
}
real_time {
  sec: 54
  nsec: 202488577
}
iterations: 13040
real_time_factor: 0.99896432373736532
step_size {
  nsec: 4000000
}

sim_time {
  sec: 52
  nsec: 264000000
}
real_time {
  sec: 54
  nsec: 306483633
}
iterations: 13066
real_time_factor: 0.9997895443009247
step_size {
  nsec: 4000000
}

sim_time {
  sec: 52
  nsec: 364000000
}
real_time {
  sec: 54
  nsec: 406486954
}
iterations: 13091
real_time_factor: 0.99930847853285532
step_size {
  nsec: 4000000
}

sim_time {
  sec: 52
  nsec: 468000000
}
real_time {
  sec: 54
  nsec: 510483128
}
iterations: 13117
real_time_factor: 1.0000972594584823
step_size {
  nsec: 4000000
}

sim_time {
  sec: 52
  nsec: 572000000
}
real_time {
  sec: 54
  nsec: 614483745
}
iterations: 13143
real_time_factor: 0.99999075008556171
step_size {
  nsec: 4000000
}

sim_time {
  sec: 52
  nsec: 672000000
}
real_time {
  sec: 54
  nsec: 714484121
}
iterations: 13168
real_time_factor: 1.0017021423654144
step_size {
  nsec: 4000000
}

sim_time {
  sec: 52
  nsec: 772000000
}
real_time {
  sec: 54
  nsec: 814491498
}
iterations: 13193
real_time_factor: 0.99807795138512012
step_size {
  nsec: 4000000
}

sim_time {
  sec: 52
  nsec: 876000000
}
real_time {
  sec: 54
  nsec: 918484496
}
iterations: 13219
real_time_factor: 1.0001157633996136
step_size {
  nsec: 4000000
}

sim_time {
  sec: 52
  nsec: 980000000
}
real_time {
  sec: 55
  nsec: 22483280
}
iterations: 13245
real_time_factor: 1.0000835069728322
step_size {
  nsec: 4000000
}

sim_time {
  sec: 53
  nsec: 80000000
}
real_time {
  sec: 55
  nsec: 122483851
}
iterations: 13270
real_time_factor: 1.0000372513876141
step_size {
  nsec: 4000000
}

sim_time {
  sec: 53
  nsec: 184000000
}
real_time {
  sec: 55
  nsec: 226484301
}
iterations: 13296
real_time_factor: 0.99979879049341325
step_size {
  nsec: 4000000
}

sim_time {
  sec: 53
  nsec: 288000000
}
real_time {
  sec: 55
  nsec: 330483810
}
iterations: 13322
real_time_factor: 0.99999550002025
step_size {
  nsec: 4000000
}

sim_time {
  sec: 53
  nsec: 388000000
}
real_time {
  sec: 55
  nsec: 430483828
}
iterations: 13347
real_time_factor: 0.99989126182527654
step_size {
  nsec: 4000000
}

sim_time {
  sec: 53
  nsec: 492000000
}
real_time {
  sec: 55
  nsec: 534483716
}
iterations: 13373
real_time_factor: 1.0000300009000269
step_size {
  nsec: 4000000
}

sim_time {
  sec: 53
  nsec: 592000000
}
real_time {
  sec: 55
  nsec: 634483965
}
iterations: 13398
real_time_factor: 1.0000255006502665
step_size {
  nsec: 4000000
}

sim_time {
  sec: 53
  nsec: 696000000
}
real_time {
  sec: 55
  nsec: 738483746
}
iterations: 13424
real_time_factor: 0.99990750855545862
step_size {
  nsec: 4000000
}

sim_time {
  sec: 53
  nsec: 800000000
}
real_time {
  sec: 55
  nsec: 842483954
}
iterations: 13450
real_time_factor: 1.0000047500225626
step_size {
  nsec: 4000000
}

sim_time {
  sec: 53
  nsec: 900000000
}
real_time {
  sec: 55
  nsec: 942484465
}
iterations: 13475
real_time_factor: 0.99987051676807859
step_size {
  nsec: 4000000
}

sim_time {
  sec: 54
  nsec: 4000000
}
real_time {
  sec: 56
  nsec: 46483399
}
iterations: 13501
real_time_factor: 1.0000352512426063
step_size {
  nsec: 4000000
}

sim_time {
  sec: 54
  nsec: 104000000
}
real_time {
  sec: 56
  nsec: 146483918
}
iterations: 13526
real_time_factor: 1.0000602536302812
step_size {
  nsec: 4000000
}

sim_time {
  sec: 54
  nsec: 208000000
}
real_time {
  sec: 56
  nsec: 250483468
}
iterations: 13552
real_time_factor: 0.999919256520036
step_size {
  nsec: 4000000
}

sim_time {
  sec: 54
  nsec: 308000000
}
real_time {
  sec: 56
  nsec: 350484245
}
iterations: 13577
real_time_factor: 1.0000162502640668
step_size {
  nsec: 4000000
}

sim_time {
  sec: 54
  nsec: 412000000
}
real_time {
  sec: 56
  nsec: 454484003
}
iterations: 13603
real_time_factor: 1.0000422517851379
step_size {
  nsec: 4000000
}

sim_time {
  sec: 54
  nsec: 516000000
}
real_time {
  sec: 56
  nsec: 558483107
}
iterations: 13629
real_time_factor: 1.0000510026011327
step_size {
  nsec: 4000000
}

sim_time {
  sec: 54
  nsec: 616000000
}
real_time {
  sec: 56
  nsec: 658483794
}
iterations: 13654
real_time_factor: 0.999935254192291
step_size {
  nsec: 4000000
}

sim_time {
  sec: 54
  nsec: 716000000
}
real_time {
  sec: 56
  nsec: 758488258
}
iterations: 13679
real_time_factor: 0.9989296468833645
step_size {
  nsec: 4000000
}

sim_time {
  sec: 54
  nsec: 820000000
}
real_time {
  sec: 56
  nsec: 862483236
}
iterations: 13705
real_time_factor: 0.999967751040029
step_size {
  nsec: 4000000
}

sim_time {
  sec: 54
  nsec: 920000000
}
real_time {
  sec: 56
  nsec: 962483548
}
iterations: 13730
real_time_factor: 1.0007205187735169
step_size {
  nsec: 4000000
}

sim_time {
  sec: 55
  nsec: 20000000
}
real_time {
  sec: 57
  nsec: 62488517
}
iterations: 13755
real_time_factor: 0.99868922039822727
step_size {
  nsec: 4000000
}

sim_time {
  sec: 55
  nsec: 124000000
}
real_time {
  sec: 57
  nsec: 166483336
}
iterations: 13781
real_time_factor: 1.000035001225043
step_size {
  nsec: 4000000
}

sim_time {
  sec: 55
  nsec: 228000000
}
real_time {
  sec: 57
  nsec: 270483916
}
iterations: 13807
real_time_factor: 0.99987051676807859
step_size {
  nsec: 4000000
}

sim_time {
  sec: 55
  nsec: 332000000
}
real_time {
  sec: 57
  nsec: 374483819
}
iterations: 13833
real_time_factor: 0.99983802623974916
step_size {
  nsec: 4000000
}

sim_time {
  sec: 55
  nsec: 432000000
}
real_time {
  sec: 57
  nsec: 474483625
}
iterations: 13858
real_time_factor: 1.0000115001322516
step_size {
  nsec: 4000000
}

sim_time {
  sec: 55
  nsec: 536000000
}
real_time {
  sec: 57
  nsec: 578483346
}
iterations: 13884
real_time_factor: 0.99997700052898786
step_size {
  nsec: 4000000
}

sim_time {
  sec: 55
  nsec: 640000000
}
real_time {
  sec: 57
  nsec: 682483314
}
iterations: 13910
real_time_factor: 0.99997500062498434
step_size {
  nsec: 4000000
}

sim_time {
  sec: 55
  nsec: 740000000
}
real_time {
  sec: 57
  nsec: 782484171
}
iterations: 13935
real_time_factor: 0.999960751540502
step_size {
  nsec: 4000000
}

sim_time {
  sec: 55
  nsec: 844000000
}
real_time {
  sec: 57
  nsec: 886483100
}
iterations: 13961
real_time_factor: 1.0000582533932603
step_size {
  nsec: 4000000
}

sim_time {
  sec: 55
  nsec: 944000000
}
real_time {
  sec: 57
  nsec: 986484007
}
iterations: 13986
real_time_factor: 1.001337536614533
step_size {
  nsec: 4000000
}

sim_time {
  sec: 56
  nsec: 48000000
}
real_time {
  sec: 58
  nsec: 90484645
}
iterations: 14012
real_time_factor: 1.0000972594584823
step_size {
  nsec: 4000000
}

sim_time {
  sec: 56
  nsec: 152000000
}
real_time {
  sec: 58
  nsec: 194483320
}
iterations: 14038
real_time_factor: 1.0000047500225626
step_size {
  nsec: 4000000
}

sim_time {
  sec: 56
  nsec: 252000000
}
real_time {
  sec: 58
  nsec: 294483421
}
iterations: 14063
real_time_factor: 1.0001625264105418
step_size {
  nsec: 4000000
}

sim_time {
  sec: 56
  nsec: 352000000
}
real_time {
  sec: 58
  nsec: 394484229
}
iterations: 14088
real_time_factor: 1.000210794424925
step_size {
  nsec: 4000000
}

sim_time {
  sec: 56
  nsec: 456000000
}
real_time {
  sec: 58
  nsec: 498483970
}
iterations: 14114
real_time_factor: 1.0001532734891623
step_size {
  nsec: 4000000
}

sim_time {
  sec: 56
  nsec: 556000000
}
real_time {
  sec: 58
  nsec: 598484552
}
iterations: 14139
real_time_factor: 0.99983802623974916
step_size {
  nsec: 4000000
}

sim_time {
  sec: 56
  nsec: 660000000
}
real_time {
  sec: 58
  nsec: 702483363
}
iterations: 14165
real_time_factor: 1.000078756202051
step_size {
  nsec: 4000000
}

sim_time {
  sec: 56
  nsec: 760000000
}
real_time {
  sec: 58
  nsec: 802486868
}
iterations: 14190
real_time_factor: 0.99950524490377268
step_size {
  nsec: 4000000
}

sim_time {
  sec: 56
  nsec: 864000000
}
real_time {
  sec: 58
  nsec: 906486291
}
iterations: 14216
real_time_factor: 0.99921386848896632
step_size {
  nsec: 4000000
}

sim_time {
  sec: 56
  nsec: 968000000
}
real_time {
  sec: 59
  nsec: 10483574
}
iterations: 14242
real_time_factor: 0.99991000809927111
step_size {
  nsec: 4000000
}

sim_time {
  sec: 57
  nsec: 72000000
}
real_time {
  sec: 59
  nsec: 114485552
}
iterations: 14268
real_time_factor: 0.99945404822615647
step_size {
  nsec: 4000000
}

sim_time {
  sec: 57
  nsec: 176000000
}
real_time {
  sec: 59
  nsec: 218484029
}
iterations: 14294
real_time_factor: 0.99990075984958493
step_size {
  nsec: 4000000
}

sim_time {
  sec: 57
  nsec: 276000000
}
real_time {
  sec: 59
  nsec: 318483999
}
iterations: 14319
real_time_factor: 1.0000417517431353
step_size {
  nsec: 4000000
}

sim_time {
  sec: 57
  nsec: 380000000
}
real_time {
  sec: 59
  nsec: 422483011
}
iterations: 14345
real_time_factor: 1.000234054768816
step_size {
  nsec: 4000000
}

sim_time {
  sec: 57
  nsec: 484000000
}
real_time {
  sec: 59
  nsec: 526483412
}
iterations: 14371
real_time_factor: 1.0000442519581492
step_size {
  nsec: 4000000
}

sim_time {
  sec: 57
  nsec: 588000000
}
real_time {
  sec: 59
  nsec: 630483239
}
iterations: 14397
real_time_factor: 1.0000257506630796
step_size {
  nsec: 4000000
}

sim_time {
  sec: 57
  nsec: 692000000
}
real_time {
  sec: 59
  nsec: 734485205
}
iterations: 14423
real_time_factor: 0.99953047056145372
step_size {
  nsec: 4000000
}

sim_time {
  sec: 57
  nsec: 796000000
}
real_time {
  sec: 59
  nsec: 838483486
}
iterations: 14449
real_time_factor: 1.0000210004410093
step_size {
  nsec: 4000000
}

sim_time {
  sec: 57
  nsec: 896000000
}
real_time {
  sec: 59
  nsec: 938484636
}
iterations: 14474
real_time_factor: 0.99988426339651182
step_size {
  nsec: 4000000
}

sim_time {
  sec: 58
}
real_time {
  sec: 60
  nsec: 42483635
}
iterations: 14500
real_time_factor: 1.0000835069728322
step_size {
  nsec: 4000000
}

sim_time {
  sec: 58
  nsec: 100000000
}
real_time {
  sec: 60
  nsec: 142483588
}
iterations: 14525
real_time_factor: 1.0000047500225626
step_size {
  nsec: 4000000
}

sim_time {
  sec: 58
  nsec: 200000000
}
real_time {
  sec: 60
  nsec: 242484073
}
iterations: 14550
real_time_factor: 0.99998850013224849
step_size {
  nsec: 4000000
}

sim_time {
  sec: 58
  nsec: 304000000
}
real_time {
  sec: 60
  nsec: 346483955
}
iterations: 14576
real_time_factor: 1.0001347681600095
step_size {
  nsec: 4000000
}

sim_time {
  sec: 58
  nsec: 408000000
}
real_time {
  sec: 60
  nsec: 450483409
}
iterations: 14602
real_time_factor: 0.99997025088503622
step_size {
  nsec: 4000000
}

sim_time {
  sec: 58
  nsec: 508000000
}
real_time {
  sec: 60
  nsec: 550485346
}
iterations: 14627
real_time_factor: 0.99947053048647483
step_size {
  nsec: 4000000
}

sim_time {
  sec: 58
  nsec: 612000000
}
real_time {
  sec: 60
  nsec: 654483875
}
iterations: 14653
real_time_factor: 0.99986126924889174
step_size {
  nsec: 4000000
}

sim_time {
  sec: 58
  nsec: 716000000
}
real_time {
  sec: 60
  nsec: 758483264
}
iterations: 14679
real_time_factor: 1.0000280007840219
step_size {
  nsec: 4000000
}

sim_time {
  sec: 58
  nsec: 816000000
}
real_time {
  sec: 60
  nsec: 858483858
}
iterations: 14704
real_time_factor: 0.99994925257543177
step_size {
  nsec: 4000000
}

sim_time {
  sec: 58
  nsec: 920000000
}
real_time {
  sec: 60
  nsec: 962483340
}
iterations: 14730
real_time_factor: 1.0000002500000624
step_size {
  nsec: 4000000
}

sim_time {
  sec: 59
  nsec: 20000000
}
real_time {
  sec: 61
  nsec: 62483777
}
iterations: 14755
real_time_factor: 1.0001737801943087
step_size {
  nsec: 4000000
}

sim_time {
  sec: 59
  nsec: 124000000
}
real_time {
  sec: 61
  nsec: 166483703
}
iterations: 14781
real_time_factor: 0.999919256520036
step_size {
  nsec: 4000000
}

sim_time {
  sec: 59
  nsec: 224000000
}
real_time {
  sec: 61
  nsec: 266484408
}
iterations: 14806
real_time_factor: 0.99996325135051289
step_size {
  nsec: 4000000
}

sim_time {
  sec: 59
  nsec: 328000000
}
real_time {
  sec: 61
  nsec: 370483685
}
iterations: 14832
real_time_factor: 0.99997025088503622
step_size {
  nsec: 4000000
}

sim_time {
  sec: 59
  nsec: 428000000
}
real_time {
  sec: 61
  nsec: 470484315
}
iterations: 14857
real_time_factor: 0.99991200774331856
step_size {
  nsec: 4000000
}

sim_time {
  sec: 59
  nsec: 532000000
}
real_time {
  sec: 61
  nsec: 574483444
}
iterations: 14883
real_time_factor: 0.99997250075622923
step_size {
  nsec: 4000000
}

sim_time {
  sec: 59
  nsec: 632000000
}
real_time {
  sec: 61
  nsec: 674483752
}
iterations: 14908
real_time_factor: 0.99997700052898786
step_size {
  nsec: 4000000
}

sim_time {
  sec: 59
  nsec: 732000000
}
real_time {
  sec: 61
  nsec: 774483741
}
iterations: 14933
real_time_factor: 0.99993575412779734
step_size {
  nsec: 4000000
}

sim_time {
  sec: 59
  nsec: 832000000
}
real_time {
  sec: 61
  nsec: 874483963
}
iterations: 14958
real_time_factor: 1.000164777147035
step_size {
  nsec: 4000000
}

sim_time {
  sec: 59
  nsec: 936000000
}
real_time {
  sec: 61
  nsec: 978484535
}
iterations: 14984
real_time_factor: 0.99993775387482131
step_size {
  nsec: 4000000
}

sim_time {
  sec: 60
  nsec: 40000000
}
real_time {
  sec: 62
  nsec: 82483385
}
iterations: 15010
real_time_factor: 1.000086007396636
step_size {
  nsec: 4000000
}

sim_time {
  sec: 60
  nsec: 140000000
}
real_time {
  sec: 62
  nsec: 182485449
}
iterations: 15035
real_time_factor: 1.0003338614262509
step_size {
  nsec: 4000000
}

sim_time {
  sec: 60
  nsec: 244000000
}
real_time {
  sec: 62
  nsec: 286483892
}
iterations: 15061
real_time_factor: 0.99989826035200924
step_size {
  nsec: 4000000
}

sim_time {
  sec: 60
  nsec: 348000000
}
real_time {
  sec: 62
  nsec: 390483582
}
iterations: 15087
real_time_factor: 0.99995875170149229
step_size {
  nsec: 4000000
}

sim_time {
  sec: 60
  nsec: 448000000
}
real_time {
  sec: 62
  nsec: 490483653
}
iterations: 15112
real_time_factor: 1.0000767558910146
step_size {
  nsec: 4000000
}

sim_time {
  sec: 60
  nsec: 552000000
}
real_time {
  sec: 62
  nsec: 594485362
}
iterations: 15138
real_time_factor: 0.99958142527816474
step_size {
  nsec: 4000000
}

sim_time {
  sec: 60
  nsec: 656000000
}
real_time {
  sec: 62
  nsec: 698484182
}
iterations: 15164
real_time_factor: 0.99994250330605994
step_size {
  nsec: 4000000
}

sim_time {
  sec: 60
  nsec: 760000000
}
real_time {
  sec: 62
  nsec: 802488890
}
iterations: 15190
real_time_factor: 0.99859497686754739
step_size {
  nsec: 4000000
}

sim_time {
  sec: 60
  nsec: 864000000
}
real_time {
  sec: 62
  nsec: 906483525
}
iterations: 15216
real_time_factor: 1.0000880077446814
step_size {
  nsec: 4000000
}

sim_time {
  sec: 60
  nsec: 964000000
}
real_time {
  sec: 63
  nsec: 6484568
}
iterations: 15241
real_time_factor: 0.99997700052898786
step_size {
  nsec: 4000000
}

sim_time {
  sec: 61
  nsec: 68000000
}
real_time {
  sec: 63
  nsec: 110483424
}
iterations: 15267
real_time_factor: 1.0000282507980851
step_size {
  nsec: 4000000
}

sim_time {
  sec: 61
  nsec: 168000000
}
real_time {
  sec: 63
  nsec: 210483893
}
iterations: 15292
real_time_factor: 0.99999350004224974
step_size {
  nsec: 4000000
}

sim_time {
  sec: 61
  nsec: 272000000
}
real_time {
  sec: 63
  nsec: 314483564
}
iterations: 15318
real_time_factor: 0.9999820003239942
step_size {
  nsec: 4000000
}

sim_time {
  sec: 61
  nsec: 376000000
}
real_time {
  sec: 63
  nsec: 418484641
}
iterations: 15344
real_time_factor: 0.99978279718731111
step_size {
  nsec: 4000000
}

sim_time {
  sec: 61
  nsec: 476000000
}
real_time {
  sec: 63
  nsec: 518485080
}
iterations: 15369
real_time_factor: 0.99964862350883665
step_size {
  nsec: 4000000
}

sim_time {
  sec: 61
  nsec: 580000000
}
real_time {
  sec: 63
  nsec: 622483045
}
iterations: 15395
real_time_factor: 1.0000675045565575
step_size {
  nsec: 4000000
}

sim_time {
  sec: 61
  nsec: 680000000
}
real_time {
  sec: 63
  nsec: 722484086
}
iterations: 15420
real_time_factor: 0.99998425024805859
step_size {
  nsec: 4000000
}

sim_time {
  sec: 61
  nsec: 780000000
}
real_time {
  sec: 63
  nsec: 822487469
}
iterations: 15445
real_time_factor: 0.99967635478013994
step_size {
  nsec: 4000000
}

sim_time {
  sec: 61
  nsec: 884000000
}
real_time {
  sec: 63
  nsec: 926484388
}
iterations: 15471
real_time_factor: 0.99974131693424328
step_size {
  nsec: 4000000
}

sim_time {
  sec: 61
  nsec: 984000000
}
real_time {
  sec: 64
  nsec: 26487799
}
iterations: 15496
real_time_factor: 0.99915172018955911
step_size {
  nsec: 4000000
}

sim_time {
  sec: 62
  nsec: 88000000
}
real_time {
  sec: 64
  nsec: 130483737
}
iterations: 15522
real_time_factor: 0.99998625018906
step_size {
  nsec: 4000000
}

sim_time {
  sec: 62
  nsec: 192000000
}
real_time {
  sec: 64
  nsec: 234489221
}
iterations: 15548
real_time_factor: 0.998636362047624
step_size {
  nsec: 4000000
}

sim_time {
  sec: 62
  nsec: 296000000
}
real_time {
  sec: 64
  nsec: 338483954
}
iterations: 15574
real_time_factor: 0.99991250765558015
step_size {
  nsec: 4000000
}

sim_time {
  sec: 62
  nsec: 396000000
}
real_time {
  sec: 64
  nsec: 438484325
}
iterations: 15599
real_time_factor: 0.99984302464513075
step_size {
  nsec: 4000000
}

sim_time {
  sec: 62
  nsec: 496000000
}
real_time {
  sec: 64
  nsec: 538487058
}
iterations: 15624
real_time_factor: 1.0007858671021419
step_size {
  nsec: 4000000
}

sim_time {
  sec: 62
  nsec: 600000000
}
real_time {
  sec: 64
  nsec: 642483429
}
iterations: 15650
real_time_factor: 1.0000905081909912
step_size {
  nsec: 4000000
}

sim_time {
  sec: 62
  nsec: 700000000
}
real_time {
  sec: 64
  nsec: 742484393
}
iterations: 15675
real_time_factor: 0.99985901987819714
step_size {
  nsec: 4000000
}

sim_time {
  sec: 62
  nsec: 800000000
}
real_time {
  sec: 64
  nsec: 842490737
}
iterations: 15700
real_time_factor: 0.99935017255029912
step_size {
  nsec: 4000000
}

sim_time {
  sec: 62
  nsec: 904000000
}
real_time {
  sec: 64
  nsec: 946483607
}
iterations: 15726
real_time_factor: 0.99995400211590268
step_size {
  nsec: 4000000
}

sim_time {
  sec: 63
  nsec: 8000000
}
real_time {
  sec: 65
  nsec: 50486254
}
iterations: 15752
real_time_factor: 0.99919789389067926
step_size {
  nsec: 4000000
}

sim_time {
  sec: 63
  nsec: 112000000
}
real_time {
  sec: 65
  nsec: 154483005
}
iterations: 15778
real_time_factor: 1.0000767558910146
step_size {
  nsec: 4000000
}

sim_time {
  sec: 63
  nsec: 212000000
}
real_time {
  sec: 65
  nsec: 254483367
}
iterations: 15803
real_time_factor: 1.0001855344166344
step_size {
  nsec: 4000000
}

sim_time {
  sec: 63
  nsec: 312000000
}
real_time {
  sec: 65
  nsec: 354483757
}
iterations: 15828
real_time_factor: 1.0001137629405346
step_size {
  nsec: 4000000
}

sim_time {
  sec: 63
  nsec: 416000000
}
real_time {
  sec: 65
  nsec: 458483625
}
iterations: 15854
real_time_factor: 0.99993325445526515
step_size {
  nsec: 4000000
}

sim_time {
  sec: 63
  nsec: 520000000
}
real_time {
  sec: 65
  nsec: 562484650
}
iterations: 15880
real_time_factor: 0.99963713172118518
step_size {
  nsec: 4000000
}

sim_time {
  sec: 63
  nsec: 624000000
}
real_time {
  sec: 65
  nsec: 666483546
}
iterations: 15906
real_time_factor: 0.99992150616176634
step_size {
  nsec: 4000000
}

sim_time {
  sec: 63
  nsec: 724000000
}
real_time {
  sec: 65
  nsec: 766484461
}
iterations: 15931
real_time_factor: 0.99983152838746669
step_size {
  nsec: 4000000
}

sim_time {
  sec: 63
  nsec: 828000000
}
real_time {
  sec: 65
  nsec: 870483755
}
iterations: 15957
real_time_factor: 0.999919256520036
step_size {
  nsec: 4000000
}

sim_time {
  sec: 63
  nsec: 928000000
}
real_time {
  sec: 65
  nsec: 970487245
}
iterations: 15982
real_time_factor: 0.99914897486066245
step_size {
  nsec: 4000000
}

sim_time {
  sec: 64
  nsec: 32000000
}
real_time {
  sec: 66
  nsec: 74483890
}
iterations: 16008
real_time_factor: 1.0001020104050613
step_size {
  nsec: 4000000
}

sim_time {
  sec: 64
  nsec: 136000000
}
real_time {
  sec: 66
  nsec: 178483377
}
iterations: 16034
real_time_factor: 1.00000050000025
step_size {
  nsec: 4000000
}

sim_time {
  sec: 64
  nsec: 236000000
}
real_time {
  sec: 66
  nsec: 278483822
}
iterations: 16059
real_time_factor: 1.0000465021623506
step_size {
  nsec: 4000000
}

sim_time {
  sec: 64
  nsec: 340000000
}
real_time {
  sec: 66
  nsec: 382483447
}
iterations: 16085
real_time_factor: 0.99997950042024142
step_size {
  nsec: 4000000
}

sim_time {
  sec: 64
  nsec: 440000000
}
real_time {
  sec: 66
  nsec: 482485046
}
iterations: 16110
real_time_factor: 0.99966711085208626
step_size {
  nsec: 4000000
}

sim_time {
  sec: 64
  nsec: 544000000
}
real_time {
  sec: 66
  nsec: 586484577
}
iterations: 16136
real_time_factor: 0.99978279718731111
step_size {
  nsec: 4000000
}

sim_time {
  sec: 64
  nsec: 648000000
}
real_time {
  sec: 66
  nsec: 690483350
}
iterations: 16162
real_time_factor: 1.0000190003610068
step_size {
  nsec: 4000000
}

sim_time {
  sec: 64
  nsec: 748000000
}
real_time {
  sec: 66
  nsec: 790484162
}
iterations: 16187
real_time_factor: 1.000010000100001
step_size {
  nsec: 4000000
}

sim_time {
  sec: 64
  nsec: 848000000
}
real_time {
  sec: 66
  nsec: 890485404
}
iterations: 16212
real_time_factor: 0.999569935035451
step_size {
  nsec: 4000000
}

sim_time {
  sec: 64
  nsec: 952000000
}
real_time {
  sec: 66
  nsec: 994483121
}
iterations: 16238
real_time_factor: 1.0004244300644549
step_size {
  nsec: 4000000
}

sim_time {
  sec: 65
  nsec: 52000000
}
real_time {
  sec: 67
  nsec: 94486016
}
iterations: 16263
real_time_factor: 1.0006071183690703
step_size {
  nsec: 4000000
}

sim_time {
  sec: 65
  nsec: 156000000
}
real_time {
  sec: 67
  nsec: 198485391
}
iterations: 16289
real_time_factor: 0.99965786709498672
step_size {
  nsec: 4000000
}

sim_time {
  sec: 65
  nsec: 260000000
}
real_time {
  sec: 67
  nsec: 302484524
}
iterations: 16315
real_time_factor: 0.99990100980002983
step_size {
  nsec: 4000000
}

sim_time {
  sec: 65
  nsec: 360000000
}
real_time {
  sec: 67
  nsec: 402486742
}
iterations: 16340
real_time_factor: 0.99916769331147159
step_size {
  nsec: 4000000
}

sim_time {
  sec: 65
  nsec: 464000000
}
real_time {
  sec: 67
  nsec: 506483475
}
iterations: 16366
real_time_factor: 0.9999610015209407
step_size {
  nsec: 4000000
}

sim_time {
  sec: 65
  nsec: 568000000
}
real_time {
  sec: 67
  nsec: 610483291
}
iterations: 16392
real_time_factor: 1.0000120001440018
step_size {
  nsec: 4000000
}

sim_time {
  sec: 65
  nsec: 668000000
}
real_time {
  sec: 67
  nsec: 710483609
}
iterations: 16417
real_time_factor: 1.0001095119915631
step_size {
  nsec: 4000000
}

sim_time {
  sec: 65
  nsec: 772000000
}
real_time {
  sec: 67
  nsec: 814483621
}
iterations: 16443
real_time_factor: 0.99988926226420427
step_size {
  nsec: 4000000
}

sim_time {
  sec: 65
  nsec: 872000000
}
real_time {
  sec: 67
  nsec: 914483375
}
iterations: 16468
real_time_factor: 1.0000767558910146
step_size {
  nsec: 4000000
}

sim_time {
  sec: 65
  nsec: 972000000
}
real_time {
  sec: 68
  nsec: 14486387
}
iterations: 16493
real_time_factor: 0.99938038416181962
step_size {
  nsec: 4000000
}

sim_time {
  sec: 66
  nsec: 76000000
}
real_time {
  sec: 68
  nsec: 118483805
}
iterations: 16519
real_time_factor: 0.9999820003239942
step_size {
  nsec: 4000000
}

sim_time {
  sec: 66
  nsec: 180000000
}
real_time {
  sec: 68
  nsec: 222485474
}
iterations: 16545
real_time_factor: 0.99950774243684981
step_size {
  nsec: 4000000
}

sim_time {
  sec: 66
  nsec: 284000000
}
real_time {
  sec: 68
  nsec: 326483550
}
iterations: 16571
real_time_factor: 0.99997700052898786
step_size {
  nsec: 4000000
}

sim_time {
  sec: 66
  nsec: 384000000
}
real_time {
  sec: 68
  nsec: 426483643
}
iterations: 16596
real_time_factor: 0.99996125150150428
step_size {
  nsec: 4000000
}

sim_time {
  sec: 66
  nsec: 488000000
}
real_time {
  sec: 68
  nsec: 530483467
}
iterations: 16622
real_time_factor: 1.0000582533932603
step_size {
  nsec: 4000000
}

sim_time {
  sec: 66
  nsec: 592000000
}
real_time {
  sec: 68
  nsec: 634483336
}
iterations: 16648
real_time_factor: 1.0001140129974817
step_size {
  nsec: 4000000
}

sim_time {
  sec: 66
  nsec: 692000000
}
real_time {
  sec: 68
  nsec: 734483913
}
iterations: 16673
real_time_factor: 0.9999957500180624
step_size {
  nsec: 4000000
}

sim_time {
  sec: 66
  nsec: 796000000
}
real_time {
  sec: 68
  nsec: 838483883
}
iterations: 16699
real_time_factor: 0.99985227182683756
step_size {
  nsec: 4000000
}

sim_time {
  sec: 66
  nsec: 900000000
}
real_time {
  sec: 68
  nsec: 942483809
}
iterations: 16725
real_time_factor: 0.99996575117302233
step_size {
  nsec: 4000000
}

sim_time {
  sec: 67
}
real_time {
  sec: 69
  nsec: 42484329
}
iterations: 16750
real_time_factor: 1.000005000025
step_size {
  nsec: 4000000
}

sim_time {
  sec: 67
  nsec: 104000000
}
real_time {
  sec: 69
  nsec: 146483772
}
iterations: 16776
real_time_factor: 0.99992175612258338
step_size {
  nsec: 4000000
}

sim_time {
  sec: 67
  nsec: 208000000
}
real_time {
  sec: 69
  nsec: 250484133
}
iterations: 16802
real_time_factor: 0.99983827615883136
step_size {
  nsec: 4000000
}

sim_time {
  sec: 67
  nsec: 312000000
}
real_time {
  sec: 69
  nsec: 354483306
}
iterations: 16828
real_time_factor: 0.99998225031505694
step_size {
  nsec: 4000000
}

sim_time {
  sec: 67
  nsec: 416000000
}
real_time {
  sec: 69
  nsec: 458484156
}
iterations: 16854
real_time_factor: 0.999813034962462
step_size {
  nsec: 4000000
}

sim_time {
  sec: 67
  nsec: 520000000
}
real_time {
  sec: 69
  nsec: 562483255
}
iterations: 16880
real_time_factor: 1.0000930086498043
step_size {
  nsec: 4000000
}

sim_time {
  sec: 67
  nsec: 620000000
}
real_time {
  sec: 69
  nsec: 662484040
}
iterations: 16905
real_time_factor: 0.999996000016
step_size {
  nsec: 4000000
}

sim_time {
  sec: 67
  nsec: 724000000
}
real_time {
  sec: 69
  nsec: 766488482
}
iterations: 16931
real_time_factor: 0.99883959809691092
step_size {
  nsec: 4000000
}

sim_time {
  sec: 67
  nsec: 828000000
}
real_time {
  sec: 69
  nsec: 870483108
}
iterations: 16957
real_time_factor: 1.000241308215607
step_size {
  nsec: 4000000
}

sim_time {
  sec: 67
  nsec: 928000000
}
real_time {
  sec: 69
  nsec: 970484088
}
iterations: 16982
real_time_factor: 0.99996600115596068
step_size {
  nsec: 4000000
}

sim_time {
  sec: 68
  nsec: 28000000
}
real_time {
  sec: 70
  nsec: 70484013
}
iterations: 17007
real_time_factor: 1.0000352512426063
step_size {
  nsec: 4000000
}

sim_time {
  sec: 68
  nsec: 132000000
}
real_time {
  sec: 70
  nsec: 174484121
}
iterations: 17033
real_time_factor: 1.0000515026523866
step_size {
  nsec: 4000000
}

sim_time {
  sec: 68
  nsec: 232000000
}
real_time {
  sec: 70
  nsec: 274484065
}
iterations: 17058
real_time_factor: 0.99990775850927749
step_size {
  nsec: 4000000
}

sim_time {
  sec: 68
  nsec: 336000000
}
real_time {
  sec: 70
  nsec: 378483885
}
iterations: 17084
real_time_factor: 1.0000975095071769
step_size {
  nsec: 4000000
}

sim_time {
  sec: 68
  nsec: 440000000
}
real_time {
  sec: 70
  nsec: 482483203
}
iterations: 17110
real_time_factor: 1.0000445019803381
step_size {
  nsec: 4000000
}

sim_time {
  sec: 68
  nsec: 544000000
}
real_time {
  sec: 70
  nsec: 586483095
}
iterations: 17136
real_time_factor: 1.000017000289005
step_size {
  nsec: 4000000
}

sim_time {
  sec: 68
  nsec: 644000000
}
real_time {
  sec: 70
  nsec: 686483379
}
iterations: 17161
real_time_factor: 0.9999472527824157
step_size {
  nsec: 4000000
}

sim_time {
  sec: 68
  nsec: 744000000
}
real_time {
  sec: 70
  nsec: 786484265
}
iterations: 17186
real_time_factor: 0.99979654140382435
step_size {
  nsec: 4000000
}

sim_time {
  sec: 68
  nsec: 848000000
}
real_time {
  sec: 70
  nsec: 890483814
}
iterations: 17212
real_time_factor: 0.9998547710944985
step_size {
  nsec: 4000000
}

sim_time {
  sec: 68
  nsec: 948000000
}
real_time {
  sec: 70
  nsec: 990485718
}
iterations: 17237
real_time_factor: 0.99945454768060327
step_size {
  nsec: 4000000
}

sim_time {
  sec: 69
  nsec: 52000000
}
real_time {
  sec: 71
  nsec: 94483684
}
iterations: 17263
real_time_factor: 1.0000192503705696
step_size {
  nsec: 4000000
}

sim_time {
  sec: 69
  nsec: 152000000
}
real_time {
  sec: 71
  nsec: 194484672
}
iterations: 17288
real_time_factor: 0.9997738011774836
step_size {
  nsec: 4000000
}

sim_time {
  sec: 69
  nsec: 256000000
}
real_time {
  sec: 71
  nsec: 298483861
}
iterations: 17314
real_time_factor: 0.99992175612258338
step_size {
  nsec: 4000000
}

sim_time {
  sec: 69
  nsec: 356000000
}
real_time {
  sec: 71
  nsec: 398484569
}
iterations: 17339
real_time_factor: 0.99991250765558015
step_size {
  nsec: 4000000
}

sim_time {
  sec: 69
  nsec: 460000000
}
real_time {
  sec: 71
  nsec: 502483506
}
iterations: 17365
real_time_factor: 0.99998875012656108
step_size {
  nsec: 4000000
}

sim_time {
  sec: 69
  nsec: 560000000
}
real_time {
  sec: 71
  nsec: 602483795
}
iterations: 17390
real_time_factor: 0.99999150007224935
step_size {
  nsec: 4000000
}

sim_time {
  sec: 69
  nsec: 660000000
}
real_time {
  sec: 71
  nsec: 702484493
}
iterations: 17415
real_time_factor: 0.99997750050623857
step_size {
  nsec: 4000000
}

sim_time {
  sec: 69
  nsec: 764000000
}
real_time {
  sec: 71
  nsec: 806484227
}
iterations: 17441
real_time_factor: 1.0000442519581492
step_size {
  nsec: 4000000
}

sim_time {
  sec: 69
  nsec: 864000000
}
real_time {
  sec: 71
  nsec: 906484666
}
iterations: 17466
real_time_factor: 0.999731821938765
step_size {
  nsec: 4000000
}

sim_time {
  sec: 69
  nsec: 968000000
}
real_time {
  sec: 72
  nsec: 10484829
}
iterations: 17492
real_time_factor: 0.99974106706363053
step_size {
  nsec: 4000000
}

sim_time {
  sec: 70
  nsec: 72000000
}
real_time {
  sec: 72
  nsec: 114483774
}
iterations: 17518
real_time_factor: 1.0000285008122731
step_size {
  nsec: 4000000
}

sim_time {
  sec: 70
  nsec: 176000000
}
real_time {
  sec: 72
  nsec: 218483165
}
iterations: 17544
real_time_factor: 1.0000560031361756
step_size {
  nsec: 4000000
}

sim_time {
  sec: 70
  nsec: 280000000
}
real_time {
  sec: 72
  nsec: 322483176
}
iterations: 17570
real_time_factor: 1.0000120001440018
step_size {
  nsec: 4000000
}

sim_time {
  sec: 70
  nsec: 380000000
}
real_time {
  sec: 72
  nsec: 422483963
}
iterations: 17595
real_time_factor: 1.0003293584412667
step_size {
  nsec: 4000000
}

sim_time {
  sec: 70
  nsec: 484000000
}
real_time {
  sec: 72
  nsec: 526483565
}
iterations: 17621
real_time_factor: 1.0000095000902509
step_size {
  nsec: 4000000
}

sim_time {
  sec: 70
  nsec: 584000000
}
real_time {
  sec: 72
  nsec: 626483704
}
iterations: 17646
real_time_factor: 1.0000540029161575
step_size {
  nsec: 4000000
}

sim_time {
  sec: 70
  nsec: 684000000
}
real_time {
  sec: 72
  nsec: 726483928
}
iterations: 17671
real_time_factor: 0.99993100476067154
step_size {
  nsec: 4000000
}

sim_time {
  sec: 70
  nsec: 788000000
}
real_time {
  sec: 72
  nsec: 830486371
}
iterations: 17697
real_time_factor: 0.99941509231722137
step_size {
  nsec: 4000000
}

sim_time {
  sec: 70
  nsec: 888000000
}
real_time {
  sec: 72
  nsec: 930488455
}
iterations: 17722
real_time_factor: 0.99874058811838273
step_size {
  nsec: 4000000
}

sim_time {
  sec: 70
  nsec: 992000000
}
real_time {
  sec: 73
  nsec: 34482945
}
iterations: 17748
real_time_factor: 1.0000932586963733
step_size {
  nsec: 4000000
}

sim_time {
  sec: 71
  nsec: 92000000
}
real_time {
  sec: 73
  nsec: 134483493
}
iterations: 17773
real_time_factor: 1.0000720051843732
step_size {
  nsec: 4000000
}

sim_time {
  sec: 71
  nsec: 196000000
}
real_time {
  sec: 73
  nsec: 238483307
}
iterations: 17799
real_time_factor: 0.99997250075622923
step_size {
  nsec: 4000000
}

sim_time {
  sec: 71
  nsec: 300000000
}
real_time {
  sec: 73
  nsec: 342484008
}
iterations: 17825
real_time_factor: 0.99981778320901016
step_size {
  nsec: 4000000
}

sim_time {
  sec: 71
  nsec: 404000000
}
real_time {
  sec: 73
  nsec: 446483468
}
iterations: 17851
real_time_factor: 1.0000932586963733
step_size {
  nsec: 4000000
}

sim_time {
  sec: 71
  nsec: 504000000
}
real_time {
  sec: 73
  nsec: 546483596
}
iterations: 17876
real_time_factor: 1.0007187662538619
step_size {
  nsec: 4000000
}

sim_time {
  sec: 71
  nsec: 604000000
}
real_time {
  sec: 73
  nsec: 646485002
}
iterations: 17901
real_time_factor: 0.99982927915058506
step_size {
  nsec: 4000000
}

sim_time {
  sec: 71
  nsec: 708000000
}
real_time {
  sec: 73
  nsec: 750483351
}
iterations: 17927
real_time_factor: 1.0000607536907866
step_size {
  nsec: 4000000
}

sim_time {
  sec: 71
  nsec: 808000000
}
real_time {
  sec: 73
  nsec: 850484349
}
iterations: 17952
real_time_factor: 1.0155178747648124
step_size {
  nsec: 4000000
}

sim_time {
  sec: 71
  nsec: 908000000
}
real_time {
  sec: 73
  nsec: 950484885
}
iterations: 17977
real_time_factor: 1.2250855875418596
step_size {
  nsec: 4000000
}

sim_time {
  sec: 72
  nsec: 12000000
}
real_time {
  sec: 74
  nsec: 54483919
}
iterations: 18003
real_time_factor: 0.99990800846322136
step_size {
  nsec: 4000000
}

sim_time {
  sec: 72
  nsec: 116000000
}
real_time {
  sec: 74
  nsec: 158484878
}
iterations: 18029
real_time_factor: 0.9997900440907409
step_size {
  nsec: 4000000
}

sim_time {
  sec: 72
  nsec: 216000000
}
real_time {
  sec: 74
  nsec: 258554572
}
iterations: 18054
real_time_factor: 0.9826761563703087
step_size {
  nsec: 4000000
}

sim_time {
  sec: 72
  nsec: 320000000
}
real_time {
  sec: 74
  nsec: 362483067
}
iterations: 18080
real_time_factor: 1.0000697548654018
step_size {
  nsec: 4000000
}

sim_time {
  sec: 72
  nsec: 420000000
}
real_time {
  sec: 74
  nsec: 462484489
}
iterations: 18105
real_time_factor: 0.99994750275610533
step_size {
  nsec: 4000000
}

sim_time {
  sec: 72
  nsec: 524000000
}
real_time {
  sec: 74
  nsec: 566484446
}
iterations: 18131
real_time_factor: 0.9998987602505246
step_size {
  nsec: 4000000
}

sim_time {
  sec: 72
  nsec: 628000000
}
real_time {
  sec: 74
  nsec: 670530672
}
iterations: 18157
real_time_factor: 0.98820161388146566
step_size {
  nsec: 4000000
}

sim_time {
  sec: 72
  nsec: 732000000
}
real_time {
  sec: 74
  nsec: 774490036
}
iterations: 18183
real_time_factor: 0.99986876722430185
step_size {
  nsec: 4000000
}

sim_time {
  sec: 72
  nsec: 836000000
}
real_time {
  sec: 74
  nsec: 878483956
}
iterations: 18209
real_time_factor: 0.99984777317653384
step_size {
  nsec: 4000000
}

sim_time {
  sec: 72
  nsec: 940000000
}
real_time {
  sec: 74
  nsec: 982483117
}
iterations: 18235
real_time_factor: 1.000141770095911
step_size {
  nsec: 4000000
}

sim_time {
  sec: 73
  nsec: 44000000
}
real_time {
  sec: 75
  nsec: 86483129
}
iterations: 18261
real_time_factor: 0.99996825100803044
step_size {
  nsec: 4000000
}

sim_time {
  sec: 73
  nsec: 144000000
}
real_time {
  sec: 75
  nsec: 186554460
}
iterations: 18286
real_time_factor: 0.98278118229559008
step_size {
  nsec: 4000000
}

sim_time {
  sec: 73
  nsec: 248000000
}
real_time {
  sec: 75
  nsec: 290484370
}
iterations: 18312
real_time_factor: 0.99999350004224974
step_size {
  nsec: 4000000
}

sim_time {
  sec: 73
  nsec: 352000000
}
real_time {
  sec: 75
  nsec: 394488159
}
iterations: 18338
real_time_factor: 0.99880767333995046
step_size {
  nsec: 4000000
}

sim_time {
  sec: 73
  nsec: 456000000
}
real_time {
  sec: 75
  nsec: 498483640
}
iterations: 18364
real_time_factor: 0.99995450207015579
step_size {
  nsec: 4000000
}

sim_time {
  sec: 73
  nsec: 560000000
}
real_time {
  sec: 75
  nsec: 602483142
}
iterations: 18390
real_time_factor: 1.00000050000025
step_size {
  nsec: 4000000
}

sim_time {
  sec: 73
  nsec: 660000000
}
real_time {
  sec: 75
  nsec: 702484044
}
iterations: 18415
real_time_factor: 1.0009158379917624
step_size {
  nsec: 4000000
}

sim_time {
  sec: 73
  nsec: 760000000
}
real_time {
  sec: 75
  nsec: 802484381
}
iterations: 18440
real_time_factor: 1.0001392693932629
step_size {
  nsec: 4000000
}

sim_time {
  sec: 73
  nsec: 864000000
}
real_time {
  sec: 75
  nsec: 906483751
}
iterations: 18466
real_time_factor: 0.99987576543614454
step_size {
  nsec: 4000000
}

sim_time {
  sec: 73
  nsec: 968000000
}
real_time {
  sec: 76
  nsec: 10484771
}
iterations: 18492
real_time_factor: 0.99981778320901016
step_size {
  nsec: 4000000
}

sim_time {
  sec: 74
  nsec: 72000000
}
real_time {
  sec: 76
  nsec: 114483106
}
iterations: 18518
real_time_factor: 1.0002318037205122
step_size {
  nsec: 4000000
}

sim_time {
  sec: 74
  nsec: 172000000
}
real_time {
  sec: 76
  nsec: 214483155
}
iterations: 18543
real_time_factor: 1.0002483116433654
step_size {
  nsec: 4000000
}

sim_time {
  sec: 74
  nsec: 276000000
}
real_time {
  sec: 76
  nsec: 318484137
}
iterations: 18569
real_time_factor: 0.99986876722430185
step_size {
  nsec: 4000000
}

sim_time {
  sec: 74
  nsec: 380000000
}
real_time {
  sec: 76
  nsec: 422483339
}
iterations: 18595
real_time_factor: 1.0001095119915631
step_size {
  nsec: 4000000
}

sim_time {
  sec: 74
  nsec: 480000000
}
real_time {
  sec: 76
  nsec: 522483202
}
iterations: 18620
real_time_factor: 1.0000422517851379
step_size {
  nsec: 4000000
}

sim_time {
  sec: 74
  nsec: 584000000
}
real_time {
  sec: 76
  nsec: 626483774
}
iterations: 18646
real_time_factor: 0.99991275761189835
step_size {
  nsec: 4000000
}

sim_time {
  sec: 74
  nsec: 688000000
}
real_time {
  sec: 76
  nsec: 730483412
}
iterations: 18672
real_time_factor: 1.0000190003610068
step_size {
  nsec: 4000000
}

sim_time {
  sec: 74
  nsec: 788000000
}
real_time {
  sec: 76
  nsec: 830989397
}
iterations: 18697
real_time_factor: 0.88803558536197658
step_size {
  nsec: 4000000
}

sim_time {
  sec: 74
  nsec: 892000000
}
real_time {
  sec: 76
  nsec: 934484134
}
iterations: 18723
real_time_factor: 0.99998425024805859
step_size {
  nsec: 4000000
}

sim_time {
  sec: 74
  nsec: 996000000
}
real_time {
  sec: 77
  nsec: 38483280
}
iterations: 18749
real_time_factor: 1.0001002600510702
step_size {
  nsec: 4000000
}

sim_time {
  sec: 75
  nsec: 96000000
}
real_time {
  sec: 77
  nsec: 138483633
}
iterations: 18774
real_time_factor: 1.0000052500275627
step_size {
  nsec: 4000000
}

sim_time {
  sec: 75
  nsec: 200000000
}
real_time {
  sec: 77
  nsec: 242483312
}
iterations: 18800
real_time_factor: 1.000003000009
step_size {
  nsec: 4000000
}

sim_time {
  sec: 75
  nsec: 300000000
}
real_time {
  sec: 77
  nsec: 342483980
}
iterations: 18825
real_time_factor: 1.0000007500005625
step_size {
  nsec: 4000000
}

sim_time {
  sec: 75
  nsec: 404000000
}
real_time {
  sec: 77
  nsec: 446483699
}
iterations: 18851
real_time_factor: 0.99996825100803044
step_size {
  nsec: 4000000
}

sim_time {
  sec: 75
  nsec: 508000000
}
real_time {
  sec: 77
  nsec: 550483666
}
iterations: 18877
real_time_factor: 1.0000195003802574
step_size {
  nsec: 4000000
}

sim_time {
  sec: 75
  nsec: 612000000
}
real_time {
  sec: 77
  nsec: 654483468
}
iterations: 18903
real_time_factor: 0.9999407535103545
step_size {
  nsec: 4000000
}

sim_time {
  sec: 75
  nsec: 712000000
}
real_time {
  sec: 77
  nsec: 754486356
}
iterations: 18928
real_time_factor: 1.0003063438177942
step_size {
  nsec: 4000000
}

sim_time {
  sec: 75
  nsec: 816000000
}
real_time {
  sec: 77
  nsec: 858483676
}
iterations: 18954
real_time_factor: 0.99995675187048161
step_size {
  nsec: 4000000
}

sim_time {
  sec: 75
  nsec: 916000000
}
real_time {
  sec: 77
  nsec: 958487721
}
iterations: 18979
real_time_factor: 0.99895584140676963
step_size {
  nsec: 4000000
}

sim_time {
  sec: 76
  nsec: 20000000
}
real_time {
  sec: 78
  nsec: 62483829
}
iterations: 19005
real_time_factor: 0.99998900012099867
step_size {
  nsec: 4000000
}

sim_time {
  sec: 76
  nsec: 120000000
}
real_time {
  sec: 78
  nsec: 162488262
}
iterations: 19030
real_time_factor: 0.99946178982617861
step_size {
  nsec: 4000000
}

sim_time {
  sec: 76
  nsec: 224000000
}
real_time {
  sec: 78
  nsec: 266484462
}
iterations: 19056
real_time_factor: 0.99992900504064208
step_size {
  nsec: 4000000
}

sim_time {
  sec: 76
  nsec: 328000000
}
real_time {
  sec: 78
  nsec: 370527458
}
iterations: 19082
real_time_factor: 0.98928113886044711
step_size {
  nsec: 4000000
}

sim_time {
  sec: 76
  nsec: 432000000
}
real_time {
  sec: 78
  nsec: 474484062
}
iterations: 19108
real_time_factor: 1.0002695726498292
step_size {
  nsec: 4000000
}

sim_time {
  sec: 76
  nsec: 536000000
}
real_time {
  sec: 78
  nsec: 578483038
}
iterations: 19134
real_time_factor: 1.0000907582363099
step_size {
  nsec: 4000000
}

sim_time {
  sec: 76
  nsec: 636000000
}
real_time {
  sec: 78
  nsec: 678484710
}
iterations: 19159
real_time_factor: 0.999723076707752
step_size {
  nsec: 4000000
}

sim_time {
  sec: 76
  nsec: 736000000
}
real_time {
  sec: 78
  nsec: 778484976
}
iterations: 19184
real_time_factor: 0.99959566355409235
step_size {
  nsec: 4000000
}

sim_time {
  sec: 76
  nsec: 840000000
}
real_time {
  sec: 78
  nsec: 882483784
}
iterations: 19210
real_time_factor: 0.99997500062498434
step_size {
  nsec: 4000000
}

sim_time {
  sec: 76
  nsec: 940000000
}
real_time {
  sec: 78
  nsec: 982484447
}
iterations: 19235
real_time_factor: 0.99992200608352544
step_size {
  nsec: 4000000
}

sim_time {
  sec: 77
  nsec: 44000000
}
real_time {
  sec: 79
  nsec: 86484024
}
iterations: 19261
real_time_factor: 0.99994500302483369
step_size {
  nsec: 4000000
}

sim_time {
  sec: 77
  nsec: 148000000
}
real_time {
  sec: 79
  nsec: 190483546
}
iterations: 19287
real_time_factor: 1.0000075000562505
step_size {
  nsec: 4000000
}

sim_time {
  sec: 77
  nsec: 252000000
}
real_time {
  sec: 79
  nsec: 294483326
}
iterations: 19313
real_time_factor: 1.0000075000562505
step_size {
  nsec: 4000000
}

sim_time {
  sec: 77
  nsec: 356000000
}
real_time {
  sec: 79
  nsec: 398484641
}
iterations: 19339
real_time_factor: 0.99970708582385359
step_size {
  nsec: 4000000
}

sim_time {
  sec: 77
  nsec: 460000000
}
real_time {
  sec: 79
  nsec: 502483319
}
iterations: 19365
real_time_factor: 1.0002853313907791
step_size {
  nsec: 4000000
}

sim_time {
  sec: 77
  nsec: 564000000
}
real_time {
  sec: 79
  nsec: 606483227
}
iterations: 19391
real_time_factor: 1.0000237505640759
step_size {
  nsec: 4000000
}

sim_time {
  sec: 77
  nsec: 668000000
}
real_time {
  sec: 79
  nsec: 710483255
}
iterations: 19417
real_time_factor: 1.0000330010890359
step_size {
  nsec: 4000000
}

sim_time {
  sec: 77
  nsec: 768000000
}
real_time {
  sec: 79
  nsec: 810484174
}
iterations: 19442
real_time_factor: 0.99985527094953008
step_size {
  nsec: 4000000
}

sim_time {
  sec: 77
  nsec: 872000000
}
real_time {
  sec: 79
  nsec: 914484675
}
iterations: 19468
real_time_factor: 0.99984127519756238
step_size {
  nsec: 4000000
}

sim_time {
  sec: 77
  nsec: 976000000
}
real_time {
  sec: 80
  nsec: 18483862
}
iterations: 19494
real_time_factor: 1.000014500210253
step_size {
  nsec: 4000000
}

sim_time {
  sec: 78
  nsec: 80000000
}
real_time {
  sec: 80
  nsec: 122483427
}
iterations: 19520
real_time_factor: 0.999996000016
step_size {
  nsec: 4000000
}

sim_time {
  sec: 78
  nsec: 180000000
}
real_time {
  sec: 80
  nsec: 222484291
}
iterations: 19545
real_time_factor: 1.0003158497295521
step_size {
  nsec: 4000000
}

sim_time {
  sec: 78
  nsec: 284000000
}
real_time {
  sec: 80
  nsec: 326484236
}
iterations: 19571
real_time_factor: 0.999866517819871
step_size {
  nsec: 4000000
}

sim_time {
  sec: 78
  nsec: 388000000
}
real_time {
  sec: 80
  nsec: 430484133
}
iterations: 19597
real_time_factor: 1.0000052500275627
step_size {
  nsec: 4000000
}

sim_time {
  sec: 78
  nsec: 492000000
}
real_time {
  sec: 80
  nsec: 534483381
}
iterations: 19623
real_time_factor: 0.99992425573762789
step_size {
  nsec: 4000000
}

sim_time {
  sec: 78
  nsec: 596000000
}
real_time {
  sec: 80
  nsec: 638483906
}
iterations: 19649
real_time_factor: 0.99977180208617378
step_size {
  nsec: 4000000
}

sim_time {
  sec: 78
  nsec: 700000000
}
real_time {
  sec: 80
  nsec: 742483266
}
iterations: 19675
real_time_factor: 1.0000515026523866
step_size {
  nsec: 4000000
}

sim_time {
  sec: 78
  nsec: 800000000
}
real_time {
  sec: 80
  nsec: 842483878
}
iterations: 19700
real_time_factor: 1.0003828965536559
step_size {
  nsec: 4000000
}

sim_time {
  sec: 78
  nsec: 904000000
}
real_time {
  sec: 80
  nsec: 946483858
}
iterations: 19726
real_time_factor: 0.99991275761189835
step_size {
  nsec: 4000000
}

sim_time {
  sec: 79
  nsec: 4000000
}
real_time {
  sec: 81
  nsec: 46484118
}
iterations: 19751
real_time_factor: 1.0001490222043083
step_size {
  nsec: 4000000
}

sim_time {
  sec: 79
  nsec: 108000000
}
real_time {
  sec: 81
  nsec: 150484654
}
iterations: 19777
real_time_factor: 0.99981553403397072
step_size {
  nsec: 4000000
}

sim_time {
  sec: 79
  nsec: 208000000
}
real_time {
  sec: 81
  nsec: 250485775
}
iterations: 19802
real_time_factor: 0.99994750275610533
step_size {
  nsec: 4000000
}

sim_time {
  sec: 79
  nsec: 312000000
}
real_time {
  sec: 81
  nsec: 354483264
}
iterations: 19828
real_time_factor: 1.0001532734891623
step_size {
  nsec: 4000000
}

sim_time {
  sec: 79
  nsec: 412000000
}
real_time {
  sec: 81
  nsec: 454484318
}
iterations: 19853
real_time_factor: 0.99982003239416906
step_size {
  nsec: 4000000
}

sim_time {
  sec: 79
  nsec: 516000000
}
real_time {
  sec: 81
  nsec: 558485304
}
iterations: 19879
real_time_factor: 0.99962838814670651
step_size {
  nsec: 4000000
}

sim_time {
  sec: 79
  nsec: 620000000
}
real_time {
  sec: 81
  nsec: 662483282
}
iterations: 19905
real_time_factor: 1.0000492524256819
step_size {
  nsec: 4000000
}

sim_time {
  sec: 79
  nsec: 720000000
}
real_time {
  sec: 81
  nsec: 762500391
}
iterations: 19930
real_time_factor: 0.99574840325520109
step_size {
  nsec: 4000000
}

sim_time {
  sec: 79
  nsec: 824000000
}
real_time {
  sec: 81
  nsec: 866483564
}
iterations: 19956
real_time_factor: 0.99990800846322136
step_size {
  nsec: 4000000
}

sim_time {
  sec: 79
  nsec: 924000000
}
real_time {
  sec: 81
  nsec: 966489276
}
iterations: 19981
real_time_factor: 0.9988490761520038
step_size {
  nsec: 4000000
}

sim_time {
  sec: 80
  nsec: 28000000
}
real_time {
  sec: 82
  nsec: 70484077
}
iterations: 20007
real_time_factor: 1.0000330010890359
step_size {
  nsec: 4000000
}

sim_time {
  sec: 80
  nsec: 132000000
}
real_time {
  sec: 82
  nsec: 174483739
}
iterations: 20033
real_time_factor: 1.0000680046243144
step_size {
  nsec: 4000000
}

sim_time {
  sec: 80
  nsec: 232000000
}
real_time {
  sec: 82
  nsec: 274483858
}
iterations: 20058
real_time_factor: 0.99992225604459251
step_size {
  nsec: 4000000
}

sim_time {
  sec: 80
  nsec: 336000000
}
real_time {
  sec: 82
  nsec: 378539945
}
iterations: 20084
real_time_factor: 0.98616508995304863
step_size {
  nsec: 4000000
}

sim_time {
  sec: 80
  nsec: 440000000
}
real_time {
  sec: 82
  nsec: 482486045
}
iterations: 20110
real_time_factor: 1.000697986845825
step_size {
  nsec: 4000000
}

sim_time {
  sec: 80
  nsec: 544000000
}
real_time {
  sec: 82
  nsec: 586482854
}
iterations: 20136
real_time_factor: 1.0000635040325061
step_size {
  nsec: 4000000
}

sim_time {
  sec: 80
  nsec: 644000000
}
real_time {
  sec: 82
  nsec: 686484009
}
iterations: 20161
real_time_factor: 0.99989651071114138
step_size {
  nsec: 4000000
}

sim_time {
  sec: 80
  nsec: 744000000
}
real_time {
  sec: 82
  nsec: 786488070
}
iterations: 20186
real_time_factor: 0.999184415720668
step_size {
  nsec: 4000000
}

sim_time {
  sec: 80
  nsec: 844000000
}
real_time {
  sec: 82
  nsec: 886653355
}
iterations: 20211
real_time_factor: 0.95970187820855335
step_size {
  nsec: 4000000
}

sim_time {
  sec: 80
  nsec: 948000000
}
real_time {
  sec: 82
  nsec: 990484347
}
iterations: 20237
real_time_factor: 1.0000770059294566
step_size {
  nsec: 4000000
}

sim_time {
  sec: 81
  nsec: 52000000
}
real_time {
  sec: 83
  nsec: 94484702
}
iterations: 20263
real_time_factor: 0.99973681928232394
step_size {
  nsec: 4000000
}

sim_time {
  sec: 81
  nsec: 156000000
}
real_time {
  sec: 83
  nsec: 198488556
}
iterations: 20289
real_time_factor: 0.99874058811838273
step_size {
  nsec: 4000000
}

sim_time {
  sec: 81
  nsec: 260000000
}
real_time {
  sec: 83
  nsec: 302483244
}
iterations: 20315
real_time_factor: 1.0003481211461589
step_size {
  nsec: 4000000
}

sim_time {
  sec: 81
  nsec: 364000000
}
real_time {
  sec: 83
  nsec: 406483560
}
iterations: 20341
real_time_factor: 1.0000402516201277
step_size {
  nsec: 4000000
}

sim_time {
  sec: 81
  nsec: 464000000
}
real_time {
  sec: 83
  nsec: 506483990
}
iterations: 20366
real_time_factor: 0.99993800384376164
step_size {
  nsec: 4000000
}

sim_time {
  sec: 81
  nsec: 564000000
}
real_time {
  sec: 83
  nsec: 606484558
}
iterations: 20391
real_time_factor: 1.00053803933065
step_size {
  nsec: 4000000
}

sim_time {
  sec: 81
  nsec: 668000000
}
real_time {
  sec: 83
  nsec: 710483039
}
iterations: 20417
real_time_factor: 1.000116763632154
step_size {
  nsec: 4000000
}

sim_time {
  sec: 81
  nsec: 768000000
}
real_time {
  sec: 83
  nsec: 810483913
}
iterations: 20442
real_time_factor: 0.99989201166274044
step_size {
  nsec: 4000000
}

sim_time {
  sec: 81
  nsec: 872000000
}
real_time {
  sec: 83
  nsec: 914483228
}
iterations: 20468
real_time_factor: 1.0000032500105625
step_size {
  nsec: 4000000
}

sim_time {
  sec: 81
  nsec: 972000000
}
real_time {
  sec: 84
  nsec: 14483741
}
iterations: 20493
real_time_factor: 1.0000195003802574
step_size {
  nsec: 4000000
}

sim_time {
  sec: 82
  nsec: 76000000
}
real_time {
  sec: 84
  nsec: 118483362
}
iterations: 20519
real_time_factor: 1.0000265007022686
step_size {
  nsec: 4000000
}

sim_time {
  sec: 82
  nsec: 180000000
}
real_time {
  sec: 84
  nsec: 222483400
}
iterations: 20545
real_time_factor: 0.99997050087022432
step_size {
  nsec: 4000000
}

sim_time {
  sec: 82
  nsec: 280000000
}
real_time {
  sec: 84
  nsec: 322484496
}
iterations: 20570
real_time_factor: 0.99983152838746669
step_size {
  nsec: 4000000
}

sim_time {
  sec: 82
  nsec: 384000000
}
real_time {
  sec: 84
  nsec: 426483623
}
iterations: 20596
real_time_factor: 0.99996850099221879
step_size {
  nsec: 4000000
}

sim_time {
  sec: 82
  nsec: 484000000
}
real_time {
  sec: 84
  nsec: 526483430
}
iterations: 20621
real_time_factor: 1.0002810789831942
step_size {
  nsec: 4000000
}

sim_time {
  sec: 82
  nsec: 584000000
}
real_time {
  sec: 84
  nsec: 626483811
}
iterations: 20646
real_time_factor: 1.0000332511055992
step_size {
  nsec: 4000000
}

sim_time {
  sec: 82
  nsec: 688000000
}
real_time {
  sec: 84
  nsec: 730483327
}
iterations: 20672
real_time_factor: 0.99998250030624469
step_size {
  nsec: 4000000
}

sim_time {
  sec: 82
  nsec: 788000000
}
real_time {
  sec: 84
  nsec: 830483847
}
iterations: 20697
real_time_factor: 1.000172279675174
step_size {
  nsec: 4000000
}

sim_time {
  sec: 82
  nsec: 892000000
}
real_time {
  sec: 84
  nsec: 934483780
}
iterations: 20723
real_time_factor: 0.999984750232559
step_size {
  nsec: 4000000
}

sim_time {
  sec: 82
  nsec: 992000000
}
real_time {
  sec: 85
  nsec: 34486614
}
iterations: 20748
real_time_factor: 1.0009694389015762
step_size {
  nsec: 4000000
}

sim_time {
  sec: 83
  nsec: 96000000
}
real_time {
  sec: 85
  nsec: 138484715
}
iterations: 20774
real_time_factor: 0.9997068359703517
step_size {
  nsec: 4000000
}

sim_time {
  sec: 83
  nsec: 200000000
}
real_time {
  sec: 85
  nsec: 242483685
}
iterations: 20800
real_time_factor: 1.0000447520026521
step_size {
  nsec: 4000000
}

sim_time {
  sec: 83
  nsec: 304000000
}
real_time {
  sec: 85
  nsec: 346483562
}
iterations: 20826
real_time_factor: 0.99990350931135141
step_size {
  nsec: 4000000
}

sim_time {
  sec: 83
  nsec: 408000000
}
real_time {
  sec: 85
  nsec: 450483585
}
iterations: 20852
real_time_factor: 0.999950002499875
step_size {
  nsec: 4000000
}

sim_time {
  sec: 83
  nsec: 508000000
}
real_time {
  sec: 85
  nsec: 550830891
}
iterations: 20877
real_time_factor: 0.92067149175250973
step_size {
  nsec: 4000000
}

sim_time {
  sec: 83
  nsec: 612000000
}
real_time {
  sec: 85
  nsec: 654484691
}
iterations: 20903
real_time_factor: 1.0011618483249811
step_size {
  nsec: 4000000
}

sim_time {
  sec: 83
  nsec: 716000000
}
real_time {
  sec: 85
  nsec: 758483502
}
iterations: 20929
real_time_factor: 1.0000007500005625
step_size {
  nsec: 4000000
}

sim_time {
  sec: 83
  nsec: 816000000
}
real_time {
  sec: 85
  nsec: 858486631
}
iterations: 20954
real_time_factor: 0.99927452669362038
step_size {
  nsec: 4000000
}

sim_time {
  sec: 83
  nsec: 920000000
}
real_time {
  sec: 85
  nsec: 962483302
}
iterations: 20980
real_time_factor: 1.0000840070565928
step_size {
  nsec: 4000000
}

sim_time {
  sec: 84
  nsec: 20000000
}
real_time {
  sec: 86
  nsec: 62483791
}
iterations: 21005
real_time_factor: 0.99998700016899777
step_size {
  nsec: 4000000
}

sim_time {
  sec: 84
  nsec: 124000000
}
real_time {
  sec: 86
  nsec: 166483722
}
iterations: 21031
real_time_factor: 1.0001305170324728
step_size {
  nsec: 4000000
}

sim_time {
  sec: 84
  nsec: 224000000
}
real_time {
  sec: 86
  nsec: 266484055
}
iterations: 21056
real_time_factor: 1.0003944054943661
step_size {
  nsec: 4000000
}

sim_time {
  sec: 84
  nsec: 328000000
}
real_time {
  sec: 86
  nsec: 370484068
}
iterations: 21082
real_time_factor: 1.0000425018063268
step_size {
  nsec: 4000000
}

sim_time {
  sec: 84
  nsec: 428000000
}
real_time {
  sec: 86
  nsec: 470484425
}
iterations: 21107
real_time_factor: 1.0000357512781082
step_size {
  nsec: 4000000
}

sim_time {
  sec: 84
  nsec: 532000000
}
real_time {
  sec: 86
  nsec: 574483706
}
iterations: 21133
real_time_factor: 1.0002555652969334
step_size {
  nsec: 4000000
}

sim_time {
  sec: 84
  nsec: 636000000
}
real_time {
  sec: 86
  nsec: 678483958
}
iterations: 21159
real_time_factor: 0.99979254304731768
step_size {
  nsec: 4000000
}

sim_time {
  sec: 84
  nsec: 736000000
}
real_time {
  sec: 86
  nsec: 778484020
}
iterations: 21184
real_time_factor: 1.0000380014440549
step_size {
  nsec: 4000000
}

sim_time {
  sec: 84
  nsec: 840000000
}
real_time {
  sec: 86
  nsec: 882483244
}
iterations: 21210
real_time_factor: 1.0000450020250911
step_size {
  nsec: 4000000
}

sim_time {
  sec: 84
  nsec: 940000000
}
real_time {
  sec: 86
  nsec: 982483186
}
iterations: 21235
real_time_factor: 1.0000797563605697
step_size {
  nsec: 4000000
}

sim_time {
  sec: 85
  nsec: 44000000
}
real_time {
  sec: 87
  nsec: 86483299
}
iterations: 21261
real_time_factor: 1.0000055000302501
step_size {
  nsec: 4000000
}

sim_time {
  sec: 85
  nsec: 144000000
}
real_time {
  sec: 87
  nsec: 186484241
}
iterations: 21286
real_time_factor: 1.0390768218068975
step_size {
  nsec: 4000000
}

sim_time {
  sec: 85
  nsec: 248000000
}
real_time {
  sec: 87
  nsec: 290483299
}
iterations: 21312
real_time_factor: 0.99997075085553744
step_size {
  nsec: 4000000
}

sim_time {
  sec: 85
  nsec: 348000000
}
real_time {
  sec: 87
  nsec: 390484443
}
iterations: 21337
real_time_factor: 0.99987326606352644
step_size {
  nsec: 4000000
}

sim_time {
  sec: 85
  nsec: 452000000
}
real_time {
  sec: 87
  nsec: 494483962
}
iterations: 21363
real_time_factor: 0.99999150007224935
step_size {
  nsec: 4000000
}

sim_time {
  sec: 85
  nsec: 552000000
}
real_time {
  sec: 87
  nsec: 594483635
}
iterations: 21388
real_time_factor: 1.0001815329482302
step_size {
  nsec: 4000000
}

sim_time {
  sec: 85
  nsec: 652000000
}
real_time {
  sec: 87
  nsec: 694483992
}
iterations: 21413
real_time_factor: 1.0000402516201277
step_size {
  nsec: 4000000
}

sim_time {
  sec: 85
  nsec: 756000000
}
real_time {
  sec: 87
  nsec: 798483750
}
iterations: 21439
real_time_factor: 1.0001305170324728
step_size {
  nsec: 4000000
}

sim_time {
  sec: 85
  nsec: 856000000
}
real_time {
  sec: 87
  nsec: 898653380
}
iterations: 21464
real_time_factor: 0.95945694736778986
step_size {
  nsec: 4000000
}

sim_time {
  sec: 85
  nsec: 960000000
}
real_time {
  sec: 88
  nsec: 2483430
}
iterations: 21490
real_time_factor: 0.99988801254259518
step_size {
  nsec: 4000000
}

sim_time {
  sec: 86
  nsec: 60000000
}
real_time {
  sec: 88
  nsec: 102484422
}
iterations: 21515
real_time_factor: 1.0011132379205676
step_size {
  nsec: 4000000
}

sim_time {
  sec: 86
  nsec: 164000000
}
real_time {
  sec: 88
  nsec: 206483575
}
iterations: 21541
real_time_factor: 1.0000980096049412
step_size {
  nsec: 4000000
}

