sim_time {
  nsec: 4000000
}
real_time {
  sec: 1
  nsec: 771339551
}
iterations: 1
real_time_factor: 0.00225817799740418
step_size {
  nsec: 4000000
}

sim_time {
  nsec: 108000000
}
real_time {
  sec: 1
  nsec: 875322707
}
iterations: 27
real_time_factor: 0.9999872501625604
step_size {
  nsec: 4000000
}

sim_time {
  nsec: 208000000
}
real_time {
  sec: 1
  nsec: 975322702
}
iterations: 52
real_time_factor: 1.0000915083730162
step_size {
  nsec: 4000000
}

sim_time {
  nsec: 312000000
}
real_time {
  sec: 2
  nsec: 79322675
}
iterations: 78
real_time_factor: 1.000017000289005
step_size {
  nsec: 4000000
}

sim_time {
  nsec: 412000000
}
real_time {
  sec: 2
  nsec: 179324394
}
iterations: 103
real_time_factor: 1.0015774845381475
step_size {
  nsec: 4000000
}

sim_time {
  nsec: 516000000
}
real_time {
  sec: 2
  nsec: 283322749
}
iterations: 129
real_time_factor: 1.0003924039204377
step_size {
  nsec: 4000000
}

sim_time {
  nsec: 620000000
}
real_time {
  sec: 2
  nsec: 387322489
}
iterations: 155
real_time_factor: 0.99992025635955528
step_size {
  nsec: 4000000
}

sim_time {
  nsec: 720000000
}
real_time {
  sec: 2
  nsec: 487322557
}
iterations: 180
real_time_factor: 1.0000315009922813
step_size {
  nsec: 4000000
}

sim_time {
  nsec: 824000000
}
real_time {
  sec: 2
  nsec: 591322519
}
iterations: 206
real_time_factor: 0.99994100348079462
step_size {
  nsec: 4000000
}

sim_time {
  nsec: 928000000
}
real_time {
  sec: 2
  nsec: 695322408
}
iterations: 232
real_time_factor: 1.0000197503900703
step_size {
  nsec: 4000000
}

sim_time {
  sec: 1
  nsec: 28000000
}
real_time {
  sec: 2
  nsec: 795327097
}
iterations: 257
real_time_factor: 1.0005385398690845
step_size {
  nsec: 4000000
}

sim_time {
  sec: 1
  nsec: 132000000
}
real_time {
  sec: 2
  nsec: 899322577
}
iterations: 283
real_time_factor: 1.0003045927484919
step_size {
  nsec: 4000000
}

sim_time {
  sec: 1
  nsec: 232000000
}
real_time {
  sec: 2
  nsec: 999323230
}
iterations: 308
real_time_factor: 1.0013781466743605
step_size {
  nsec: 4000000
}

sim_time {
  sec: 1
  nsec: 336000000
}
real_time {
  sec: 3
  nsec: 103322869
}
iterations: 334
real_time_factor: 0.99993175465774464
step_size {
  nsec: 4000000
}

sim_time {
  sec: 1
  nsec: 440000000
}
real_time {
  sec: 3
  nsec: 207322461
}
iterations: 360
real_time_factor: 0.9999895001102489
step_size {
  nsec: 4000000
}

sim_time {
  sec: 1
  nsec: 540000000
}
real_time {
  sec: 3
  nsec: 307322696
}
iterations: 385
real_time_factor: 1.0001677781447837
step_size {
  nsec: 4000000
}

sim_time {
  sec: 1
  nsec: 640000000
}
real_time {
  sec: 3
  nsec: 407326191
}
iterations: 410
real_time_factor: 0.99919864268856373
step_size {
  nsec: 4000000
}

sim_time {
  sec: 1
  nsec: 744000000
}
real_time {
  sec: 3
  nsec: 511323483
}
iterations: 436
real_time_factor: 1.0007122569488833
step_size {
  nsec: 4000000
}

sim_time {
  sec: 1
  nsec: 796000000
}
real_time {
  sec: 3
  nsec: 659811549
}
iterations: 449
real_time_factor: 0.039805825986662283
step_size {
  nsec: 4000000
}

sim_time {
  sec: 1
  nsec: 800000000
}
real_time {
  sec: 3
  nsec: 857174542
}
iterations: 450
real_time_factor: 0.020267224058565021
step_size {
  nsec: 4000000
}

sim_time {
  sec: 1
  nsec: 904000000
}
real_time {
  sec: 3
  nsec: 961169967
}
iterations: 476
real_time_factor: 1.0002838305369148
step_size {
  nsec: 4000000
}

sim_time {
  sec: 2
  nsec: 8000000
}
real_time {
  sec: 4
  nsec: 65170206
}
iterations: 502
real_time_factor: 1.0000570032491851
step_size {
  nsec: 4000000
}

sim_time {
  sec: 2
  nsec: 112000000
}
real_time {
  sec: 4
  nsec: 169170409
}
iterations: 528
real_time_factor: 0.99996650112221241
step_size {
  nsec: 4000000
}

sim_time {
  sec: 2
  nsec: 216000000
}
real_time {
  sec: 4
  nsec: 273170418
}
iterations: 554
real_time_factor: 1.0000220004840106
step_size {
  nsec: 4000000
}

sim_time {
  sec: 2
  nsec: 320000000
}
real_time {
  sec: 4
  nsec: 377170342
}
iterations: 580
real_time_factor: 1.0000662543893533
step_size {
  nsec: 4000000
}

sim_time {
  sec: 2
  nsec: 424000000
}
real_time {
  sec: 4
  nsec: 481170044
}
iterations: 606
real_time_factor: 0.99997550060023532
step_size {
  nsec: 4000000
}

sim_time {
  sec: 2
  nsec: 528000000
}
real_time {
  sec: 4
  nsec: 585169986
}
iterations: 632
real_time_factor: 1.000017750315068
step_size {
  nsec: 4000000
}

sim_time {
  sec: 2
  nsec: 628000000
}
real_time {
  sec: 4
  nsec: 685170629
}
iterations: 657
real_time_factor: 1.000112512657674
step_size {
  nsec: 4000000
}

sim_time {
  sec: 2
  nsec: 732000000
}
real_time {
  sec: 4
  nsec: 789169701
}
iterations: 683
real_time_factor: 0.99999450003024981
step_size {
  nsec: 4000000
}

sim_time {
  sec: 2
  nsec: 832000000
}
real_time {
  sec: 4
  nsec: 889172279
}
iterations: 708
real_time_factor: 0.99949475540114474
step_size {
  nsec: 4000000
}

sim_time {
  sec: 2
  nsec: 936000000
}
real_time {
  sec: 4
  nsec: 993170139
}
iterations: 734
real_time_factor: 1.0000542529432221
step_size {
  nsec: 4000000
}

sim_time {
  sec: 3
  nsec: 36000000
}
real_time {
  sec: 5
  nsec: 93170291
}
iterations: 759
real_time_factor: 1.0001447709555957
step_size {
  nsec: 4000000
}

sim_time {
  sec: 3
  nsec: 136000000
}
real_time {
  sec: 5
  nsec: 193170933
}
iterations: 784
real_time_factor: 0.9997955418116995
step_size {
  nsec: 4000000
}

sim_time {
  sec: 3
  nsec: 240000000
}
real_time {
  sec: 5
  nsec: 297170144
}
iterations: 810
real_time_factor: 0.99999925000056245
step_size {
  nsec: 4000000
}

sim_time {
  sec: 3
  nsec: 340000000
}
real_time {
  sec: 5
  nsec: 397170834
}
iterations: 835
real_time_factor: 0.99982752975111788
step_size {
  nsec: 4000000
}

sim_time {
  sec: 3
  nsec: 444000000
}
real_time {
  sec: 5
  nsec: 501170476
}
iterations: 861
real_time_factor: 0.9999250056245782
step_size {
  nsec: 4000000
}

sim_time {
  sec: 3
  nsec: 544000000
}
real_time {
  sec: 5
  nsec: 601170740
}
iterations: 886
real_time_factor: 0.99992725529217752
step_size {
  nsec: 4000000
}

sim_time {
  sec: 3
  nsec: 644000000
}
real_time {
  sec: 5
  nsec: 701174679
}
iterations: 911
real_time_factor: 0.99901147814237812
step_size {
  nsec: 4000000
}

sim_time {
  sec: 3
  nsec: 748000000
}
real_time {
  sec: 5
  nsec: 805170417
}
iterations: 937
real_time_factor: 1.0000455020703443
step_size {
  nsec: 4000000
}

sim_time {
  sec: 3
  nsec: 852000000
}
real_time {
  sec: 5
  nsec: 909170628
}
iterations: 963
real_time_factor: 0.99995500202490883
step_size {
  nsec: 4000000
}

sim_time {
  sec: 3
  nsec: 952000000
}
real_time {
  sec: 6
  nsec: 9170640
}
iterations: 988
real_time_factor: 1.0001497724284212
step_size {
  nsec: 4000000
}

sim_time {
  sec: 4
  nsec: 56000000
}
real_time {
  sec: 6
  nsec: 113170545
}
iterations: 1014
real_time_factor: 1.0002725742764904
step_size {
  nsec: 4000000
}

sim_time {
  sec: 4
  nsec: 160000000
}
real_time {
  sec: 6
  nsec: 217170321
}
iterations: 1040
real_time_factor: 1.0000365013322987
step_size {
  nsec: 4000000
}

sim_time {
  sec: 4
  nsec: 260000000
}
real_time {
  sec: 6
  nsec: 317170668
}
iterations: 1065
real_time_factor: 0.9998347773030507
step_size {
  nsec: 4000000
}

sim_time {
  sec: 4
  nsec: 360000000
}
real_time {
  sec: 6
  nsec: 417585077
}
iterations: 1090
real_time_factor: 0.90622230358084677
step_size {
  nsec: 4000000
}

sim_time {
  sec: 4
  nsec: 464000000
}
real_time {
  sec: 6
  nsec: 521169914
}
iterations: 1116
real_time_factor: 1.0003166002039645
step_size {
  nsec: 4000000
}

sim_time {
  sec: 4
  nsec: 564000000
}
real_time {
  sec: 6
  nsec: 621171807
}
iterations: 1141
real_time_factor: 1.0002072929614663
step_size {
  nsec: 4000000
}

sim_time {
  sec: 4
  nsec: 668000000
}
real_time {
  sec: 6
  nsec: 725170064
}
iterations: 1167
real_time_factor: 1.000124015377907
step_size {
  nsec: 4000000
}

sim_time {
  sec: 4
  nsec: 768000000
}
real_time {
  sec: 6
  nsec: 825170835
}
iterations: 1192
real_time_factor: 1.0001312672288238
step_size {
  nsec: 4000000
}

sim_time {
  sec: 4
  nsec: 872000000
}
real_time {
  sec: 6
  nsec: 929170694
}
iterations: 1218
real_time_factor: 1.0000107501155637
step_size {
  nsec: 4000000
}

sim_time {
  sec: 4
  nsec: 976000000
}
real_time {
  sec: 7
  nsec: 33170645
}
iterations: 1244
real_time_factor: 0.99997850046224
step_size {
  nsec: 4000000
}

sim_time {
  sec: 5
  nsec: 76000000
}
real_time {
  sec: 7
  nsec: 133171065
}
iterations: 1269
real_time_factor: 0.99982078212480407
step_size {
  nsec: 4000000
}

sim_time {
  sec: 5
  nsec: 180000000
}
real_time {
  sec: 7
  nsec: 237171543
}
iterations: 1295
real_time_factor: 0.99990450911937911
step_size {
  nsec: 4000000
}

sim_time {
  sec: 5
  nsec: 284000000
}
real_time {
  sec: 7
  nsec: 341170541
}
iterations: 1321
real_time_factor: 0.99998775015006069
step_size {
  nsec: 4000000
}

sim_time {
  sec: 5
  nsec: 384000000
}
real_time {
  sec: 7
  nsec: 441171018
}
iterations: 1346
real_time_factor: 1.0001382691157052
step_size {
  nsec: 4000000
}

sim_time {
  sec: 5
  nsec: 488000000
}
real_time {
  sec: 7
  nsec: 545171299
}
iterations: 1372
real_time_factor: 0.99994150342204979
step_size {
  nsec: 4000000
}

sim_time {
  sec: 5
  nsec: 592000000
}
real_time {
  sec: 7
  nsec: 649171129
}
iterations: 1398
real_time_factor: 0.99996475124251871
step_size {
  nsec: 4000000
}

sim_time {
  sec: 5
  nsec: 692000000
}
real_time {
  sec: 7
  nsec: 749172707
}
iterations: 1423
real_time_factor: 0.99958292402495064
step_size {
  nsec: 4000000
}

sim_time {
  sec: 5
  nsec: 796000000
}
real_time {
  sec: 7
  nsec: 853172018
}
iterations: 1449
real_time_factor: 0.99976330603729568
step_size {
  nsec: 4000000
}

sim_time {
  sec: 5
  nsec: 900000000
}
real_time {
  sec: 7
  nsec: 957170275
}
iterations: 1475
real_time_factor: 1.0001705290752074
step_size {
  nsec: 4000000
}

sim_time {
  sec: 6
}
real_time {
  sec: 8
  nsec: 57171084
}
iterations: 1500
real_time_factor: 1.0000037500140626
step_size {
  nsec: 4000000
}

sim_time {
  sec: 6
  nsec: 100000000
}
real_time {
  sec: 8
  nsec: 157176578
}
iterations: 1525
real_time_factor: 0.99869545406313
step_size {
  nsec: 4000000
}

sim_time {
  sec: 6
  nsec: 204000000
}
real_time {
  sec: 8
  nsec: 261171603
}
iterations: 1551
real_time_factor: 0.99980928637862332
step_size {
  nsec: 4000000
}

sim_time {
  sec: 6
  nsec: 308000000
}
real_time {
  sec: 8
  nsec: 365171460
}
iterations: 1577
real_time_factor: 1.0000387515016207
step_size {
  nsec: 4000000
}

sim_time {
  sec: 6
  nsec: 412000000
}
real_time {
  sec: 8
  nsec: 469171402
}
iterations: 1603
real_time_factor: 0.99995300220889616
step_size {
  nsec: 4000000
}

sim_time {
  sec: 6
  nsec: 512000000
}
real_time {
  sec: 8
  nsec: 569171600
}
iterations: 1628
real_time_factor: 1.0001035107133589
step_size {
  nsec: 4000000
}

sim_time {
  sec: 6
  nsec: 612000000
}
real_time {
  sec: 8
  nsec: 669175891
}
iterations: 1653
real_time_factor: 0.99874856804424061
step_size {
  nsec: 4000000
}

sim_time {
  sec: 6
  nsec: 712000000
}
real_time {
  sec: 8
  nsec: 769177153
}
iterations: 1678
real_time_factor: 0.99973556994175039
step_size {
  nsec: 4000000
}

sim_time {
  sec: 6
  nsec: 816000000
}
real_time {
  sec: 8
  nsec: 873170844
}
iterations: 1704
real_time_factor: 0.99989751050517317
step_size {
  nsec: 4000000
}

sim_time {
  sec: 6
  nsec: 916000000
}
real_time {
  sec: 8
  nsec: 973172143
}
iterations: 1729
real_time_factor: 0.99964762421246511
step_size {
  nsec: 4000000
}

sim_time {
  sec: 7
  nsec: 20000000
}
real_time {
  sec: 9
  nsec: 77171992
}
iterations: 1755
real_time_factor: 0.99996450126020531
step_size {
  nsec: 4000000
}

sim_time {
  sec: 7
  nsec: 124000000
}
real_time {
  sec: 9
  nsec: 181171646
}
iterations: 1781
real_time_factor: 0.999992250060062
step_size {
  nsec: 4000000
}

sim_time {
  sec: 7
  nsec: 228000000
}
real_time {
  sec: 9
  nsec: 285170503
}
iterations: 1807
real_time_factor: 0.99995075242544307
step_size {
  nsec: 4000000
}

sim_time {
  sec: 7
  nsec: 328000000
}
real_time {
  sec: 9
  nsec: 385171886
}
iterations: 1832
real_time_factor: 0.99999925000056245
step_size {
  nsec: 4000000
}

sim_time {
  sec: 7
  nsec: 432000000
}
real_time {
  sec: 9
  nsec: 489171130
}
iterations: 1858
real_time_factor: 0.99986526815511612
step_size {
  nsec: 4000000
}

sim_time {
  sec: 7
  nsec: 532000000
}
real_time {
  sec: 9
  nsec: 589171745
}
iterations: 1883
real_time_factor: 0.9999160070554074
step_size {
  nsec: 4000000
}

sim_time {
  sec: 7
  nsec: 636000000
}
real_time {
  sec: 9
  nsec: 693171009
}
iterations: 1909
real_time_factor: 0.99999025009506159
step_size {
  nsec: 4000000
}

sim_time {
  sec: 7
  nsec: 740000000
}
real_time {
  sec: 9
  nsec: 797170329
}
iterations: 1935
real_time_factor: 1.0000922585108476
step_size {
  nsec: 4000000
}

sim_time {
  sec: 7
  nsec: 844000000
}
real_time {
  sec: 9
  nsec: 901178834
}
iterations: 1961
real_time_factor: 0.99793900646689426
step_size {
  nsec: 4000000
}

sim_time {
  sec: 7
  nsec: 948000000
}
real_time {
  sec: 10
  nsec: 5172433
}
iterations: 1987
real_time_factor: 0.9997448151359366
step_size {
  nsec: 4000000
}

sim_time {
  sec: 8
  nsec: 48000000
}
real_time {
  sec: 10
  nsec: 105172389
}
iterations: 2012
real_time_factor: 0.99974256628918057
step_size {
  nsec: 4000000
}

sim_time {
  sec: 8
  nsec: 152000000
}
real_time {
  sec: 10
  nsec: 209170709
}
iterations: 2038
real_time_factor: 1.0002843308210358
step_size {
  nsec: 4000000
}

sim_time {
  sec: 8
  nsec: 252000000
}
real_time {
  sec: 10
  nsec: 309171786
}
iterations: 2063
real_time_factor: 1.0001940376433027
step_size {
  nsec: 4000000
}

sim_time {
  sec: 8
  nsec: 356000000
}
real_time {
  sec: 10
  nsec: 413171144
}
iterations: 2089
real_time_factor: 1.0001520231075123
step_size {
  nsec: 4000000
}

sim_time {
  sec: 8
  nsec: 460000000
}
real_time {
  sec: 10
  nsec: 517171968
}
iterations: 2115
real_time_factor: 0.99973806862602
step_size {
  nsec: 4000000
}

sim_time {
  sec: 8
  nsec: 564000000
}
real_time {
  sec: 10
  nsec: 621171399
}
iterations: 2141
real_time_factor: 0.99994400313582443
step_size {
  nsec: 4000000
}

sim_time {
  sec: 8
  nsec: 668000000
}
real_time {
  sec: 10
  nsec: 725171626
}
iterations: 2167
real_time_factor: 0.99979354263344622
step_size {
  nsec: 4000000
}

sim_time {
  sec: 8
  nsec: 772000000
}
real_time {
  sec: 10
  nsec: 829171001
}
iterations: 2193
real_time_factor: 0.99997425066304546
step_size {
  nsec: 4000000
}

sim_time {
  sec: 8
  nsec: 876000000
}
real_time {
  sec: 10
  nsec: 933170154
}
iterations: 2219
real_time_factor: 1.0000597535702758
step_size {
  nsec: 4000000
}

sim_time {
  sec: 8
  nsec: 976000000
}
real_time {
  sec: 11
  nsec: 33170565
}
iterations: 2244
real_time_factor: 1.0001892858223418
step_size {
  nsec: 4000000
}

sim_time {
  sec: 9
  nsec: 80000000
}
real_time {
  sec: 11
  nsec: 137171329
}
iterations: 2270
real_time_factor: 0.99988601299451862
step_size {
  nsec: 4000000
}

sim_time {
  sec: 9
  nsec: 180000000
}
real_time {
  sec: 11
  nsec: 237171415
}
iterations: 2295
real_time_factor: 1.0001085117735273
step_size {
  nsec: 4000000
}

sim_time {
  sec: 9
  nsec: 284000000
}
real_time {
  sec: 11
  nsec: 341170947
}
iterations: 2321
real_time_factor: 0.99982153185656364
step_size {
  nsec: 4000000
}

sim_time {
  sec: 9
  nsec: 384000000
}
real_time {
  sec: 11
  nsec: 441174108
}
iterations: 2346
real_time_factor: 1.0002265513138726
step_size {
  nsec: 4000000
}

sim_time {
  sec: 9
  nsec: 488000000
}
real_time {
  sec: 11
  nsec: 545170958
}
iterations: 2372
real_time_factor: 1.0002172972078185
step_size {
  nsec: 4000000
}

sim_time {
  sec: 9
  nsec: 588000000
}
real_time {
  sec: 11
  nsec: 645171739
}
iterations: 2397
real_time_factor: 0.999863018766429
step_size {
  nsec: 4000000
}

sim_time {
  sec: 9
  nsec: 692000000
}
real_time {
  sec: 11
  nsec: 749170400
}
iterations: 2423
real_time_factor: 0.99996975091503482
step_size {
  nsec: 4000000
}

sim_time {
  sec: 9
  nsec: 792000000
}
real_time {
  sec: 11
  nsec: 849178645
}
iterations: 2448
real_time_factor: 0.99809339209774528
step_size {
  nsec: 4000000
}

sim_time {
  sec: 9
  nsec: 896000000
}
real_time {
  sec: 11
  nsec: 953171048
}
iterations: 2474
real_time_factor: 0.99985827009021466
step_size {
  nsec: 4000000
}

sim_time {
  sec: 9
  nsec: 996000000
}
real_time {
  sec: 12
  nsec: 53172402
}
iterations: 2499
real_time_factor: 0.99963413390699007
step_size {
  nsec: 4000000
}

sim_time {
  sec: 10
  nsec: 100000000
}
real_time {
  sec: 12
  nsec: 157170620
}
iterations: 2525
real_time_factor: 0.99993250455594251
step_size {
  nsec: 4000000
}

sim_time {
  sec: 10
  nsec: 200000000
}
real_time {
  sec: 12
  nsec: 257170327
}
iterations: 2550
real_time_factor: 1.0001940376433027
step_size {
  nsec: 4000000
}

sim_time {
  sec: 10
  nsec: 300000000
}
real_time {
  sec: 12
  nsec: 357171700
}
iterations: 2575
real_time_factor: 0.99997400067598241
step_size {
  nsec: 4000000
}

sim_time {
  sec: 10
  nsec: 404000000
}
real_time {
  sec: 12
  nsec: 461169991
}
iterations: 2601
real_time_factor: 1.0001155133417909
step_size {
  nsec: 4000000
}

sim_time {
  sec: 10
  nsec: 504000000
}
real_time {
  sec: 12
  nsec: 561170497
}
iterations: 2626
real_time_factor: 1.000307594585335
step_size {
  nsec: 4000000
}

sim_time {
  sec: 10
  nsec: 608000000
}
real_time {
  sec: 12
  nsec: 665170755
}
iterations: 2652
real_time_factor: 0.99999275005256216
step_size {
  nsec: 4000000
}

sim_time {
  sec: 10
  nsec: 708000000
}
real_time {
  sec: 12
  nsec: 765170813
}
iterations: 2677
real_time_factor: 1.0005695742301306
step_size {
  nsec: 4000000
}

sim_time {
  sec: 10
  nsec: 812000000
}
real_time {
  sec: 12
  nsec: 869169947
}
iterations: 2703
real_time_factor: 1.000129516772422
step_size {
  nsec: 4000000
}

sim_time {
  sec: 10
  nsec: 916000000
}
real_time {
  sec: 12
  nsec: 973170682
}
iterations: 2729
real_time_factor: 0.999847023405419
step_size {
  nsec: 4000000
}

sim_time {
  sec: 11
  nsec: 20000000
}
real_time {
  sec: 13
  nsec: 77170232
}
iterations: 2755
real_time_factor: 1.0000277507700839
step_size {
  nsec: 4000000
}

sim_time {
  sec: 11
  nsec: 120000000
}
real_time {
  sec: 13
  nsec: 177170607
}
iterations: 2780
real_time_factor: 1.0000897580557855
step_size {
  nsec: 4000000
}

sim_time {
  sec: 11
  nsec: 224000000
}
real_time {
  sec: 13
  nsec: 281170323
}
iterations: 2806
real_time_factor: 1.0000320010240327
step_size {
  nsec: 4000000
}

sim_time {
  sec: 11
  nsec: 324000000
}
real_time {
  sec: 13
  nsec: 381171058
}
iterations: 2831
real_time_factor: 1.0002195481908278
step_size {
  nsec: 4000000
}

sim_time {
  sec: 11
  nsec: 428000000
}
real_time {
  sec: 13
  nsec: 485170172
}
iterations: 2857
real_time_factor: 1.0000807565210892
step_size {
  nsec: 4000000
}

sim_time {
  sec: 11
  nsec: 532000000
}
real_time {
  sec: 13
  nsec: 589170500
}
iterations: 2883
real_time_factor: 1.0000090000810007
step_size {
  nsec: 4000000
}

sim_time {
  sec: 11
  nsec: 632000000
}
real_time {
  sec: 13
  nsec: 689171299
}
iterations: 2908
real_time_factor: 0.99979379253029066
step_size {
  nsec: 4000000
}

sim_time {
  sec: 11
  nsec: 736000000
}
real_time {
  sec: 13
  nsec: 793170108
}
iterations: 2934
real_time_factor: 1.0000995099012351
step_size {
  nsec: 4000000
}

sim_time {
  sec: 11
  nsec: 836000000
}
real_time {
  sec: 13
  nsec: 893170288
}
iterations: 2959
real_time_factor: 0.999914007395364
step_size {
  nsec: 4000000
}

sim_time {
  sec: 11
  nsec: 936000000
}
real_time {
  sec: 13
  nsec: 993170985
}
iterations: 2984
real_time_factor: 0.99998125035155594
step_size {
  nsec: 4000000
}

sim_time {
  sec: 12
  nsec: 40000000
}
real_time {
  sec: 14
  nsec: 97171072
}
iterations: 3010
real_time_factor: 0.9999165069716679
step_size {
  nsec: 4000000
}

sim_time {
  sec: 12
  nsec: 140000000
}
real_time {
  sec: 14
  nsec: 197171492
}
iterations: 3035
real_time_factor: 0.99993250455594251
step_size {
  nsec: 4000000
}

sim_time {
  sec: 12
  nsec: 244000000
}
real_time {
  sec: 14
  nsec: 301170745
}
iterations: 3061
real_time_factor: 1.000129516772422
step_size {
  nsec: 4000000
}

sim_time {
  sec: 12
  nsec: 348000000
}
real_time {
  sec: 14
  nsec: 405170369
}
iterations: 3087
real_time_factor: 1.0000022500050625
step_size {
  nsec: 4000000
}

sim_time {
  sec: 12
  nsec: 452000000
}
real_time {
  sec: 14
  nsec: 509170231
}
iterations: 3113
real_time_factor: 1.0000645041605183
step_size {
  nsec: 4000000
}

sim_time {
  sec: 12
  nsec: 552000000
}
real_time {
  sec: 14
  nsec: 609171048
}
iterations: 3138
real_time_factor: 0.9999952500225624
step_size {
  nsec: 4000000
}

sim_time {
  sec: 12
  nsec: 656000000
}
real_time {
  sec: 14
  nsec: 713170959
}
iterations: 3164
real_time_factor: 0.99994450308007909
step_size {
  nsec: 4000000
}

sim_time {
  sec: 12
  nsec: 756000000
}
real_time {
  sec: 14
  nsec: 813172537
}
iterations: 3189
real_time_factor: 0.99968035220738172
step_size {
  nsec: 4000000
}

sim_time {
  sec: 12
  nsec: 860000000
}
real_time {
  sec: 14
  nsec: 917170641
}
iterations: 3215
real_time_factor: 1.000078756202051
step_size {
  nsec: 4000000
}

sim_time {
  sec: 12
  nsec: 964000000
}
real_time {
  sec: 15
  nsec: 21171376
}
iterations: 3241
real_time_factor: 0.999833527717635
step_size {
  nsec: 4000000
}

sim_time {
  sec: 13
  nsec: 68000000
}
real_time {
  sec: 15
  nsec: 125170695
}
iterations: 3267
real_time_factor: 0.99988876237518576
step_size {
  nsec: 4000000
}

sim_time {
  sec: 13
  nsec: 172000000
}
real_time {
  sec: 15
  nsec: 229170531
}
iterations: 3293
real_time_factor: 0.99999775000506252
step_size {
  nsec: 4000000
}

sim_time {
  sec: 13
  nsec: 272000000
}
real_time {
  sec: 15
  nsec: 329170868
}
iterations: 3318
real_time_factor: 1.0000417517431353
step_size {
  nsec: 4000000
}

sim_time {
  sec: 13
  nsec: 372000000
}
real_time {
  sec: 15
  nsec: 429171009
}
iterations: 3343
real_time_factor: 0.99998850013224849
step_size {
  nsec: 4000000
}

sim_time {
  sec: 13
  nsec: 472000000
}
real_time {
  sec: 15
  nsec: 529171099
}
iterations: 3368
real_time_factor: 1.000210794424925
step_size {
  nsec: 4000000
}

sim_time {
  sec: 13
  nsec: 576000000
}
real_time {
  sec: 15
  nsec: 633171075
}
iterations: 3394
real_time_factor: 0.99986801742170028
step_size {
  nsec: 4000000
}

sim_time {
  sec: 13
  nsec: 680000000
}
real_time {
  sec: 15
  nsec: 737170837
}
iterations: 3420
real_time_factor: 0.99996300136894933
step_size {
  nsec: 4000000
}

sim_time {
  sec: 13
  nsec: 780000000
}
real_time {
  sec: 15
  nsec: 837173276
}
iterations: 3445
real_time_factor: 0.99929674491576548
step_size {
  nsec: 4000000
}

sim_time {
  sec: 13
  nsec: 884000000
}
real_time {
  sec: 15
  nsec: 941171964
}
iterations: 3471
real_time_factor: 1.0000880077446814
step_size {
  nsec: 4000000
}

sim_time {
  sec: 13
  nsec: 984000000
}
real_time {
  sec: 16
  nsec: 41175736
}
iterations: 3496
real_time_factor: 0.99878622504002013
step_size {
  nsec: 4000000
}

sim_time {
  sec: 14
  nsec: 88000000
}
real_time {
  sec: 16
  nsec: 145170961
}
iterations: 3522
real_time_factor: 0.99997225077004115
step_size {
  nsec: 4000000
}

sim_time {
  sec: 14
  nsec: 188000000
}
real_time {
  sec: 16
  nsec: 245171140
}
iterations: 3547
real_time_factor: 0.99998850013224849
step_size {
  nsec: 4000000
}

sim_time {
  sec: 14
  nsec: 288000000
}
real_time {
  sec: 16
  nsec: 345172727
}
iterations: 3572
real_time_factor: 0.99963213537418227
step_size {
  nsec: 4000000
}

sim_time {
  sec: 14
  nsec: 388000000
}
real_time {
  sec: 16
  nsec: 445171692
}
iterations: 3597
real_time_factor: 1.001353830378672
step_size {
  nsec: 4000000
}

sim_time {
  sec: 14
  nsec: 492000000
}
real_time {
  sec: 16
  nsec: 549170632
}
iterations: 3623
real_time_factor: 1.0000257506630796
step_size {
  nsec: 4000000
}

sim_time {
  sec: 14
  nsec: 596000000
}
real_time {
  sec: 16
  nsec: 653170811
}
iterations: 3649
real_time_factor: 0.99996300136894933
step_size {
  nsec: 4000000
}

sim_time {
  sec: 14
  nsec: 700000000
}
real_time {
  sec: 16
  nsec: 757171907
}
iterations: 3675
real_time_factor: 0.99966686101856561
step_size {
  nsec: 4000000
}

sim_time {
  sec: 14
  nsec: 804000000
}
real_time {
  sec: 16
  nsec: 861170224
}
iterations: 3701
real_time_factor: 1.0004331875702179
step_size {
  nsec: 4000000
}

sim_time {
  sec: 14
  nsec: 904000000
}
real_time {
  sec: 16
  nsec: 961170570
}
iterations: 3726
real_time_factor: 1.0001345180926835
step_size {
  nsec: 4000000
}

sim_time {
  sec: 15
  nsec: 4000000
}
real_time {
  sec: 17
  nsec: 61173897
}
iterations: 3751
real_time_factor: 0.99948201844394147
step_size {
  nsec: 4000000
}

sim_time {
  sec: 15
  nsec: 104000000
}
real_time {
  sec: 17
  nsec: 161174299
}
iterations: 3776
real_time_factor: 1.0004029122729179
step_size {
  nsec: 4000000
}

sim_time {
  sec: 15
  nsec: 208000000
}
real_time {
  sec: 17
  nsec: 265170922
}
iterations: 3802
real_time_factor: 0.99991900656046862
step_size {
  nsec: 4000000
}

sim_time {
  sec: 15
  nsec: 312000000
}
real_time {
  sec: 17
  nsec: 369170498
}
iterations: 3828
real_time_factor: 1.0000142502030653
step_size {
  nsec: 4000000
}

sim_time {
  sec: 15
  nsec: 412000000
}
real_time {
  sec: 17
  nsec: 469171835
}
iterations: 3853
real_time_factor: 0.99984277472367467
step_size {
  nsec: 4000000
}

sim_time {
  sec: 15
  nsec: 516000000
}
real_time {
  sec: 17
  nsec: 573170662
}
iterations: 3879
real_time_factor: 1.0001020104050613
step_size {
  nsec: 4000000
}

sim_time {
  sec: 15
  nsec: 620000000
}
real_time {
  sec: 17
  nsec: 677170499
}
iterations: 3905
real_time_factor: 0.99989126182527654
step_size {
  nsec: 4000000
}

sim_time {
  sec: 15
  nsec: 724000000
}
real_time {
  sec: 17
  nsec: 781170524
}
iterations: 3931
real_time_factor: 0.99988001439827223
step_size {
  nsec: 4000000
}

sim_time {
  sec: 15
  nsec: 824000000
}
real_time {
  sec: 17
  nsec: 881170824
}
iterations: 3956
real_time_factor: 1.0004982481275675
step_size {
  nsec: 4000000
}

sim_time {
  sec: 15
  nsec: 928000000
}
real_time {
  sec: 17
  nsec: 985170798
}
iterations: 3982
real_time_factor: 0.99990775850927749
step_size {
  nsec: 4000000
}

sim_time {
  sec: 16
  nsec: 28000000
}
real_time {
  sec: 18
  nsec: 85171181
}
iterations: 4007
real_time_factor: 0.99994475305239383
step_size {
  nsec: 4000000
}

sim_time {
  sec: 16
  nsec: 132000000
}
real_time {
  sec: 18
  nsec: 189171183
}
iterations: 4033
real_time_factor: 0.99981278505599824
step_size {
  nsec: 4000000
}

sim_time {
  sec: 16
  nsec: 236000000
}
real_time {
  sec: 18
  nsec: 293170769
}
iterations: 4059
real_time_factor: 1.0000812566020989
step_size {
  nsec: 4000000
}

sim_time {
  sec: 16
  nsec: 340000000
}
real_time {
  sec: 18
  nsec: 397170651
}
iterations: 4085
real_time_factor: 1.0000305009302783
step_size {
  nsec: 4000000
}

sim_time {
  sec: 16
  nsec: 444000000
}
real_time {
  sec: 18
  nsec: 501170715
}
iterations: 4111
real_time_factor: 0.9998730161269519
step_size {
  nsec: 4000000
}

sim_time {
  sec: 16
  nsec: 548000000
}
real_time {
  sec: 18
  nsec: 605170338
}
iterations: 4137
real_time_factor: 0.99996325135051289
step_size {
  nsec: 4000000
}

sim_time {
  sec: 16
  nsec: 652000000
}
real_time {
  sec: 18
  nsec: 709170544
}
iterations: 4163
real_time_factor: 0.99992850511188447
step_size {
  nsec: 4000000
}

sim_time {
  sec: 16
  nsec: 756000000
}
real_time {
  sec: 18
  nsec: 813170491
}
iterations: 4189
real_time_factor: 1.0000165002722545
step_size {
  nsec: 4000000
}

sim_time {
  sec: 16
  nsec: 860000000
}
real_time {
  sec: 18
  nsec: 917170483
}
iterations: 4215
real_time_factor: 0.99992150616176634
step_size {
  nsec: 4000000
}

sim_time {
  sec: 16
  nsec: 960000000
}
real_time {
  sec: 19
  nsec: 17170449
}
iterations: 4240
real_time_factor: 1.0001347681600095
step_size {
  nsec: 4000000
}

sim_time {
  sec: 17
  nsec: 64000000
}
real_time {
  sec: 19
  nsec: 121171193
}
iterations: 4266
real_time_factor: 0.99991000809927111
step_size {
  nsec: 4000000
}

sim_time {
  sec: 17
  nsec: 164000000
}
real_time {
  sec: 19
  nsec: 221171011
}
iterations: 4291
real_time_factor: 1.0002458104079077
step_size {
  nsec: 4000000
}

sim_time {
  sec: 17
  nsec: 268000000
}
real_time {
  sec: 19
  nsec: 325171679
}
iterations: 4317
real_time_factor: 0.99983152838746669
step_size {
  nsec: 4000000
}

sim_time {
  sec: 17
  nsec: 372000000
}
real_time {
  sec: 19
  nsec: 429170320
}
iterations: 4343
real_time_factor: 1.0000305009302783
step_size {
  nsec: 4000000
}

sim_time {
  sec: 17
  nsec: 472000000
}
real_time {
  sec: 19
  nsec: 529174272
}
iterations: 4368
real_time_factor: 0.99958866926259848
step_size {
  nsec: 4000000
}

sim_time {
  sec: 17
  nsec: 576000000
}
real_time {
  sec: 19
  nsec: 633170996
}
iterations: 4394
real_time_factor: 1.0003686358423078
step_size {
  nsec: 4000000
}

sim_time {
  sec: 17
  nsec: 676000000
}
real_time {
  sec: 19
  nsec: 733171389
}
iterations: 4419
real_time_factor: 0.99972032823817536
step_size {
  nsec: 4000000
}

sim_time {
  sec: 17
  nsec: 780000000
}
real_time {
  sec: 19
  nsec: 837171270
}
iterations: 4445
real_time_factor: 0.99997500062498434
step_size {
  nsec: 4000000
}

sim_time {
  sec: 17
  nsec: 884000000
}
real_time {
  sec: 19
  nsec: 941171198
}
iterations: 4471
real_time_factor: 1.0000375014063028
step_size {
  nsec: 4000000
}

sim_time {
  sec: 17
  nsec: 984000000
}
real_time {
  sec: 20
  nsec: 41171090
}
iterations: 4496
real_time_factor: 1.0000467521856646
step_size {
  nsec: 4000000
}

sim_time {
  sec: 18
  nsec: 88000000
}
real_time {
  sec: 20
  nsec: 145170777
}
iterations: 4522
real_time_factor: 1.00007475558798
step_size {
  nsec: 4000000
}

sim_time {
  sec: 18
  nsec: 192000000
}
real_time {
  sec: 20
  nsec: 249170455
}
iterations: 4548
real_time_factor: 0.9999472527824157
step_size {
  nsec: 4000000
}

sim_time {
  sec: 18
  nsec: 292000000
}
real_time {
  sec: 20
  nsec: 349170816
}
iterations: 4573
real_time_factor: 1.001609837411179
step_size {
  nsec: 4000000
}

sim_time {
  sec: 18
  nsec: 396000000
}
real_time {
  sec: 20
  nsec: 453170481
}
iterations: 4599
real_time_factor: 1.00008375701465
step_size {
  nsec: 4000000
}

sim_time {
  sec: 18
  nsec: 496000000
}
real_time {
  sec: 20
  nsec: 553171593
}
iterations: 4624
real_time_factor: 1.0010318135418081
step_size {
  nsec: 4000000
}

sim_time {
  sec: 18
  nsec: 596000000
}
real_time {
  sec: 20
  nsec: 653172482
}
iterations: 4649
real_time_factor: 0.99967635478013994
step_size {
  nsec: 4000000
}

sim_time {
  sec: 18
  nsec: 700000000
}
real_time {
  sec: 20
  nsec: 757171928
}
iterations: 4675
real_time_factor: 0.99984527394385714
step_size {
  nsec: 4000000
}

sim_time {
  sec: 18
  nsec: 804000000
}
real_time {
  sec: 20
  nsec: 861170725
}
iterations: 4701
real_time_factor: 1.000003000009
step_size {
  nsec: 4000000
}

sim_time {
  sec: 18
  nsec: 908000000
}
real_time {
  sec: 20
  nsec: 965170375
}
iterations: 4727
real_time_factor: 0.999926505401853
step_size {
  nsec: 4000000
}

sim_time {
  sec: 19
  nsec: 12000000
}
real_time {
  sec: 21
  nsec: 69170627
}
iterations: 4753
real_time_factor: 0.99988026433834554
step_size {
  nsec: 4000000
}

sim_time {
  sec: 19
  nsec: 112000000
}
real_time {
  sec: 21
  nsec: 169170603
}
iterations: 4778
real_time_factor: 0.99980853666522862
step_size {
  nsec: 4000000
}

sim_time {
  sec: 19
  nsec: 212000000
}
real_time {
  sec: 21
  nsec: 269172755
}
iterations: 4803
real_time_factor: 1.0000655042905311
step_size {
  nsec: 4000000
}

sim_time {
  sec: 19
  nsec: 316000000
}
real_time {
  sec: 21
  nsec: 373170544
}
iterations: 4829
real_time_factor: 1.0000907582363099
step_size {
  nsec: 4000000
}

sim_time {
  sec: 19
  nsec: 420000000
}
real_time {
  sec: 21
  nsec: 477170591
}
iterations: 4855
real_time_factor: 0.99991025805433964
step_size {
  nsec: 4000000
}

sim_time {
  sec: 19
  nsec: 524000000
}
real_time {
  sec: 21
  nsec: 581170509
}
iterations: 4881
real_time_factor: 1.0000537528892177
step_size {
  nsec: 4000000
}

sim_time {
  sec: 19
  nsec: 624000000
}
real_time {
  sec: 21
  nsec: 681170515
}
iterations: 4906
real_time_factor: 0.99994950255012127
step_size {
  nsec: 4000000
}

sim_time {
  sec: 19
  nsec: 724000000
}
real_time {
  sec: 21
  nsec: 781171689
}
iterations: 4931
real_time_factor: 0.99964412669089808
step_size {
  nsec: 4000000
}

sim_time {
  sec: 19
  nsec: 828000000
}
real_time {
  sec: 21
  nsec: 885170408
}
iterations: 4957
real_time_factor: 1.0001392693932629
step_size {
  nsec: 4000000
}

sim_time {
  sec: 19
  nsec: 928000000
}
real_time {
  sec: 21
  nsec: 985171273
}
iterations: 4982
real_time_factor: 1.0001605257643851
step_size {
  nsec: 4000000
}

sim_time {
  sec: 20
  nsec: 28000000
}
real_time {
  sec: 22
  nsec: 85171935
}
iterations: 5007
real_time_factor: 0.99988026433834554
step_size {
  nsec: 4000000
}

sim_time {
  sec: 20
  nsec: 132000000
}
real_time {
  sec: 22
  nsec: 189170954
}
iterations: 5033
real_time_factor: 1.0000840070565928
step_size {
  nsec: 4000000
}

sim_time {
  sec: 20
  nsec: 232000000
}
real_time {
  sec: 22
  nsec: 289171356
}
iterations: 5058
real_time_factor: 1.0001047609737119
step_size {
  nsec: 4000000
}

sim_time {
  sec: 20
  nsec: 332000000
}
real_time {
  sec: 22
  nsec: 389171870
}
iterations: 5083
real_time_factor: 0.99990100980002983
step_size {
  nsec: 4000000
}

sim_time {
  sec: 20
  nsec: 432000000
}
real_time {
  sec: 22
  nsec: 489171918
}
iterations: 5108
real_time_factor: 0.99999375003906221
step_size {
  nsec: 4000000
}

sim_time {
  sec: 20
  nsec: 536000000
}
real_time {
  sec: 22
  nsec: 593170613
}
iterations: 5134
real_time_factor: 0.99997050087022432
step_size {
  nsec: 4000000
}

sim_time {
  sec: 20
  nsec: 636000000
}
real_time {
  sec: 22
  nsec: 693172395
}
iterations: 5159
real_time_factor: 0.99980178929527219
step_size {
  nsec: 4000000
}

sim_time {
  sec: 20
  nsec: 736000000
}
real_time {
  sec: 22
  nsec: 793179826
}
iterations: 5184
real_time_factor: 0.99806674471548606
step_size {
  nsec: 4000000
}

sim_time {
  sec: 20
  nsec: 836000000
}
real_time {
  sec: 22
  nsec: 893259323
}
iterations: 5209
real_time_factor: 0.97835607318201268
step_size {
  nsec: 4000000
}

sim_time {
  sec: 20
  nsec: 940000000
}
real_time {
  sec: 22
  nsec: 997171016
}
iterations: 5235
real_time_factor: 0.99990100980002983
step_size {
  nsec: 4000000
}

sim_time {
  sec: 21
  nsec: 40000000
}
real_time {
  sec: 23
  nsec: 97172418
}
iterations: 5260
real_time_factor: 0.99957018482052717
step_size {
  nsec: 4000000
}

sim_time {
  sec: 21
  nsec: 144000000
}
real_time {
  sec: 23
  nsec: 201170586
}
iterations: 5286
real_time_factor: 0.99987801488218442
step_size {
  nsec: 4000000
}

sim_time {
  sec: 21
  nsec: 248000000
}
real_time {
  sec: 23
  nsec: 305170967
}
iterations: 5312
real_time_factor: 1.0000122501500643
step_size {
  nsec: 4000000
}

sim_time {
  sec: 21
  nsec: 352000000
}
real_time {
  sec: 23
  nsec: 409170801
}
iterations: 5338
real_time_factor: 1.0000007500005625
step_size {
  nsec: 4000000
}

sim_time {
  sec: 21
  nsec: 452000000
}
real_time {
  sec: 23
  nsec: 509172024
}
iterations: 5363
real_time_factor: 0.99980628753179068
step_size {
  nsec: 4000000
}

sim_time {
  sec: 21
  nsec: 556000000
}
real_time {
  sec: 23
  nsec: 613171534
}
iterations: 5389
real_time_factor: 0.99996375131401483
step_size {
  nsec: 4000000
}

sim_time {
  sec: 21
  nsec: 660000000
}
real_time {
  sec: 23
  nsec: 717171008
}
iterations: 5415
real_time_factor: 0.99994050354003938
step_size {
  nsec: 4000000
}

sim_time {
  sec: 21
  nsec: 764000000
}
real_time {
  sec: 23
  nsec: 821170629
}
iterations: 5441
real_time_factor: 0.99990575888222533
step_size {
  nsec: 4000000
}

sim_time {
  sec: 21
  nsec: 864000000
}
real_time {
  sec: 23
  nsec: 921171596
}
iterations: 5466
real_time_factor: 0.99996600115596068
step_size {
  nsec: 4000000
}

sim_time {
  sec: 21
  nsec: 964000000
}
real_time {
  sec: 24
  nsec: 21174082
}
iterations: 5491
real_time_factor: 0.99913799369593881
step_size {
  nsec: 4000000
}

sim_time {
  sec: 22
  nsec: 68000000
}
real_time {
  sec: 24
  nsec: 125171722
}
iterations: 5517
real_time_factor: 1.0005983578179751
step_size {
  nsec: 4000000
}

sim_time {
  sec: 22
  nsec: 172000000
}
real_time {
  sec: 24
  nsec: 229170500
}
iterations: 5543
real_time_factor: 1.0000795063207526
step_size {
  nsec: 4000000
}

sim_time {
  sec: 22
  nsec: 272000000
}
real_time {
  sec: 24
  nsec: 329170874
}
iterations: 5568
real_time_factor: 1.0001515229557278
step_size {
  nsec: 4000000
}

sim_time {
  sec: 22
  nsec: 372000000
}
real_time {
  sec: 24
  nsec: 429171194
}
iterations: 5593
real_time_factor: 0.99997975041005416
step_size {
  nsec: 4000000
}

sim_time {
  sec: 22
  nsec: 476000000
}
real_time {
  sec: 24
  nsec: 533171346
}
iterations: 5619
real_time_factor: 1.0000680046243144
step_size {
  nsec: 4000000
}

sim_time {
  sec: 22
  nsec: 576000000
}
real_time {
  sec: 24
  nsec: 633171665
}
iterations: 5644
real_time_factor: 1.0004039130799061
step_size {
  nsec: 4000000
}

sim_time {
  sec: 22
  nsec: 680000000
}
real_time {
  sec: 24
  nsec: 737171222
}
iterations: 5670
real_time_factor: 0.99997775049505144
step_size {
  nsec: 4000000
}

sim_time {
  sec: 22
  nsec: 780000000
}
real_time {
  sec: 24
  nsec: 837171856
}
iterations: 5695
real_time_factor: 0.99984377441024841
step_size {
  nsec: 4000000
}

sim_time {
  sec: 22
  nsec: 884000000
}
real_time {
  sec: 24
  nsec: 941171320
}
iterations: 5721
real_time_factor: 0.99987601537409365
step_size {
  nsec: 4000000
}

sim_time {
  sec: 22
  nsec: 988000000
}
real_time {
  sec: 25
  nsec: 45173108
}
iterations: 5747
real_time_factor: 0.9993047337315063
step_size {
  nsec: 4000000
}

sim_time {
  sec: 23
  nsec: 92000000
}
real_time {
  sec: 25
  nsec: 149171766
}
iterations: 5773
real_time_factor: 0.99988776259864831
step_size {
  nsec: 4000000
}

sim_time {
  sec: 23
  nsec: 196000000
}
real_time {
  sec: 25
  nsec: 253172721
}
iterations: 5799
real_time_factor: 0.99955669660505564
step_size {
  nsec: 4000000
}

sim_time {
  sec: 23
  nsec: 300000000
}
real_time {
  sec: 25
  nsec: 357171897
}
iterations: 5825
real_time_factor: 0.99996175146300659
step_size {
  nsec: 4000000
}

sim_time {
  sec: 23
  nsec: 404000000
}
real_time {
  sec: 25
  nsec: 461170732
}
iterations: 5851
real_time_factor: 1.0000310009610298
step_size {
  nsec: 4000000
}

sim_time {
  sec: 23
  nsec: 504000000
}
real_time {
  sec: 25
  nsec: 561171682
}
iterations: 5876
real_time_factor: 0.9999315046919286
step_size {
  nsec: 4000000
}

sim_time {
  sec: 23
  nsec: 608000000
}
real_time {
  sec: 25
  nsec: 665171535
}
iterations: 5902
real_time_factor: 0.9999430032488148
step_size {
  nsec: 4000000
}

sim_time {
  sec: 23
  nsec: 708000000
}
real_time {
  sec: 25
  nsec: 765171141
}
iterations: 5927
real_time_factor: 1.0000495024503713
step_size {
  nsec: 4000000
}

sim_time {
  sec: 23
  nsec: 812000000
}
real_time {
  sec: 25
  nsec: 869170993
}
iterations: 5953
real_time_factor: 0.99980678733834683
step_size {
  nsec: 4000000
}

sim_time {
  sec: 23
  nsec: 912000000
}
real_time {
  sec: 25
  nsec: 969170914
}
iterations: 5978
real_time_factor: 1.0011089784709011
step_size {
  nsec: 4000000
}

sim_time {
  sec: 24
  nsec: 12000000
}
real_time {
  sec: 26
  nsec: 69172346
}
iterations: 6003
real_time_factor: 1.0011989357255313
step_size {
  nsec: 4000000
}

sim_time {
  sec: 24
  nsec: 116000000
}
real_time {
  sec: 26
  nsec: 173171790
}
iterations: 6029
real_time_factor: 0.99984152511826874
step_size {
  nsec: 4000000
}

sim_time {
  sec: 24
  nsec: 220000000
}
real_time {
  sec: 26
  nsec: 277171032
}
iterations: 6055
real_time_factor: 1.0000055000302501
step_size {
  nsec: 4000000
}

sim_time {
  sec: 24
  nsec: 324000000
}
real_time {
  sec: 26
  nsec: 381170921
}
iterations: 6081
real_time_factor: 0.999984750232559
step_size {
  nsec: 4000000
}

sim_time {
  sec: 24
  nsec: 428000000
}
real_time {
  sec: 26
  nsec: 485170829
}
iterations: 6107
real_time_factor: 1.0001307670977981
step_size {
  nsec: 4000000
}

sim_time {
  sec: 24
  nsec: 528000000
}
real_time {
  sec: 26
  nsec: 585171852
}
iterations: 6132
real_time_factor: 1.0010972025339773
step_size {
  nsec: 4000000
}

sim_time {
  sec: 24
  nsec: 632000000
}
real_time {
  sec: 26
  nsec: 689175204
}
iterations: 6158
real_time_factor: 0.999064625744147
step_size {
  nsec: 4000000
}

sim_time {
  sec: 24
  nsec: 736000000
}
real_time {
  sec: 26
  nsec: 793171047
}
iterations: 6184
real_time_factor: 0.9999712508265387
step_size {
  nsec: 4000000
}

sim_time {
  sec: 24
  nsec: 840000000
}
real_time {
  sec: 26
  nsec: 897171225
}
iterations: 6210
real_time_factor: 0.99980178929527219
step_size {
  nsec: 4000000
}

sim_time {
  sec: 24
  nsec: 940000000
}
real_time {
  sec: 26
  nsec: 997582384
}
iterations: 6235
real_time_factor: 0.90673011359514866
step_size {
  nsec: 4000000
}

sim_time {
  sec: 25
  nsec: 44000000
}
real_time {
  sec: 27
  nsec: 101172020
}
iterations: 6261
real_time_factor: 0.99986676775319694
step_size {
  nsec: 4000000
}

sim_time {
  sec: 25
  nsec: 148000000
}
real_time {
  sec: 27
  nsec: 205170236
}
iterations: 6287
real_time_factor: 1.000188535538949
step_size {
  nsec: 4000000
}

sim_time {
  sec: 25
  nsec: 248000000
}
real_time {
  sec: 27
  nsec: 305170676
}
iterations: 6312
real_time_factor: 1.0001215147640439
step_size {
  nsec: 4000000
}

sim_time {
  sec: 25
  nsec: 352000000
}
real_time {
  sec: 27
  nsec: 409170454
}
iterations: 6338
real_time_factor: 1.000133017691353
step_size {
  nsec: 4000000
}

sim_time {
  sec: 25
  nsec: 452000000
}
real_time {
  sec: 27
  nsec: 509170937
}
iterations: 6363
real_time_factor: 0.99984127519756238
step_size {
  nsec: 4000000
}

sim_time {
  sec: 25
  nsec: 556000000
}
real_time {
  sec: 27
  nsec: 613170715
}
iterations: 6389
real_time_factor: 0.999908508371484
step_size {
  nsec: 4000000
}

sim_time {
  sec: 25
  nsec: 656000000
}
real_time {
  sec: 27
  nsec: 713171942
}
iterations: 6414
real_time_factor: 0.99988801254259518
step_size {
  nsec: 4000000
}

sim_time {
  sec: 25
  nsec: 760000000
}
real_time {
  sec: 27
  nsec: 817170341
}
iterations: 6440
real_time_factor: 0.99992475566213646
step_size {
  nsec: 4000000
}

sim_time {
  sec: 25
  nsec: 860000000
}
real_time {
  sec: 27
  nsec: 917170772
}
iterations: 6465
real_time_factor: 0.99997800048398933
step_size {
  nsec: 4000000
}

sim_time {
  sec: 25
  nsec: 964000000
}
real_time {
  sec: 28
  nsec: 21170726
}
iterations: 6491
real_time_factor: 0.99993400435571256
step_size {
  nsec: 4000000
}

sim_time {
  sec: 26
  nsec: 64000000
}
real_time {
  sec: 28
  nsec: 121171213
}
iterations: 6516
real_time_factor: 1.0000520027041406
step_size {
  nsec: 4000000
}

sim_time {
  sec: 26
  nsec: 168000000
}
real_time {
  sec: 28
  nsec: 225169769
}
iterations: 6542
real_time_factor: 1.000188535538949
step_size {
  nsec: 4000000
}

sim_time {
  sec: 26
  nsec: 268000000
}
real_time {
  sec: 28
  nsec: 325170737
}
iterations: 6567
real_time_factor: 0.99991325752490967
step_size {
  nsec: 4000000
}

sim_time {
  sec: 26
  nsec: 372000000
}
real_time {
  sec: 28
  nsec: 429171015
}
iterations: 6593
real_time_factor: 0.99998050038024255
step_size {
  nsec: 4000000
}

sim_time {
  sec: 26
  nsec: 476000000
}
real_time {
  sec: 28
  nsec: 533170399
}
iterations: 6619
real_time_factor: 1.0000060000360003
step_size {
  nsec: 4000000
}

sim_time {
  sec: 26
  nsec: 580000000
}
real_time {
  sec: 28
  nsec: 637171519
}
iterations: 6645
real_time_factor: 0.9997837967539519
step_size {
  nsec: 4000000
}

sim_time {
  sec: 26
  nsec: 684000000
}
real_time {
  sec: 28
  nsec: 741170280
}
iterations: 6671
real_time_factor: 1.0001122626014771
step_size {
  nsec: 4000000
}

sim_time {
  sec: 26
  nsec: 784000000
}
real_time {
  sec: 28
  nsec: 841170600
}
iterations: 6696
real_time_factor: 1.0002348051205021
step_size {
  nsec: 4000000
}

sim_time {
  sec: 26
  nsec: 888000000
}
real_time {
  sec: 28
  nsec: 945170637
}
iterations: 6722
real_time_factor: 1.0000290008410244
step_size {
  nsec: 4000000
}

sim_time {
  sec: 26
  nsec: 988000000
}
real_time {
  sec: 29
  nsec: 45172134
}
iterations: 6747
real_time_factor: 1.0000497524751857
step_size {
  nsec: 4000000
}

sim_time {
  sec: 27
  nsec: 88000000
}
real_time {
  sec: 29
  nsec: 145171454
}
iterations: 6772
real_time_factor: 0.99992000639948808
step_size {
  nsec: 4000000
}

sim_time {
  sec: 27
  nsec: 192000000
}
real_time {
  sec: 29
  nsec: 249171333
}
iterations: 6798
real_time_factor: 0.9998392758364093
step_size {
  nsec: 4000000
}

sim_time {
  sec: 27
  nsec: 296000000
}
real_time {
  sec: 29
  nsec: 353170733
}
iterations: 6824
real_time_factor: 0.99981353477576429
step_size {
  nsec: 4000000
}

sim_time {
  sec: 27
  nsec: 396000000
}
real_time {
  sec: 29
  nsec: 453171016
}
iterations: 6849
real_time_factor: 0.999966251139024
step_size {
  nsec: 4000000
}

sim_time {
  sec: 27
  nsec: 500000000
}
real_time {
  sec: 29
  nsec: 557171832
}
iterations: 6875
real_time_factor: 0.99972357643111676
step_size {
  nsec: 4000000
}

sim_time {
  sec: 27
  nsec: 600000000
}
real_time {
  sec: 29
  nsec: 657171411
}
iterations: 6900
real_time_factor: 1.0000060000360003
step_size {
  nsec: 4000000
}

sim_time {
  sec: 27
  nsec: 704000000
}
real_time {
  sec: 29
  nsec: 761170652
}
iterations: 6926
real_time_factor: 0.99993425432277827
step_size {
  nsec: 4000000
}

sim_time {
  sec: 27
  nsec: 804000000
}
real_time {
  sec: 29
  nsec: 861170982
}
iterations: 6951
real_time_factor: 0.9998507722722384
step_size {
  nsec: 4000000
}

sim_time {
  sec: 27
  nsec: 904000000
}
real_time {
  sec: 29
  nsec: 961171396
}
iterations: 6976
real_time_factor: 0.99976505521202519
step_size {
  nsec: 4000000
}

sim_time {
  sec: 28
  nsec: 4000000
}
real_time {
  sec: 30
  nsec: 61172911
}
iterations: 7001
real_time_factor: 0.99949225793297
step_size {
  nsec: 4000000
}

sim_time {
  sec: 28
  nsec: 108000000
}
real_time {
  sec: 30
  nsec: 165170485
}
iterations: 7027
real_time_factor: 0.99994825267792387
step_size {
  nsec: 4000000
}

sim_time {
  sec: 28
  nsec: 208000000
}
real_time {
  sec: 30
  nsec: 265170815
}
iterations: 7052
real_time_factor: 0.99984627363542855
step_size {
  nsec: 4000000
}

sim_time {
  sec: 28
  nsec: 308000000
}
real_time {
  sec: 30
  nsec: 365171274
}
iterations: 7077
real_time_factor: 0.99992275596710156
step_size {
  nsec: 4000000
}

sim_time {
  sec: 28
  nsec: 412000000
}
real_time {
  sec: 30
  nsec: 469171848
}
iterations: 7103
real_time_factor: 0.99995050245012873
step_size {
  nsec: 4000000
}

sim_time {
  sec: 28
  nsec: 516000000
}
real_time {
  sec: 30
  nsec: 573170904
}
iterations: 7129
real_time_factor: 1.0000687547268874
step_size {
  nsec: 4000000
}

sim_time {
  sec: 28
  nsec: 616000000
}
real_time {
  sec: 30
  nsec: 673171661
}
iterations: 7154
real_time_factor: 1.0002675715753964
step_size {
  nsec: 4000000
}

sim_time {
  sec: 28
  nsec: 720000000
}
real_time {
  sec: 30
  nsec: 777171264
}
iterations: 7180
real_time_factor: 0.99992250600578458
step_size {
  nsec: 4000000
}

sim_time {
  sec: 28
  nsec: 824000000
}
real_time {
  sec: 30
  nsec: 881170883
}
iterations: 7206
real_time_factor: 1.0001382691157052
step_size {
  nsec: 4000000
}

sim_time {
  sec: 28
  nsec: 928000000
}
real_time {
  sec: 30
  nsec: 985171060
}
iterations: 7232
real_time_factor: 0.99984152511826874
step_size {
  nsec: 4000000
}

sim_time {
  sec: 29
  nsec: 32000000
}
real_time {
  sec: 31
  nsec: 89170384
}
iterations: 7258
real_time_factor: 1.0001475217594595
step_size {
  nsec: 4000000
}

sim_time {
  sec: 29
  nsec: 132000000
}
real_time {
  sec: 31
  nsec: 189171455
}
iterations: 7283
real_time_factor: 0.99998525021755924
step_size {
  nsec: 4000000
}

sim_time {
  sec: 29
  nsec: 236000000
}
real_time {
  sec: 31
  nsec: 293170891
}
iterations: 7309
real_time_factor: 0.9999712508265387
step_size {
  nsec: 4000000
}

sim_time {
  sec: 29
  nsec: 340000000
}
real_time {
  sec: 31
  nsec: 397170604
}
iterations: 7335
real_time_factor: 0.99998050038024255
step_size {
  nsec: 4000000
}

sim_time {
  sec: 29
  nsec: 440000000
}
real_time {
  sec: 31
  nsec: 497170969
}
iterations: 7360
real_time_factor: 0.99992950496989963
step_size {
  nsec: 4000000
}

sim_time {
  sec: 29
  nsec: 544000000
}
real_time {
  sec: 31
  nsec: 601170469
}
iterations: 7386
real_time_factor: 1.0000062500390627
step_size {
  nsec: 4000000
}

sim_time {
  sec: 29
  nsec: 644000000
}
real_time {
  sec: 31
  nsec: 701172577
}
iterations: 7411
real_time_factor: 0.99971907893881817
step_size {
  nsec: 4000000
}

sim_time {
  sec: 29
  nsec: 748000000
}
real_time {
  sec: 31
  nsec: 805171503
}
iterations: 7437
real_time_factor: 1.0000710050413579
step_size {
  nsec: 4000000
}

sim_time {
  sec: 29
  nsec: 848000000
}
real_time {
  sec: 31
  nsec: 905170926
}
iterations: 7462
real_time_factor: 1.0000640040962621
step_size {
  nsec: 4000000
}

sim_time {
  sec: 29
  nsec: 952000000
}
real_time {
  sec: 32
  nsec: 9170084
}
iterations: 7488
real_time_factor: 1.0000082500680632
step_size {
  nsec: 4000000
}

sim_time {
  sec: 30
  nsec: 52000000
}
real_time {
  sec: 32
  nsec: 109171164
}
iterations: 7513
real_time_factor: 1.0000365013322987
step_size {
  nsec: 4000000
}

sim_time {
  sec: 30
  nsec: 156000000
}
real_time {
  sec: 32
  nsec: 213174574
}
iterations: 7539
real_time_factor: 0.9988802552338828
step_size {
  nsec: 4000000
}

sim_time {
  sec: 30
  nsec: 260000000
}
real_time {
  sec: 32
  nsec: 317171031
}
iterations: 7565
real_time_factor: 0.99994600291584257
step_size {
  nsec: 4000000
}

sim_time {
  sec: 30
  nsec: 360000000
}
real_time {
  sec: 32
  nsec: 417469771
}
iterations: 7590
real_time_factor: 0.99057468190170528
step_size {
  nsec: 4000000
}

sim_time {
  sec: 30
  nsec: 460000000
}
real_time {
  sec: 32
  nsec: 517606362
}
iterations: 7615
real_time_factor: 0.90195765399010286
step_size {
  nsec: 4000000
}

sim_time {
  sec: 30
  nsec: 564000000
}
real_time {
  sec: 32
  nsec: 621171234
}
iterations: 7641
real_time_factor: 0.999760807226871
step_size {
  nsec: 4000000
}

sim_time {
  sec: 30
  nsec: 664000000
}
real_time {
  sec: 32
  nsec: 721170510
}
iterations: 7666
real_time_factor: 1.0002215490731197
step_size {
  nsec: 4000000
}

sim_time {
  sec: 30
  nsec: 768000000
}
real_time {
  sec: 32
  nsec: 825171380
}
iterations: 7692
real_time_factor: 0.99979104367187255
step_size {
  nsec: 4000000
}

sim_time {
  sec: 30
  nsec: 872000000
}
real_time {
  sec: 32
  nsec: 929170380
}
iterations: 7718
real_time_factor: 0.99991125787586355
step_size {
  nsec: 4000000
}

sim_time {
  sec: 30
  nsec: 972000000
}
real_time {
  sec: 33
  nsec: 29172387
}
iterations: 7743
real_time_factor: 1.0145131174009798
step_size {
  nsec: 4000000
}

sim_time {
  sec: 31
  nsec: 76000000
}
real_time {
  sec: 33
  nsec: 133170202
}
iterations: 7769
real_time_factor: 1.0000387515016207
step_size {
  nsec: 4000000
}

sim_time {
  sec: 31
  nsec: 180000000
}
real_time {
  sec: 33
  nsec: 237171091
}
iterations: 7795
real_time_factor: 0.99978179762266883
step_size {
  nsec: 4000000
}

sim_time {
  sec: 31
  nsec: 284000000
}
real_time {
  sec: 33
  nsec: 341170193
}
iterations: 7821
real_time_factor: 0.99995750180617327
step_size {
  nsec: 4000000
}

sim_time {
  sec: 31
  nsec: 384000000
}
real_time {
  sec: 33
  nsec: 441170293
}
iterations: 7846
real_time_factor: 1.0001542737967331
step_size {
  nsec: 4000000
}

sim_time {
  sec: 31
  nsec: 488000000
}
real_time {
  sec: 33
  nsec: 545170536
}
iterations: 7872
real_time_factor: 0.99999475002756233
step_size {
  nsec: 4000000
}

sim_time {
  sec: 31
  nsec: 592000000
}
real_time {
  sec: 33
  nsec: 649170027
}
iterations: 7898
real_time_factor: 1.0000967593614682
step_size {
  nsec: 4000000
}

sim_time {
  sec: 31
  nsec: 692000000
}
real_time {
  sec: 33
  nsec: 749170395
}
iterations: 7923
real_time_factor: 0.99999700000899994
step_size {
  nsec: 4000000
}

sim_time {
  sec: 31
  nsec: 792000000
}
real_time {
  sec: 33
  nsec: 849170745
}
iterations: 7948
real_time_factor: 0.99992775521968535
step_size {
  nsec: 4000000
}

sim_time {
  sec: 31
  nsec: 892000000
}
real_time {
  sec: 33
  nsec: 949177336
}
iterations: 7973
real_time_factor: 0.99834001014812623
step_size {
  nsec: 4000000
}

sim_time {
  sec: 31
  nsec: 992000000
}
real_time {
  sec: 34
  nsec: 49854424
}
iterations: 7998
real_time_factor: 0.86756077480117677
step_size {
  nsec: 4000000
}

sim_time {
  sec: 32
  nsec: 96000000
}
real_time {
  sec: 34
  nsec: 153175130
}
iterations: 8024
real_time_factor: 0.99905339690643113
step_size {
  nsec: 4000000
}

sim_time {
  sec: 32
  nsec: 200000000
}
real_time {
  sec: 34
  nsec: 257170676
}
iterations: 8050
real_time_factor: 1.0000455020703443
step_size {
  nsec: 4000000
}

sim_time {
  sec: 32
  nsec: 300000000
}
real_time {
  sec: 34
  nsec: 357172193
}
iterations: 8075
real_time_factor: 0.99980728714540268
step_size {
  nsec: 4000000
}

sim_time {
  sec: 32
  nsec: 404000000
}
real_time {
  sec: 34
  nsec: 461170601
}
iterations: 8101
real_time_factor: 0.99999450003024981
step_size {
  nsec: 4000000
}

sim_time {
  sec: 32
  nsec: 504000000
}
real_time {
  sec: 34
  nsec: 561171164
}
iterations: 8126
real_time_factor: 1.0003909027452478
step_size {
  nsec: 4000000
}

sim_time {
  sec: 32
  nsec: 608000000
}
real_time {
  sec: 34
  nsec: 665170878
}
iterations: 8152
real_time_factor: 1.0000920084647789
step_size {
  nsec: 4000000
}

sim_time {
  sec: 32
  nsec: 712000000
}
real_time {
  sec: 34
  nsec: 769169757
}
iterations: 8178
real_time_factor: 1.0002288023385348
step_size {
  nsec: 4000000
}

sim_time {
  sec: 32
  nsec: 812000000
}
real_time {
  sec: 34
  nsec: 869170209
}
iterations: 8203
real_time_factor: 1.0002750756458025
step_size {
  nsec: 4000000
}

sim_time {
  sec: 32
  nsec: 912000000
}
real_time {
  sec: 34
  nsec: 969170384
}
iterations: 8228
real_time_factor: 1.0000987597525255
step_size {
  nsec: 4000000
}

sim_time {
  sec: 33
  nsec: 12000000
}
real_time {
  sec: 35
  nsec: 69173437
}
iterations: 8253
real_time_factor: 0.999425829860745
step_size {
  nsec: 4000000
}

sim_time {
  sec: 33
  nsec: 116000000
}
real_time {
  sec: 35
  nsec: 173171595
}
iterations: 8279
real_time_factor: 0.99985827009021466
step_size {
  nsec: 4000000
}

sim_time {
  sec: 33
  nsec: 220000000
}
real_time {
  sec: 35
  nsec: 277170493
}
iterations: 8305
real_time_factor: 0.99992525558714485
step_size {
  nsec: 4000000
}

sim_time {
  sec: 33
  nsec: 320000000
}
real_time {
  sec: 35
  nsec: 377172287
}
iterations: 8330
real_time_factor: 1.0008522256701582
step_size {
  nsec: 4000000
}

sim_time {
  sec: 33
  nsec: 424000000
}
real_time {
  sec: 35
  nsec: 481170898
}
iterations: 8356
real_time_factor: 0.99988376351249164
step_size {
  nsec: 4000000
}

sim_time {
  sec: 33
  nsec: 528000000
}
real_time {
  sec: 35
  nsec: 585170703
}
iterations: 8382
real_time_factor: 0.99997675054054991
step_size {
  nsec: 4000000
}

sim_time {
  sec: 33
  nsec: 628000000
}
real_time {
  sec: 35
  nsec: 685175730
}
iterations: 8407
real_time_factor: 0.99883884983706439
step_size {
  nsec: 4000000
}

sim_time {
  sec: 33
  nsec: 732000000
}
real_time {
  sec: 35
  nsec: 789171758
}
iterations: 8433
real_time_factor: 0.99955070195946927
step_size {
  nsec: 4000000
}

sim_time {
  sec: 33
  nsec: 832000000
}
real_time {
  sec: 35
  nsec: 889172395
}
iterations: 8458
real_time_factor: 1.0000670044893007
step_size {
  nsec: 4000000
}

sim_time {
  sec: 33
  nsec: 936000000
}
real_time {
  sec: 35
  nsec: 993169951
}
iterations: 8484
real_time_factor: 1.0005160161353217
step_size {
  nsec: 4000000
}

sim_time {
  sec: 34
  nsec: 36000000
}
real_time {
  sec: 36
  nsec: 93170386
}
iterations: 8509
real_time_factor: 1.0001500225033755
step_size {
  nsec: 4000000
}

sim_time {
  sec: 34
  nsec: 136000000
}
real_time {
  sec: 36
  nsec: 193170698
}
iterations: 8534
real_time_factor: 1.0003563769592918
step_size {
  nsec: 4000000
}

sim_time {
  sec: 34
  nsec: 236000000
}
real_time {
  sec: 36
  nsec: 293171234
}
iterations: 8559
real_time_factor: 1.0006782096565947
step_size {
  nsec: 4000000
}

sim_time {
  sec: 34
  nsec: 336000000
}
real_time {
  sec: 36
  nsec: 393177094
}
iterations: 8584
real_time_factor: 0.998317336129953
step_size {
  nsec: 4000000
}

sim_time {
  sec: 34
  nsec: 440000000
}
real_time {
  sec: 36
  nsec: 497171240
}
iterations: 8610
real_time_factor: 0.99972657478179716
step_size {
  nsec: 4000000
}

sim_time {
  sec: 34
  nsec: 544000000
}
real_time {
  sec: 36
  nsec: 601170212
}
iterations: 8636
real_time_factor: 1.0000067500455627
step_size {
  nsec: 4000000
}

sim_time {
  sec: 34
  nsec: 648000000
}
real_time {
  sec: 36
  nsec: 705171343
}
iterations: 8662
real_time_factor: 0.99972407615498127
step_size {
  nsec: 4000000
}

sim_time {
  sec: 34
  nsec: 752000000
}
real_time {
  sec: 36
  nsec: 809172389
}
iterations: 8688
real_time_factor: 0.99958342360821129
step_size {
  nsec: 4000000
}

sim_time {
  sec: 34
  nsec: 856000000
}
real_time {
  sec: 36
  nsec: 913176815
}
iterations: 8714
real_time_factor: 0.99840753997374188
step_size {
  nsec: 4000000
}

sim_time {
  sec: 34
  nsec: 960000000
}
real_time {
  sec: 37
  nsec: 17170714
}
iterations: 8740
real_time_factor: 1.0009008107296566
step_size {
  nsec: 4000000
}

sim_time {
  sec: 35
  nsec: 64000000
}
real_time {
  sec: 37
  nsec: 121170464
}
iterations: 8766
real_time_factor: 1.0000692547958947
step_size {
  nsec: 4000000
}

sim_time {
  sec: 35
  nsec: 164000000
}
real_time {
  sec: 37
  nsec: 221171352
}
iterations: 8791
real_time_factor: 0.99984677348196394
step_size {
  nsec: 4000000
}

sim_time {
  sec: 35
  nsec: 264000000
}
real_time {
  sec: 37
  nsec: 321171407
}
iterations: 8816
real_time_factor: 0.99992775521968535
step_size {
  nsec: 4000000
}

sim_time {
  sec: 35
  nsec: 368000000
}
real_time {
  sec: 37
  nsec: 425270255
}
iterations: 8842
real_time_factor: 0.97565711116222475
step_size {
  nsec: 4000000
}

sim_time {
  sec: 35
  nsec: 472000000
}
real_time {
  sec: 37
  nsec: 529169824
}
iterations: 8868
real_time_factor: 0.9999952500225624
step_size {
  nsec: 4000000
}

sim_time {
  sec: 35
  nsec: 576000000
}
real_time {
  sec: 37
  nsec: 633169668
}
iterations: 8894
real_time_factor: 1.000150272578455
step_size {
  nsec: 4000000
}

sim_time {
  sec: 35
  nsec: 676000000
}
real_time {
  sec: 37
  nsec: 733169704
}
iterations: 8919
real_time_factor: 1.0000485023523642
step_size {
  nsec: 4000000
}

sim_time {
  sec: 35
  nsec: 776000000
}
real_time {
  sec: 37
  nsec: 833170657
}
iterations: 8944
real_time_factor: 1.0002635694505502
step_size {
  nsec: 4000000
}

sim_time {
  sec: 35
  nsec: 880000000
}
real_time {
  sec: 37
  nsec: 937169695
}
iterations: 8970
real_time_factor: 1.0000415017223214
step_size {
  nsec: 4000000
}

sim_time {
  sec: 35
  nsec: 980000000
}
real_time {
  sec: 38
  nsec: 37169879
}
iterations: 8995
real_time_factor: 0.99996975091503482
step_size {
  nsec: 4000000
}

sim_time {
  sec: 36
  nsec: 80000000
}
real_time {
  sec: 38
  nsec: 137171629
}
iterations: 9020
real_time_factor: 0.99995325218546038
step_size {
  nsec: 4000000
}

sim_time {
  sec: 36
  nsec: 180000000
}
real_time {
  sec: 38
  nsec: 237171508
}
iterations: 9045
real_time_factor: 1.0007735979912473
step_size {
  nsec: 4000000
}

sim_time {
  sec: 36
  nsec: 284000000
}
real_time {
  sec: 38
  nsec: 341410332
}
iterations: 9071
real_time_factor: 0.94334861400863257
step_size {
  nsec: 4000000
}

sim_time {
  sec: 36
  nsec: 388000000
}
real_time {
  sec: 38
  nsec: 445170499
}
iterations: 9097
real_time_factor: 1.0008547299393682
step_size {
  nsec: 4000000
}

sim_time {
  sec: 36
  nsec: 488000000
}
real_time {
  sec: 38
  nsec: 545171048
}
iterations: 9122
real_time_factor: 1.0013465607876191
step_size {
  nsec: 4000000
}

sim_time {
  sec: 36
  nsec: 592000000
}
real_time {
  sec: 38
  nsec: 649171262
}
iterations: 9148
real_time_factor: 1.0001225150080886
step_size {
  nsec: 4000000
}

sim_time {
  sec: 36
  nsec: 692000000
}
real_time {
  sec: 38
  nsec: 749178012
}
iterations: 9173
real_time_factor: 0.99862215108703767
step_size {
  nsec: 4000000
}

sim_time {
  sec: 36
  nsec: 796000000
}
real_time {
  sec: 38
  nsec: 853170078
}
iterations: 9199
real_time_factor: 0.99998350027224547
step_size {
  nsec: 4000000
}

sim_time {
  sec: 36
  nsec: 900000000
}
real_time {
  sec: 38
  nsec: 957169984
}
iterations: 9225
real_time_factor: 1.0000442519581492
step_size {
  nsec: 4000000
}

sim_time {
  sec: 37
  nsec: 4000000
}
real_time {
  sec: 39
  nsec: 61169643
}
iterations: 9251
real_time_factor: 1.000106261290262
step_size {
  nsec: 4000000
}

sim_time {
  sec: 37
  nsec: 104000000
}
real_time {
  sec: 39
  nsec: 161170199
}
iterations: 9276
real_time_factor: 0.99994425310788926
step_size {
  nsec: 4000000
}

sim_time {
  sec: 37
  nsec: 208000000
}
real_time {
  sec: 39
  nsec: 265169995
}
iterations: 9302
real_time_factor: 1.0000230005290123
step_size {
  nsec: 4000000
}

sim_time {
  sec: 37
  nsec: 312000000
}
real_time {
  sec: 39
  nsec: 369170042
}
iterations: 9328
real_time_factor: 0.9999420033638049
step_size {
  nsec: 4000000
}

sim_time {
  sec: 37
  nsec: 416000000
}
real_time {
  sec: 39
  nsec: 473169830
}
iterations: 9354
real_time_factor: 1.0000230005290123
step_size {
  nsec: 4000000
}

sim_time {
  sec: 37
  nsec: 520000000
}
real_time {
  sec: 39
  nsec: 577169831
}
iterations: 9380
real_time_factor: 1.0000067500455627
step_size {
  nsec: 4000000
}

sim_time {
  sec: 37
  nsec: 624000000
}
real_time {
  sec: 39
  nsec: 681170220
}
iterations: 9406
real_time_factor: 0.99992800518362679
step_size {
  nsec: 4000000
}

sim_time {
  sec: 37
  nsec: 724000000
}
real_time {
  sec: 39
  nsec: 781170155
}
iterations: 9431
real_time_factor: 1.0000230005290123
step_size {
  nsec: 4000000
}

sim_time {
  sec: 37
  nsec: 824000000
}
real_time {
  sec: 39
  nsec: 881170609
}
iterations: 9456
real_time_factor: 1.0003033419884579
step_size {
  nsec: 4000000
}

sim_time {
  sec: 37
  nsec: 928000000
}
real_time {
  sec: 39
  nsec: 985170138
}
iterations: 9482
real_time_factor: 1.0002570660659789
step_size {
  nsec: 4000000
}

sim_time {
  sec: 38
  nsec: 28000000
}
real_time {
  sec: 40
  nsec: 85173916
}
iterations: 9507
real_time_factor: 1.0001620262482522
step_size {
  nsec: 4000000
}

sim_time {
  sec: 38
  nsec: 132000000
}
real_time {
  sec: 40
  nsec: 189170112
}
iterations: 9533
real_time_factor: 1.0000112501265639
step_size {
  nsec: 4000000
}

sim_time {
  sec: 38
  nsec: 232000000
}
real_time {
  sec: 40
  nsec: 289171537
}
iterations: 9558
real_time_factor: 0.99993500422472537
step_size {
  nsec: 4000000
}

sim_time {
  sec: 38
  nsec: 336000000
}
real_time {
  sec: 40
  nsec: 393171038
}
iterations: 9584
real_time_factor: 1.0000715051126154
step_size {
  nsec: 4000000
}

sim_time {
  sec: 38
  nsec: 436000000
}
real_time {
  sec: 40
  nsec: 493171065
}
iterations: 9609
real_time_factor: 1.0001595254443083
step_size {
  nsec: 4000000
}

sim_time {
  sec: 38
  nsec: 540000000
}
real_time {
  sec: 40
  nsec: 597170769
}
iterations: 9635
real_time_factor: 1.0000950090258574
step_size {
  nsec: 4000000
}

sim_time {
  sec: 38
  nsec: 644000000
}
real_time {
  sec: 40
  nsec: 701170733
}
iterations: 9661
real_time_factor: 0.99996525120752056
step_size {
  nsec: 4000000
}

sim_time {
  sec: 38
  nsec: 748000000
}
real_time {
  sec: 40
  nsec: 805170271
}
iterations: 9687
real_time_factor: 0.99999975000006247
step_size {
  nsec: 4000000
}

sim_time {
  sec: 38
  nsec: 848000000
}
real_time {
  sec: 40
  nsec: 905171642
}
iterations: 9712
real_time_factor: 0.99968285061564222
step_size {
  nsec: 4000000
}

sim_time {
  sec: 38
  nsec: 948000000
}
real_time {
  sec: 41
  nsec: 5174309
}
iterations: 9737
real_time_factor: 0.99910979317428172
step_size {
  nsec: 4000000
}

sim_time {
  sec: 39
  nsec: 52000000
}
real_time {
  sec: 41
  nsec: 109170144
}
iterations: 9763
real_time_factor: 1.0001872850691291
step_size {
  nsec: 4000000
}

sim_time {
  sec: 39
  nsec: 152000000
}
real_time {
  sec: 41
  nsec: 209171181
}
iterations: 9788
real_time_factor: 0.99966436269022674
step_size {
  nsec: 4000000
}

sim_time {
  sec: 39
  nsec: 252000000
}
real_time {
  sec: 41
  nsec: 309176997
}
iterations: 9813
real_time_factor: 0.99838685643671243
step_size {
  nsec: 4000000
}

sim_time {
  sec: 39
  nsec: 352000000
}
real_time {
  sec: 41
  nsec: 409447943
}
iterations: 9838
real_time_factor: 0.93511319662134251
step_size {
  nsec: 4000000
}

sim_time {
  sec: 39
  nsec: 456000000
}
real_time {
  sec: 41
  nsec: 513171421
}
iterations: 9864
real_time_factor: 1.0005075074331455
step_size {
  nsec: 4000000
}

sim_time {
  sec: 39
  nsec: 556000000
}
real_time {
  sec: 41
  nsec: 613171904
}
iterations: 9889
real_time_factor: 0.99983802623974916
step_size {
  nsec: 4000000
}

sim_time {
  sec: 39
  nsec: 660000000
}
real_time {
  sec: 41
  nsec: 717170340
}
iterations: 9915
real_time_factor: 0.999970000899973
step_size {
  nsec: 4000000
}

sim_time {
  sec: 39
  nsec: 764000000
}
real_time {
  sec: 41
  nsec: 821170989
}
iterations: 9941
real_time_factor: 0.99988226386343
step_size {
  nsec: 4000000
}

sim_time {
  sec: 39
  nsec: 864000000
}
real_time {
  sec: 41
  nsec: 921171657
}
iterations: 9966
real_time_factor: 0.999683100457155
step_size {
  nsec: 4000000
}

sim_time {
  sec: 39
  nsec: 968000000
}
real_time {
  sec: 42
  nsec: 25172982
}
iterations: 9992
real_time_factor: 0.99939636459578418
step_size {
  nsec: 4000000
}

sim_time {
  sec: 40
  nsec: 72000000
}
real_time {
  sec: 42
  nsec: 129171770
}
iterations: 10018
real_time_factor: 0.99971083364136926
step_size {
  nsec: 4000000
}

sim_time {
  sec: 40
  nsec: 176000000
}
real_time {
  sec: 42
  nsec: 233170790
}
iterations: 10044
real_time_factor: 1.000057753335255
step_size {
  nsec: 4000000
}

sim_time {
  sec: 40
  nsec: 280000000
}
real_time {
  sec: 42
  nsec: 337170170
}
iterations: 10070
real_time_factor: 1.0000557531082357
step_size {
  nsec: 4000000
}

sim_time {
  sec: 40
  nsec: 380000000
}
real_time {
  sec: 42
  nsec: 437170200
}
iterations: 10095
real_time_factor: 1.0002593172279914
step_size {
  nsec: 4000000
}

sim_time {
  sec: 40
  nsec: 480000000
}
real_time {
  sec: 42
  nsec: 537171196
}
iterations: 10120
real_time_factor: 1.0000600036002161
step_size {
  nsec: 4000000
}

sim_time {
  sec: 40
  nsec: 584000000
}
real_time {
  sec: 42
  nsec: 641170108
}
iterations: 10146
real_time_factor: 1.0001205145219998
step_size {
  nsec: 4000000
}

sim_time {
  sec: 40
  nsec: 684000000
}
real_time {
  sec: 42
  nsec: 741171204
}
iterations: 10171
real_time_factor: 0.9999165069716679
step_size {
  nsec: 4000000
}

sim_time {
  sec: 40
  nsec: 788000000
}
real_time {
  sec: 42
  nsec: 845171195
}
iterations: 10197
real_time_factor: 1.0000277507700839
step_size {
  nsec: 4000000
}

sim_time {
  sec: 40
  nsec: 892000000
}
real_time {
  sec: 42
  nsec: 949170493
}
iterations: 10223
real_time_factor: 1.000201540610433
step_size {
  nsec: 4000000
}

sim_time {
  sec: 40
  nsec: 992000000
}
real_time {
  sec: 43
  nsec: 49170836
}
iterations: 10248
real_time_factor: 1.0000975095071769
step_size {
  nsec: 4000000
}

sim_time {
  sec: 41
  nsec: 96000000
}
real_time {
  sec: 43
  nsec: 153171014
}
iterations: 10274
real_time_factor: 1.0000232505405751
step_size {
  nsec: 4000000
}

sim_time {
  sec: 41
  nsec: 200000000
}
real_time {
  sec: 43
  nsec: 257170339
}
iterations: 10300
real_time_factor: 1.00000250000625
step_size {
  nsec: 4000000
}

sim_time {
  sec: 41
  nsec: 300000000
}
real_time {
  sec: 43
  nsec: 357170397
}
iterations: 10325
real_time_factor: 1.0000395015603116
step_size {
  nsec: 4000000
}

sim_time {
  sec: 41
  nsec: 404000000
}
real_time {
  sec: 43
  nsec: 461170156
}
iterations: 10351
real_time_factor: 0.99997725051755071
step_size {
  nsec: 4000000
}

sim_time {
  sec: 41
  nsec: 504000000
}
real_time {
  sec: 43
  nsec: 561170281
}
iterations: 10376
real_time_factor: 1.0000465021623506
step_size {
  nsec: 4000000
}

sim_time {
  sec: 41
  nsec: 604000000
}
real_time {
  sec: 43
  nsec: 661171894
}
iterations: 10401
real_time_factor: 0.999847523252704
step_size {
  nsec: 4000000
}

sim_time {
  sec: 41
  nsec: 708000000
}
real_time {
  sec: 43
  nsec: 765170386
}
iterations: 10427
real_time_factor: 1.000201540610433
step_size {
  nsec: 4000000
}

sim_time {
  sec: 41
  nsec: 808000000
}
real_time {
  sec: 43
  nsec: 865171555
}
iterations: 10452
real_time_factor: 0.99980578772573425
step_size {
  nsec: 4000000
}

sim_time {
  sec: 41
  nsec: 912000000
}
real_time {
  sec: 43
  nsec: 969171057
}
iterations: 10478
real_time_factor: 1.0000255006502665
step_size {
  nsec: 4000000
}

sim_time {
  sec: 42
  nsec: 16000000
}
real_time {
  sec: 44
  nsec: 73170437
}
iterations: 10504
real_time_factor: 1.0001022604561316
step_size {
  nsec: 4000000
}

sim_time {
  sec: 42
  nsec: 116000000
}
real_time {
  sec: 44
  nsec: 173170911
}
iterations: 10529
real_time_factor: 0.99979204325500293
step_size {
  nsec: 4000000
}

sim_time {
  sec: 42
  nsec: 216000000
}
real_time {
  sec: 44
  nsec: 273175313
}
iterations: 10554
real_time_factor: 0.998973554672574
step_size {
  nsec: 4000000
}

sim_time {
  sec: 42
  nsec: 316000000
}
real_time {
  sec: 44
  nsec: 373175852
}
iterations: 10579
real_time_factor: 0.998636362047624
step_size {
  nsec: 4000000
}

sim_time {
  sec: 42
  nsec: 420000000
}
real_time {
  sec: 44
  nsec: 477170426
}
iterations: 10605
real_time_factor: 0.999998000004
step_size {
  nsec: 4000000
}

sim_time {
  sec: 42
  nsec: 524000000
}
real_time {
  sec: 44
  nsec: 581170169
}
iterations: 10631
real_time_factor: 1.0000582533932603
step_size {
  nsec: 4000000
}

sim_time {
  sec: 42
  nsec: 624000000
}
real_time {
  sec: 44
  nsec: 681174671
}
iterations: 10656
real_time_factor: 1.0014355578722098
step_size {
  nsec: 4000000
}

sim_time {
  sec: 42
  nsec: 728000000
}
real_time {
  sec: 44
  nsec: 785170859
}
iterations: 10682
real_time_factor: 1.000241058095001
step_size {
  nsec: 4000000
}

sim_time {
  sec: 42
  nsec: 832000000
}
real_time {
  sec: 44
  nsec: 889170295
}
iterations: 10708
real_time_factor: 0.99992625543866143
step_size {
  nsec: 4000000
}

sim_time {
  sec: 42
  nsec: 932000000
}
real_time {
  sec: 44
  nsec: 989171252
}
iterations: 10733
real_time_factor: 0.99999100008099928
step_size {
  nsec: 4000000
}

sim_time {
  sec: 43
  nsec: 32000000
}
real_time {
  sec: 45
  nsec: 89171236
}
iterations: 10758
real_time_factor: 0.99984077535652449
step_size {
  nsec: 4000000
}

sim_time {
  sec: 43
  nsec: 136000000
}
real_time {
  sec: 45
  nsec: 193174849
}
iterations: 10784
real_time_factor: 0.99899650800770623
step_size {
  nsec: 4000000
}

sim_time {
  sec: 43
  nsec: 240000000
}
real_time {
  sec: 45
  nsec: 297171720
}
iterations: 10810
real_time_factor: 1.0005680725231749
step_size {
  nsec: 4000000
}

sim_time {
  sec: 43
  nsec: 344000000
}
real_time {
  sec: 45
  nsec: 401173658
}
iterations: 10836
real_time_factor: 0.99929474773178828
step_size {
  nsec: 4000000
}

sim_time {
  sec: 43
  nsec: 448000000
}
real_time {
  sec: 45
  nsec: 505171147
}
iterations: 10862
real_time_factor: 0.99989401123480914
step_size {
  nsec: 4000000
}

sim_time {
  sec: 43
  nsec: 552000000
}
real_time {
  sec: 45
  nsec: 609171047
}
iterations: 10888
real_time_factor: 0.99996575117302233
step_size {
  nsec: 4000000
}

sim_time {
  sec: 43
  nsec: 656000000
}
real_time {
  sec: 45
  nsec: 713170947
}
iterations: 10914
real_time_factor: 1.0000165002722545
step_size {
  nsec: 4000000
}

sim_time {
  sec: 43
  nsec: 760000000
}
real_time {
  sec: 45
  nsec: 817170282
}
iterations: 10940
real_time_factor: 1.0000167502805672
step_size {
  nsec: 4000000
}

sim_time {
  sec: 43
  nsec: 860000000
}
real_time {
  sec: 45
  nsec: 917170480
}
iterations: 10965
real_time_factor: 1.001080165498573
step_size {
  nsec: 4000000
}

sim_time {
  sec: 43
  nsec: 960000000
}
real_time {
  sec: 46
  nsec: 17173196
}
iterations: 10990
real_time_factor: 0.99933644060343929
step_size {
  nsec: 4000000
}

sim_time {
  sec: 44
  nsec: 64000000
}
real_time {
  sec: 46
  nsec: 121170457
}
iterations: 11016
real_time_factor: 1.0000282507980851
step_size {
  nsec: 4000000
}

sim_time {
  sec: 44
  nsec: 164000000
}
real_time {
  sec: 46
  nsec: 221170701
}
iterations: 11041
real_time_factor: 0.99991025805433964
step_size {
  nsec: 4000000
}

sim_time {
  sec: 44
  nsec: 268000000
}
real_time {
  sec: 46
  nsec: 325171889
}
iterations: 11067
real_time_factor: 0.99969709178119026
step_size {
  nsec: 4000000
}

sim_time {
  sec: 44
  nsec: 368000000
}
real_time {
  sec: 46
  nsec: 425171874
}
iterations: 11092
real_time_factor: 0.99960215834098032
step_size {
  nsec: 4000000
}

sim_time {
  sec: 44
  nsec: 472000000
}
real_time {
  sec: 46
  nsec: 529170620
}
iterations: 11118
real_time_factor: 1.0001787819572749
step_size {
  nsec: 4000000
}

sim_time {
  sec: 44
  nsec: 576000000
}
real_time {
  sec: 46
  nsec: 633170483
}
iterations: 11144
real_time_factor: 0.99995650189216767
step_size {
  nsec: 4000000
}

sim_time {
  sec: 44
  nsec: 676000000
}
real_time {
  sec: 46
  nsec: 733170163
}
iterations: 11169
real_time_factor: 1.0000307509455917
step_size {
  nsec: 4000000
}

sim_time {
  sec: 44
  nsec: 780000000
}
real_time {
  sec: 46
  nsec: 837170276
}
iterations: 11195
real_time_factor: 1.0000907582363099
step_size {
  nsec: 4000000
}

sim_time {
  sec: 44
  nsec: 880000000
}
real_time {
  sec: 46
  nsec: 937170799
}
iterations: 11220
real_time_factor: 1.0002365559454811
step_size {
  nsec: 4000000
}

sim_time {
  sec: 44
  nsec: 980000000
}
real_time {
  sec: 47
  nsec: 37171007
}
iterations: 11245
real_time_factor: 1.0015260753573256
step_size {
  nsec: 4000000
}

sim_time {
  sec: 45
  nsec: 84000000
}
real_time {
  sec: 47
  nsec: 141170222
}
iterations: 11271
real_time_factor: 1.0000560031361756
step_size {
  nsec: 4000000
}

sim_time {
  sec: 45
  nsec: 184000000
}
real_time {
  sec: 47
  nsec: 241170799
}
iterations: 11296
real_time_factor: 1.00002150046226
step_size {
  nsec: 4000000
}

sim_time {
  sec: 45
  nsec: 288000000
}
real_time {
  sec: 47
  nsec: 345171682
}
iterations: 11322
real_time_factor: 0.99972932328572039
step_size {
  nsec: 4000000
}

sim_time {
  sec: 45
  nsec: 392000000
}
real_time {
  sec: 47
  nsec: 449171007
}
iterations: 11348
real_time_factor: 1.0000792562810603
step_size {
  nsec: 4000000
}

sim_time {
  sec: 45
  nsec: 496000000
}
real_time {
  sec: 47
  nsec: 553171057
}
iterations: 11374
real_time_factor: 0.99990125975059962
step_size {
  nsec: 4000000
}

sim_time {
  sec: 45
  nsec: 596000000
}
real_time {
  sec: 47
  nsec: 653170775
}
iterations: 11399
real_time_factor: 1.0001765311577493
step_size {
  nsec: 4000000
}

sim_time {
  sec: 45
  nsec: 700000000
}
real_time {
  sec: 47
  nsec: 757170750
}
iterations: 11425
real_time_factor: 1.0001140129974817
step_size {
  nsec: 4000000
}

sim_time {
  sec: 45
  nsec: 804000000
}
real_time {
  sec: 47
  nsec: 861171210
}
iterations: 11451
real_time_factor: 0.99982228158944753
step_size {
  nsec: 4000000
}

sim_time {
  sec: 45
  nsec: 908000000
}
real_time {
  sec: 47
  nsec: 965170806
}
iterations: 11477
real_time_factor: 0.99975980770619854
step_size {
  nsec: 4000000
}

sim_time {
  sec: 46
  nsec: 12000000
}
real_time {
  sec: 48
  nsec: 69170511
}
iterations: 11503
real_time_factor: 1.0000192503705696
step_size {
  nsec: 4000000
}

sim_time {
  sec: 46
  nsec: 112000000
}
real_time {
  sec: 48
  nsec: 169179814
}
iterations: 11528
real_time_factor: 0.99774833145299346
step_size {
  nsec: 4000000
}

sim_time {
  sec: 46
  nsec: 212000000
}
real_time {
  sec: 48
  nsec: 269178651
}
iterations: 11553
real_time_factor: 0.99787776346654755
step_size {
  nsec: 4000000
}

sim_time {
  sec: 46
  nsec: 316000000
}
real_time {
  sec: 48
  nsec: 373170884
}
iterations: 11579
real_time_factor: 1.0000725052566311
step_size {
  nsec: 4000000
}

sim_time {
  sec: 46
  nsec: 420000000
}
real_time {
  sec: 48
  nsec: 477170812
}
iterations: 11605
real_time_factor: 0.99982952906529432
step_size {
  nsec: 4000000
}

sim_time {
  sec: 46
  nsec: 524000000
}
real_time {
  sec: 48
  nsec: 581170536
}
iterations: 11631
real_time_factor: 0.99997775049505144
step_size {
  nsec: 4000000
}

sim_time {
  sec: 46
  nsec: 624000000
}
real_time {
  sec: 48
  nsec: 681171125
}
iterations: 11656
real_time_factor: 1.0000540029161575
step_size {
  nsec: 4000000
}

sim_time {
  sec: 46
  nsec: 728000000
}
real_time {
  sec: 48
  nsec: 785171119
}
iterations: 11682
real_time_factor: 1.000010000100001
step_size {
  nsec: 4000000
}

sim_time {
  sec: 46
  nsec: 832000000
}
real_time {
  sec: 48
  nsec: 889170389
}
iterations: 11708
real_time_factor: 1.0000102501050636
step_size {
  nsec: 4000000
}

sim_time {
  sec: 46
  nsec: 932000000
}
real_time {
  sec: 48
  nsec: 989170552
}
iterations: 11733
real_time_factor: 0.99999375003906221
step_size {
  nsec: 4000000
}

sim_time {
  sec: 47
  nsec: 36000000
}
real_time {
  sec: 49
  nsec: 93171000
}
iterations: 11759
real_time_factor: 0.99988476328103182
step_size {
  nsec: 4000000
}

sim_time {
  sec: 47
  nsec: 140000000
}
real_time {
  sec: 49
  nsec: 197175067
}
iterations: 11785
real_time_factor: 0.99895309715418246
step_size {
  nsec: 4000000
}

sim_time {
  sec: 47
  nsec: 244000000
}
real_time {
  sec: 49
  nsec: 301170542
}
iterations: 11811
real_time_factor: 1.0000237505640759
step_size {
  nsec: 4000000
}

sim_time {
  sec: 47
  nsec: 348000000
}
real_time {
  sec: 49
  nsec: 405170674
}
iterations: 11837
real_time_factor: 0.99993325445526515
step_size {
  nsec: 4000000
}

sim_time {
  sec: 47
  nsec: 452000000
}
real_time {
  sec: 49
  nsec: 509170191
}
iterations: 11863
real_time_factor: 1.0000332511055992
step_size {
  nsec: 4000000
}

sim_time {
  sec: 47
  nsec: 556000000
}
real_time {
  sec: 49
  nsec: 613170241
}
iterations: 11889
real_time_factor: 0.99997075085553744
step_size {
  nsec: 4000000
}

sim_time {
  sec: 47
  nsec: 656000000
}
real_time {
  sec: 49
  nsec: 713170182
}
iterations: 11914
real_time_factor: 1.0003989090649896
step_size {
  nsec: 4000000
}

sim_time {
  sec: 47
  nsec: 756000000
}
real_time {
  sec: 49
  nsec: 813170512
}
iterations: 11939
real_time_factor: 1.0001255157522269
step_size {
  nsec: 4000000
}

sim_time {
  sec: 47
  nsec: 860000000
}
real_time {
  sec: 49
  nsec: 917171367
}
iterations: 11965
real_time_factor: 0.99983877599737048
step_size {
  nsec: 4000000
}

sim_time {
  sec: 47
  nsec: 964000000
}
real_time {
  sec: 50
  nsec: 21169768
}
iterations: 11991
real_time_factor: 1.0000190003610068
step_size {
  nsec: 4000000
}

sim_time {
  sec: 48
  nsec: 68000000
}
real_time {
  sec: 50
  nsec: 125170789
}
iterations: 12017
real_time_factor: 0.999804038408472
step_size {
  nsec: 4000000
}

sim_time {
  sec: 48
  nsec: 168000000
}
real_time {
  sec: 50
  nsec: 225171100
}
iterations: 12042
real_time_factor: 0.99966761051950226
step_size {
  nsec: 4000000
}

sim_time {
  sec: 48
  nsec: 272000000
}
real_time {
  sec: 50
  nsec: 329170076
}
iterations: 12068
real_time_factor: 1.0000400016000639
step_size {
  nsec: 4000000
}

sim_time {
  sec: 48
  nsec: 372000000
}
real_time {
  sec: 50
  nsec: 429170276
}
iterations: 12093
real_time_factor: 1.0001742803683542
step_size {
  nsec: 4000000
}

sim_time {
  sec: 48
  nsec: 476000000
}
real_time {
  sec: 50
  nsec: 533170245
}
iterations: 12119
real_time_factor: 1.0000380014440549
step_size {
  nsec: 4000000
}

sim_time {
  sec: 48
  nsec: 576000000
}
real_time {
  sec: 50
  nsec: 633175752
}
iterations: 12144
real_time_factor: 0.99876378013114264
step_size {
  nsec: 4000000
}

sim_time {
  sec: 48
  nsec: 680000000
}
real_time {
  sec: 50
  nsec: 737170746
}
iterations: 12170
real_time_factor: 0.99984352448841751
step_size {
  nsec: 4000000
}

sim_time {
  sec: 48
  nsec: 780000000
}
real_time {
  sec: 50
  nsec: 837173086
}
iterations: 12195
real_time_factor: 0.99930698060894774
step_size {
  nsec: 4000000
}

sim_time {
  sec: 48
  nsec: 884000000
}
real_time {
  sec: 50
  nsec: 941171608
}
iterations: 12221
real_time_factor: 0.99995675187048161
step_size {
  nsec: 4000000
}

sim_time {
  sec: 48
  nsec: 988000000
}
real_time {
  sec: 51
  nsec: 45170490
}
iterations: 12247
real_time_factor: 1.0001187641032372
step_size {
  nsec: 4000000
}

sim_time {
  sec: 49
  nsec: 88000000
}
real_time {
  sec: 51
  nsec: 145171302
}
iterations: 12272
real_time_factor: 0.99978104795049882
step_size {
  nsec: 4000000
}

sim_time {
  sec: 49
  nsec: 192000000
}
real_time {
  sec: 51
  nsec: 249170445
}
iterations: 12298
real_time_factor: 0.99997075085553744
step_size {
  nsec: 4000000
}

sim_time {
  sec: 49
  nsec: 296000000
}
real_time {
  sec: 51
  nsec: 353177160
}
iterations: 12324
real_time_factor: 0.99822864327251293
step_size {
  nsec: 4000000
}

sim_time {
  sec: 49
  nsec: 400000000
}
real_time {
  sec: 51
  nsec: 457170228
}
iterations: 12350
real_time_factor: 1.0000102501050636
step_size {
  nsec: 4000000
}

sim_time {
  sec: 49
  nsec: 500000000
}
real_time {
  sec: 51
  nsec: 557171015
}
iterations: 12375
real_time_factor: 0.999857270374654
step_size {
  nsec: 4000000
}

sim_time {
  sec: 49
  nsec: 604000000
}
real_time {
  sec: 51
  nsec: 661170212
}
iterations: 12401
real_time_factor: 1.0000890079217051
step_size {
  nsec: 4000000
}

sim_time {
  sec: 49
  nsec: 704000000
}
real_time {
  sec: 51
  nsec: 761171006
}
iterations: 12426
real_time_factor: 1.0001585251262326
step_size {
  nsec: 4000000
}

sim_time {
  sec: 49
  nsec: 808000000
}
real_time {
  sec: 51
  nsec: 865169871
}
iterations: 12452
real_time_factor: 1.0001027605586474
step_size {
  nsec: 4000000
}

sim_time {
  sec: 49
  nsec: 908000000
}
real_time {
  sec: 51
  nsec: 965170952
}
iterations: 12477
real_time_factor: 0.99982977898012859
step_size {
  nsec: 4000000
}

sim_time {
  sec: 50
  nsec: 12000000
}
real_time {
  sec: 52
  nsec: 69169890
}
iterations: 12503
real_time_factor: 1.0000475022563571
step_size {
  nsec: 4000000
}

sim_time {
  sec: 50
  nsec: 116000000
}
real_time {
  sec: 52
  nsec: 173169931
}
iterations: 12529
real_time_factor: 1.00000350001225
step_size {
  nsec: 4000000
}

sim_time {
  sec: 50
  nsec: 216000000
}
real_time {
  sec: 52
  nsec: 273170586
}
iterations: 12554
real_time_factor: 1.0000360012960468
step_size {
  nsec: 4000000
}

sim_time {
  sec: 50
  nsec: 320000000
}
real_time {
  sec: 52
  nsec: 377170387
}
iterations: 12580
real_time_factor: 0.99995225227995366
step_size {
  nsec: 4000000
}

sim_time {
  sec: 50
  nsec: 420000000
}
real_time {
  sec: 52
  nsec: 477170246
}
iterations: 12605
real_time_factor: 1.0000195003802574
step_size {
  nsec: 4000000
}

sim_time {
  sec: 50
  nsec: 524000000
}
real_time {
  sec: 52
  nsec: 581170453
}
iterations: 12631
real_time_factor: 0.99992250600578458
step_size {
  nsec: 4000000
}

sim_time {
  sec: 50
  nsec: 624000000
}
real_time {
  sec: 52
  nsec: 681181368
}
iterations: 12656
real_time_factor: 0.99720334322392845
step_size {
  nsec: 4000000
}

sim_time {
  sec: 50
  nsec: 728000000
}
real_time {
  sec: 52
  nsec: 785170178
}
iterations: 12682
real_time_factor: 1.0000935087430676
step_size {
  nsec: 4000000
}

sim_time {
  sec: 50
  nsec: 832000000
}
real_time {
  sec: 52
  nsec: 889169885
}
iterations: 12708
real_time_factor: 1.0000217504730728
step_size {
  nsec: 4000000
}

sim_time {
  sec: 50
  nsec: 932000000
}
real_time {
  sec: 52
  nsec: 989173813
}
iterations: 12733
real_time_factor: 0.999466784470485
step_size {
  nsec: 4000000
}

sim_time {
  sec: 51
  nsec: 36000000
}
real_time {
  sec: 53
  nsec: 93170013
}
iterations: 12759
real_time_factor: 0.99999650001224993
step_size {
  nsec: 4000000
}

sim_time {
  sec: 51
  nsec: 136000000
}
real_time {
  sec: 53
  nsec: 193170465
}
iterations: 12784
real_time_factor: 1.0003228542011935
step_size {
  nsec: 4000000
}

sim_time {
  sec: 51
  nsec: 236000000
}
real_time {
  sec: 53
  nsec: 293172881
}
iterations: 12809
real_time_factor: 0.99940884966542287
step_size {
  nsec: 4000000
}

sim_time {
  sec: 51
  nsec: 340000000
}
real_time {
  sec: 53
  nsec: 397170255
}
iterations: 12835
real_time_factor: 1.0000912583273223
step_size {
  nsec: 4000000
}

sim_time {
  sec: 51
  nsec: 444000000
}
real_time {
  sec: 53
  nsec: 501170006
}
iterations: 12861
real_time_factor: 1.0000727552929476
step_size {
  nsec: 4000000
}

sim_time {
  sec: 51
  nsec: 544000000
}
real_time {
  sec: 53
  nsec: 601170329
}
iterations: 12886
real_time_factor: 1.0000892579662735
step_size {
  nsec: 4000000
}

sim_time {
  sec: 51
  nsec: 644000000
}
real_time {
  sec: 53
  nsec: 701172551
}
iterations: 12911
real_time_factor: 0.999439064824867
step_size {
  nsec: 4000000
}

sim_time {
  sec: 51
  nsec: 748000000
}
real_time {
  sec: 53
  nsec: 805170157
}
iterations: 12937
real_time_factor: 1.0000612537517923
step_size {
  nsec: 4000000
}

sim_time {
  sec: 51
  nsec: 848000000
}
real_time {
  sec: 53
  nsec: 905171193
}
iterations: 12962
real_time_factor: 0.99997100084097557
step_size {
  nsec: 4000000
}

sim_time {
  sec: 51
  nsec: 952000000
}
real_time {
  sec: 54
  nsec: 9170614
}
iterations: 12988
real_time_factor: 1.0001307670977981
step_size {
  nsec: 4000000
}

sim_time {
  sec: 52
  nsec: 56000000
}
real_time {
  sec: 54
  nsec: 113170165
}
iterations: 13014
real_time_factor: 0.99990375926317088
step_size {
  nsec: 4000000
}

sim_time {
  sec: 52
  nsec: 160000000
}
real_time {
  sec: 54
  nsec: 217170122
}
iterations: 13040
real_time_factor: 1.0000940088368306
step_size {
  nsec: 4000000
}

sim_time {
  sec: 52
  nsec: 260000000
}
real_time {
  sec: 54
  nsec: 317170418
}
iterations: 13065
real_time_factor: 1.000198039211764
step_size {
  nsec: 4000000
}

sim_time {
  sec: 52
  nsec: 360000000
}
real_time {
  sec: 54
  nsec: 417171195
}
iterations: 13090
real_time_factor: 0.99987626531216767
step_size {
  nsec: 4000000
}

sim_time {
  sec: 52
  nsec: 464000000
}
real_time {
  sec: 54
  nsec: 521170703
}
iterations: 13116
real_time_factor: 0.99989501102384248
step_size {
  nsec: 4000000
}

sim_time {
  sec: 52
  nsec: 568000000
}
real_time {
  sec: 54
  nsec: 625170430
}
iterations: 13142
real_time_factor: 1.0000245006002646
step_size {
  nsec: 4000000
}

sim_time {
  sec: 52
  nsec: 672000000
}
real_time {
  sec: 54
  nsec: 729170315
}
iterations: 13168
real_time_factor: 1.0000127501625646
step_size {
  nsec: 4000000
}

sim_time {
  sec: 52
  nsec: 772000000
}
real_time {
  sec: 54
  nsec: 829171815
}
iterations: 13193
real_time_factor: 1.0007450546932191
step_size {
  nsec: 4000000
}

sim_time {
  sec: 52
  nsec: 876000000
}
real_time {
  sec: 54
  nsec: 933170274
}
iterations: 13219
real_time_factor: 0.99998250030624469
step_size {
  nsec: 4000000
}

sim_time {
  sec: 52
  nsec: 976000000
}
real_time {
  sec: 55
  nsec: 33175597
}
iterations: 13244
real_time_factor: 0.99870218650863207
step_size {
  nsec: 4000000
}

sim_time {
  sec: 53
  nsec: 80000000
}
real_time {
  sec: 55
  nsec: 137169852
}
iterations: 13270
real_time_factor: 1.000133017691353
step_size {
  nsec: 4000000
}

sim_time {
  sec: 53
  nsec: 180000000
}
real_time {
  sec: 55
  nsec: 237170657
}
iterations: 13295
real_time_factor: 0.99993175465774464
step_size {
  nsec: 4000000
}

sim_time {
  sec: 53
  nsec: 280000000
}
real_time {
  sec: 55
  nsec: 337170991
}
iterations: 13320
real_time_factor: 0.999927005328611
step_size {
  nsec: 4000000
}

sim_time {
  sec: 53
  nsec: 384000000
}
real_time {
  sec: 55
  nsec: 441170542
}
iterations: 13346
real_time_factor: 0.99986676775319694
step_size {
  nsec: 4000000
}

sim_time {
  sec: 53
  nsec: 488000000
}
real_time {
  sec: 55
  nsec: 545170252
}
iterations: 13372
real_time_factor: 1.0002560655527815
step_size {
  nsec: 4000000
}

sim_time {
  sec: 53
  nsec: 592000000
}
real_time {
  sec: 55
  nsec: 649170026
}
iterations: 13398
real_time_factor: 1.0000152502325661
step_size {
  nsec: 4000000
}

sim_time {
  sec: 53
  nsec: 692000000
}
real_time {
  sec: 55
  nsec: 749170249
}
iterations: 13423
real_time_factor: 1.0000777560455325
step_size {
  nsec: 4000000
}

sim_time {
  sec: 53
  nsec: 796000000
}
real_time {
  sec: 55
  nsec: 853176532
}
iterations: 13449
real_time_factor: 0.99839258793342722
step_size {
  nsec: 4000000
}

sim_time {
  sec: 53
  nsec: 900000000
}
real_time {
  sec: 55
  nsec: 957170833
}
iterations: 13475
real_time_factor: 1.0004366906154536
step_size {
  nsec: 4000000
}

sim_time {
  sec: 54
  nsec: 4000000
}
real_time {
  sec: 56
  nsec: 61170912
}
iterations: 13501
real_time_factor: 0.99995025247493941
step_size {
  nsec: 4000000
}

sim_time {
  sec: 54
  nsec: 104000000
}
real_time {
  sec: 56
  nsec: 161171857
}
iterations: 13526
real_time_factor: 0.99978854472279111
step_size {
  nsec: 4000000
}

sim_time {
  sec: 54
  nsec: 204000000
}
real_time {
  sec: 56
  nsec: 261172210
}
iterations: 13551
real_time_factor: 0.99969809117646469
step_size {
  nsec: 4000000
}

sim_time {
  sec: 54
  nsec: 308000000
}
real_time {
  sec: 56
  nsec: 365170817
}
iterations: 13577
real_time_factor: 1.0000497524751857
step_size {
  nsec: 4000000
}

sim_time {
  sec: 54
  nsec: 412000000
}
real_time {
  sec: 56
  nsec: 469170349
}
iterations: 13603
real_time_factor: 0.9999642512780168
step_size {
  nsec: 4000000
}

sim_time {
  sec: 54
  nsec: 516000000
}
real_time {
  sec: 56
  nsec: 573170660
}
iterations: 13629
real_time_factor: 0.99990675869475176
step_size {
  nsec: 4000000
}

sim_time {
  sec: 54
  nsec: 616000000
}
real_time {
  sec: 56
  nsec: 673170559
}
iterations: 13654
real_time_factor: 0.99995075242544307
step_size {
  nsec: 4000000
}

sim_time {
  sec: 54
  nsec: 720000000
}
real_time {
  sec: 56
  nsec: 777170158
}
iterations: 13680
real_time_factor: 0.99999200006399946
step_size {
  nsec: 4000000
}

sim_time {
  sec: 54
  nsec: 820000000
}
real_time {
  sec: 56
  nsec: 877170483
}
iterations: 13705
real_time_factor: 0.99995075242544307
step_size {
  nsec: 4000000
}

sim_time {
  sec: 54
  nsec: 920000000
}
real_time {
  sec: 56
  nsec: 977170615
}
iterations: 13730
real_time_factor: 1.0000522527302051
step_size {
  nsec: 4000000
}

sim_time {
  sec: 55
  nsec: 24000000
}
real_time {
  sec: 57
  nsec: 81170083
}
iterations: 13756
real_time_factor: 0.999987500156248
step_size {
  nsec: 4000000
}

sim_time {
  sec: 55
  nsec: 128000000
}
real_time {
  sec: 57
  nsec: 185170774
}
iterations: 13782
real_time_factor: 0.99986451835776258
step_size {
  nsec: 4000000
}

sim_time {
  sec: 55
  nsec: 228000000
}
real_time {
  sec: 57
  nsec: 285171034
}
iterations: 13807
real_time_factor: 1.0000200004000079
step_size {
  nsec: 4000000
}

sim_time {
  sec: 55
  nsec: 332000000
}
real_time {
  sec: 57
  nsec: 389170198
}
iterations: 13833
real_time_factor: 1.0001007601515852
step_size {
  nsec: 4000000
}

sim_time {
  sec: 55
  nsec: 432000000
}
real_time {
  sec: 57
  nsec: 489171076
}
iterations: 13858
real_time_factor: 1.0000225005062613
step_size {
  nsec: 4000000
}

sim_time {
  sec: 55
  nsec: 536000000
}
real_time {
  sec: 57
  nsec: 593171759
}
iterations: 13884
real_time_factor: 0.99972357643111676
step_size {
  nsec: 4000000
}

sim_time {
  sec: 55
  nsec: 640000000
}
real_time {
  sec: 57
  nsec: 697171199
}
iterations: 13910
real_time_factor: 0.99986276883497738
step_size {
  nsec: 4000000
}

sim_time {
  sec: 55
  nsec: 744000000
}
real_time {
  sec: 57
  nsec: 801170668
}
iterations: 13936
real_time_factor: 1.0000570032491851
step_size {
  nsec: 4000000
}

sim_time {
  sec: 55
  nsec: 848000000
}
real_time {
  sec: 57
  nsec: 905170460
}
iterations: 13962
real_time_factor: 0.99994150342204979
step_size {
  nsec: 4000000
}

sim_time {
  sec: 55
  nsec: 952000000
}
real_time {
  sec: 58
  nsec: 9170865
}
iterations: 13988
real_time_factor: 0.99989001209866912
step_size {
  nsec: 4000000
}

sim_time {
  sec: 56
  nsec: 56000000
}
real_time {
  sec: 58
  nsec: 113170676
}
iterations: 14014
real_time_factor: 0.99999650001224993
step_size {
  nsec: 4000000
}

sim_time {
  sec: 56
  nsec: 156000000
}
real_time {
  sec: 58
  nsec: 213172829
}
iterations: 14039
real_time_factor: 0.9998070372418123
step_size {
  nsec: 4000000
}

sim_time {
  sec: 56
  nsec: 260000000
}
real_time {
  sec: 58
  nsec: 317170170
}
iterations: 14065
real_time_factor: 1.0000362513141101
step_size {
  nsec: 4000000
}

sim_time {
  sec: 56
  nsec: 364000000
}
real_time {
  sec: 58
  nsec: 421170121
}
iterations: 14091
real_time_factor: 0.9999942500330623
step_size {
  nsec: 4000000
}

sim_time {
  sec: 56
  nsec: 464000000
}
real_time {
  sec: 58
  nsec: 521171091
}
iterations: 14116
real_time_factor: 1.0016640143438287
step_size {
  nsec: 4000000
}

sim_time {
  sec: 56
  nsec: 568000000
}
real_time {
  sec: 58
  nsec: 625170505
}
iterations: 14142
real_time_factor: 0.99987176644595332
step_size {
  nsec: 4000000
}

sim_time {
  sec: 56
  nsec: 672000000
}
real_time {
  sec: 58
  nsec: 729169946
}
iterations: 14168
real_time_factor: 1.0000037500140626
step_size {
  nsec: 4000000
}

sim_time {
  sec: 56
  nsec: 772000000
}
real_time {
  sec: 58
  nsec: 829173690
}
iterations: 14193
real_time_factor: 0.99933519226334677
step_size {
  nsec: 4000000
}

sim_time {
  sec: 56
  nsec: 876000000
}
real_time {
  sec: 58
  nsec: 933171223
}
iterations: 14219
real_time_factor: 0.999960001599936
step_size {
  nsec: 4000000
}

sim_time {
  sec: 56
  nsec: 980000000
}
real_time {
  sec: 59
  nsec: 37170581
}
iterations: 14245
real_time_factor: 1.0000387515016207
step_size {
  nsec: 4000000
}

sim_time {
  sec: 57
  nsec: 84000000
}
real_time {
  sec: 59
  nsec: 141170504
}
iterations: 14271
real_time_factor: 1.0000387515016207
step_size {
  nsec: 4000000
}

sim_time {
  sec: 57
  nsec: 184000000
}
real_time {
  sec: 59
  nsec: 241170692
}
iterations: 14296
real_time_factor: 0.9999717507980399
step_size {
  nsec: 4000000
}

sim_time {
  sec: 57
  nsec: 288000000
}
real_time {
  sec: 59
  nsec: 345170597
}
iterations: 14322
real_time_factor: 1.0000780060844745
step_size {
  nsec: 4000000
}

sim_time {
  sec: 57
  nsec: 392000000
}
real_time {
  sec: 59
  nsec: 449170899
}
iterations: 14348
real_time_factor: 0.99984877287310292
step_size {
  nsec: 4000000
}

sim_time {
  sec: 57
  nsec: 492000000
}
real_time {
  sec: 59
  nsec: 549171082
}
iterations: 14373
real_time_factor: 1.0001150132265211
step_size {
  nsec: 4000000
}

sim_time {
  sec: 57
  nsec: 596000000
}
real_time {
  sec: 59
  nsec: 653179199
}
iterations: 14399
real_time_factor: 0.997816527982642
step_size {
  nsec: 4000000
}

sim_time {
  sec: 57
  nsec: 700000000
}
real_time {
  sec: 59
  nsec: 757172206
}
iterations: 14425
real_time_factor: 0.999624391135031
step_size {
  nsec: 4000000
}

sim_time {
  sec: 57
  nsec: 804000000
}
real_time {
  sec: 59
  nsec: 861170306
}
iterations: 14451
real_time_factor: 1.000513263304075
step_size {
  nsec: 4000000
}

sim_time {
  sec: 57
  nsec: 904000000
}
real_time {
  sec: 59
  nsec: 961177939
}
iterations: 14476
real_time_factor: 0.99819451566978223
step_size {
  nsec: 4000000
}

sim_time {
  sec: 58
  nsec: 8000000
}
real_time {
  sec: 60
  nsec: 65170649
}
iterations: 14502
real_time_factor: 1.0000225005062613
step_size {
  nsec: 4000000
}

sim_time {
  sec: 58
  nsec: 112000000
}
real_time {
  sec: 60
  nsec: 169170017
}
iterations: 14528
real_time_factor: 1.000017750315068
step_size {
  nsec: 4000000
}

sim_time {
  sec: 58
  nsec: 212000000
}
real_time {
  sec: 60
  nsec: 269170493
}
iterations: 14553
real_time_factor: 1.0001475217594595
step_size {
  nsec: 4000000
}

sim_time {
  sec: 58
  nsec: 316000000
}
real_time {
  sec: 60
  nsec: 373170611
}
iterations: 14579
real_time_factor: 0.99995525200247293
step_size {
  nsec: 4000000
}

sim_time {
  sec: 58
  nsec: 416000000
}
real_time {
  sec: 60
  nsec: 473170179
}
iterations: 14604
real_time_factor: 1.0006571816040184
step_size {
  nsec: 4000000
}

sim_time {
  sec: 58
  nsec: 520000000
}
real_time {
  sec: 60
  nsec: 577170473
}
iterations: 14630
real_time_factor: 1.0000850072256142
step_size {
  nsec: 4000000
}

sim_time {
  sec: 58
  nsec: 620000000
}
real_time {
  sec: 60
  nsec: 677171098
}
iterations: 14655
real_time_factor: 1.000110762266921
step_size {
  nsec: 4000000
}

sim_time {
  sec: 58
  nsec: 720000000
}
real_time {
  sec: 60
  nsec: 777171955
}
iterations: 14680
real_time_factor: 0.99959666274658177
step_size {
  nsec: 4000000
}

sim_time {
  sec: 58
  nsec: 820000000
}
real_time {
  sec: 60
  nsec: 877177543
}
iterations: 14705
real_time_factor: 0.99846486027732362
step_size {
  nsec: 4000000
}

sim_time {
  sec: 58
  nsec: 924000000
}
real_time {
  sec: 60
  nsec: 981170883
}
iterations: 14731
real_time_factor: 0.99995100240088231
step_size {
  nsec: 4000000
}

sim_time {
  sec: 59
  nsec: 24000000
}
real_time {
  sec: 61
  nsec: 81170888
}
iterations: 14756
real_time_factor: 1.0002333044182556
step_size {
  nsec: 4000000
}

sim_time {
  sec: 59
  nsec: 128000000
}
real_time {
  sec: 61
  nsec: 185170811
}
iterations: 14782
real_time_factor: 0.99994625288890726
step_size {
  nsec: 4000000
}

sim_time {
  sec: 59
  nsec: 232000000
}
real_time {
  sec: 61
  nsec: 289171161
}
iterations: 14808
real_time_factor: 0.99980053979231143
step_size {
  nsec: 4000000
}

sim_time {
  sec: 59
  nsec: 332000000
}
real_time {
  sec: 61
  nsec: 389170537
}
iterations: 14833
real_time_factor: 1.0002563156808932
step_size {
  nsec: 4000000
}

sim_time {
  sec: 59
  nsec: 436000000
}
real_time {
  sec: 61
  nsec: 493170662
}
iterations: 14859
real_time_factor: 0.99996250140619725
step_size {
  nsec: 4000000
}

sim_time {
  sec: 59
  nsec: 540000000
}
real_time {
  sec: 61
  nsec: 597169991
}
iterations: 14885
real_time_factor: 1.0001637768184539
step_size {
  nsec: 4000000
}

sim_time {
  sec: 59
  nsec: 640000000
}
real_time {
  sec: 61
  nsec: 697170483
}
iterations: 14910
real_time_factor: 0.99995550198016192
step_size {
  nsec: 4000000
}

sim_time {
  sec: 59
  nsec: 740000000
}
real_time {
  sec: 61
  nsec: 797170901
}
iterations: 14935
real_time_factor: 1.0001222649468897
step_size {
  nsec: 4000000
}

sim_time {
  sec: 59
  nsec: 844000000
}
real_time {
  sec: 61
  nsec: 901170303
}
iterations: 14961
real_time_factor: 1.0001172637491746
step_size {
  nsec: 4000000
}

sim_time {
  sec: 59
  nsec: 944000000
}
real_time {
  sec: 62
  nsec: 1170901
}
iterations: 14986
real_time_factor: 0.999930004899657
step_size {
  nsec: 4000000
}

sim_time {
  sec: 60
  nsec: 48000000
}
real_time {
  sec: 62
  nsec: 105170477
}
iterations: 15012
real_time_factor: 0.99996925094553346
step_size {
  nsec: 4000000
}

sim_time {
  sec: 60
  nsec: 148000000
}
real_time {
  sec: 62
  nsec: 205170662
}
iterations: 15037
real_time_factor: 1.0000132501755647
step_size {
  nsec: 4000000
}

sim_time {
  sec: 60
  nsec: 252000000
}
real_time {
  sec: 62
  nsec: 309170293
}
iterations: 15063
real_time_factor: 1.0000132501755647
step_size {
  nsec: 4000000
}

sim_time {
  sec: 60
  nsec: 356000000
}
real_time {
  sec: 62
  nsec: 413170171
}
iterations: 15089
real_time_factor: 0.99996700108896408
step_size {
  nsec: 4000000
}

sim_time {
  sec: 60
  nsec: 456000000
}
real_time {
  sec: 62
  nsec: 513170497
}
iterations: 15114
real_time_factor: 1.0000805064807716
step_size {
  nsec: 4000000
}

sim_time {
  sec: 60
  nsec: 556000000
}
real_time {
  sec: 62
  nsec: 613170957
}
iterations: 15139
real_time_factor: 1.0006481698520215
step_size {
  nsec: 4000000
}

sim_time {
  sec: 60
  nsec: 660000000
}
real_time {
  sec: 62
  nsec: 717170058
}
iterations: 15165
real_time_factor: 1.0000527527827092
step_size {
  nsec: 4000000
}

sim_time {
  sec: 60
  nsec: 764000000
}
real_time {
  sec: 62
  nsec: 821170149
}
iterations: 15191
real_time_factor: 0.99995800176392591
step_size {
  nsec: 4000000
}

sim_time {
  sec: 60
  nsec: 864000000
}
real_time {
  sec: 62
  nsec: 921170230
}
iterations: 15216
real_time_factor: 1.0000920084647789
step_size {
  nsec: 4000000
}

sim_time {
  sec: 60
  nsec: 964000000
}
real_time {
  sec: 63
  nsec: 21170625
}
iterations: 15241
real_time_factor: 1.00012451550218
step_size {
  nsec: 4000000
}

sim_time {
  sec: 61
  nsec: 64000000
}
real_time {
  sec: 63
  nsec: 121172863
}
iterations: 15266
real_time_factor: 1.0008011413136215
step_size {
  nsec: 4000000
}

sim_time {
  sec: 61
  nsec: 168000000
}
real_time {
  sec: 63
  nsec: 225170880
}
iterations: 15292
real_time_factor: 1.0001060112371911
step_size {
  nsec: 4000000
}

sim_time {
  sec: 61
  nsec: 272000000
}
real_time {
  sec: 63
  nsec: 329170379
}
iterations: 15318
real_time_factor: 0.99980278889988949
step_size {
  nsec: 4000000
}

sim_time {
  sec: 61
  nsec: 372000000
}
real_time {
  sec: 63
  nsec: 429170571
}
iterations: 15343
real_time_factor: 1.0001640269004117
step_size {
  nsec: 4000000
}

sim_time {
  sec: 61
  nsec: 476000000
}
real_time {
  sec: 63
  nsec: 533170768
}
iterations: 15369
real_time_factor: 0.99985377138593479
step_size {
  nsec: 4000000
}

sim_time {
  sec: 61
  nsec: 576000000
}
real_time {
  sec: 63
  nsec: 633170942
}
iterations: 15394
real_time_factor: 1.0001202644618015
step_size {
  nsec: 4000000
}

sim_time {
  sec: 61
  nsec: 676000000
}
real_time {
  sec: 63
  nsec: 733202293
}
iterations: 15419
real_time_factor: 0.99233175635278381
step_size {
  nsec: 4000000
}

sim_time {
  sec: 61
  nsec: 780000000
}
real_time {
  sec: 63
  nsec: 837170301
}
iterations: 15445
real_time_factor: 1.0005207710613375
step_size {
  nsec: 4000000
}

sim_time {
  sec: 61
  nsec: 880000000
}
real_time {
  sec: 63
  nsec: 937171058
}
iterations: 15470
real_time_factor: 1.0000112501265639
step_size {
  nsec: 4000000
}

sim_time {
  sec: 61
  nsec: 984000000
}
real_time {
  sec: 64
  nsec: 41170743
}
iterations: 15496
real_time_factor: 0.99997850046224
step_size {
  nsec: 4000000
}

sim_time {
  sec: 62
  nsec: 88000000
}
real_time {
  sec: 64
  nsec: 145170187
}
iterations: 15522
real_time_factor: 1.0001037607651795
step_size {
  nsec: 4000000
}

sim_time {
  sec: 62
  nsec: 188000000
}
real_time {
  sec: 64
  nsec: 245170259
}
iterations: 15547
real_time_factor: 1.0000715051126154
step_size {
  nsec: 4000000
}

sim_time {
  sec: 62
  nsec: 288000000
}
real_time {
  sec: 64
  nsec: 345171099
}
iterations: 15572
real_time_factor: 0.99994650286209685
step_size {
  nsec: 4000000
}

sim_time {
  sec: 62
  nsec: 388000000
}
real_time {
  sec: 64
  nsec: 445176264
}
iterations: 15597
real_time_factor: 0.99879744787276115
step_size {
  nsec: 4000000
}

sim_time {
  sec: 62
  nsec: 492000000
}
real_time {
  sec: 64
  nsec: 549170470
}
iterations: 15623
real_time_factor: 1.0000367513506121
step_size {
  nsec: 4000000
}

sim_time {
  sec: 62
  nsec: 596000000
}
real_time {
  sec: 64
  nsec: 653170534
}
iterations: 15649
real_time_factor: 0.99982852940720668
step_size {
  nsec: 4000000
}

sim_time {
  sec: 62
  nsec: 700000000
}
real_time {
  sec: 64
  nsec: 757170433
}
iterations: 15675
real_time_factor: 0.99995800176392591
step_size {
  nsec: 4000000
}

sim_time {
  sec: 62
  nsec: 804000000
}
real_time {
  sec: 64
  nsec: 861171127
}
iterations: 15701
real_time_factor: 0.9997543103782246
step_size {
  nsec: 4000000
}

sim_time {
  sec: 62
  nsec: 908000000
}
real_time {
  sec: 64
  nsec: 965170276
}
iterations: 15727
real_time_factor: 1.0001060112371911
step_size {
  nsec: 4000000
}

sim_time {
  sec: 63
  nsec: 8000000
}
real_time {
  sec: 65
  nsec: 65170728
}
iterations: 15752
real_time_factor: 1.0003238548480071
step_size {
  nsec: 4000000
}

sim_time {
  sec: 63
  nsec: 108000000
}
real_time {
  sec: 65
  nsec: 165171320
}
iterations: 15777
real_time_factor: 1.0000110001210014
step_size {
  nsec: 4000000
}

sim_time {
  sec: 63
  nsec: 212000000
}
real_time {
  sec: 65
  nsec: 269170662
}
iterations: 15803
real_time_factor: 1.0000782561235417
step_size {
  nsec: 4000000
}

sim_time {
  sec: 63
  nsec: 316000000
}
real_time {
  sec: 65
  nsec: 373170282
}
iterations: 15829
real_time_factor: 0.99995800176392591
step_size {
  nsec: 4000000
}

sim_time {
  sec: 63
  nsec: 420000000
}
real_time {
  sec: 65
  nsec: 477171438
}
iterations: 15855
real_time_factor: 0.9996158975913505
step_size {
  nsec: 4000000
}

sim_time {
  sec: 63
  nsec: 524000000
}
real_time {
  sec: 65
  nsec: 581171032
}
iterations: 15881
real_time_factor: 0.99970358788619174
step_size {
  nsec: 4000000
}

sim_time {
  sec: 63
  nsec: 624000000
}
real_time {
  sec: 65
  nsec: 681170245
}
iterations: 15906
real_time_factor: 1.0005510534927111
step_size {
  nsec: 4000000
}

sim_time {
  sec: 63
  nsec: 724000000
}
real_time {
  sec: 65
  nsec: 781175374
}
iterations: 15931
real_time_factor: 0.99878822019185221
step_size {
  nsec: 4000000
}

sim_time {
  sec: 63
  nsec: 828000000
}
real_time {
  sec: 65
  nsec: 885171181
}
iterations: 15957
real_time_factor: 1.000168528397035
step_size {
  nsec: 4000000
}

sim_time {
  sec: 63
  nsec: 932000000
}
real_time {
  sec: 65
  nsec: 989170792
}
iterations: 15983
real_time_factor: 1.000002000004
step_size {
  nsec: 4000000
}

sim_time {
  sec: 64
  nsec: 36000000
}
real_time {
  sec: 66
  nsec: 93171237
}
iterations: 16009
real_time_factor: 0.99984227488113753
step_size {
  nsec: 4000000
}

sim_time {
  sec: 64
  nsec: 140000000
}
real_time {
  sec: 66
  nsec: 197170367
}
iterations: 16035
real_time_factor: 1.0000297508850888
step_size {
  nsec: 4000000
}

sim_time {
  sec: 64
  nsec: 240000000
}
real_time {
  sec: 66
  nsec: 297170441
}
iterations: 16060
real_time_factor: 0.99996725107252737
step_size {
  nsec: 4000000
}

sim_time {
  sec: 64
  nsec: 344000000
}
real_time {
  sec: 66
  nsec: 401170821
}
iterations: 16086
real_time_factor: 0.99991900656046862
step_size {
  nsec: 4000000
}

sim_time {
  sec: 64
  nsec: 444000000
}
real_time {
  sec: 66
  nsec: 501170883
}
iterations: 16111
real_time_factor: 1.0002660707748261
step_size {
  nsec: 4000000
}

sim_time {
  sec: 64
  nsec: 548000000
}
real_time {
  sec: 66
  nsec: 605170375
}
iterations: 16137
real_time_factor: 1.0000137501890651
step_size {
  nsec: 4000000
}

sim_time {
  sec: 64
  nsec: 648000000
}
real_time {
  sec: 66
  nsec: 705171117
}
iterations: 16162
real_time_factor: 0.99989101187970508
step_size {
  nsec: 4000000
}

sim_time {
  sec: 64
  nsec: 748000000
}
real_time {
  sec: 66
  nsec: 805175905
}
iterations: 16187
real_time_factor: 0.998892228518573
step_size {
  nsec: 4000000
}

sim_time {
  sec: 64
  nsec: 852000000
}
real_time {
  sec: 66
  nsec: 909170785
}
iterations: 16213
real_time_factor: 0.99995600193591483
step_size {
  nsec: 4000000
}

sim_time {
  sec: 64
  nsec: 952000000
}
real_time {
  sec: 67
  nsec: 9171536
}
iterations: 16238
real_time_factor: 0.999895510919109
step_size {
  nsec: 4000000
}

sim_time {
  sec: 65
  nsec: 56000000
}
real_time {
  sec: 67
  nsec: 113170777
}
iterations: 16264
real_time_factor: 0.99991450730962506
step_size {
  nsec: 4000000
}

sim_time {
  sec: 65
  nsec: 160000000
}
real_time {
  sec: 67
  nsec: 217170705
}
iterations: 16290
real_time_factor: 1.0000322510400961
step_size {
  nsec: 4000000
}

sim_time {
  sec: 65
  nsec: 264000000
}
real_time {
  sec: 67
  nsec: 321170465
}
iterations: 16316
real_time_factor: 1.00000450002025
step_size {
  nsec: 4000000
}

sim_time {
  sec: 65
  nsec: 364000000
}
real_time {
  sec: 67
  nsec: 421171578
}
iterations: 16341
real_time_factor: 0.99997425066304546
step_size {
  nsec: 4000000
}

sim_time {
  sec: 65
  nsec: 468000000
}
real_time {
  sec: 67
  nsec: 525171181
}
iterations: 16367
real_time_factor: 1.000053002809149
step_size {
  nsec: 4000000
}

sim_time {
  sec: 65
  nsec: 572000000
}
real_time {
  sec: 67
  nsec: 629170664
}
iterations: 16393
real_time_factor: 0.99994175339286484
step_size {
  nsec: 4000000
}

sim_time {
  sec: 65
  nsec: 672000000
}
real_time {
  sec: 67
  nsec: 729171082
}
iterations: 16418
real_time_factor: 1.0006183821601751
step_size {
  nsec: 4000000
}

sim_time {
  sec: 65
  nsec: 772000000
}
real_time {
  sec: 67
  nsec: 829170926
}
iterations: 16443
real_time_factor: 0.99997925043055358
step_size {
  nsec: 4000000
}

sim_time {
  sec: 65
  nsec: 876000000
}
real_time {
  sec: 67
  nsec: 933170140
}
iterations: 16469
real_time_factor: 1.0000650042252746
step_size {
  nsec: 4000000
}

sim_time {
  sec: 65
  nsec: 980000000
}
real_time {
  sec: 68
  nsec: 37171041
}
iterations: 16495
real_time_factor: 0.99982153185656364
step_size {
  nsec: 4000000
}

sim_time {
  sec: 66
  nsec: 84000000
}
real_time {
  sec: 68
  nsec: 141171153
}
iterations: 16521
real_time_factor: 0.99998625018906
step_size {
  nsec: 4000000
}

sim_time {
  sec: 66
  nsec: 184000000
}
real_time {
  sec: 68
  nsec: 241170960
}
iterations: 16546
real_time_factor: 1.0000465021623506
step_size {
  nsec: 4000000
}

sim_time {
  sec: 66
  nsec: 288000000
}
real_time {
  sec: 68
  nsec: 345171129
}
iterations: 16572
real_time_factor: 0.99990275945664286
step_size {
  nsec: 4000000
}

sim_time {
  sec: 66
  nsec: 392000000
}
real_time {
  sec: 68
  nsec: 449170242
}
iterations: 16598
real_time_factor: 1.0000462521391615
step_size {
  nsec: 4000000
}

sim_time {
  sec: 66
  nsec: 496000000
}
real_time {
  sec: 68
  nsec: 553170200
}
iterations: 16624
real_time_factor: 1.0000067500455627
step_size {
  nsec: 4000000
}

sim_time {
  sec: 66
  nsec: 596000000
}
real_time {
  sec: 68
  nsec: 653171286
}
iterations: 16649
real_time_factor: 1.0000692547958947
step_size {
  nsec: 4000000
}

sim_time {
  sec: 66
  nsec: 700000000
}
real_time {
  sec: 68
  nsec: 757170621
}
iterations: 16675
real_time_factor: 0.999905258976712
step_size {
  nsec: 4000000
}

sim_time {
  sec: 66
  nsec: 804000000
}
real_time {
  sec: 68
  nsec: 861170188
}
iterations: 16701
real_time_factor: 0.99998400025599588
step_size {
  nsec: 4000000
}

sim_time {
  sec: 66
  nsec: 904000000
}
real_time {
  sec: 68
  nsec: 961170858
}
iterations: 16726
real_time_factor: 1
step_size {
  nsec: 4000000
}

sim_time {
  sec: 67
  nsec: 4000000
}
real_time {
  sec: 69
  nsec: 61171333
}
iterations: 16751
real_time_factor: 0.99997225077004115
step_size {
  nsec: 4000000
}

sim_time {
  sec: 67
  nsec: 108000000
}
real_time {
  sec: 69
  nsec: 165170307
}
iterations: 16777
real_time_factor: 0.99998600019599726
step_size {
  nsec: 4000000
}

sim_time {
  sec: 67
  nsec: 208000000
}
real_time {
  sec: 69
  nsec: 265171653
}
iterations: 16802
real_time_factor: 0.99976855357984629
step_size {
  nsec: 4000000
}

sim_time {
  sec: 67
  nsec: 308000000
}
real_time {
  sec: 69
  nsec: 365178155
}
iterations: 16827
real_time_factor: 1.0490903468738551
step_size {
  nsec: 4000000
}

sim_time {
  sec: 67
  nsec: 412000000
}
real_time {
  sec: 69
  nsec: 469170333
}
iterations: 16853
real_time_factor: 1.000085757353693
step_size {
  nsec: 4000000
}

sim_time {
  sec: 67
  nsec: 516000000
}
real_time {
  sec: 69
  nsec: 573170652
}
iterations: 16879
real_time_factor: 0.99995125237644666
step_size {
  nsec: 4000000
}

sim_time {
  sec: 67
  nsec: 616000000
}
real_time {
  sec: 69
  nsec: 673170831
}
iterations: 16904
real_time_factor: 1.0001252656895276
step_size {
  nsec: 4000000
}

sim_time {
  sec: 67
  nsec: 716000000
}
real_time {
  sec: 69
  nsec: 773170908
}
iterations: 16929
real_time_factor: 1.0000720051843732
step_size {
  nsec: 4000000
}

sim_time {
  sec: 67
  nsec: 816000000
}
real_time {
  sec: 69
  nsec: 873171486
}
iterations: 16954
real_time_factor: 0.99986151917959365
step_size {
  nsec: 4000000
}

sim_time {
  sec: 67
  nsec: 920000000
}
real_time {
  sec: 69
  nsec: 977170425
}
iterations: 16980
real_time_factor: 1.0000832569311395
step_size {
  nsec: 4000000
}

sim_time {
  sec: 68
  nsec: 24000000
}
real_time {
  sec: 70
  nsec: 81170270
}
iterations: 17006
real_time_factor: 1.0000302509150902
step_size {
  nsec: 4000000
}

sim_time {
  sec: 68
  nsec: 124000000
}
real_time {
  sec: 70
  nsec: 181170468
}
iterations: 17031
real_time_factor: 1.0000232505405751
step_size {
  nsec: 4000000
}

