sim_time {
  nsec: 4000000
}
real_time {
  sec: 1
  nsec: 772191469
}
iterations: 1
real_time_factor: 0.0022570924586704463
step_size {
  nsec: 4000000
}

sim_time {
  nsec: 108000000
}
real_time {
  sec: 1
  nsec: 876161456
}
iterations: 27
real_time_factor: 1.0001967887181804
step_size {
  nsec: 4000000
}

sim_time {
  nsec: 208000000
}
real_time {
  sec: 1
  nsec: 976166408
}
iterations: 52
real_time_factor: 0.9989710598083974
step_size {
  nsec: 4000000
}

sim_time {
  nsec: 308000000
}
real_time {
  sec: 2
  nsec: 76168016
}
iterations: 77
real_time_factor: 0.99840081150017956
step_size {
  nsec: 4000000
}

sim_time {
  nsec: 412000000
}
real_time {
  sec: 2
  nsec: 180162144
}
iterations: 103
real_time_factor: 1.0000162502640668
step_size {
  nsec: 4000000
}

sim_time {
  nsec: 516000000
}
real_time {
  sec: 2
  nsec: 284161881
}
iterations: 129
real_time_factor: 1.0000070000490004
step_size {
  nsec: 4000000
}

sim_time {
  nsec: 620000000
}
real_time {
  sec: 2
  nsec: 388161356
}
iterations: 155
real_time_factor: 1.0000162502640668
step_size {
  nsec: 4000000
}

sim_time {
  nsec: 720000000
}
real_time {
  sec: 2
  nsec: 488162255
}
iterations: 180
real_time_factor: 1.000085757353693
step_size {
  nsec: 4000000
}

sim_time {
  nsec: 824000000
}
real_time {
  sec: 2
  nsec: 592161507
}
iterations: 206
real_time_factor: 1.0000392515406229
step_size {
  nsec: 4000000
}

sim_time {
  nsec: 924000000
}
real_time {
  sec: 2
  nsec: 692162370
}
iterations: 231
real_time_factor: 0.99996300136894933
step_size {
  nsec: 4000000
}

sim_time {
  sec: 1
  nsec: 28000000
}
real_time {
  sec: 2
  nsec: 796162177
}
iterations: 257
real_time_factor: 0.99993750390600589
step_size {
  nsec: 4000000
}

sim_time {
  sec: 1
  nsec: 132000000
}
real_time {
  sec: 2
  nsec: 900162143
}
iterations: 283
real_time_factor: 1.0000140001960027
step_size {
  nsec: 4000000
}

sim_time {
  sec: 1
  nsec: 236000000
}
real_time {
  sec: 3
  nsec: 4162157
}
iterations: 309
real_time_factor: 1.0000117501380641
step_size {
  nsec: 4000000
}

sim_time {
  sec: 1
  nsec: 336000000
}
real_time {
  sec: 3
  nsec: 104162974
}
iterations: 334
real_time_factor: 0.99991675692998561
step_size {
  nsec: 4000000
}

sim_time {
  sec: 1
  nsec: 440000000
}
real_time {
  sec: 3
  nsec: 208165419
}
iterations: 360
real_time_factor: 0.99910055972111111
step_size {
  nsec: 4000000
}

sim_time {
  sec: 1
  nsec: 544000000
}
real_time {
  sec: 3
  nsec: 312161438
}
iterations: 386
real_time_factor: 1.0005005003753127
step_size {
  nsec: 4000000
}

sim_time {
  sec: 1
  nsec: 644000000
}
real_time {
  sec: 3
  nsec: 412162823
}
iterations: 411
real_time_factor: 0.99988476328103182
step_size {
  nsec: 4000000
}

sim_time {
  sec: 1
  nsec: 676000000
}
real_time {
  sec: 3
  nsec: 732642792
}
iterations: 419
real_time_factor: 0.013676078657966401
step_size {
  nsec: 4000000
}

sim_time {
  sec: 1
  nsec: 780000000
}
real_time {
  sec: 3
  nsec: 836637835
}
iterations: 445
real_time_factor: 1.0006091208022885
step_size {
  nsec: 4000000
}

sim_time {
  sec: 1
  nsec: 880000000
}
real_time {
  sec: 3
  nsec: 936638553
}
iterations: 470
real_time_factor: 1.0000095000902509
step_size {
  nsec: 4000000
}

sim_time {
  sec: 1
  nsec: 984000000
}
real_time {
  sec: 4
  nsec: 40637855
}
iterations: 496
real_time_factor: 1.0000325010562843
step_size {
  nsec: 4000000
}

sim_time {
  sec: 2
  nsec: 88000000
}
real_time {
  sec: 4
  nsec: 144637786
}
iterations: 522
real_time_factor: 0.99989126182527654
step_size {
  nsec: 4000000
}

sim_time {
  sec: 2
  nsec: 192000000
}
real_time {
  sec: 4
  nsec: 248637635
}
iterations: 548
real_time_factor: 1.0000322510400961
step_size {
  nsec: 4000000
}

sim_time {
  sec: 2
  nsec: 296000000
}
real_time {
  sec: 4
  nsec: 352637451
}
iterations: 574
real_time_factor: 0.99998175033305647
step_size {
  nsec: 4000000
}

sim_time {
  sec: 2
  nsec: 400000000
}
real_time {
  sec: 4
  nsec: 456637450
}
iterations: 600
real_time_factor: 1.0000212504515722
step_size {
  nsec: 4000000
}

sim_time {
  sec: 2
  nsec: 500000000
}
real_time {
  sec: 4
  nsec: 556638535
}
iterations: 625
real_time_factor: 0.99988676282411015
step_size {
  nsec: 4000000
}

sim_time {
  sec: 2
  nsec: 604000000
}
real_time {
  sec: 4
  nsec: 660642349
}
iterations: 651
real_time_factor: 0.99880517930425727
step_size {
  nsec: 4000000
}

sim_time {
  sec: 2
  nsec: 704000000
}
real_time {
  sec: 4
  nsec: 760642860
}
iterations: 676
real_time_factor: 1.0002873325362711
step_size {
  nsec: 4000000
}

sim_time {
  sec: 2
  nsec: 808000000
}
real_time {
  sec: 4
  nsec: 864637851
}
iterations: 702
real_time_factor: 0.99995375213896354
step_size {
  nsec: 4000000
}

sim_time {
  sec: 2
  nsec: 908000000
}
real_time {
  sec: 4
  nsec: 964641213
}
iterations: 727
real_time_factor: 1.0078013905643588
step_size {
  nsec: 4000000
}

sim_time {
  sec: 3
  nsec: 8000000
}
real_time {
  sec: 5
  nsec: 64641176
}
iterations: 752
real_time_factor: 0.99980803685692343
step_size {
  nsec: 4000000
}

sim_time {
  sec: 3
  nsec: 112000000
}
real_time {
  sec: 5
  nsec: 168637186
}
iterations: 778
real_time_factor: 1.0000650042252746
step_size {
  nsec: 4000000
}

sim_time {
  sec: 3
  nsec: 212000000
}
real_time {
  sec: 5
  nsec: 268639881
}
iterations: 803
real_time_factor: 1.0005953542357702
step_size {
  nsec: 4000000
}

sim_time {
  sec: 3
  nsec: 316000000
}
real_time {
  sec: 5
  nsec: 372637757
}
iterations: 829
real_time_factor: 1.0000650042252746
step_size {
  nsec: 4000000
}

sim_time {
  sec: 3
  nsec: 416000000
}
real_time {
  sec: 5
  nsec: 472640826
}
iterations: 854
real_time_factor: 0.99999350004224974
step_size {
  nsec: 4000000
}

sim_time {
  sec: 3
  nsec: 520000000
}
real_time {
  sec: 5
  nsec: 576638774
}
iterations: 880
real_time_factor: 1.0000282507980851
step_size {
  nsec: 4000000
}

sim_time {
  sec: 3
  nsec: 620000000
}
real_time {
  sec: 5
  nsec: 676642946
}
iterations: 905
real_time_factor: 0.9993918700470763
step_size {
  nsec: 4000000
}

sim_time {
  sec: 3
  nsec: 724000000
}
real_time {
  sec: 5
  nsec: 780638228
}
iterations: 931
real_time_factor: 0.99991675692998561
step_size {
  nsec: 4000000
}

sim_time {
  sec: 3
  nsec: 824000000
}
real_time {
  sec: 5
  nsec: 880640066
}
iterations: 956
real_time_factor: 0.99970408759007334
step_size {
  nsec: 4000000
}

sim_time {
  sec: 3
  nsec: 924000000
}
real_time {
  sec: 5
  nsec: 980642683
}
iterations: 981
real_time_factor: 1.0004562080308621
step_size {
  nsec: 4000000
}

sim_time {
  sec: 4
  nsec: 28000000
}
real_time {
  sec: 6
  nsec: 84637973
}
iterations: 1007
real_time_factor: 1.0003035921402146
step_size {
  nsec: 4000000
}

sim_time {
  sec: 4
  nsec: 128000000
}
real_time {
  sec: 6
  nsec: 184638506
}
iterations: 1032
real_time_factor: 1.0000280007840219
step_size {
  nsec: 4000000
}

sim_time {
  sec: 4
  nsec: 228000000
}
real_time {
  sec: 6
  nsec: 284639076
}
iterations: 1057
real_time_factor: 1.0009083243043062
step_size {
  nsec: 4000000
}

sim_time {
  sec: 4
  nsec: 328000000
}
real_time {
  sec: 6
  nsec: 384642112
}
iterations: 1082
real_time_factor: 1.094282864460483
step_size {
  nsec: 4000000
}

sim_time {
  sec: 4
  nsec: 432000000
}
real_time {
  sec: 6
  nsec: 488639778
}
iterations: 1108
real_time_factor: 0.99967635478013994
step_size {
  nsec: 4000000
}

sim_time {
  sec: 4
  nsec: 532000000
}
real_time {
  sec: 6
  nsec: 588643083
}
iterations: 1133
real_time_factor: 0.99920463311204277
step_size {
  nsec: 4000000
}

sim_time {
  sec: 4
  nsec: 636000000
}
real_time {
  sec: 6
  nsec: 692638841
}
iterations: 1159
real_time_factor: 0.99982203167836126
step_size {
  nsec: 4000000
}

sim_time {
  sec: 4
  nsec: 736000000
}
real_time {
  sec: 6
  nsec: 792638804
}
iterations: 1184
real_time_factor: 1.0001807826764688
step_size {
  nsec: 4000000
}

sim_time {
  sec: 4
  nsec: 840000000
}
real_time {
  sec: 6
  nsec: 896638164
}
iterations: 1210
real_time_factor: 1.0001322674923758
step_size {
  nsec: 4000000
}

sim_time {
  sec: 4
  nsec: 940000000
}
real_time {
  sec: 6
  nsec: 996638534
}
iterations: 1235
real_time_factor: 1.0000327510725977
step_size {
  nsec: 4000000
}

sim_time {
  sec: 5
  nsec: 44000000
}
real_time {
  sec: 7
  nsec: 100640561
}
iterations: 1261
real_time_factor: 0.99921137242431413
step_size {
  nsec: 4000000
}

sim_time {
  sec: 5
  nsec: 144000000
}
real_time {
  sec: 7
  nsec: 200640431
}
iterations: 1286
real_time_factor: 0.99963688190264888
step_size {
  nsec: 4000000
}

sim_time {
  sec: 5
  nsec: 248000000
}
real_time {
  sec: 7
  nsec: 304638512
}
iterations: 1312
real_time_factor: 0.99996325135051289
step_size {
  nsec: 4000000
}

sim_time {
  sec: 5
  nsec: 352000000
}
real_time {
  sec: 7
  nsec: 408639015
}
iterations: 1338
real_time_factor: 0.99980128949371316
step_size {
  nsec: 4000000
}

sim_time {
  sec: 5
  nsec: 452000000
}
real_time {
  sec: 7
  nsec: 508639000
}
iterations: 1363
real_time_factor: 1.0001415200250836
step_size {
  nsec: 4000000
}

sim_time {
  sec: 5
  nsec: 552000000
}
real_time {
  sec: 7
  nsec: 608641911
}
iterations: 1388
real_time_factor: 1.0010455921209704
step_size {
  nsec: 4000000
}

sim_time {
  sec: 5
  nsec: 656000000
}
real_time {
  sec: 7
  nsec: 712637914
}
iterations: 1414
real_time_factor: 0.999967751040029
step_size {
  nsec: 4000000
}

sim_time {
  sec: 5
  nsec: 756000000
}
real_time {
  sec: 7
  nsec: 812638538
}
iterations: 1439
real_time_factor: 1.0001810327669307
step_size {
  nsec: 4000000
}

sim_time {
  sec: 5
  nsec: 856000000
}
real_time {
  sec: 7
  nsec: 912642237
}
iterations: 1464
real_time_factor: 0.99904516258585851
step_size {
  nsec: 4000000
}

sim_time {
  sec: 5
  nsec: 960000000
}
real_time {
  sec: 8
  nsec: 16638406
}
iterations: 1490
real_time_factor: 1.000141770095911
step_size {
  nsec: 4000000
}

sim_time {
  sec: 6
  nsec: 64000000
}
real_time {
  sec: 8
  nsec: 120637882
}
iterations: 1516
real_time_factor: 0.99993775387482131
step_size {
  nsec: 4000000
}

sim_time {
  sec: 6
  nsec: 168000000
}
real_time {
  sec: 8
  nsec: 224637528
}
iterations: 1542
real_time_factor: 1.0000302509150902
step_size {
  nsec: 4000000
}

sim_time {
  sec: 6
  nsec: 272000000
}
real_time {
  sec: 8
  nsec: 328637538
}
iterations: 1568
real_time_factor: 1.0000212504515722
step_size {
  nsec: 4000000
}

sim_time {
  sec: 6
  nsec: 376000000
}
real_time {
  sec: 8
  nsec: 432637489
}
iterations: 1594
real_time_factor: 0.99997950042024142
step_size {
  nsec: 4000000
}

sim_time {
  sec: 6
  nsec: 476000000
}
real_time {
  sec: 8
  nsec: 532639488
}
iterations: 1619
real_time_factor: 0.99957218310563078
step_size {
  nsec: 4000000
}

sim_time {
  sec: 6
  nsec: 580000000
}
real_time {
  sec: 8
  nsec: 636637837
}
iterations: 1645
real_time_factor: 1.0000260006760175
step_size {
  nsec: 4000000
}

sim_time {
  sec: 6
  nsec: 680000000
}
real_time {
  sec: 8
  nsec: 736638456
}
iterations: 1670
real_time_factor: 1.0000305009302783
step_size {
  nsec: 4000000
}

sim_time {
  sec: 6
  nsec: 780000000
}
real_time {
  sec: 8
  nsec: 836638705
}
iterations: 1695
real_time_factor: 1.000760327658939
step_size {
  nsec: 4000000
}

sim_time {
  sec: 6
  nsec: 884000000
}
real_time {
  sec: 8
  nsec: 940640425
}
iterations: 1721
real_time_factor: 0.99956069307539341
step_size {
  nsec: 4000000
}

sim_time {
  sec: 6
  nsec: 984000000
}
real_time {
  sec: 9
  nsec: 40659979
}
iterations: 1746
real_time_factor: 0.99509418566467311
step_size {
  nsec: 4000000
}

sim_time {
  sec: 7
  nsec: 88000000
}
real_time {
  sec: 9
  nsec: 144638652
}
iterations: 1772
real_time_factor: 1.0001117624894582
step_size {
  nsec: 4000000
}

sim_time {
  sec: 7
  nsec: 192000000
}
real_time {
  sec: 9
  nsec: 248637863
}
iterations: 1798
real_time_factor: 1.0001902862019498
step_size {
  nsec: 4000000
}

sim_time {
  sec: 7
  nsec: 292000000
}
real_time {
  sec: 9
  nsec: 348638405
}
iterations: 1823
real_time_factor: 0.99989176171679417
step_size {
  nsec: 4000000
}

sim_time {
  sec: 7
  nsec: 396000000
}
real_time {
  sec: 9
  nsec: 452637924
}
iterations: 1849
real_time_factor: 1.0000122501500643
step_size {
  nsec: 4000000
}

sim_time {
  sec: 7
  nsec: 500000000
}
real_time {
  sec: 9
  nsec: 556638102
}
iterations: 1875
real_time_factor: 0.99998425024805859
step_size {
  nsec: 4000000
}

sim_time {
  sec: 7
  nsec: 600000000
}
real_time {
  sec: 9
  nsec: 656645475
}
iterations: 1900
real_time_factor: 1.026058815743436
step_size {
  nsec: 4000000
}

sim_time {
  sec: 7
  nsec: 704000000
}
real_time {
  sec: 9
  nsec: 760637865
}
iterations: 1926
real_time_factor: 1.0002298027971928
step_size {
  nsec: 4000000
}

sim_time {
  sec: 7
  nsec: 808000000
}
real_time {
  sec: 9
  nsec: 864637857
}
iterations: 1952
real_time_factor: 1.0000677545903736
step_size {
  nsec: 4000000
}

sim_time {
  sec: 7
  nsec: 908000000
}
real_time {
  sec: 9
  nsec: 964638713
}
iterations: 1977
real_time_factor: 0.99989851030120447
step_size {
  nsec: 4000000
}

sim_time {
  sec: 8
  nsec: 8000000
}
real_time {
  sec: 10
  nsec: 64638920
}
iterations: 2002
real_time_factor: 0.99999100008099928
step_size {
  nsec: 4000000
}

sim_time {
  sec: 8
  nsec: 112000000
}
real_time {
  sec: 10
  nsec: 168643865
}
iterations: 2028
real_time_factor: 0.99880268528101934
step_size {
  nsec: 4000000
}

sim_time {
  sec: 8
  nsec: 216000000
}
real_time {
  sec: 10
  nsec: 272638931
}
iterations: 2054
real_time_factor: 1.0006076189766235
step_size {
  nsec: 4000000
}

sim_time {
  sec: 8
  nsec: 320000000
}
real_time {
  sec: 10
  nsec: 376639114
}
iterations: 2080
real_time_factor: 0.99985227182683756
step_size {
  nsec: 4000000
}

sim_time {
  sec: 8
  nsec: 420000000
}
real_time {
  sec: 10
  nsec: 476639750
}
iterations: 2105
real_time_factor: 1.0001695287351207
step_size {
  nsec: 4000000
}

sim_time {
  sec: 8
  nsec: 524000000
}
real_time {
  sec: 10
  nsec: 580638237
}
iterations: 2131
real_time_factor: 1.0000075000562505
step_size {
  nsec: 4000000
}

sim_time {
  sec: 8
  nsec: 624000000
}
real_time {
  sec: 10
  nsec: 680641893
}
iterations: 2156
real_time_factor: 0.99954470738578582
step_size {
  nsec: 4000000
}

sim_time {
  sec: 8
  nsec: 728000000
}
real_time {
  sec: 10
  nsec: 784637584
}
iterations: 2182
real_time_factor: 1.0004797300305497
step_size {
  nsec: 4000000
}

sim_time {
  sec: 8
  nsec: 828000000
}
real_time {
  sec: 10
  nsec: 884638934
}
iterations: 2207
real_time_factor: 1.0000027500075626
step_size {
  nsec: 4000000
}

sim_time {
  sec: 8
  nsec: 932000000
}
real_time {
  sec: 10
  nsec: 988637532
}
iterations: 2233
real_time_factor: 0.999998000004
step_size {
  nsec: 4000000
}

sim_time {
  sec: 9
  nsec: 32000000
}
real_time {
  sec: 11
  nsec: 88638113
}
iterations: 2258
real_time_factor: 1.0001207645823234
step_size {
  nsec: 4000000
}

sim_time {
  sec: 9
  nsec: 132000000
}
real_time {
  sec: 11
  nsec: 188638417
}
iterations: 2283
real_time_factor: 1.0000697548654018
step_size {
  nsec: 4000000
}

sim_time {
  sec: 9
  nsec: 232000000
}
real_time {
  sec: 11
  nsec: 288641469
}
iterations: 2308
real_time_factor: 1.000172279675174
step_size {
  nsec: 4000000
}

sim_time {
  sec: 9
  nsec: 336000000
}
real_time {
  sec: 11
  nsec: 392640942
}
iterations: 2334
real_time_factor: 0.999882513804628
step_size {
  nsec: 4000000
}

sim_time {
  sec: 9
  nsec: 440000000
}
real_time {
  sec: 11
  nsec: 496638358
}
iterations: 2360
real_time_factor: 1.0003456194115066
step_size {
  nsec: 4000000
}

sim_time {
  sec: 9
  nsec: 540000000
}
real_time {
  sec: 11
  nsec: 596639185
}
iterations: 2385
real_time_factor: 0.99986851728997639
step_size {
  nsec: 4000000
}

sim_time {
  sec: 9
  nsec: 644000000
}
real_time {
  sec: 11
  nsec: 700638565
}
iterations: 2411
real_time_factor: 0.99990100980002983
step_size {
  nsec: 4000000
}

sim_time {
  sec: 9
  nsec: 748000000
}
real_time {
  sec: 11
  nsec: 804638768
}
iterations: 2437
real_time_factor: 0.99974131693424328
step_size {
  nsec: 4000000
}

sim_time {
  sec: 9
  nsec: 848000000
}
real_time {
  sec: 11
  nsec: 904639290
}
iterations: 2462
real_time_factor: 0.99973432060429945
step_size {
  nsec: 4000000
}

sim_time {
  sec: 9
  nsec: 948000000
}
real_time {
  sec: 12
  nsec: 4645487
}
iterations: 2487
real_time_factor: 0.99835969502108035
step_size {
  nsec: 4000000
}

sim_time {
  sec: 10
  nsec: 52000000
}
real_time {
  sec: 12
  nsec: 108639495
}
iterations: 2513
real_time_factor: 0.99995675187048161
step_size {
  nsec: 4000000
}

sim_time {
  sec: 10
  nsec: 156000000
}
real_time {
  sec: 12
  nsec: 212638320
}
iterations: 2539
real_time_factor: 1.0001370187715717
step_size {
  nsec: 4000000
}

sim_time {
  sec: 10
  nsec: 260000000
}
real_time {
  sec: 12
  nsec: 316641559
}
iterations: 2565
real_time_factor: 0.99920488271457986
step_size {
  nsec: 4000000
}

sim_time {
  sec: 10
  nsec: 364000000
}
real_time {
  sec: 12
  nsec: 420645471
}
iterations: 2591
real_time_factor: 0.99819601026045679
step_size {
  nsec: 4000000
}

sim_time {
  sec: 10
  nsec: 468000000
}
real_time {
  sec: 12
  nsec: 524638114
}
iterations: 2617
real_time_factor: 1.0016722918913126
step_size {
  nsec: 4000000
}

sim_time {
  sec: 10
  nsec: 572000000
}
real_time {
  sec: 12
  nsec: 628637655
}
iterations: 2643
real_time_factor: 1.0001487721298543
step_size {
  nsec: 4000000
}

sim_time {
  sec: 10
  nsec: 672000000
}
real_time {
  sec: 12
  nsec: 728640088
}
iterations: 2668
real_time_factor: 1.0004984983768161
step_size {
  nsec: 4000000
}

sim_time {
  sec: 10
  nsec: 776000000
}
real_time {
  sec: 12
  nsec: 832651230
}
iterations: 2694
real_time_factor: 0.99692896033767975
step_size {
  nsec: 4000000
}

sim_time {
  sec: 10
  nsec: 880000000
}
real_time {
  sec: 12
  nsec: 936637808
}
iterations: 2720
real_time_factor: 1.0000632540008156
step_size {
  nsec: 4000000
}

sim_time {
  sec: 10
  nsec: 980000000
}
real_time {
  sec: 13
  nsec: 36638741
}
iterations: 2745
real_time_factor: 1.0001582750470261
step_size {
  nsec: 4000000
}

sim_time {
  sec: 11
  nsec: 80000000
}
real_time {
  sec: 13
  nsec: 136641961
}
iterations: 2770
real_time_factor: 1.0006536770145098
step_size {
  nsec: 4000000
}

sim_time {
  sec: 11
  nsec: 184000000
}
real_time {
  sec: 13
  nsec: 240638252
}
iterations: 2796
real_time_factor: 0.99998900012099867
step_size {
  nsec: 4000000
}

sim_time {
  sec: 11
  nsec: 288000000
}
real_time {
  sec: 13
  nsec: 344637360
}
iterations: 2822
real_time_factor: 1.0001972889152386
step_size {
  nsec: 4000000
}

sim_time {
  sec: 11
  nsec: 392000000
}
real_time {
  sec: 13
  nsec: 448637952
}
iterations: 2848
real_time_factor: 0.99999850000225
step_size {
  nsec: 4000000
}

sim_time {
  sec: 11
  nsec: 492000000
}
real_time {
  sec: 13
  nsec: 548637991
}
iterations: 2873
real_time_factor: 1.0001092619368666
step_size {
  nsec: 4000000
}

sim_time {
  sec: 11
  nsec: 596000000
}
real_time {
  sec: 13
  nsec: 652637943
}
iterations: 2899
real_time_factor: 1.0000167502805672
step_size {
  nsec: 4000000
}

sim_time {
  sec: 11
  nsec: 696000000
}
real_time {
  sec: 13
  nsec: 752643528
}
iterations: 2924
real_time_factor: 0.99877300736045771
step_size {
  nsec: 4000000
}

sim_time {
  sec: 11
  nsec: 800000000
}
real_time {
  sec: 13
  nsec: 856639350
}
iterations: 2950
real_time_factor: 1.0003758912411338
step_size {
  nsec: 4000000
}

sim_time {
  sec: 11
  nsec: 900000000
}
real_time {
  sec: 13
  nsec: 956640426
}
iterations: 2975
real_time_factor: 1.0006819647589833
step_size {
  nsec: 4000000
}

sim_time {
  sec: 12
}
real_time {
  sec: 14
  nsec: 56642197
}
iterations: 3000
real_time_factor: 0.99938962278788235
step_size {
  nsec: 4000000
}

sim_time {
  sec: 12
  nsec: 104000000
}
real_time {
  sec: 14
  nsec: 160641612
}
iterations: 3026
real_time_factor: 0.99985702044607616
step_size {
  nsec: 4000000
}

sim_time {
  sec: 12
  nsec: 208000000
}
real_time {
  sec: 14
  nsec: 264638722
}
iterations: 3052
real_time_factor: 0.99970658611697472
step_size {
  nsec: 4000000
}

sim_time {
  sec: 12
  nsec: 312000000
}
real_time {
  sec: 14
  nsec: 368642513
}
iterations: 3078
real_time_factor: 0.99894386659704026
step_size {
  nsec: 4000000
}

sim_time {
  sec: 12
  nsec: 416000000
}
real_time {
  sec: 14
  nsec: 472639312
}
iterations: 3104
real_time_factor: 1.0001905362971646
step_size {
  nsec: 4000000
}

sim_time {
  sec: 12
  nsec: 520000000
}
real_time {
  sec: 14
  nsec: 576638500
}
iterations: 3130
real_time_factor: 1.0000887578772617
step_size {
  nsec: 4000000
}

sim_time {
  sec: 12
  nsec: 620000000
}
real_time {
  sec: 14
  nsec: 676639339
}
iterations: 3155
real_time_factor: 0.9998480231004887
step_size {
  nsec: 4000000
}

sim_time {
  sec: 12
  nsec: 724000000
}
real_time {
  sec: 14
  nsec: 780638268
}
iterations: 3181
real_time_factor: 0.99994750275610533
step_size {
  nsec: 4000000
}

sim_time {
  sec: 12
  nsec: 824000000
}
real_time {
  sec: 14
  nsec: 880639126
}
iterations: 3206
real_time_factor: 0.99998900012099867
step_size {
  nsec: 4000000
}

sim_time {
  sec: 12
  nsec: 924000000
}
real_time {
  sec: 14
  nsec: 980640233
}
iterations: 3231
real_time_factor: 1.0008139119138639
step_size {
  nsec: 4000000
}

sim_time {
  sec: 13
  nsec: 24000000
}
real_time {
  sec: 15
  nsec: 80644628
}
iterations: 3256
real_time_factor: 0.99896008255406121
step_size {
  nsec: 4000000
}

sim_time {
  sec: 13
  nsec: 128000000
}
real_time {
  sec: 15
  nsec: 184639548
}
iterations: 3282
real_time_factor: 1.0001022604561316
step_size {
  nsec: 4000000
}

sim_time {
  sec: 13
  nsec: 228000000
}
real_time {
  sec: 15
  nsec: 284640025
}
iterations: 3307
real_time_factor: 0.99988501322347934
step_size {
  nsec: 4000000
}

sim_time {
  sec: 13
  nsec: 332000000
}
real_time {
  sec: 15
  nsec: 388644125
}
iterations: 3333
real_time_factor: 0.99858375858438764
step_size {
  nsec: 4000000
}

sim_time {
  sec: 13
  nsec: 436000000
}
real_time {
  sec: 15
  nsec: 492641632
}
iterations: 3359
real_time_factor: 0.9992468177111502
step_size {
  nsec: 4000000
}

sim_time {
  sec: 13
  nsec: 540000000
}
real_time {
  sec: 15
  nsec: 596637714
}
iterations: 3385
real_time_factor: 1.0001277663221477
step_size {
  nsec: 4000000
}

sim_time {
  sec: 13
  nsec: 640000000
}
real_time {
  sec: 15
  nsec: 696638621
}
iterations: 3410
real_time_factor: 0.99974631437272787
step_size {
  nsec: 4000000
}

sim_time {
  sec: 13
  nsec: 740000000
}
real_time {
  sec: 15
  nsec: 796638956
}
iterations: 3435
real_time_factor: 1.0001790320467363
step_size {
  nsec: 4000000
}

sim_time {
  sec: 13
  nsec: 840000000
}
real_time {
  sec: 15
  nsec: 896643400
}
iterations: 3460
real_time_factor: 0.99936690106817327
step_size {
  nsec: 4000000
}

sim_time {
  sec: 13
  nsec: 944000000
}
real_time {
  sec: 16
  nsec: 639287
}
iterations: 3486
real_time_factor: 1.0002718238681361
step_size {
  nsec: 4000000
}

sim_time {
  sec: 14
  nsec: 48000000
}
real_time {
  sec: 16
  nsec: 104639628
}
iterations: 3512
real_time_factor: 0.9997670542763536
step_size {
  nsec: 4000000
}

sim_time {
  sec: 14
  nsec: 148000000
}
real_time {
  sec: 16
  nsec: 204642804
}
iterations: 3537
real_time_factor: 0.99896482270247455
step_size {
  nsec: 4000000
}

sim_time {
  sec: 14
  nsec: 252000000
}
real_time {
  sec: 16
  nsec: 308641180
}
iterations: 3563
real_time_factor: 0.99978329697038171
step_size {
  nsec: 4000000
}

sim_time {
  sec: 14
  nsec: 356000000
}
real_time {
  sec: 16
  nsec: 412637839
}
iterations: 3589
real_time_factor: 1.0000425018063268
step_size {
  nsec: 4000000
}

sim_time {
  sec: 14
  nsec: 456000000
}
real_time {
  sec: 16
  nsec: 512638159
}
iterations: 3614
real_time_factor: 1.0005012511268145
step_size {
  nsec: 4000000
}

sim_time {
  sec: 14
  nsec: 556000000
}
real_time {
  sec: 16
  nsec: 612639895
}
iterations: 3639
real_time_factor: 1.0002533141518088
step_size {
  nsec: 4000000
}

sim_time {
  sec: 14
  nsec: 660000000
}
real_time {
  sec: 16
  nsec: 716639314
}
iterations: 3665
real_time_factor: 0.99981328486905074
step_size {
  nsec: 4000000
}

sim_time {
  sec: 14
  nsec: 760000000
}
real_time {
  sec: 16
  nsec: 816641596
}
iterations: 3690
real_time_factor: 0.99964712456502858
step_size {
  nsec: 4000000
}

sim_time {
  sec: 14
  nsec: 864000000
}
real_time {
  sec: 16
  nsec: 920638701
}
iterations: 3716
real_time_factor: 1.0000447520026521
step_size {
  nsec: 4000000
}

sim_time {
  sec: 14
  nsec: 968000000
}
real_time {
  sec: 17
  nsec: 24637970
}
iterations: 3742
real_time_factor: 0.99986201904137229
step_size {
  nsec: 4000000
}

sim_time {
  sec: 15
  nsec: 68000000
}
real_time {
  sec: 17
  nsec: 124638217
}
iterations: 3767
real_time_factor: 0.99999825000306253
step_size {
  nsec: 4000000
}

sim_time {
  sec: 15
  nsec: 168000000
}
real_time {
  sec: 17
  nsec: 224644463
}
iterations: 3792
real_time_factor: 0.99946129036449349
step_size {
  nsec: 4000000
}

sim_time {
  sec: 15
  nsec: 272000000
}
real_time {
  sec: 17
  nsec: 329869410
}
iterations: 3818
real_time_factor: 0.76535219977529256
step_size {
  nsec: 4000000
}

sim_time {
  sec: 15
  nsec: 376000000
}
real_time {
  sec: 17
  nsec: 432637708
}
iterations: 3844
real_time_factor: 1.0000335011222876
step_size {
  nsec: 4000000
}

sim_time {
  sec: 15
  nsec: 476000000
}
real_time {
  sec: 17
  nsec: 532639014
}
iterations: 3869
real_time_factor: 1.001990956029631
step_size {
  nsec: 4000000
}

sim_time {
  sec: 15
  nsec: 576000000
}
real_time {
  sec: 17
  nsec: 632642561
}
iterations: 3894
real_time_factor: 1.0012407876460905
step_size {
  nsec: 4000000
}

sim_time {
  sec: 15
  nsec: 680000000
}
real_time {
  sec: 17
  nsec: 736642205
}
iterations: 3920
real_time_factor: 0.99968160140995088
step_size {
  nsec: 4000000
}

sim_time {
  sec: 15
  nsec: 784000000
}
real_time {
  sec: 17
  nsec: 840639359
}
iterations: 3946
real_time_factor: 0.99982028230425579
step_size {
  nsec: 4000000
}

sim_time {
  sec: 15
  nsec: 888000000
}
real_time {
  sec: 17
  nsec: 944638189
}
iterations: 3972
real_time_factor: 0.99984127519756238
step_size {
  nsec: 4000000
}

sim_time {
  sec: 15
  nsec: 992000000
}
real_time {
  sec: 18
  nsec: 48637464
}
iterations: 3998
real_time_factor: 1.0000770059294566
step_size {
  nsec: 4000000
}

sim_time {
  sec: 16
  nsec: 92000000
}
real_time {
  sec: 18
  nsec: 148639000
}
iterations: 4023
real_time_factor: 1.0000937587898866
step_size {
  nsec: 4000000
}

sim_time {
  sec: 16
  nsec: 192000000
}
real_time {
  sec: 18
  nsec: 248640260
}
iterations: 4048
real_time_factor: 1.0001257658150513
step_size {
  nsec: 4000000
}

sim_time {
  sec: 16
  nsec: 296000000
}
real_time {
  sec: 18
  nsec: 352639179
}
iterations: 4074
real_time_factor: 0.99975555976563735
step_size {
  nsec: 4000000
}

sim_time {
  sec: 16
  nsec: 396000000
}
real_time {
  sec: 18
  nsec: 452640498
}
iterations: 4099
real_time_factor: 0.9998945111290759
step_size {
  nsec: 4000000
}

sim_time {
  sec: 16
  nsec: 500000000
}
real_time {
  sec: 18
  nsec: 556637659
}
iterations: 4125
real_time_factor: 1.0000705049706005
step_size {
  nsec: 4000000
}

sim_time {
  sec: 16
  nsec: 600000000
}
real_time {
  sec: 18
  nsec: 656638526
}
iterations: 4150
real_time_factor: 1.0001540237196529
step_size {
  nsec: 4000000
}

sim_time {
  sec: 16
  nsec: 704000000
}
real_time {
  sec: 18
  nsec: 760640527
}
iterations: 4176
real_time_factor: 0.99946203955720836
step_size {
  nsec: 4000000
}

sim_time {
  sec: 16
  nsec: 804000000
}
real_time {
  sec: 18
  nsec: 860641217
}
iterations: 4201
real_time_factor: 0.99998225031505694
step_size {
  nsec: 4000000
}

sim_time {
  sec: 16
  nsec: 908000000
}
real_time {
  sec: 18
  nsec: 964638393
}
iterations: 4227
real_time_factor: 1.0001237653159578
step_size {
  nsec: 4000000
}

sim_time {
  sec: 17
  nsec: 8000000
}
real_time {
  sec: 19
  nsec: 64638804
}
iterations: 4252
real_time_factor: 1.0001515229557278
step_size {
  nsec: 4000000
}

sim_time {
  sec: 17
  nsec: 112000000
}
real_time {
  sec: 19
  nsec: 168638148
}
iterations: 4278
real_time_factor: 1.0000542529432221
step_size {
  nsec: 4000000
}

sim_time {
  sec: 17
  nsec: 216000000
}
real_time {
  sec: 19
  nsec: 272637714
}
iterations: 4304
real_time_factor: 1.00002150046226
step_size {
  nsec: 4000000
}

sim_time {
  sec: 17
  nsec: 320000000
}
real_time {
  sec: 19
  nsec: 376637970
}
iterations: 4330
real_time_factor: 1.0000307509455917
step_size {
  nsec: 4000000
}

sim_time {
  sec: 17
  nsec: 420000000
}
real_time {
  sec: 19
  nsec: 476638209
}
iterations: 4355
real_time_factor: 0.99995475204746986
step_size {
  nsec: 4000000
}

sim_time {
  sec: 17
  nsec: 520000000
}
real_time {
  sec: 19
  nsec: 576638570
}
iterations: 4380
real_time_factor: 0.999827279837408
step_size {
  nsec: 4000000
}

sim_time {
  sec: 17
  nsec: 624000000
}
real_time {
  sec: 19
  nsec: 680638047
}
iterations: 4406
real_time_factor: 0.99997775049505144
step_size {
  nsec: 4000000
}

sim_time {
  sec: 17
  nsec: 728000000
}
real_time {
  sec: 19
  nsec: 784638505
}
iterations: 4432
real_time_factor: 0.99989701060790737
step_size {
  nsec: 4000000
}

sim_time {
  sec: 17
  nsec: 828000000
}
real_time {
  sec: 19
  nsec: 884639542
}
iterations: 4457
real_time_factor: 1.0012848988464447
step_size {
  nsec: 4000000
}

sim_time {
  sec: 17
  nsec: 932000000
}
real_time {
  sec: 19
  nsec: 988638722
}
iterations: 4483
real_time_factor: 1.0000195003802574
step_size {
  nsec: 4000000
}

sim_time {
  sec: 18
  nsec: 32000000
}
real_time {
  sec: 20
  nsec: 88638351
}
iterations: 4508
real_time_factor: 1.0001190141626854
step_size {
  nsec: 4000000
}

sim_time {
  sec: 18
  nsec: 136000000
}
real_time {
  sec: 20
  nsec: 192638236
}
iterations: 4534
real_time_factor: 1.0001792821363229
step_size {
  nsec: 4000000
}

sim_time {
  sec: 18
  nsec: 236000000
}
real_time {
  sec: 20
  nsec: 292638106
}
iterations: 4559
real_time_factor: 0.99990575888222533
step_size {
  nsec: 4000000
}

sim_time {
  sec: 18
  nsec: 336000000
}
real_time {
  sec: 20
  nsec: 392638868
}
iterations: 4584
real_time_factor: 0.99989676065946187
step_size {
  nsec: 4000000
}

sim_time {
  sec: 18
  nsec: 440000000
}
real_time {
  sec: 20
  nsec: 496637793
}
iterations: 4610
real_time_factor: 1.0002465607772315
step_size {
  nsec: 4000000
}

sim_time {
  sec: 18
  nsec: 544000000
}
real_time {
  sec: 20
  nsec: 600637330
}
iterations: 4636
real_time_factor: 0.99995475204746986
step_size {
  nsec: 4000000
}

sim_time {
  sec: 18
  nsec: 644000000
}
real_time {
  sec: 20
  nsec: 700637870
}
iterations: 4661
real_time_factor: 0.99989701060790737
step_size {
  nsec: 4000000
}

sim_time {
  sec: 18
  nsec: 748000000
}
real_time {
  sec: 20
  nsec: 804637565
}
iterations: 4687
real_time_factor: 1.0001075115574924
step_size {
  nsec: 4000000
}

sim_time {
  sec: 18
  nsec: 848000000
}
real_time {
  sec: 20
  nsec: 904638633
}
iterations: 4712
real_time_factor: 0.9998945111290759
step_size {
  nsec: 4000000
}

sim_time {
  sec: 18
  nsec: 952000000
}
real_time {
  sec: 21
  nsec: 8638457
}
iterations: 4738
real_time_factor: 0.99974656424596364
step_size {
  nsec: 4000000
}

sim_time {
  sec: 19
  nsec: 52000000
}
real_time {
  sec: 21
  nsec: 108639776
}
iterations: 4763
real_time_factor: 0.99967235738486715
step_size {
  nsec: 4000000
}

sim_time {
  sec: 19
  nsec: 152000000
}
real_time {
  sec: 21
  nsec: 208641853
}
iterations: 4788
real_time_factor: 0.99920288589777506
step_size {
  nsec: 4000000
}

sim_time {
  sec: 19
  nsec: 256000000
}
real_time {
  sec: 21
  nsec: 312639638
}
iterations: 4814
real_time_factor: 1.000336863438763
step_size {
  nsec: 4000000
}

sim_time {
  sec: 19
  nsec: 356000000
}
real_time {
  sec: 21
  nsec: 412640294
}
iterations: 4839
real_time_factor: 0.999626139823706
step_size {
  nsec: 4000000
}

sim_time {
  sec: 19
  nsec: 460000000
}
real_time {
  sec: 21
  nsec: 516639354
}
iterations: 4865
real_time_factor: 1.0004201764741192
step_size {
  nsec: 4000000
}

sim_time {
  sec: 19
  nsec: 560000000
}
real_time {
  sec: 21
  nsec: 616647399
}
iterations: 4890
real_time_factor: 0.99791958714070839
step_size {
  nsec: 4000000
}

sim_time {
  sec: 19
  nsec: 664000000
}
real_time {
  sec: 21
  nsec: 720639170
}
iterations: 4916
real_time_factor: 0.99987626531216767
step_size {
  nsec: 4000000
}

sim_time {
  sec: 19
  nsec: 764000000
}
real_time {
  sec: 21
  nsec: 820641688
}
iterations: 4941
real_time_factor: 0.99942033620500115
step_size {
  nsec: 4000000
}

sim_time {
  sec: 19
  nsec: 868000000
}
real_time {
  sec: 21
  nsec: 924637812
}
iterations: 4967
real_time_factor: 1.0001840338622308
step_size {
  nsec: 4000000
}

sim_time {
  sec: 19
  nsec: 968000000
}
real_time {
  sec: 22
  nsec: 24638014
}
iterations: 4992
real_time_factor: 1.0000820067245515
step_size {
  nsec: 4000000
}

sim_time {
  sec: 20
  nsec: 68000000
}
real_time {
  sec: 22
  nsec: 124648022
}
iterations: 5017
real_time_factor: 0.99786681022643842
step_size {
  nsec: 4000000
}

sim_time {
  sec: 20
  nsec: 172000000
}
real_time {
  sec: 22
  nsec: 228641119
}
iterations: 5043
real_time_factor: 0.99926778652942061
step_size {
  nsec: 4000000
}

sim_time {
  sec: 20
  nsec: 272000000
}
real_time {
  sec: 22
  nsec: 328644217
}
iterations: 5068
real_time_factor: 0.99928176623052178
step_size {
  nsec: 4000000
}

sim_time {
  sec: 20
  nsec: 376000000
}
real_time {
  sec: 22
  nsec: 432638632
}
iterations: 5094
real_time_factor: 1.0011763822491428
step_size {
  nsec: 4000000
}

sim_time {
  sec: 20
  nsec: 476000000
}
real_time {
  sec: 22
  nsec: 532639598
}
iterations: 5119
real_time_factor: 1.0001955382277234
step_size {
  nsec: 4000000
}

sim_time {
  sec: 20
  nsec: 580000000
}
real_time {
  sec: 22
  nsec: 636637828
}
iterations: 5145
real_time_factor: 1.0000497524751857
step_size {
  nsec: 4000000
}

sim_time {
  sec: 20
  nsec: 680000000
}
real_time {
  sec: 22
  nsec: 736638479
}
iterations: 5170
real_time_factor: 1.0000730053293891
step_size {
  nsec: 4000000
}

sim_time {
  sec: 20
  nsec: 784000000
}
real_time {
  sec: 22
  nsec: 840641404
}
iterations: 5196
real_time_factor: 0.9993047337315063
step_size {
  nsec: 4000000
}

sim_time {
  sec: 20
  nsec: 888000000
}
real_time {
  sec: 22
  nsec: 944643300
}
iterations: 5222
real_time_factor: 0.99933743927775887
step_size {
  nsec: 4000000
}

sim_time {
  sec: 20
  nsec: 988000000
}
real_time {
  sec: 23
  nsec: 44642739
}
iterations: 5247
real_time_factor: 0.99887027771590331
step_size {
  nsec: 4000000
}

sim_time {
  sec: 21
  nsec: 92000000
}
real_time {
  sec: 23
  nsec: 148638988
}
iterations: 5273
real_time_factor: 1.0003158497295521
step_size {
  nsec: 4000000
}

sim_time {
  sec: 21
  nsec: 192000000
}
real_time {
  sec: 23
  nsec: 248646851
}
iterations: 5298
real_time_factor: 0.99770577556907891
step_size {
  nsec: 4000000
}

sim_time {
  sec: 21
  nsec: 296000000
}
real_time {
  sec: 23
  nsec: 352638355
}
iterations: 5324
real_time_factor: 0.99997600057598612
step_size {
  nsec: 4000000
}

sim_time {
  sec: 21
  nsec: 400000000
}
real_time {
  sec: 23
  nsec: 456637887
}
iterations: 5350
real_time_factor: 1.0000265007022686
step_size {
  nsec: 4000000
}

sim_time {
  sec: 21
  nsec: 500000000
}
real_time {
  sec: 23
  nsec: 556645551
}
iterations: 5375
real_time_factor: 0.99842947044299313
step_size {
  nsec: 4000000
}

sim_time {
  sec: 21
  nsec: 604000000
}
real_time {
  sec: 23
  nsec: 660638260
}
iterations: 5401
real_time_factor: 1.0000587534517653
step_size {
  nsec: 4000000
}

sim_time {
  sec: 21
  nsec: 708000000
}
real_time {
  sec: 23
  nsec: 764639868
}
iterations: 5427
real_time_factor: 0.99954745488979868
step_size {
  nsec: 4000000
}

sim_time {
  sec: 21
  nsec: 812000000
}
real_time {
  sec: 23
  nsec: 868639750
}
iterations: 5453
real_time_factor: 0.99957992653587335
step_size {
  nsec: 4000000
}

sim_time {
  sec: 21
  nsec: 912000000
}
real_time {
  sec: 23
  nsec: 968646554
}
iterations: 5478
real_time_factor: 1.0004294343346882
step_size {
  nsec: 4000000
}

sim_time {
  sec: 22
  nsec: 16000000
}
real_time {
  sec: 24
  nsec: 72637213
}
iterations: 5504
real_time_factor: 1.0000152502325661
step_size {
  nsec: 4000000
}

sim_time {
  sec: 22
  nsec: 116000000
}
real_time {
  sec: 24
  nsec: 172637471
}
iterations: 5529
real_time_factor: 0.99997325071554333
step_size {
  nsec: 4000000
}

sim_time {
  sec: 22
  nsec: 216000000
}
real_time {
  sec: 24
  nsec: 272638848
}
iterations: 5554
real_time_factor: 1.0002395573739911
step_size {
  nsec: 4000000
}

sim_time {
  sec: 22
  nsec: 316000000
}
real_time {
  sec: 24
  nsec: 372639295
}
iterations: 5579
real_time_factor: 1.000327607291388
step_size {
  nsec: 4000000
}

sim_time {
  sec: 22
  nsec: 420000000
}
real_time {
  sec: 24
  nsec: 476640399
}
iterations: 5605
real_time_factor: 0.99967510559068307
step_size {
  nsec: 4000000
}

sim_time {
  sec: 22
  nsec: 524000000
}
real_time {
  sec: 24
  nsec: 580638652
}
iterations: 5631
real_time_factor: 1.0001007601515852
step_size {
  nsec: 4000000
}

sim_time {
  sec: 22
  nsec: 624000000
}
real_time {
  sec: 24
  nsec: 680640919
}
iterations: 5656
real_time_factor: 1.0594648484130937
step_size {
  nsec: 4000000
}

sim_time {
  sec: 22
  nsec: 728000000
}
real_time {
  sec: 24
  nsec: 784640377
}
iterations: 5682
real_time_factor: 0.99990650874143272
step_size {
  nsec: 4000000
}

sim_time {
  sec: 22
  nsec: 832000000
}
real_time {
  sec: 24
  nsec: 888638283
}
iterations: 5708
real_time_factor: 1.0001467715387233
step_size {
  nsec: 4000000
}

sim_time {
  sec: 22
  nsec: 936000000
}
real_time {
  sec: 24
  nsec: 992638623
}
iterations: 5734
real_time_factor: 0.99995250225614285
step_size {
  nsec: 4000000
}

sim_time {
  sec: 23
  nsec: 36000000
}
real_time {
  sec: 25
  nsec: 92641384
}
iterations: 5759
real_time_factor: 1.000654678323293
step_size {
  nsec: 4000000
}

sim_time {
  sec: 23
  nsec: 140000000
}
real_time {
  sec: 25
  nsec: 196642150
}
iterations: 5785
real_time_factor: 0.99930498338405638
step_size {
  nsec: 4000000
}

sim_time {
  sec: 23
  nsec: 244000000
}
real_time {
  sec: 25
  nsec: 300637750
}
iterations: 5811
real_time_factor: 1.000126265941075
step_size {
  nsec: 4000000
}

sim_time {
  sec: 23
  nsec: 344000000
}
real_time {
  sec: 25
  nsec: 400638073
}
iterations: 5836
real_time_factor: 1.0008492205636483
step_size {
  nsec: 4000000
}

sim_time {
  sec: 23
  nsec: 448000000
}
real_time {
  sec: 25
  nsec: 504637866
}
iterations: 5862
real_time_factor: 0.99991325752490967
step_size {
  nsec: 4000000
}

sim_time {
  sec: 23
  nsec: 552000000
}
real_time {
  sec: 25
  nsec: 608638660
}
iterations: 5888
real_time_factor: 0.99964237793929223
step_size {
  nsec: 4000000
}

sim_time {
  sec: 23
  nsec: 656000000
}
real_time {
  sec: 25
  nsec: 712638606
}
iterations: 5914
real_time_factor: 0.99989701060790737
step_size {
  nsec: 4000000
}

sim_time {
  sec: 23
  nsec: 760000000
}
real_time {
  sec: 25
  nsec: 816640978
}
iterations: 5940
real_time_factor: 0.99931646753620529
step_size {
  nsec: 4000000
}

sim_time {
  sec: 23
  nsec: 860000000
}
real_time {
  sec: 25
  nsec: 916642420
}
iterations: 5965
real_time_factor: 0.99939037187315738
step_size {
  nsec: 4000000
}

sim_time {
  sec: 23
  nsec: 964000000
}
real_time {
  sec: 26
  nsec: 20638632
}
iterations: 5991
real_time_factor: 1.0010207909515729
step_size {
  nsec: 4000000
}

sim_time {
  sec: 24
  nsec: 64000000
}
real_time {
  sec: 26
  nsec: 120639403
}
iterations: 6016
real_time_factor: 1.0003023413826828
step_size {
  nsec: 4000000
}

sim_time {
  sec: 24
  nsec: 168000000
}
real_time {
  sec: 26
  nsec: 224638975
}
iterations: 6042
real_time_factor: 1.0000197503900703
step_size {
  nsec: 4000000
}

sim_time {
  sec: 24
  nsec: 268000000
}
real_time {
  sec: 26
  nsec: 324639155
}
iterations: 6067
real_time_factor: 1.0000407516606302
step_size {
  nsec: 4000000
}

sim_time {
  sec: 24
  nsec: 368000000
}
real_time {
  sec: 26
  nsec: 424638796
}
iterations: 6092
real_time_factor: 1.0000985097032058
step_size {
  nsec: 4000000
}

sim_time {
  sec: 24
  nsec: 472000000
}
real_time {
  sec: 26
  nsec: 528641702
}
iterations: 6118
real_time_factor: 0.99908533737363447
step_size {
  nsec: 4000000
}

sim_time {
  sec: 24
  nsec: 576000000
}
real_time {
  sec: 26
  nsec: 632639934
}
iterations: 6144
real_time_factor: 0.99997600057598612
step_size {
  nsec: 4000000
}

sim_time {
  sec: 24
  nsec: 676000000
}
real_time {
  sec: 26
  nsec: 732641394
}
iterations: 6169
real_time_factor: 1.0006892247035146
step_size {
  nsec: 4000000
}

sim_time {
  sec: 24
  nsec: 780000000
}
real_time {
  sec: 26
  nsec: 836637627
}
iterations: 6195
real_time_factor: 1.0000450020250911
step_size {
  nsec: 4000000
}

sim_time {
  sec: 24
  nsec: 880000000
}
real_time {
  sec: 26
  nsec: 936639818
}
iterations: 6220
real_time_factor: 0.99977230185825183
step_size {
  nsec: 4000000
}

sim_time {
  sec: 24
  nsec: 980000000
}
real_time {
  sec: 27
  nsec: 36642118
}
iterations: 6245
real_time_factor: 0.99982752975111788
step_size {
  nsec: 4000000
}

sim_time {
  sec: 25
  nsec: 84000000
}
real_time {
  sec: 27
  nsec: 140639457
}
iterations: 6271
real_time_factor: 0.99989026204374065
step_size {
  nsec: 4000000
}

sim_time {
  sec: 25
  nsec: 184000000
}
real_time {
  sec: 27
  nsec: 240639792
}
iterations: 6296
real_time_factor: 1.000475976445794
step_size {
  nsec: 4000000
}

sim_time {
  sec: 25
  nsec: 288000000
}
real_time {
  sec: 27
  nsec: 344641100
}
iterations: 6322
real_time_factor: 0.99951348681029506
step_size {
  nsec: 4000000
}

sim_time {
  sec: 25
  nsec: 392000000
}
real_time {
  sec: 27
  nsec: 448638514
}
iterations: 6348
real_time_factor: 1.000281579264563
step_size {
  nsec: 4000000
}

sim_time {
  sec: 25
  nsec: 492000000
}
real_time {
  sec: 27
  nsec: 548638923
}
iterations: 6373
real_time_factor: 1.0003443685488729
step_size {
  nsec: 4000000
}

sim_time {
  sec: 25
  nsec: 596000000
}
real_time {
  sec: 27
  nsec: 652643902
}
iterations: 6399
real_time_factor: 0.99837215420257275
step_size {
  nsec: 4000000
}

sim_time {
  sec: 25
  nsec: 700000000
}
real_time {
  sec: 27
  nsec: 756640278
}
iterations: 6425
real_time_factor: 1.0001657774776169
step_size {
  nsec: 4000000
}

sim_time {
  sec: 25
  nsec: 800000000
}
real_time {
  sec: 27
  nsec: 856641049
}
iterations: 6450
real_time_factor: 1.0007751003151941
step_size {
  nsec: 4000000
}

sim_time {
  sec: 25
  nsec: 900000000
}
real_time {
  sec: 27
  nsec: 956640926
}
iterations: 6475
real_time_factor: 0.99949475540114474
step_size {
  nsec: 4000000
}

sim_time {
  sec: 26
  nsec: 4000000
}
real_time {
  sec: 28
  nsec: 60639908
}
iterations: 6501
real_time_factor: 1.0000660043562875
step_size {
  nsec: 4000000
}

sim_time {
  sec: 26
  nsec: 104000000
}
real_time {
  sec: 28
  nsec: 160640220
}
iterations: 6526
real_time_factor: 1.0006429130716485
step_size {
  nsec: 4000000
}

sim_time {
  sec: 26
  nsec: 208000000
}
real_time {
  sec: 28
  nsec: 264638334
}
iterations: 6552
real_time_factor: 1.0003438682046955
step_size {
  nsec: 4000000
}

sim_time {
  sec: 26
  nsec: 308000000
}
real_time {
  sec: 28
  nsec: 364640766
}
iterations: 6577
real_time_factor: 0.99950599416238528
step_size {
  nsec: 4000000
}

sim_time {
  sec: 26
  nsec: 412000000
}
real_time {
  sec: 28
  nsec: 468637988
}
iterations: 6603
real_time_factor: 0.99999675001056243
step_size {
  nsec: 4000000
}

sim_time {
  sec: 26
  nsec: 512000000
}
real_time {
  sec: 28
  nsec: 568639549
}
iterations: 6628
real_time_factor: 1.000205292136211
step_size {
  nsec: 4000000
}

sim_time {
  sec: 26
  nsec: 612000000
}
real_time {
  sec: 28
  nsec: 668643969
}
iterations: 6653
real_time_factor: 0.99895135081947728
step_size {
  nsec: 4000000
}

sim_time {
  sec: 26
  nsec: 716000000
}
real_time {
  sec: 28
  nsec: 772639139
}
iterations: 6679
real_time_factor: 1.0000780060844745
step_size {
  nsec: 4000000
}

sim_time {
  sec: 26
  nsec: 816000000
}
real_time {
  sec: 28
  nsec: 872639660
}
iterations: 6704
real_time_factor: 0.99994100348079462
step_size {
  nsec: 4000000
}

sim_time {
  sec: 26
  nsec: 916000000
}
real_time {
  sec: 28
  nsec: 972643374
}
iterations: 6729
real_time_factor: 0.99879470449035623
step_size {
  nsec: 4000000
}

sim_time {
  sec: 27
  nsec: 20000000
}
real_time {
  sec: 29
  nsec: 76638944
}
iterations: 6755
real_time_factor: 1.0003581282098992
step_size {
  nsec: 4000000
}

sim_time {
  sec: 27
  nsec: 124000000
}
real_time {
  sec: 29
  nsec: 180637393
}
iterations: 6781
real_time_factor: 1.0001055111314243
step_size {
  nsec: 4000000
}

sim_time {
  sec: 27
  nsec: 224000000
}
real_time {
  sec: 29
  nsec: 280639410
}
iterations: 6806
real_time_factor: 1.000041001681069
step_size {
  nsec: 4000000
}

sim_time {
  sec: 27
  nsec: 328000000
}
real_time {
  sec: 29
  nsec: 384638555
}
iterations: 6832
real_time_factor: 1.000038501482307
step_size {
  nsec: 4000000
}

sim_time {
  sec: 27
  nsec: 428000000
}
real_time {
  sec: 29
  nsec: 484642140
}
iterations: 6857
real_time_factor: 0.99899551001468023
step_size {
  nsec: 4000000
}

sim_time {
  sec: 27
  nsec: 532000000
}
real_time {
  sec: 29
  nsec: 588637853
}
iterations: 6883
real_time_factor: 1.0001057611842452
step_size {
  nsec: 4000000
}

sim_time {
  sec: 27
  nsec: 632000000
}
real_time {
  sec: 29
  nsec: 688638479
}
iterations: 6908
real_time_factor: 1.0000895080109671
step_size {
  nsec: 4000000
}

sim_time {
  sec: 27
  nsec: 732000000
}
real_time {
  sec: 29
  nsec: 788641115
}
iterations: 6933
real_time_factor: 1.0007080009106444
step_size {
  nsec: 4000000
}

sim_time {
  sec: 27
  nsec: 832000000
}
real_time {
  sec: 29
  nsec: 888643000
}
iterations: 6958
real_time_factor: 0.99912027459821628
step_size {
  nsec: 4000000
}

sim_time {
  sec: 27
  nsec: 936000000
}
real_time {
  sec: 29
  nsec: 992640166
}
iterations: 6984
real_time_factor: 1.0001057611842452
step_size {
  nsec: 4000000
}

sim_time {
  sec: 28
  nsec: 40000000
}
real_time {
  sec: 30
  nsec: 96640898
}
iterations: 7010
real_time_factor: 0.99951798245296208
step_size {
  nsec: 4000000
}

sim_time {
  sec: 28
  nsec: 144000000
}
real_time {
  sec: 30
  nsec: 200637898
}
iterations: 7036
real_time_factor: 1.000203041217367
step_size {
  nsec: 4000000
}

sim_time {
  sec: 28
  nsec: 244000000
}
real_time {
  sec: 30
  nsec: 300639653
}
iterations: 7061
real_time_factor: 1.0002072929614663
step_size {
  nsec: 4000000
}

sim_time {
  sec: 28
  nsec: 348000000
}
real_time {
  sec: 30
  nsec: 404638323
}
iterations: 7087
real_time_factor: 0.99989051198893719
step_size {
  nsec: 4000000
}

sim_time {
  sec: 28
  nsec: 452000000
}
real_time {
  sec: 30
  nsec: 508637311
}
iterations: 7113
real_time_factor: 1.0001517730315574
step_size {
  nsec: 4000000
}

sim_time {
  sec: 28
  nsec: 552000000
}
real_time {
  sec: 30
  nsec: 608639538
}
iterations: 7138
real_time_factor: 1.0002215490731197
step_size {
  nsec: 4000000
}

sim_time {
  sec: 28
  nsec: 656000000
}
real_time {
  sec: 30
  nsec: 712638352
}
iterations: 7164
real_time_factor: 1.0000155002402538
step_size {
  nsec: 4000000
}

sim_time {
  sec: 28
  nsec: 756000000
}
real_time {
  sec: 30
  nsec: 812638816
}
iterations: 7189
real_time_factor: 0.99980478811512052
step_size {
  nsec: 4000000
}

sim_time {
  sec: 28
  nsec: 860000000
}
real_time {
  sec: 30
  nsec: 916637894
}
iterations: 7215
real_time_factor: 0.99998775015006069
step_size {
  nsec: 4000000
}

sim_time {
  sec: 28
  nsec: 964000000
}
real_time {
  sec: 31
  nsec: 20638251
}
iterations: 7241
real_time_factor: 0.99988101415931507
step_size {
  nsec: 4000000
}

sim_time {
  sec: 29
  nsec: 60000000
}
real_time {
  sec: 31
  nsec: 121885143
}
iterations: 7265
real_time_factor: 0.99932595464359286
step_size {
  nsec: 4000000
}

sim_time {
  sec: 29
  nsec: 164000000
}
real_time {
  sec: 31
  nsec: 225878693
}
iterations: 7291
real_time_factor: 1.0000340011560394
step_size {
  nsec: 4000000
}

sim_time {
  sec: 29
  nsec: 268000000
}
real_time {
  sec: 31
  nsec: 329877029
}
iterations: 7317
real_time_factor: 1.0001312672288238
step_size {
  nsec: 4000000
}

sim_time {
  sec: 29
  nsec: 368000000
}
real_time {
  sec: 31
  nsec: 429877568
}
iterations: 7342
real_time_factor: 1.0004321867046564
step_size {
  nsec: 4000000
}

sim_time {
  sec: 29
  nsec: 468000000
}
real_time {
  sec: 31
  nsec: 529880470
}
iterations: 7367
real_time_factor: 0.99988326362897129
step_size {
  nsec: 4000000
}

sim_time {
  sec: 29
  nsec: 572000000
}
real_time {
  sec: 31
  nsec: 633876673
}
iterations: 7393
real_time_factor: 1.0002140458058024
step_size {
  nsec: 4000000
}

sim_time {
  sec: 29
  nsec: 672000000
}
real_time {
  sec: 31
  nsec: 733881752
}
iterations: 7418
real_time_factor: 0.99945754441776724
step_size {
  nsec: 4000000
}

sim_time {
  sec: 29
  nsec: 776000000
}
real_time {
  sec: 31
  nsec: 837877871
}
iterations: 7444
real_time_factor: 1.0002933360207882
step_size {
  nsec: 4000000
}

sim_time {
  sec: 29
  nsec: 880000000
}
real_time {
  sec: 31
  nsec: 941877222
}
iterations: 7470
real_time_factor: 1.0000640040962621
step_size {
  nsec: 4000000
}

sim_time {
  sec: 29
  nsec: 980000000
}
real_time {
  sec: 32
  nsec: 41879135
}
iterations: 7495
real_time_factor: 0.99993675400030946
step_size {
  nsec: 4000000
}

sim_time {
  sec: 30
  nsec: 84000000
}
real_time {
  sec: 32
  nsec: 145878283
}
iterations: 7521
real_time_factor: 1.0000642541283278
step_size {
  nsec: 4000000
}

sim_time {
  sec: 30
  nsec: 188000000
}
real_time {
  sec: 32
  nsec: 249882195
}
iterations: 7547
real_time_factor: 0.998937629830675
step_size {
  nsec: 4000000
}

sim_time {
  sec: 30
  nsec: 292000000
}
real_time {
  sec: 32
  nsec: 353881353
}
iterations: 7573
real_time_factor: 1.0002490620164421
step_size {
  nsec: 4000000
}

sim_time {
  sec: 30
  nsec: 396000000
}
real_time {
  sec: 32
  nsec: 457878398
}
iterations: 7599
real_time_factor: 0.9998347773030507
step_size {
  nsec: 4000000
}

sim_time {
  sec: 30
  nsec: 496000000
}
real_time {
  sec: 32
  nsec: 557879945
}
iterations: 7624
real_time_factor: 1.0001520231075123
step_size {
  nsec: 4000000
}

sim_time {
  sec: 30
  nsec: 600000000
}
real_time {
  sec: 32
  nsec: 661878818
}
iterations: 7650
real_time_factor: 0.99990925823481525
step_size {
  nsec: 4000000
}

sim_time {
  sec: 30
  nsec: 704000000
}
real_time {
  sec: 32
  nsec: 765877896
}
iterations: 7676
real_time_factor: 1.0001587752055638
step_size {
  nsec: 4000000
}

sim_time {
  sec: 30
  nsec: 804000000
}
real_time {
  sec: 32
  nsec: 865880581
}
iterations: 7701
real_time_factor: 0.99946478660677207
step_size {
  nsec: 4000000
}

sim_time {
  sec: 30
  nsec: 908000000
}
real_time {
  sec: 32
  nsec: 969880076
}
iterations: 7727
real_time_factor: 0.9998787646997801
step_size {
  nsec: 4000000
}

sim_time {
  sec: 31
  nsec: 12000000
}
real_time {
  sec: 33
  nsec: 73879255
}
iterations: 7753
real_time_factor: 0.99973282140348
step_size {
  nsec: 4000000
}

sim_time {
  sec: 31
  nsec: 112000000
}
real_time {
  sec: 33
  nsec: 173880159
}
iterations: 7778
real_time_factor: 1.0005948536404892
step_size {
  nsec: 4000000
}

sim_time {
  sec: 31
  nsec: 216000000
}
real_time {
  sec: 33
  nsec: 277877760
}
iterations: 7804
real_time_factor: 1.00005725327775
step_size {
  nsec: 4000000
}

sim_time {
  sec: 31
  nsec: 320000000
}
real_time {
  sec: 33
  nsec: 381877514
}
iterations: 7830
real_time_factor: 1.0000547529977266
step_size {
  nsec: 4000000
}

sim_time {
  sec: 31
  nsec: 424000000
}
real_time {
  sec: 33
  nsec: 485884230
}
iterations: 7856
real_time_factor: 0.99832157185731485
step_size {
  nsec: 4000000
}

sim_time {
  sec: 31
  nsec: 524000000
}
real_time {
  sec: 33
  nsec: 585883379
}
iterations: 7881
real_time_factor: 0.99882463311298431
step_size {
  nsec: 4000000
}

sim_time {
  sec: 31
  nsec: 628000000
}
real_time {
  sec: 33
  nsec: 689878247
}
iterations: 7907
real_time_factor: 1.0004416950083461
step_size {
  nsec: 4000000
}

sim_time {
  sec: 31
  nsec: 728000000
}
real_time {
  sec: 33
  nsec: 789883292
}
iterations: 7932
real_time_factor: 0.99888699017120175
step_size {
  nsec: 4000000
}

sim_time {
  sec: 31
  nsec: 828000000
}
real_time {
  sec: 33
  nsec: 889883282
}
iterations: 7957
real_time_factor: 0.99881091560497226
step_size {
  nsec: 4000000
}

sim_time {
  sec: 31
  nsec: 932000000
}
real_time {
  sec: 33
  nsec: 993877359
}
iterations: 7983
real_time_factor: 1.0012926688354666
step_size {
  nsec: 4000000
}

sim_time {
  sec: 32
  nsec: 32000000
}
real_time {
  sec: 34
  nsec: 93879539
}
iterations: 8008
real_time_factor: 1.0008379515749561
step_size {
  nsec: 4000000
}

sim_time {
  sec: 32
  nsec: 136000000
}
real_time {
  sec: 34
  nsec: 197878968
}
iterations: 8034
real_time_factor: 1.0000710050413579
step_size {
  nsec: 4000000
}

sim_time {
  sec: 32
  nsec: 240000000
}
real_time {
  sec: 34
  nsec: 301878489
}
iterations: 8060
real_time_factor: 0.99988351357066907
step_size {
  nsec: 4000000
}

sim_time {
  sec: 32
  nsec: 340000000
}
real_time {
  sec: 34
  nsec: 401881973
}
iterations: 8085
real_time_factor: 0.999053147379571
step_size {
  nsec: 4000000
}

sim_time {
  sec: 32
  nsec: 444000000
}
real_time {
  sec: 34
  nsec: 505878029
}
iterations: 8111
real_time_factor: 1.0000942588839
step_size {
  nsec: 4000000
}

sim_time {
  sec: 32
  nsec: 544000000
}
real_time {
  sec: 34
  nsec: 605878746
}
iterations: 8136
real_time_factor: 0.999863018766429
step_size {
  nsec: 4000000
}

sim_time {
  sec: 32
  nsec: 648000000
}
real_time {
  sec: 34
  nsec: 709878060
}
iterations: 8162
real_time_factor: 0.99999475002756233
step_size {
  nsec: 4000000
}

sim_time {
  sec: 32
  nsec: 752000000
}
real_time {
  sec: 34
  nsec: 813877120
}
iterations: 8188
real_time_factor: 1.0000825068068115
step_size {
  nsec: 4000000
}

sim_time {
  sec: 32
  nsec: 852000000
}
real_time {
  sec: 34
  nsec: 913879870
}
iterations: 8213
real_time_factor: 1.0006922288493065
step_size {
  nsec: 4000000
}

sim_time {
  sec: 32
  nsec: 956000000
}
real_time {
  sec: 35
  nsec: 17878672
}
iterations: 8239
real_time_factor: 0.99962888777541337
step_size {
  nsec: 4000000
}

sim_time {
  sec: 33
  nsec: 56000000
}
real_time {
  sec: 35
  nsec: 117882039
}
iterations: 8264
real_time_factor: 0.99926853543206373
step_size {
  nsec: 4000000
}

sim_time {
  sec: 33
  nsec: 160000000
}
real_time {
  sec: 35
  nsec: 221878199
}
iterations: 8290
real_time_factor: 1.0006757062706593
step_size {
  nsec: 4000000
}

sim_time {
  sec: 33
  nsec: 260000000
}
real_time {
  sec: 35
  nsec: 321879710
}
iterations: 8315
real_time_factor: 1.0005923506715977
step_size {
  nsec: 4000000
}

sim_time {
  sec: 33
  nsec: 360000000
}
real_time {
  sec: 35
  nsec: 421883116
}
iterations: 8340
real_time_factor: 1.0001730299341787
step_size {
  nsec: 4000000
}

sim_time {
  sec: 33
  nsec: 464000000
}
real_time {
  sec: 35
  nsec: 525878128
}
iterations: 8366
real_time_factor: 0.99990225955412859
step_size {
  nsec: 4000000
}

sim_time {
  sec: 33
  nsec: 564000000
}
real_time {
  sec: 35
  nsec: 625879416
}
iterations: 8391
real_time_factor: 0.999952752232457
step_size {
  nsec: 4000000
}

sim_time {
  sec: 33
  nsec: 668000000
}
real_time {
  sec: 35
  nsec: 729880032
}
iterations: 8417
real_time_factor: 0.999619894535103
step_size {
  nsec: 4000000
}

sim_time {
  sec: 33
  nsec: 772000000
}
real_time {
  sec: 35
  nsec: 833878534
}
iterations: 8443
real_time_factor: 0.9997448151359366
step_size {
  nsec: 4000000
}

sim_time {
  sec: 33
  nsec: 876000000
}
real_time {
  sec: 35
  nsec: 937876887
}
iterations: 8469
real_time_factor: 1.000126766067599
step_size {
  nsec: 4000000
}

sim_time {
  sec: 33
  nsec: 976000000
}
real_time {
  sec: 36
  nsec: 37878098
}
iterations: 8494
real_time_factor: 0.99997850046224
step_size {
  nsec: 4000000
}

sim_time {
  sec: 34
  nsec: 80000000
}
real_time {
  sec: 36
  nsec: 141878168
}
iterations: 8520
real_time_factor: 0.99983302788434336
step_size {
  nsec: 4000000
}

sim_time {
  sec: 34
  nsec: 184000000
}
real_time {
  sec: 36
  nsec: 245877787
}
iterations: 8546
real_time_factor: 0.99978179762266883
step_size {
  nsec: 4000000
}

sim_time {
  sec: 34
  nsec: 284000000
}
real_time {
  sec: 36
  nsec: 345878020
}
iterations: 8571
real_time_factor: 1.0010212919731356
step_size {
  nsec: 4000000
}

sim_time {
  sec: 34
  nsec: 384000000
}
real_time {
  sec: 36
  nsec: 445879465
}
iterations: 8596
real_time_factor: 1.00062013432825
step_size {
  nsec: 4000000
}

sim_time {
  sec: 34
  nsec: 488000000
}
real_time {
  sec: 36
  nsec: 549878503
}
iterations: 8622
real_time_factor: 0.99999950000025
step_size {
  nsec: 4000000
}

sim_time {
  sec: 34
  nsec: 588000000
}
real_time {
  sec: 36
  nsec: 649878390
}
iterations: 8647
real_time_factor: 0.99995075242544307
step_size {
  nsec: 4000000
}

sim_time {
  sec: 34
  nsec: 692000000
}
real_time {
  sec: 36
  nsec: 753876869
}
iterations: 8673
real_time_factor: 1.0000872576132267
step_size {
  nsec: 4000000
}

sim_time {
  sec: 34
  nsec: 792000000
}
real_time {
  sec: 36
  nsec: 853880725
}
iterations: 8698
real_time_factor: 1.0005137638177204
step_size {
  nsec: 4000000
}

sim_time {
  sec: 34
  nsec: 896000000
}
real_time {
  sec: 36
  nsec: 957878639
}
iterations: 8724
real_time_factor: 1.0004326871371869
step_size {
  nsec: 4000000
}

sim_time {
  sec: 35
}
real_time {
  sec: 37
  nsec: 61879149
}
iterations: 8750
real_time_factor: 0.99982153185656364
step_size {
  nsec: 4000000
}

sim_time {
  sec: 35
  nsec: 104000000
}
real_time {
  sec: 37
  nsec: 165877161
}
iterations: 8776
real_time_factor: 0.99994850265211344
step_size {
  nsec: 4000000
}

sim_time {
  sec: 35
  nsec: 204000000
}
real_time {
  sec: 37
  nsec: 265878596
}
iterations: 8801
real_time_factor: 1.0001497724284212
step_size {
  nsec: 4000000
}

sim_time {
  sec: 35
  nsec: 304000000
}
real_time {
  sec: 37
  nsec: 365881916
}
iterations: 8826
real_time_factor: 0.9997610571073513
step_size {
  nsec: 4000000
}

sim_time {
  sec: 35
  nsec: 404000000
}
real_time {
  sec: 37
  nsec: 465891651
}
iterations: 8851
real_time_factor: 0.99645883441719
step_size {
  nsec: 4000000
}

sim_time {
  sec: 35
  nsec: 508000000
}
real_time {
  sec: 37
  nsec: 569876755
}
iterations: 8877
real_time_factor: 1.000240557854164
step_size {
  nsec: 4000000
}

sim_time {
  sec: 35
  nsec: 608000000
}
real_time {
  sec: 37
  nsec: 669878857
}
iterations: 8902
real_time_factor: 0.99992525558714485
step_size {
  nsec: 4000000
}

sim_time {
  sec: 35
  nsec: 712000000
}
real_time {
  sec: 37
  nsec: 773879065
}
iterations: 8928
real_time_factor: 0.999809536283338
step_size {
  nsec: 4000000
}

sim_time {
  sec: 35
  nsec: 812000000
}
real_time {
  sec: 37
  nsec: 873881681
}
iterations: 8953
real_time_factor: 0.99941634085693953
step_size {
  nsec: 4000000
}

sim_time {
  sec: 35
  nsec: 916000000
}
real_time {
  sec: 37
  nsec: 977878627
}
iterations: 8979
real_time_factor: 0.99981203533735663
step_size {
  nsec: 4000000
}

sim_time {
  sec: 36
  nsec: 20000000
}
real_time {
  sec: 38
  nsec: 81877007
}
iterations: 9005
real_time_factor: 0.99999950000025
step_size {
  nsec: 4000000
}

sim_time {
  sec: 36
  nsec: 120000000
}
real_time {
  sec: 38
  nsec: 181883827
}
iterations: 9030
real_time_factor: 0.9998235311467526
step_size {
  nsec: 4000000
}

sim_time {
  sec: 36
  nsec: 224000000
}
real_time {
  sec: 38
  nsec: 285877148
}
iterations: 9056
real_time_factor: 1.0000527527827092
step_size {
  nsec: 4000000
}

sim_time {
  sec: 36
  nsec: 324000000
}
real_time {
  sec: 38
  nsec: 385877869
}
iterations: 9081
real_time_factor: 0.99997875045155293
step_size {
  nsec: 4000000
}

sim_time {
  sec: 36
  nsec: 428000000
}
real_time {
  sec: 38
  nsec: 489877351
}
iterations: 9107
real_time_factor: 1.000002000004
step_size {
  nsec: 4000000
}

sim_time {
  sec: 36
  nsec: 532000000
}
real_time {
  sec: 38
  nsec: 593878399
}
iterations: 9133
real_time_factor: 0.99968934653556407
step_size {
  nsec: 4000000
}

sim_time {
  sec: 36
  nsec: 632000000
}
real_time {
  sec: 38
  nsec: 693880778
}
iterations: 9158
real_time_factor: 1.0007781049766193
step_size {
  nsec: 4000000
}

sim_time {
  sec: 36
  nsec: 732000000
}
real_time {
  sec: 38
  nsec: 793881397
}
iterations: 9183
real_time_factor: 0.9999050090241427
step_size {
  nsec: 4000000
}

sim_time {
  sec: 36
  nsec: 832000000
}
real_time {
  sec: 38
  nsec: 893887026
}
iterations: 9208
real_time_factor: 0.99939361792232562
step_size {
  nsec: 4000000
}

sim_time {
  sec: 36
  nsec: 936000000
}
real_time {
  sec: 38
  nsec: 997877352
}
iterations: 9234
real_time_factor: 1.0002170470992204
step_size {
  nsec: 4000000
}

sim_time {
  sec: 37
  nsec: 36000000
}
real_time {
  sec: 39
  nsec: 97877934
}
iterations: 9259
real_time_factor: 1.0001060112371911
step_size {
  nsec: 4000000
}

sim_time {
  sec: 37
  nsec: 140000000
}
real_time {
  sec: 39
  nsec: 201877639
}
iterations: 9285
real_time_factor: 1.000094508931094
step_size {
  nsec: 4000000
}

sim_time {
  sec: 37
  nsec: 240000000
}
real_time {
  sec: 39
  nsec: 301883851
}
iterations: 9310
real_time_factor: 0.998961329957177
step_size {
  nsec: 4000000
}

sim_time {
  sec: 37
  nsec: 344000000
}
real_time {
  sec: 39
  nsec: 405881495
}
iterations: 9336
real_time_factor: 0.99900524053174056
step_size {
  nsec: 4000000
}

sim_time {
  sec: 37
  nsec: 444000000
}
real_time {
  sec: 39
  nsec: 505882693
}
iterations: 9361
real_time_factor: 0.999770552658165
step_size {
  nsec: 4000000
}

sim_time {
  sec: 37
  nsec: 544000000
}
real_time {
  sec: 39
  nsec: 605975439
}
iterations: 9386
real_time_factor: 0.97597943806519882
step_size {
  nsec: 4000000
}

sim_time {
  sec: 37
  nsec: 648000000
}
real_time {
  sec: 39
  nsec: 709878008
}
iterations: 9412
real_time_factor: 0.99996925094553346
step_size {
  nsec: 4000000
}

sim_time {
  sec: 37
  nsec: 748000000
}
real_time {
  sec: 39
  nsec: 809882150
}
iterations: 9437
real_time_factor: 1.0002220492949434
step_size {
  nsec: 4000000
}

sim_time {
  sec: 37
  nsec: 852000000
}
real_time {
  sec: 39
  nsec: 913879999
}
iterations: 9463
real_time_factor: 1.0004234292164158
step_size {
  nsec: 4000000
}

sim_time {
  sec: 37
  nsec: 956000000
}
real_time {
  sec: 40
  nsec: 17877050
}
iterations: 9489
real_time_factor: 1.0000897580557855
step_size {
  nsec: 4000000
}

sim_time {
  sec: 38
  nsec: 56000000
}
real_time {
  sec: 40
  nsec: 117879091
}
iterations: 9514
real_time_factor: 0.9998700168978033
step_size {
  nsec: 4000000
}

sim_time {
  sec: 38
  nsec: 156000000
}
real_time {
  sec: 40
  nsec: 217879261
}
iterations: 9539
real_time_factor: 0.99986101931831473
step_size {
  nsec: 4000000
}

sim_time {
  sec: 38
  nsec: 260000000
}
real_time {
  sec: 40
  nsec: 321878570
}
iterations: 9565
real_time_factor: 0.99996500122495713
step_size {
  nsec: 4000000
}

sim_time {
  sec: 38
  nsec: 360000000
}
real_time {
  sec: 40
  nsec: 421880283
}
iterations: 9590
real_time_factor: 0.999525225517879
step_size {
  nsec: 4000000
}

sim_time {
  sec: 38
  nsec: 464000000
}
real_time {
  sec: 40
  nsec: 525878866
}
iterations: 9616
real_time_factor: 0.99994425310788926
step_size {
  nsec: 4000000
}

sim_time {
  sec: 38
  nsec: 568000000
}
real_time {
  sec: 40
  nsec: 629877367
}
iterations: 9642
real_time_factor: 1.0001177638666954
step_size {
  nsec: 4000000
}

sim_time {
  sec: 38
  nsec: 668000000
}
real_time {
  sec: 40
  nsec: 729879199
}
iterations: 9667
real_time_factor: 0.99979829069485227
step_size {
  nsec: 4000000
}

sim_time {
  sec: 38
  nsec: 768000000
}
real_time {
  sec: 40
  nsec: 829879652
}
iterations: 9692
real_time_factor: 0.999631635742229
step_size {
  nsec: 4000000
}

sim_time {
  sec: 38
  nsec: 872000000
}
real_time {
  sec: 40
  nsec: 933880476
}
iterations: 9718
real_time_factor: 0.99961339951773653
step_size {
  nsec: 4000000
}

sim_time {
  sec: 38
  nsec: 976000000
}
real_time {
  sec: 41
  nsec: 37879023
}
iterations: 9744
real_time_factor: 1.0003956564821388
step_size {
  nsec: 4000000
}

sim_time {
  sec: 39
  nsec: 80000000
}
real_time {
  sec: 41
  nsec: 141877867
}
iterations: 9770
real_time_factor: 1.0001312672288238
step_size {
  nsec: 4000000
}

sim_time {
  sec: 39
  nsec: 180000000
}
real_time {
  sec: 41
  nsec: 241878634
}
iterations: 9795
real_time_factor: 1.0000135001822525
step_size {
  nsec: 4000000
}

sim_time {
  sec: 39
  nsec: 280000000
}
real_time {
  sec: 41
  nsec: 341882862
}
iterations: 9820
real_time_factor: 0.99905140069504006
step_size {
  nsec: 4000000
}

sim_time {
  sec: 39
  nsec: 384000000
}
real_time {
  sec: 41
  nsec: 445877144
}
iterations: 9846
real_time_factor: 1.000057753335255
step_size {
  nsec: 4000000
}

sim_time {
  sec: 39
  nsec: 484000000
}
real_time {
  sec: 41
  nsec: 545878898
}
iterations: 9871
real_time_factor: 1.0017505591020308
step_size {
  nsec: 4000000
}

sim_time {
  sec: 39
  nsec: 588000000
}
real_time {
  sec: 41
  nsec: 650040562
}
iterations: 9897
real_time_factor: 0.96109049171552008
step_size {
  nsec: 4000000
}

sim_time {
  sec: 39
  nsec: 692000000
}
real_time {
  sec: 41
  nsec: 753878268
}
iterations: 9923
real_time_factor: 1.0002057923417744
step_size {
  nsec: 4000000
}

sim_time {
  sec: 39
  nsec: 796000000
}
real_time {
  sec: 41
  nsec: 857877477
}
iterations: 9949
real_time_factor: 1.0000042500180626
step_size {
  nsec: 4000000
}

sim_time {
  sec: 39
  nsec: 896000000
}
real_time {
  sec: 41
  nsec: 957878064
}
iterations: 9974
real_time_factor: 1.0000645041605183
step_size {
  nsec: 4000000
}

sim_time {
  sec: 39
  nsec: 992000000
}
real_time {
  sec: 42
  nsec: 57940448
}
iterations: 9998
real_time_factor: 0.999839775675948
step_size {
  nsec: 4000000
}

sim_time {
  sec: 40
  nsec: 96000000
}
real_time {
  sec: 42
  nsec: 161939721
}
iterations: 10024
real_time_factor: 1.00006675445586
step_size {
  nsec: 4000000
}

sim_time {
  sec: 40
  nsec: 200000000
}
real_time {
  sec: 42
  nsec: 266345547
}
iterations: 10050
real_time_factor: 0.90784180130338843
step_size {
  nsec: 4000000
}

sim_time {
  sec: 40
  nsec: 304000000
}
real_time {
  sec: 42
  nsec: 369942856
}
iterations: 10076
real_time_factor: 0.99912576495566374
step_size {
  nsec: 4000000
}

sim_time {
  sec: 40
  nsec: 408000000
}
real_time {
  sec: 42
  nsec: 473944189
}
iterations: 10102
real_time_factor: 0.99890619771350375
step_size {
  nsec: 4000000
}

sim_time {
  sec: 40
  nsec: 512000000
}
real_time {
  sec: 42
  nsec: 577939050
}
iterations: 10128
real_time_factor: 1.0001687784813686
step_size {
  nsec: 4000000
}

sim_time {
  sec: 40
  nsec: 612000000
}
real_time {
  sec: 42
  nsec: 677940882
}
iterations: 10153
real_time_factor: 0.99967585510398249
step_size {
  nsec: 4000000
}

sim_time {
  sec: 40
  nsec: 712000000
}
real_time {
  sec: 42
  nsec: 777941798
}
iterations: 10178
real_time_factor: 0.99957867758739694
step_size {
  nsec: 4000000
}

sim_time {
  sec: 40
  nsec: 816000000
}
real_time {
  sec: 42
  nsec: 881939844
}
iterations: 10204
real_time_factor: 1.0002498123906445
step_size {
  nsec: 4000000
}

sim_time {
  sec: 40
  nsec: 916000000
}
real_time {
  sec: 42
  nsec: 981940148
}
iterations: 10229
real_time_factor: 1.0000182503330686
step_size {
  nsec: 4000000
}

sim_time {
  sec: 41
  nsec: 20000000
}
real_time {
  sec: 43
  nsec: 85939760
}
iterations: 10255
real_time_factor: 0.999976500552237
step_size {
  nsec: 4000000
}

sim_time {
  sec: 41
  nsec: 124000000
}
real_time {
  sec: 43
  nsec: 189939389
}
iterations: 10281
real_time_factor: 1.0001132628270151
step_size {
  nsec: 4000000
}

sim_time {
  sec: 41
  nsec: 224000000
}
real_time {
  sec: 43
  nsec: 289940335
}
iterations: 10306
real_time_factor: 0.99996500122495713
step_size {
  nsec: 4000000
}

sim_time {
  sec: 41
  nsec: 328000000
}
real_time {
  sec: 43
  nsec: 393944128
}
iterations: 10332
real_time_factor: 0.99899376353168268
step_size {
  nsec: 4000000
}

sim_time {
  sec: 41
  nsec: 428000000
}
real_time {
  sec: 43
  nsec: 493944890
}
iterations: 10357
real_time_factor: 0.99865206936936868
step_size {
  nsec: 4000000
}

sim_time {
  sec: 41
  nsec: 532000000
}
real_time {
  sec: 43
  nsec: 597940802
}
iterations: 10383
real_time_factor: 1.00105185523689
step_size {
  nsec: 4000000
}

sim_time {
  sec: 41
  nsec: 632000000
}
real_time {
  sec: 43
  nsec: 697944194
}
iterations: 10408
real_time_factor: 0.99931971310530354
step_size {
  nsec: 4000000
}

sim_time {
  sec: 41
  nsec: 736000000
}
real_time {
  sec: 43
  nsec: 801939040
}
iterations: 10434
real_time_factor: 1.0000277507700839
step_size {
  nsec: 4000000
}

sim_time {
  sec: 41
  nsec: 836000000
}
real_time {
  sec: 43
  nsec: 901940118
}
iterations: 10459
real_time_factor: 1.0005277784031077
step_size {
  nsec: 4000000
}

sim_time {
  sec: 41
  nsec: 936000000
}
real_time {
  sec: 44
  nsec: 1942436
}
iterations: 10484
real_time_factor: 0.99991875660102614
step_size {
  nsec: 4000000
}

sim_time {
  sec: 42
  nsec: 36000000
}
real_time {
  sec: 44
  nsec: 101945180
}
iterations: 10509
real_time_factor: 0.99930123860890274
step_size {
  nsec: 4000000
}

sim_time {
  sec: 42
  nsec: 136000000
}
real_time {
  sec: 44
  nsec: 201948303
}
iterations: 10534
real_time_factor: 0.99795568777359578
step_size {
  nsec: 4000000
}

sim_time {
  sec: 42
  nsec: 240000000
}
real_time {
  sec: 44
  nsec: 305942863
}
iterations: 10560
real_time_factor: 0.99994875262642791
step_size {
  nsec: 4000000
}

sim_time {
  sec: 42
  nsec: 344000000
}
real_time {
  sec: 44
  nsec: 409943733
}
iterations: 10586
real_time_factor: 0.99952072981005613
step_size {
  nsec: 4000000
}

sim_time {
  sec: 42
  nsec: 448000000
}
real_time {
  sec: 44
  nsec: 513940528
}
iterations: 10612
real_time_factor: 1.0003238548480071
step_size {
  nsec: 4000000
}

sim_time {
  sec: 42
  nsec: 552000000
}
real_time {
  sec: 44
  nsec: 617940888
}
iterations: 10638
real_time_factor: 0.99977530050121233
step_size {
  nsec: 4000000
}

sim_time {
  sec: 42
  nsec: 656000000
}
real_time {
  sec: 44
  nsec: 721943323
}
iterations: 10664
real_time_factor: 0.99904915496676039
step_size {
  nsec: 4000000
}

sim_time {
  sec: 42
  nsec: 756000000
}
real_time {
  sec: 44
  nsec: 821948941
}
iterations: 10689
real_time_factor: 0.99932220971126329
step_size {
  nsec: 4000000
}

sim_time {
  sec: 42
  nsec: 860000000
}
real_time {
  sec: 44
  nsec: 925941227
}
iterations: 10715
real_time_factor: 1.0005605640560125
step_size {
  nsec: 4000000
}

sim_time {
  sec: 42
  nsec: 964000000
}
real_time {
  sec: 45
  nsec: 29940264
}
iterations: 10741
real_time_factor: 0.99977080254351691
step_size {
  nsec: 4000000
}

sim_time {
  sec: 43
  nsec: 64000000
}
real_time {
  sec: 45
  nsec: 129949698
}
iterations: 10766
real_time_factor: 0.99742987257584015
step_size {
  nsec: 4000000
}

sim_time {
  sec: 43
  nsec: 168000000
}
real_time {
  sec: 45
  nsec: 233939753
}
iterations: 10792
real_time_factor: 1.0001225150080886
step_size {
  nsec: 4000000
}

sim_time {
  sec: 43
  nsec: 268000000
}
real_time {
  sec: 45
  nsec: 333940924
}
iterations: 10817
real_time_factor: 0.99982877932154124
step_size {
  nsec: 4000000
}

sim_time {
  sec: 43
  nsec: 368000000
}
real_time {
  sec: 45
  nsec: 433943613
}
iterations: 10842
real_time_factor: 0.99904216832112214
step_size {
  nsec: 4000000
}

sim_time {
  sec: 43
  nsec: 468000000
}
real_time {
  sec: 45
  nsec: 533943135
}
iterations: 10867
real_time_factor: 0.99922010870515565
step_size {
  nsec: 4000000
}

sim_time {
  sec: 43
  nsec: 568000000
}
real_time {
  sec: 45
  nsec: 633945174
}
iterations: 10892
real_time_factor: 0.9989708103226651
step_size {
  nsec: 4000000
}

sim_time {
  sec: 43
  nsec: 672000000
}
real_time {
  sec: 45
  nsec: 737944353
}
iterations: 10918
real_time_factor: 0.99877001472686389
step_size {
  nsec: 4000000
}

sim_time {
  sec: 43
  nsec: 776000000
}
real_time {
  sec: 45
  nsec: 841940431
}
iterations: 10944
real_time_factor: 1.0000995099012351
step_size {
  nsec: 4000000
}

sim_time {
  sec: 43
  nsec: 876000000
}
real_time {
  sec: 45
  nsec: 941941102
}
iterations: 10969
real_time_factor: 0.99963413390699007
step_size {
  nsec: 4000000
}

sim_time {
  sec: 43
  nsec: 976000000
}
real_time {
  sec: 46
  nsec: 41943928
}
iterations: 10994
real_time_factor: 1.0002152963425377
step_size {
  nsec: 4000000
}

sim_time {
  sec: 44
  nsec: 80000000
}
real_time {
  sec: 46
  nsec: 145939950
}
iterations: 11020
real_time_factor: 1.0000510026011327
step_size {
  nsec: 4000000
}

sim_time {
  sec: 44
  nsec: 180000000
}
real_time {
  sec: 46
  nsec: 245943750
}
iterations: 11045
real_time_factor: 0.99941459290220758
step_size {
  nsec: 4000000
}

sim_time {
  sec: 44
  nsec: 284000000
}
real_time {
  sec: 46
  nsec: 349940685
}
iterations: 11071
real_time_factor: 0.99993750390600589
step_size {
  nsec: 4000000
}

sim_time {
  sec: 44
  nsec: 388000000
}
real_time {
  sec: 46
  nsec: 453939574
}
iterations: 11097
real_time_factor: 0.99980053979231143
step_size {
  nsec: 4000000
}

sim_time {
  sec: 44
  nsec: 488000000
}
real_time {
  sec: 46
  nsec: 553939859
}
iterations: 11122
real_time_factor: 0.99997675054054991
step_size {
  nsec: 4000000
}

sim_time {
  sec: 44
  nsec: 588000000
}
real_time {
  sec: 46
  nsec: 653940607
}
iterations: 11147
real_time_factor: 1.0012189841131578
step_size {
  nsec: 4000000
}

sim_time {
  sec: 44
  nsec: 688000000
}
real_time {
  sec: 46
  nsec: 753942485
}
iterations: 11172
real_time_factor: 0.9993611583795059
step_size {
  nsec: 4000000
}

sim_time {
  sec: 44
  nsec: 788000000
}
real_time {
  sec: 46
  nsec: 853944761
}
iterations: 11197
real_time_factor: 0.99979629150560578
step_size {
  nsec: 4000000
}

sim_time {
  sec: 44
  nsec: 892000000
}
real_time {
  sec: 46
  nsec: 957944713
}
iterations: 11223
real_time_factor: 0.999014971238359
step_size {
  nsec: 4000000
}

sim_time {
  sec: 44
  nsec: 996000000
}
real_time {
  sec: 47
  nsec: 61940545
}
iterations: 11249
real_time_factor: 0.99994675283541157
step_size {
  nsec: 4000000
}

sim_time {
  sec: 45
  nsec: 96000000
}
real_time {
  sec: 47
  nsec: 161940118
}
iterations: 11274
real_time_factor: 0.99993975362984377
step_size {
  nsec: 4000000
}

sim_time {
  sec: 45
  nsec: 200000000
}
real_time {
  sec: 47
  nsec: 265939423
}
iterations: 11300
real_time_factor: 1.0000367513506121
step_size {
  nsec: 4000000
}

sim_time {
  sec: 45
  nsec: 300000000
}
real_time {
  sec: 47
  nsec: 365944306
}
iterations: 11325
real_time_factor: 0.999831028556174
step_size {
  nsec: 4000000
}

sim_time {
  sec: 45
  nsec: 404000000
}
real_time {
  sec: 47
  nsec: 469944059
}
iterations: 11351
real_time_factor: 0.99922035831542444
step_size {
  nsec: 4000000
}

sim_time {
  sec: 45
  nsec: 508000000
}
real_time {
  sec: 47
  nsec: 573941081
}
iterations: 11377
real_time_factor: 0.99969909057373729
step_size {
  nsec: 4000000
}

sim_time {
  sec: 45
  nsec: 612000000
}
real_time {
  sec: 47
  nsec: 677939676
}
iterations: 11403
real_time_factor: 0.99998600019599726
step_size {
  nsec: 4000000
}

sim_time {
  sec: 45
  nsec: 712000000
}
real_time {
  sec: 47
  nsec: 777941438
}
iterations: 11428
real_time_factor: 0.99997900044099075
step_size {
  nsec: 4000000
}

sim_time {
  sec: 45
  nsec: 816000000
}
real_time {
  sec: 47
  nsec: 881939090
}
iterations: 11454
real_time_factor: 1.0001340179584064
step_size {
  nsec: 4000000
}

sim_time {
  sec: 45
  nsec: 916000000
}
real_time {
  sec: 47
  nsec: 981946694
}
iterations: 11479
real_time_factor: 0.99914198681881938
step_size {
  nsec: 4000000
}

sim_time {
  sec: 46
  nsec: 20000000
}
real_time {
  sec: 48
  nsec: 85941067
}
iterations: 11505
real_time_factor: 1.0000300009000269
step_size {
  nsec: 4000000
}

sim_time {
  sec: 46
  nsec: 124000000
}
real_time {
  sec: 48
  nsec: 189939219
}
iterations: 11531
real_time_factor: 0.99996050156018834
step_size {
  nsec: 4000000
}

sim_time {
  sec: 46
  nsec: 224000000
}
real_time {
  sec: 48
  nsec: 289947694
}
iterations: 11556
real_time_factor: 0.9984466665984395
step_size {
  nsec: 4000000
}

sim_time {
  sec: 46
  nsec: 328000000
}
real_time {
  sec: 48
  nsec: 393939543
}
iterations: 11582
real_time_factor: 0.999967751040029
step_size {
  nsec: 4000000
}

sim_time {
  sec: 46
  nsec: 432000000
}
real_time {
  sec: 48
  nsec: 497939200
}
iterations: 11608
real_time_factor: 1
step_size {
  nsec: 4000000
}

sim_time {
  sec: 46
  nsec: 536000000
}
real_time {
  sec: 48
  nsec: 601939471
}
iterations: 11634
real_time_factor: 0.99998375026405817
step_size {
  nsec: 4000000
}

sim_time {
  sec: 46
  nsec: 636000000
}
real_time {
  sec: 48
  nsec: 701940979
}
iterations: 11659
real_time_factor: 0.99977754949523734
step_size {
  nsec: 4000000
}

sim_time {
  sec: 46
  nsec: 736000000
}
real_time {
  sec: 48
  nsec: 801942495
}
iterations: 11684
real_time_factor: 1.0001967887181804
step_size {
  nsec: 4000000
}

sim_time {
  sec: 46
  nsec: 840000000
}
real_time {
  sec: 48
  nsec: 905939947
}
iterations: 11710
real_time_factor: 1.0000185003422564
step_size {
  nsec: 4000000
}

sim_time {
  sec: 46
  nsec: 944000000
}
real_time {
  sec: 49
  nsec: 9939741
}
iterations: 11736
real_time_factor: 1.0001737801943087
step_size {
  nsec: 4000000
}

sim_time {
  sec: 47
  nsec: 44000000
}
real_time {
  sec: 49
  nsec: 109941508
}
iterations: 11761
real_time_factor: 1.0000322510400961
step_size {
  nsec: 4000000
}

sim_time {
  sec: 47
  nsec: 148000000
}
real_time {
  sec: 49
  nsec: 213939784
}
iterations: 11787
real_time_factor: 0.99993075479523041
step_size {
  nsec: 4000000
}

sim_time {
  sec: 47
  nsec: 248000000
}
real_time {
  sec: 49
  nsec: 313939855
}
iterations: 11812
real_time_factor: 0.99997700052898786
step_size {
  nsec: 4000000
}

sim_time {
  sec: 47
  nsec: 348000000
}
real_time {
  sec: 49
  nsec: 413940506
}
iterations: 11837
real_time_factor: 0.99988901231963256
step_size {
  nsec: 4000000
}

sim_time {
  sec: 47
  nsec: 452000000
}
real_time {
  sec: 49
  nsec: 517940065
}
iterations: 11863
real_time_factor: 0.99993975362984377
step_size {
  nsec: 4000000
}

sim_time {
  sec: 47
  nsec: 552000000
}
real_time {
  sec: 49
  nsec: 617940521
}
iterations: 11888
real_time_factor: 0.99992350585180234
step_size {
  nsec: 4000000
}

sim_time {
  sec: 47
  nsec: 652000000
}
real_time {
  sec: 49
  nsec: 717944042
}
iterations: 11913
real_time_factor: 0.9988161531544737
step_size {
  nsec: 4000000
}

sim_time {
  sec: 47
  nsec: 752000000
}
real_time {
  sec: 49
  nsec: 817947054
}
iterations: 11938
real_time_factor: 0.99962988703432554
step_size {
  nsec: 4000000
}

sim_time {
  sec: 47
  nsec: 856000000
}
real_time {
  sec: 49
  nsec: 921940436
}
iterations: 11964
real_time_factor: 0.99990750855545862
step_size {
  nsec: 4000000
}

sim_time {
  sec: 47
  nsec: 960000000
}
real_time {
  sec: 50
  nsec: 25945633
}
iterations: 11990
real_time_factor: 0.99845389414491659
step_size {
  nsec: 4000000
}

sim_time {
  sec: 48
  nsec: 64000000
}
real_time {
  sec: 50
  nsec: 129939339
}
iterations: 12016
real_time_factor: 1.0000165002722545
step_size {
  nsec: 4000000
}

sim_time {
  sec: 48
  nsec: 164000000
}
real_time {
  sec: 50
  nsec: 229939796
}
iterations: 12041
real_time_factor: 1.0000347512076044
step_size {
  nsec: 4000000
}

sim_time {
  sec: 48
  nsec: 264000000
}
real_time {
  sec: 50
  nsec: 329940787
}
iterations: 12066
real_time_factor: 1.0006556796340802
step_size {
  nsec: 4000000
}

sim_time {
  sec: 48
  nsec: 368000000
}
real_time {
  sec: 50
  nsec: 433939618
}
iterations: 12092
real_time_factor: 0.99992400577556106
step_size {
  nsec: 4000000
}

sim_time {
  sec: 48
  nsec: 468000000
}
real_time {
  sec: 50
  nsec: 533940672
}
iterations: 12117
real_time_factor: 0.999970000899973
step_size {
  nsec: 4000000
}

sim_time {
  sec: 48
  nsec: 568000000
}
real_time {
  sec: 50
  nsec: 633942143
}
iterations: 12142
real_time_factor: 0.99918566368409745
step_size {
  nsec: 4000000
}

sim_time {
  sec: 48
  nsec: 672000000
}
real_time {
  sec: 50
  nsec: 737940075
}
iterations: 12168
real_time_factor: 1.000085757353693
step_size {
  nsec: 4000000
}

sim_time {
  sec: 48
  nsec: 772000000
}
real_time {
  sec: 50
  nsec: 837946037
}
iterations: 12193
real_time_factor: 0.99872138694436452
step_size {
  nsec: 4000000
}

sim_time {
  sec: 48
  nsec: 876000000
}
real_time {
  sec: 50
  nsec: 941939413
}
iterations: 12219
real_time_factor: 1.0000165002722545
step_size {
  nsec: 4000000
}

sim_time {
  sec: 48
  nsec: 976000000
}
real_time {
  sec: 51
  nsec: 41940014
}
iterations: 12244
real_time_factor: 0.99993775387482131
step_size {
  nsec: 4000000
}

sim_time {
  sec: 49
  nsec: 76000000
}
real_time {
  sec: 51
  nsec: 141942540
}
iterations: 12269
real_time_factor: 0.99935241963207844
step_size {
  nsec: 4000000
}

sim_time {
  sec: 49
  nsec: 180000000
}
real_time {
  sec: 51
  nsec: 245939806
}
iterations: 12295
real_time_factor: 1.0001252656895276
step_size {
  nsec: 4000000
}

sim_time {
  sec: 49
  nsec: 280000000
}
real_time {
  sec: 51
  nsec: 345940458
}
iterations: 12320
real_time_factor: 1.000007250052563
step_size {
  nsec: 4000000
}

sim_time {
  sec: 49
  nsec: 380000000
}
real_time {
  sec: 51
  nsec: 445949119
}
iterations: 12345
real_time_factor: 0.99756618789308782
step_size {
  nsec: 4000000
}

sim_time {
  sec: 49
  nsec: 484000000
}
real_time {
  sec: 51
  nsec: 549939936
}
iterations: 12371
real_time_factor: 0.99981003609314234
step_size {
  nsec: 4000000
}

sim_time {
  sec: 49
  nsec: 584000000
}
real_time {
  sec: 51
  nsec: 649940040
}
iterations: 12396
real_time_factor: 1.0003984086662514
step_size {
  nsec: 4000000
}

sim_time {
  sec: 49
  nsec: 684000000
}
real_time {
  sec: 51
  nsec: 749943857
}
iterations: 12421
real_time_factor: 0.99912576495566374
step_size {
  nsec: 4000000
}

sim_time {
  sec: 49
  nsec: 788000000
}
real_time {
  sec: 51
  nsec: 853940888
}
iterations: 12447
real_time_factor: 1.0001642769824943
step_size {
  nsec: 4000000
}

sim_time {
  sec: 49
  nsec: 892000000
}
real_time {
  sec: 51
  nsec: 957940103
}
iterations: 12473
real_time_factor: 1.0000160002560041
step_size {
  nsec: 4000000
}

sim_time {
  sec: 49
  nsec: 996000000
}
real_time {
  sec: 52
  nsec: 61940641
}
iterations: 12499
real_time_factor: 0.99969709178119026
step_size {
  nsec: 4000000
}

sim_time {
  sec: 50
  nsec: 96000000
}
real_time {
  sec: 52
  nsec: 161941431
}
iterations: 12524
real_time_factor: 1.0140779369598449
step_size {
  nsec: 4000000
}

sim_time {
  sec: 50
  nsec: 200000000
}
real_time {
  sec: 52
  nsec: 265940322
}
iterations: 12550
real_time_factor: 0.999940003599784
step_size {
  nsec: 4000000
}

sim_time {
  sec: 50
  nsec: 304000000
}
real_time {
  sec: 52
  nsec: 369939478
}
iterations: 12576
real_time_factor: 0.99995625191397874
step_size {
  nsec: 4000000
}

sim_time {
  sec: 50
  nsec: 404000000
}
real_time {
  sec: 52
  nsec: 469940254
}
iterations: 12601
real_time_factor: 0.99990975814432748
step_size {
  nsec: 4000000
}

sim_time {
  sec: 50
  nsec: 504000000
}
real_time {
  sec: 52
  nsec: 569942270
}
iterations: 12626
real_time_factor: 1.0040256408068149
step_size {
  nsec: 4000000
}

sim_time {
  sec: 50
  nsec: 604000000
}
real_time {
  sec: 52
  nsec: 669946833
}
iterations: 12651
real_time_factor: 0.99904291688562352
step_size {
  nsec: 4000000
}

sim_time {
  sec: 50
  nsec: 708000000
}
real_time {
  sec: 52
  nsec: 773940090
}
iterations: 12677
real_time_factor: 1.0004794797906897
step_size {
  nsec: 4000000
}

sim_time {
  sec: 50
  nsec: 812000000
}
real_time {
  sec: 52
  nsec: 877939503
}
iterations: 12703
real_time_factor: 1.0000975095071769
step_size {
  nsec: 4000000
}

sim_time {
  sec: 50
  nsec: 912000000
}
real_time {
  sec: 52
  nsec: 977941353
}
iterations: 12728
real_time_factor: 1.0001485220555253
step_size {
  nsec: 4000000
}

sim_time {
  sec: 51
  nsec: 16000000
}
real_time {
  sec: 53
  nsec: 81940091
}
iterations: 12754
real_time_factor: 1.0000675045565575
step_size {
  nsec: 4000000
}

sim_time {
  sec: 51
  nsec: 120000000
}
real_time {
  sec: 53
  nsec: 185939700
}
iterations: 12780
real_time_factor: 0.999967751040029
step_size {
  nsec: 4000000
}

sim_time {
  sec: 51
  nsec: 224000000
}
real_time {
  sec: 53
  nsec: 289939197
}
iterations: 12806
real_time_factor: 1.000058003364195
step_size {
  nsec: 4000000
}

sim_time {
  sec: 51
  nsec: 324000000
}
real_time {
  sec: 53
  nsec: 389944245
}
iterations: 12831
real_time_factor: 0.99917468171290513
step_size {
  nsec: 4000000
}

sim_time {
  sec: 51
  nsec: 428000000
}
real_time {
  sec: 53
  nsec: 493941256
}
iterations: 12857
real_time_factor: 1.0002573161945911
step_size {
  nsec: 4000000
}

sim_time {
  sec: 51
  nsec: 532000000
}
real_time {
  sec: 53
  nsec: 597940258
}
iterations: 12883
real_time_factor: 0.99992825514769312
step_size {
  nsec: 4000000
}

sim_time {
  sec: 51
  nsec: 636000000
}
real_time {
  sec: 53
  nsec: 701941560
}
iterations: 12909
real_time_factor: 0.9994313235768848
step_size {
  nsec: 4000000
}

sim_time {
  sec: 51
  nsec: 736000000
}
real_time {
  sec: 53
  nsec: 801945508
}
iterations: 12934
real_time_factor: 0.99919065556898912
step_size {
  nsec: 4000000
}

sim_time {
  sec: 51
  nsec: 840000000
}
real_time {
  sec: 53
  nsec: 905941130
}
iterations: 12960
real_time_factor: 1.0007485599228223
step_size {
  nsec: 4000000
}

sim_time {
  sec: 51
  nsec: 940000000
}
real_time {
  sec: 54
  nsec: 5942559
}
iterations: 12985
real_time_factor: 0.99999075008556171
step_size {
  nsec: 4000000
}

sim_time {
  sec: 52
  nsec: 44000000
}
real_time {
  sec: 54
  nsec: 109944023
}
iterations: 13011
real_time_factor: 0.99904516258585851
step_size {
  nsec: 4000000
}

sim_time {
  sec: 52
  nsec: 148000000
}
real_time {
  sec: 54
  nsec: 213939757
}
iterations: 13037
real_time_factor: 0.999960751540502
step_size {
  nsec: 4000000
}

sim_time {
  sec: 52
  nsec: 248000000
}
real_time {
  sec: 54
  nsec: 313940268
}
iterations: 13062
real_time_factor: 0.99997700052898786
step_size {
  nsec: 4000000
}

sim_time {
  sec: 52
  nsec: 348000000
}
real_time {
  sec: 54
  nsec: 413941608
}
iterations: 13087
real_time_factor: 1.0010105201200612
step_size {
  nsec: 4000000
}

sim_time {
  sec: 52
  nsec: 452000000
}
real_time {
  sec: 54
  nsec: 517945346
}
iterations: 13113
real_time_factor: 0.99869171385485012
step_size {
  nsec: 4000000
}

sim_time {
  sec: 52
  nsec: 556000000
}
real_time {
  sec: 54
  nsec: 621940731
}
iterations: 13139
real_time_factor: 0.999799040392881
step_size {
  nsec: 4000000
}

sim_time {
  sec: 52
  nsec: 660000000
}
real_time {
  sec: 54
  nsec: 725941747
}
iterations: 13165
real_time_factor: 0.99967860332902969
step_size {
  nsec: 4000000
}

sim_time {
  sec: 52
  nsec: 760000000
}
real_time {
  sec: 54
  nsec: 825941967
}
iterations: 13190
real_time_factor: 0.99964137865540736
step_size {
  nsec: 4000000
}

sim_time {
  sec: 52
  nsec: 864000000
}
real_time {
  sec: 54
  nsec: 929940556
}
iterations: 13216
real_time_factor: 1.0003013407789096
step_size {
  nsec: 4000000
}

sim_time {
  sec: 52
  nsec: 964000000
}
real_time {
  sec: 55
  nsec: 29946702
}
iterations: 13241
real_time_factor: 0.9982535554048193
step_size {
  nsec: 4000000
}

sim_time {
  sec: 53
  nsec: 68000000
}
real_time {
  sec: 55
  nsec: 133939459
}
iterations: 13267
real_time_factor: 1.0000002500000624
step_size {
  nsec: 4000000
}

sim_time {
  sec: 53
  nsec: 168000000
}
real_time {
  sec: 55
  nsec: 233940595
}
iterations: 13292
real_time_factor: 0.9995929157850465
step_size {
  nsec: 4000000
}

sim_time {
  sec: 53
  nsec: 272000000
}
real_time {
  sec: 55
  nsec: 337940322
}
iterations: 13318
real_time_factor: 0.99986126924889174
step_size {
  nsec: 4000000
}

sim_time {
  sec: 53
  nsec: 376000000
}
real_time {
  sec: 55
  nsec: 441940258
}
iterations: 13344
real_time_factor: 1.0003708875065431
step_size {
  nsec: 4000000
}

sim_time {
  sec: 53
  nsec: 476000000
}
real_time {
  sec: 55
  nsec: 541940983
}
iterations: 13369
real_time_factor: 1.0005215218432608
step_size {
  nsec: 4000000
}

sim_time {
  sec: 53
  nsec: 580000000
}
real_time {
  sec: 55
  nsec: 645940429
}
iterations: 13395
real_time_factor: 0.99993550415998167
step_size {
  nsec: 4000000
}

sim_time {
  sec: 53
  nsec: 684000000
}
real_time {
  sec: 55
  nsec: 749943402
}
iterations: 13421
real_time_factor: 0.99923009321317924
step_size {
  nsec: 4000000
}

sim_time {
  sec: 53
  nsec: 788000000
}
real_time {
  sec: 55
  nsec: 853943773
}
iterations: 13447
real_time_factor: 1.0001092619368666
step_size {
  nsec: 4000000
}

sim_time {
  sec: 53
  nsec: 892000000
}
real_time {
  sec: 55
  nsec: 957943553
}
iterations: 13473
real_time_factor: 0.99990750855545862
step_size {
  nsec: 4000000
}

sim_time {
  sec: 53
  nsec: 996000000
}
real_time {
  sec: 56
  nsec: 61940017
}
iterations: 13499
real_time_factor: 1.0001230151308611
step_size {
  nsec: 4000000
}

sim_time {
  sec: 54
  nsec: 96000000
}
real_time {
  sec: 56
  nsec: 161945149
}
iterations: 13524
real_time_factor: 0.99995175232795019
step_size {
  nsec: 4000000
}

sim_time {
  sec: 54
  nsec: 200000000
}
real_time {
  sec: 56
  nsec: 265940734
}
iterations: 13550
real_time_factor: 1.0001437706670333
step_size {
  nsec: 4000000
}

sim_time {
  sec: 54
  nsec: 300000000
}
real_time {
  sec: 56
  nsec: 365941048
}
iterations: 13575
real_time_factor: 1.0003428675178418
step_size {
  nsec: 4000000
}

sim_time {
  sec: 54
  nsec: 404000000
}
real_time {
  sec: 56
  nsec: 469940016
}
iterations: 13601
real_time_factor: 1.0001300169021974
step_size {
  nsec: 4000000
}

sim_time {
  sec: 54
  nsec: 504000000
}
real_time {
  sec: 56
  nsec: 569941597
}
iterations: 13626
real_time_factor: 0.99983602689158979
step_size {
  nsec: 4000000
}

sim_time {
  sec: 54
  nsec: 608000000
}
real_time {
  sec: 56
  nsec: 673940029
}
iterations: 13652
real_time_factor: 1.0000120001440018
step_size {
  nsec: 4000000
}

sim_time {
  sec: 54
  nsec: 708000000
}
real_time {
  sec: 56
  nsec: 773945888
}
iterations: 13677
real_time_factor: 0.99990800846322136
step_size {
  nsec: 4000000
}

sim_time {
  sec: 54
  nsec: 812000000
}
real_time {
  sec: 56
  nsec: 877940653
}
iterations: 13703
real_time_factor: 1.0007092526828389
step_size {
  nsec: 4000000
}

sim_time {
  sec: 54
  nsec: 916000000
}
real_time {
  sec: 56
  nsec: 981940696
}
iterations: 13729
real_time_factor: 0.99981978248420722
step_size {
  nsec: 4000000
}

sim_time {
  sec: 55
  nsec: 20000000
}
real_time {
  sec: 57
  nsec: 85939461
}
iterations: 13755
real_time_factor: 0.99996550119020888
step_size {
  nsec: 4000000
}

sim_time {
  sec: 55
  nsec: 120000000
}
real_time {
  sec: 57
  nsec: 185943329
}
iterations: 13780
real_time_factor: 1.0001022604561316
step_size {
  nsec: 4000000
}

sim_time {
  sec: 55
  nsec: 224000000
}
real_time {
  sec: 57
  nsec: 289943224
}
iterations: 13806
real_time_factor: 0.99927877054735748
step_size {
  nsec: 4000000
}

sim_time {
  sec: 55
  nsec: 324000000
}
real_time {
  sec: 57
  nsec: 389946727
}
iterations: 13831
real_time_factor: 0.9986204059092364
step_size {
  nsec: 4000000
}

sim_time {
  sec: 55
  nsec: 428000000
}
real_time {
  sec: 57
  nsec: 493940802
}
iterations: 13857
real_time_factor: 1.0011961791350215
step_size {
  nsec: 4000000
}

sim_time {
  sec: 55
  nsec: 528000000
}
real_time {
  sec: 57
  nsec: 593941823
}
iterations: 13882
real_time_factor: 1.0008299382262742
step_size {
  nsec: 4000000
}

sim_time {
  sec: 55
  nsec: 628000000
}
real_time {
  sec: 57
  nsec: 693945362
}
iterations: 13907
real_time_factor: 0.99998450024024632
step_size {
  nsec: 4000000
}

sim_time {
  sec: 55
  nsec: 732000000
}
real_time {
  sec: 57
  nsec: 797939881
}
iterations: 13933
real_time_factor: 1.0001280163860975
step_size {
  nsec: 4000000
}

sim_time {
  sec: 55
  nsec: 836000000
}
real_time {
  sec: 57
  nsec: 901938966
}
iterations: 13959
real_time_factor: 1.0001207645823234
step_size {
  nsec: 4000000
}

sim_time {
  sec: 55
  nsec: 936000000
}
real_time {
  sec: 58
  nsec: 1940950
}
iterations: 13984
real_time_factor: 1.0007718452856766
step_size {
  nsec: 4000000
}

sim_time {
  sec: 56
  nsec: 40000000
}
real_time {
  sec: 58
  nsec: 105943016
}
iterations: 14010
real_time_factor: 0.99940135858620682
step_size {
  nsec: 4000000
}

sim_time {
  sec: 56
  nsec: 144000000
}
real_time {
  sec: 58
  nsec: 209940119
}
iterations: 14036
real_time_factor: 1.0003176008382662
step_size {
  nsec: 4000000
}

sim_time {
  sec: 56
  nsec: 248000000
}
real_time {
  sec: 58
  nsec: 313939636
}
iterations: 14062
real_time_factor: 0.99999825000306253
step_size {
  nsec: 4000000
}

sim_time {
  sec: 56
  nsec: 348000000
}
real_time {
  sec: 58
  nsec: 413947181
}
iterations: 14087
real_time_factor: 0.99865281734939571
step_size {
  nsec: 4000000
}

sim_time {
  sec: 56
  nsec: 452000000
}
real_time {
  sec: 58
  nsec: 517944270
}
iterations: 14113
real_time_factor: 0.99916794289555377
step_size {
  nsec: 4000000
}

sim_time {
  sec: 56
  nsec: 556000000
}
real_time {
  sec: 58
  nsec: 621943766
}
iterations: 14139
real_time_factor: 0.99923708248752074
step_size {
  nsec: 4000000
}

sim_time {
  sec: 56
  nsec: 660000000
}
real_time {
  sec: 58
  nsec: 725941456
}
iterations: 14165
real_time_factor: 0.99967435607850741
step_size {
  nsec: 4000000
}

sim_time {
  sec: 56
  nsec: 760000000
}
real_time {
  sec: 58
  nsec: 825942834
}
iterations: 14190
real_time_factor: 0.99996800102396721
step_size {
  nsec: 4000000
}

sim_time {
  sec: 56
  nsec: 864000000
}
real_time {
  sec: 58
  nsec: 929942713
}
iterations: 14216
real_time_factor: 0.99936889854057165
step_size {
  nsec: 4000000
}

sim_time {
  sec: 56
  nsec: 968000000
}
real_time {
  sec: 59
  nsec: 33940405
}
iterations: 14242
real_time_factor: 0.999799040392881
step_size {
  nsec: 4000000
}

sim_time {
  sec: 57
  nsec: 68000000
}
real_time {
  sec: 59
  nsec: 133942560
}
iterations: 14267
real_time_factor: 0.99953121985788662
step_size {
  nsec: 4000000
}

sim_time {
  sec: 57
  nsec: 172000000
}
real_time {
  sec: 59
  nsec: 237941456
}
iterations: 14293
real_time_factor: 1.0001207645823234
step_size {
  nsec: 4000000
}

sim_time {
  sec: 57
  nsec: 276000000
}
real_time {
  sec: 59
  nsec: 341939829
}
iterations: 14319
real_time_factor: 0.9997435657753786
step_size {
  nsec: 4000000
}

sim_time {
  sec: 57
  nsec: 376000000
}
real_time {
  sec: 59
  nsec: 441941100
}
iterations: 14344
real_time_factor: 1.0015353536972178
step_size {
  nsec: 4000000
}

sim_time {
  sec: 57
  nsec: 476000000
}
real_time {
  sec: 59
  nsec: 541941557
}
iterations: 14369
real_time_factor: 0.9994313235768848
step_size {
  nsec: 4000000
}

sim_time {
  sec: 57
  nsec: 576000000
}
real_time {
  sec: 59
  nsec: 641940883
}
iterations: 14394
real_time_factor: 0.99971133335249451
step_size {
  nsec: 4000000
}

sim_time {
  sec: 57
  nsec: 680000000
}
real_time {
  sec: 59
  nsec: 745941300
}
iterations: 14420
real_time_factor: 0.999725325466828
step_size {
  nsec: 4000000
}

sim_time {
  sec: 57
  nsec: 784000000
}
real_time {
  sec: 59
  nsec: 849941597
}
iterations: 14446
real_time_factor: 0.99956793675933575
step_size {
  nsec: 4000000
}

sim_time {
  sec: 57
  nsec: 888000000
}
real_time {
  sec: 59
  nsec: 953939523
}
iterations: 14472
real_time_factor: 1.0001815329482302
step_size {
  nsec: 4000000
}

sim_time {
  sec: 57
  nsec: 988000000
}
real_time {
  sec: 60
  nsec: 53940471
}
iterations: 14497
real_time_factor: 1.0001810327669307
step_size {
  nsec: 4000000
}

sim_time {
  sec: 58
  nsec: 92000000
}
real_time {
  sec: 60
  nsec: 157940814
}
iterations: 14523
real_time_factor: 0.99954945308402243
step_size {
  nsec: 4000000
}

sim_time {
  sec: 58
  nsec: 192000000
}
real_time {
  sec: 60
  nsec: 257943761
}
iterations: 14548
real_time_factor: 0.99951923124976882
step_size {
  nsec: 4000000
}

sim_time {
  sec: 58
  nsec: 296000000
}
real_time {
  sec: 60
  nsec: 361945240
}
iterations: 14574
real_time_factor: 0.9998962607629458
step_size {
  nsec: 4000000
}

sim_time {
  sec: 58
  nsec: 400000000
}
real_time {
  sec: 60
  nsec: 465940690
}
iterations: 14600
real_time_factor: 1.0005633171475541
step_size {
  nsec: 4000000
}

sim_time {
  sec: 58
  nsec: 504000000
}
real_time {
  sec: 60
  nsec: 569943065
}
iterations: 14626
real_time_factor: 0.99938962278788235
step_size {
  nsec: 4000000
}

sim_time {
  sec: 58
  nsec: 608000000
}
real_time {
  sec: 60
  nsec: 673939635
}
iterations: 14652
real_time_factor: 1.0002227996286173
step_size {
  nsec: 4000000
}

sim_time {
  sec: 58
  nsec: 708000000
}
real_time {
  sec: 60
  nsec: 773942745
}
iterations: 14677
real_time_factor: 1.0001600256040966
step_size {
  nsec: 4000000
}

sim_time {
  sec: 58
  nsec: 808000000
}
real_time {
  sec: 60
  nsec: 873944354
}
iterations: 14702
real_time_factor: 0.99968584872203914
step_size {
  nsec: 4000000
}

sim_time {
  sec: 58
  nsec: 908000000
}
real_time {
  sec: 60
  nsec: 973944602
}
iterations: 14727
real_time_factor: 0.99960740419200356
step_size {
  nsec: 4000000
}

sim_time {
  sec: 59
  nsec: 12000000
}
real_time {
  sec: 61
  nsec: 77940440
}
iterations: 14753
real_time_factor: 1.0002298027971928
step_size {
  nsec: 4000000
}

sim_time {
  sec: 59
  nsec: 112000000
}
real_time {
  sec: 61
  nsec: 177942207
}
iterations: 14778
real_time_factor: 0.99934343136559278
step_size {
  nsec: 4000000
}

sim_time {
  sec: 59
  nsec: 216000000
}
real_time {
  sec: 61
  nsec: 281939527
}
iterations: 14804
real_time_factor: 1.0000655042905311
step_size {
  nsec: 4000000
}

sim_time {
  sec: 59
  nsec: 316000000
}
real_time {
  sec: 61
  nsec: 381939742
}
iterations: 14829
real_time_factor: 1.0006191330885985
step_size {
  nsec: 4000000
}

sim_time {
  sec: 59
  nsec: 416000000
}
real_time {
  sec: 61
  nsec: 481943930
}
iterations: 14854
real_time_factor: 0.99935316866158375
step_size {
  nsec: 4000000
}

sim_time {
  sec: 59
  nsec: 520000000
}
real_time {
  sec: 61
  nsec: 585939088
}
iterations: 14880
real_time_factor: 1.0003130979996739
step_size {
  nsec: 4000000
}

sim_time {
  sec: 59
  nsec: 620000000
}
real_time {
  sec: 61
  nsec: 685940452
}
iterations: 14905
real_time_factor: 0.99993350442195594
step_size {
  nsec: 4000000
}

sim_time {
  sec: 59
  nsec: 724000000
}
real_time {
  sec: 61
  nsec: 789941971
}
iterations: 14931
real_time_factor: 0.99972057809842152
step_size {
  nsec: 4000000
}

sim_time {
  sec: 59
  nsec: 824000000
}
real_time {
  sec: 61
  nsec: 890285553
}
iterations: 14956
real_time_factor: 0.92092754901809548
step_size {
  nsec: 4000000
}

sim_time {
  sec: 59
  nsec: 928000000
}
real_time {
  sec: 61
  nsec: 993943483
}
iterations: 14982
real_time_factor: 0.99934592809006506
step_size {
  nsec: 4000000
}

sim_time {
  sec: 60
  nsec: 32000000
}
real_time {
  sec: 62
  nsec: 97939280
}
iterations: 15008
real_time_factor: 1.0001325175585765
step_size {
  nsec: 4000000
}

sim_time {
  sec: 60
  nsec: 132000000
}
real_time {
  sec: 62
  nsec: 197941106
}
iterations: 15033
real_time_factor: 1.0006794613542596
step_size {
  nsec: 4000000
}

sim_time {
  sec: 60
  nsec: 232000000
}
real_time {
  sec: 62
  nsec: 297942656
}
iterations: 15058
real_time_factor: 1.0004639651638447
step_size {
  nsec: 4000000
}

sim_time {
  sec: 60
  nsec: 336000000
}
real_time {
  sec: 62
  nsec: 401939485
}
iterations: 15084
real_time_factor: 0.99997975041005416
step_size {
  nsec: 4000000
}

sim_time {
  sec: 60
  nsec: 440000000
}
real_time {
  sec: 62
  nsec: 505939138
}
iterations: 15110
real_time_factor: 1.00002150046226
step_size {
  nsec: 4000000
}

sim_time {
  sec: 60
  nsec: 544000000
}
real_time {
  sec: 62
  nsec: 609940217
}
iterations: 15136
real_time_factor: 0.99977155220032221
step_size {
  nsec: 4000000
}

sim_time {
  sec: 60
  nsec: 644000000
}
real_time {
  sec: 62
  nsec: 709942817
}
iterations: 15161
real_time_factor: 1.0115680392043309
step_size {
  nsec: 4000000
}

sim_time {
  sec: 60
  nsec: 744000000
}
real_time {
  sec: 62
  nsec: 809944750
}
iterations: 15186
real_time_factor: 0.99989426118188
step_size {
  nsec: 4000000
}

sim_time {
  sec: 60
  nsec: 848000000
}
real_time {
  sec: 62
  nsec: 913943681
}
iterations: 15212
real_time_factor: 0.99924207488619887
step_size {
  nsec: 4000000
}

sim_time {
  sec: 60
  nsec: 952000000
}
real_time {
  sec: 63
  nsec: 17941760
}
iterations: 15238
real_time_factor: 0.99944081286520192
step_size {
  nsec: 4000000
}

sim_time {
  sec: 61
  nsec: 52000000
}
real_time {
  sec: 63
  nsec: 117944675
}
iterations: 15263
real_time_factor: 1.000070004900343
step_size {
  nsec: 4000000
}

sim_time {
  sec: 61
  nsec: 156000000
}
real_time {
  sec: 63
  nsec: 221939206
}
iterations: 15289
real_time_factor: 1.0002485617675994
step_size {
  nsec: 4000000
}

sim_time {
  sec: 61
  nsec: 256000000
}
real_time {
  sec: 63
  nsec: 321939639
}
iterations: 15314
real_time_factor: 0.999917256846996
step_size {
  nsec: 4000000
}

sim_time {
  sec: 61
  nsec: 356000000
}
real_time {
  sec: 63
  nsec: 421939799
}
iterations: 15339
real_time_factor: 1.0000585034224503
step_size {
  nsec: 4000000
}

sim_time {
  sec: 61
  nsec: 456000000
}
real_time {
  sec: 63
  nsec: 521940626
}
iterations: 15364
real_time_factor: 1.0001535235658674
step_size {
  nsec: 4000000
}

sim_time {
  sec: 61
  nsec: 560000000
}
real_time {
  sec: 63
  nsec: 625945562
}
iterations: 15390
real_time_factor: 0.99858600222085525
step_size {
  nsec: 4000000
}

sim_time {
  sec: 61
  nsec: 664000000
}
real_time {
  sec: 63
  nsec: 729940561
}
iterations: 15416
real_time_factor: 1.000883529936051
step_size {
  nsec: 4000000
}

sim_time {
  sec: 61
  nsec: 768000000
}
real_time {
  sec: 63
  nsec: 833942905
}
iterations: 15442
real_time_factor: 0.99918416612835614
step_size {
  nsec: 4000000
}

sim_time {
  sec: 61
  nsec: 872000000
}
real_time {
  sec: 63
  nsec: 937939627
}
iterations: 15468
real_time_factor: 0.99995200230388936
step_size {
  nsec: 4000000
}

sim_time {
  sec: 61
  nsec: 972000000
}
real_time {
  sec: 64
  nsec: 37940354
}
iterations: 15493
real_time_factor: 0.99988026433834554
step_size {
  nsec: 4000000
}

sim_time {
  sec: 62
  nsec: 72000000
}
real_time {
  sec: 64
  nsec: 137945452
}
iterations: 15518
real_time_factor: 0.99856306774551418
step_size {
  nsec: 4000000
}

sim_time {
  sec: 62
  nsec: 176000000
}
real_time {
  sec: 64
  nsec: 241945971
}
iterations: 15544
real_time_factor: 0.99838311853952522
step_size {
  nsec: 4000000
}

sim_time {
  sec: 62
  nsec: 280000000
}
real_time {
  sec: 64
  nsec: 345941339
}
iterations: 15570
real_time_factor: 1.0001442708110646
step_size {
  nsec: 4000000
}

sim_time {
  sec: 62
  nsec: 384000000
}
real_time {
  sec: 64
  nsec: 449940973
}
iterations: 15596
real_time_factor: 0.999471029957395
step_size {
  nsec: 4000000
}

sim_time {
  sec: 62
  nsec: 488000000
}
real_time {
  sec: 64
  nsec: 553939710
}
iterations: 15622
real_time_factor: 0.99997275074254222
step_size {
  nsec: 4000000
}

sim_time {
  sec: 62
  nsec: 588000000
}
real_time {
  sec: 64
  nsec: 653940255
}
iterations: 15647
real_time_factor: 1.000141770095911
step_size {
  nsec: 4000000
}

sim_time {
  sec: 62
  nsec: 692000000
}
real_time {
  sec: 64
  nsec: 757939138
}
iterations: 15673
real_time_factor: 1.0000517526782011
step_size {
  nsec: 4000000
}

sim_time {
  sec: 62
  nsec: 796000000
}
real_time {
  sec: 64
  nsec: 861939486
}
iterations: 15699
real_time_factor: 0.99994500302483369
step_size {
  nsec: 4000000
}

sim_time {
  sec: 62
  nsec: 896000000
}
real_time {
  sec: 64
  nsec: 961945520
}
iterations: 15724
real_time_factor: 0.99862339764634456
step_size {
  nsec: 4000000
}

sim_time {
  sec: 63
}
real_time {
  sec: 65
  nsec: 65940683
}
iterations: 15750
real_time_factor: 1.0000400016000639
step_size {
  nsec: 4000000
}

sim_time {
  sec: 63
  nsec: 100000000
}
real_time {
  sec: 65
  nsec: 165944163
}
iterations: 15775
real_time_factor: 1.0002415583363382
step_size {
  nsec: 4000000
}

sim_time {
  sec: 63
  nsec: 204000000
}
real_time {
  sec: 65
  nsec: 269940899
}
iterations: 15801
real_time_factor: 1.0001490222043083
step_size {
  nsec: 4000000
}

sim_time {
  sec: 63
  nsec: 304000000
}
real_time {
  sec: 65
  nsec: 369943940
}
iterations: 15826
real_time_factor: 0.99910330478395637
step_size {
  nsec: 4000000
}

sim_time {
  sec: 63
  nsec: 408000000
}
real_time {
  sec: 65
  nsec: 473940101
}
iterations: 15852
real_time_factor: 1.0001075115574924
step_size {
  nsec: 4000000
}

sim_time {
  sec: 63
  nsec: 508000000
}
real_time {
  sec: 65
  nsec: 573940304
}
iterations: 15877
real_time_factor: 1.0001005101012652
step_size {
  nsec: 4000000
}

sim_time {
  sec: 63
  nsec: 612000000
}
real_time {
  sec: 65
  nsec: 677939402
}
iterations: 15903
real_time_factor: 1.0001812828575178
step_size {
  nsec: 4000000
}

sim_time {
  sec: 63
  nsec: 712000000
}
real_time {
  sec: 65
  nsec: 777942357
}
iterations: 15928
real_time_factor: 0.99972982301533009
step_size {
  nsec: 4000000
}

sim_time {
  sec: 63
  nsec: 816000000
}
real_time {
  sec: 65
  nsec: 881942367
}
iterations: 15954
real_time_factor: 0.99963063647982076
step_size {
  nsec: 4000000
}

sim_time {
  sec: 63
  nsec: 920000000
}
real_time {
  sec: 65
  nsec: 985940168
}
iterations: 15980
real_time_factor: 0.99991975643954578
step_size {
  nsec: 4000000
}

sim_time {
  sec: 64
  nsec: 24000000
}
real_time {
  sec: 66
  nsec: 89940320
}
iterations: 16006
real_time_factor: 0.99991275761189835
step_size {
  nsec: 4000000
}

sim_time {
  sec: 64
  nsec: 124000000
}
real_time {
  sec: 66
  nsec: 189947583
}
iterations: 16031
real_time_factor: 0.99817309369526419
step_size {
  nsec: 4000000
}

sim_time {
  sec: 64
  nsec: 228000000
}
real_time {
  sec: 66
  nsec: 293941295
}
iterations: 16057
real_time_factor: 0.99958417298403868
step_size {
  nsec: 4000000
}

sim_time {
  sec: 64
  nsec: 332000000
}
real_time {
  sec: 66
  nsec: 397940531
}
iterations: 16083
real_time_factor: 1.0000657543233467
step_size {
  nsec: 4000000
}

sim_time {
  sec: 64
  nsec: 432000000
}
real_time {
  sec: 66
  nsec: 497946289
}
iterations: 16108
real_time_factor: 0.99973681928232394
step_size {
  nsec: 4000000
}

sim_time {
  sec: 64
  nsec: 536000000
}
real_time {
  sec: 66
  nsec: 601939978
}
iterations: 16134
real_time_factor: 0.999857270374654
step_size {
  nsec: 4000000
}

sim_time {
  sec: 64
  nsec: 640000000
}
real_time {
  sec: 66
  nsec: 705940612
}
iterations: 16160
real_time_factor: 0.99978329697038171
step_size {
  nsec: 4000000
}

sim_time {
  sec: 64
  nsec: 740000000
}
real_time {
  sec: 66
  nsec: 805941472
}
iterations: 16185
real_time_factor: 1.0002115447417128
step_size {
  nsec: 4000000
}

sim_time {
  sec: 64
  nsec: 840000000
}
real_time {
  sec: 66
  nsec: 905942971
}
iterations: 16210
real_time_factor: 1.0008509735402527
step_size {
  nsec: 4000000
}

sim_time {
  sec: 64
  nsec: 944000000
}
real_time {
  sec: 67
  nsec: 9939419
}
iterations: 16236
real_time_factor: 1.0001212647033453
step_size {
  nsec: 4000000
}

sim_time {
  sec: 65
  nsec: 44000000
}
real_time {
  sec: 67
  nsec: 109939973
}
iterations: 16261
real_time_factor: 1.0007075002026433
step_size {
  nsec: 4000000
}

sim_time {
  sec: 65
  nsec: 144000000
}
real_time {
  sec: 67
  nsec: 209940269
}
iterations: 16286
real_time_factor: 1.0000377514251162
step_size {
  nsec: 4000000
}

sim_time {
  sec: 65
  nsec: 248000000
}
real_time {
  sec: 67
  nsec: 313947253
}
iterations: 16312
real_time_factor: 0.99834873119859757
step_size {
  nsec: 4000000
}

sim_time {
  sec: 65
  nsec: 348000000
}
real_time {
  sec: 67
  nsec: 413969572
}
iterations: 16337
real_time_factor: 0.99303337436216221
step_size {
  nsec: 4000000
}

sim_time {
  sec: 65
  nsec: 452000000
}
real_time {
  sec: 67
  nsec: 517940598
}
iterations: 16363
real_time_factor: 1.0008189200813566
step_size {
  nsec: 4000000
}

sim_time {
  sec: 65
  nsec: 552000000
}
real_time {
  sec: 67
  nsec: 617940964
}
iterations: 16388
real_time_factor: 1.0010896861233454
step_size {
  nsec: 4000000
}

sim_time {
  sec: 65
  nsec: 656000000
}
real_time {
  sec: 67
  nsec: 721939602
}
iterations: 16414
real_time_factor: 0.99993850378201743
step_size {
  nsec: 4000000
}

sim_time {
  sec: 65
  nsec: 756000000
}
real_time {
  sec: 67
  nsec: 821940281
}
iterations: 16439
real_time_factor: 1.0000032500105625
step_size {
  nsec: 4000000
}

sim_time {
  sec: 65
  nsec: 856000000
}
real_time {
  sec: 67
  nsec: 921942145
}
iterations: 16464
real_time_factor: 1.0009716932712431
step_size {
  nsec: 4000000
}

sim_time {
  sec: 65
  nsec: 956000000
}
real_time {
  sec: 68
  nsec: 21941492
}
iterations: 16489
real_time_factor: 0.99984102527698093
step_size {
  nsec: 4000000
}

sim_time {
  sec: 66
  nsec: 60000000
}
real_time {
  sec: 68
  nsec: 125942519
}
iterations: 16515
real_time_factor: 0.99942957556974354
step_size {
  nsec: 4000000
}

sim_time {
  sec: 66
  nsec: 160000000
}
real_time {
  sec: 68
  nsec: 225940929
}
iterations: 16540
real_time_factor: 0.99979979009203412
step_size {
  nsec: 4000000
}

sim_time {
  sec: 66
  nsec: 264000000
}
real_time {
  sec: 68
  nsec: 329938983
}
iterations: 16566
real_time_factor: 1.00013751890885
step_size {
  nsec: 4000000
}

sim_time {
  sec: 66
  nsec: 364000000
}
real_time {
  sec: 68
  nsec: 429941603
}
iterations: 16591
real_time_factor: 0.9996791030079345
step_size {
  nsec: 4000000
}

sim_time {
  sec: 66
  nsec: 468000000
}
real_time {
  sec: 68
  nsec: 533940995
}
iterations: 16617
real_time_factor: 0.99969309422007446
step_size {
  nsec: 4000000
}

sim_time {
  sec: 66
  nsec: 572000000
}
real_time {
  sec: 68
  nsec: 637940389
}
iterations: 16643
real_time_factor: 0.99990350931135141
step_size {
  nsec: 4000000
}

sim_time {
  sec: 66
  nsec: 672000000
}
real_time {
  sec: 68
  nsec: 737942610
}
iterations: 16668
real_time_factor: 1.0003113469067246
step_size {
  nsec: 4000000
}

sim_time {
  sec: 66
  nsec: 776000000
}
real_time {
  sec: 68
  nsec: 841940113
}
iterations: 16694
real_time_factor: 0.99997800048398933
step_size {
  nsec: 4000000
}

sim_time {
  sec: 66
  nsec: 880000000
}
real_time {
  sec: 68
  nsec: 945939146
}
iterations: 16720
real_time_factor: 1.0001050110261578
step_size {
  nsec: 4000000
}

sim_time {
  sec: 66
  nsec: 980000000
}
real_time {
  sec: 69
  nsec: 45941413
}
iterations: 16745
real_time_factor: 1.0000287508265862
step_size {
  nsec: 4000000
}

sim_time {
  sec: 67
  nsec: 84000000
}
real_time {
  sec: 69
  nsec: 149939676
}
iterations: 16771
real_time_factor: 0.99996400129595331
step_size {
  nsec: 4000000
}

sim_time {
  sec: 67
  nsec: 188000000
}
real_time {
  sec: 69
  nsec: 253939653
}
iterations: 16797
real_time_factor: 0.99990600883516945
step_size {
  nsec: 4000000
}

sim_time {
  sec: 67
  nsec: 288000000
}
real_time {
  sec: 69
  nsec: 353939890
}
iterations: 16822
real_time_factor: 1.000188535538949
step_size {
  nsec: 4000000
}

sim_time {
  sec: 67
  nsec: 392000000
}
real_time {
  sec: 69
  nsec: 457939101
}
iterations: 16848
real_time_factor: 1.0000615037824827
step_size {
  nsec: 4000000
}

sim_time {
  sec: 67
  nsec: 492000000
}
real_time {
  sec: 69
  nsec: 557939245
}
iterations: 16873
real_time_factor: 1.0000680046243144
step_size {
  nsec: 4000000
}

sim_time {
  sec: 67
  nsec: 592000000
}
real_time {
  sec: 69
  nsec: 657941017
}
iterations: 16898
real_time_factor: 0.99984127519756238
step_size {
  nsec: 4000000
}

sim_time {
  sec: 67
  nsec: 692000000
}
real_time {
  sec: 69
  nsec: 757943807
}
iterations: 16923
real_time_factor: 1.0001745304555645
step_size {
  nsec: 4000000
}

sim_time {
  sec: 67
  nsec: 796000000
}
real_time {
  sec: 69
  nsec: 861939742
}
iterations: 16949
real_time_factor: 0.99991525718195384
step_size {
  nsec: 4000000
}

sim_time {
  sec: 67
  nsec: 896000000
}
real_time {
  sec: 69
  nsec: 961940532
}
iterations: 16974
real_time_factor: 1.0003904023545189
step_size {
  nsec: 4000000
}

sim_time {
  sec: 68
}
real_time {
  sec: 70
  nsec: 65944411
}
iterations: 17000
real_time_factor: 0.99897230723892794
step_size {
  nsec: 4000000
}

sim_time {
  sec: 68
  nsec: 104000000
}
real_time {
  sec: 70
  nsec: 169940013
}
iterations: 17026
real_time_factor: 0.99993625406380349
step_size {
  nsec: 4000000
}

sim_time {
  sec: 68
  nsec: 204000000
}
real_time {
  sec: 70
  nsec: 269940868
}
iterations: 17051
real_time_factor: 1.0004852353391396
step_size {
  nsec: 4000000
}

sim_time {
  sec: 68
  nsec: 308000000
}
real_time {
  sec: 70
  nsec: 373941346
}
iterations: 17077
real_time_factor: 0.99977430095156017
step_size {
  nsec: 4000000
}

sim_time {
  sec: 68
  nsec: 412000000
}
real_time {
  sec: 70
  nsec: 477940341
}
iterations: 17103
real_time_factor: 1.000188285444735
step_size {
  nsec: 4000000
}

sim_time {
  sec: 68
  nsec: 512000000
}
real_time {
  sec: 70
  nsec: 577941183
}
iterations: 17128
real_time_factor: 1.0002740750965764
step_size {
  nsec: 4000000
}

sim_time {
  sec: 68
  nsec: 616000000
}
real_time {
  sec: 70
  nsec: 681938853
}
iterations: 17154
real_time_factor: 0.99998700016899777
step_size {
  nsec: 4000000
}

sim_time {
  sec: 68
  nsec: 716000000
}
real_time {
  sec: 70
  nsec: 781942362
}
iterations: 17179
real_time_factor: 1.0002045418288039
step_size {
  nsec: 4000000
}

sim_time {
  sec: 68
  nsec: 816000000
}
real_time {
  sec: 70
  nsec: 881941740
}
iterations: 17204
real_time_factor: 1.0006266424348249
step_size {
  nsec: 4000000
}

sim_time {
  sec: 68
  nsec: 920000000
}
real_time {
  sec: 70
  nsec: 985939022
}
iterations: 17230
real_time_factor: 1.0001282664501723
step_size {
  nsec: 4000000
}

sim_time {
  sec: 69
  nsec: 20000000
}
real_time {
  sec: 71
  nsec: 85944762
}
iterations: 17255
real_time_factor: 1.0000682546583803
step_size {
  nsec: 4000000
}

sim_time {
  sec: 69
  nsec: 124000000
}
real_time {
  sec: 71
  nsec: 189939396
}
iterations: 17281
real_time_factor: 1.00016752806095
step_size {
  nsec: 4000000
}

sim_time {
  sec: 69
  nsec: 224000000
}
real_time {
  sec: 71
  nsec: 289940154
}
iterations: 17306
real_time_factor: 1.000163276654914
step_size {
  nsec: 4000000
}

sim_time {
  sec: 69
  nsec: 328000000
}
real_time {
  sec: 71
  nsec: 393939792
}
iterations: 17332
real_time_factor: 1.0000335011222876
step_size {
  nsec: 4000000
}

sim_time {
  sec: 69
  nsec: 428000000
}
real_time {
  sec: 71
  nsec: 493939851
}
iterations: 17357
real_time_factor: 1.0003483713203123
step_size {
  nsec: 4000000
}

sim_time {
  sec: 69
  nsec: 528000000
}
real_time {
  sec: 71
  nsec: 593941207
}
iterations: 17382
real_time_factor: 0.99980203919623911
step_size {
  nsec: 4000000
}

sim_time {
  sec: 69
  nsec: 632000000
}
real_time {
  sec: 71
  nsec: 697939864
}
iterations: 17408
real_time_factor: 0.99996850099221879
step_size {
  nsec: 4000000
}

sim_time {
  sec: 69
  nsec: 732000000
}
real_time {
  sec: 71
  nsec: 797944738
}
iterations: 17433
real_time_factor: 0.99892565545755541
step_size {
  nsec: 4000000
}

sim_time {
  sec: 69
  nsec: 832000000
}
real_time {
  sec: 71
  nsec: 898395619
}
iterations: 17458
real_time_factor: 0.89846835852750917
step_size {
  nsec: 4000000
}

sim_time {
  sec: 69
  nsec: 936000000
}
real_time {
  sec: 72
  nsec: 2018780
}
iterations: 17484
real_time_factor: 0.98098050472918441
step_size {
  nsec: 4000000
}

sim_time {
  sec: 70
  nsec: 40000000
}
real_time {
  sec: 72
  nsec: 105940473
}
iterations: 17510
real_time_factor: 0.999961501482193
step_size {
  nsec: 4000000
}

sim_time {
  sec: 70
  nsec: 140000000
}
real_time {
  sec: 72
  nsec: 205940440
}
iterations: 17535
real_time_factor: 1.001034318709807
step_size {
  nsec: 4000000
}

sim_time {
  sec: 70
  nsec: 244000000
}
real_time {
  sec: 72
  nsec: 309940735
}
iterations: 17561
real_time_factor: 0.999873516000226
step_size {
  nsec: 4000000
}

sim_time {
  sec: 70
  nsec: 348000000
}
real_time {
  sec: 72
  nsec: 413939849
}
iterations: 17587
real_time_factor: 0.99998500022499659
step_size {
  nsec: 4000000
}

sim_time {
  sec: 70
  nsec: 448000000
}
real_time {
  sec: 72
  nsec: 513942024
}
iterations: 17612
real_time_factor: 1.0006591842376165
step_size {
  nsec: 4000000
}

sim_time {
  sec: 70
  nsec: 552000000
}
real_time {
  sec: 72
  nsec: 617940695
}
iterations: 17638
real_time_factor: 0.99992725529217752
step_size {
  nsec: 4000000
}

sim_time {
  sec: 70
  nsec: 652000000
}
real_time {
  sec: 72
  nsec: 717946149
}
iterations: 17663
real_time_factor: 0.99867849867662617
step_size {
  nsec: 4000000
}

sim_time {
  sec: 70
  nsec: 756000000
}
real_time {
  sec: 72
  nsec: 821940801
}
iterations: 17689
real_time_factor: 1.0013781466743605
step_size {
  nsec: 4000000
}

sim_time {
  sec: 70
  nsec: 856000000
}
real_time {
  sec: 72
  nsec: 921942476
}
iterations: 17714
real_time_factor: 1.0014312956793496
step_size {
  nsec: 4000000
}

sim_time {
  sec: 70
  nsec: 960000000
}
real_time {
  sec: 73
  nsec: 25939555
}
iterations: 17740
real_time_factor: 1.0000287508265862
step_size {
  nsec: 4000000
}

sim_time {
  sec: 71
  nsec: 64000000
}
real_time {
  sec: 73
  nsec: 129939975
}
iterations: 17766
real_time_factor: 0.99987376593705046
step_size {
  nsec: 4000000
}

sim_time {
  sec: 71
  nsec: 164000000
}
real_time {
  sec: 73
  nsec: 229940067
}
iterations: 17791
real_time_factor: 0.9998945111290759
step_size {
  nsec: 4000000
}

sim_time {
  sec: 71
  nsec: 264000000
}
real_time {
  sec: 73
  nsec: 329940972
}
iterations: 17816
real_time_factor: 0.99953371752077658
step_size {
  nsec: 4000000
}

sim_time {
  sec: 71
  nsec: 364000000
}
real_time {
  sec: 73
  nsec: 429947221
}
iterations: 17841
real_time_factor: 0.99948251792634368
step_size {
  nsec: 4000000
}

