make: Entering directory '/home/car/uav_handover/uav_lab/.local/checkouts/px4-classic'
-- PX4_GIT_TAG: v1.17.0
CMake Warning (dev) at CMakeLists.txt:176 (find_package):
  Policy CMP0148 is not set: The FindPythonInterp and FindPythonLibs modules
  are removed.  Run "cmake --help-policy CMP0148" for policy details.  Use
  the cmake_policy command to set the policy and suppress this warning.

This warning is for project developers.  Use -Wno-dev to suppress it.

-- Found PythonInterp: /home/car/uav_handover/uav_lab/.local/venv/bin/python3 (found suitable version "3.12.3", minimum required is "3") 
-- PX4 config file: /home/car/uav_handover/uav_lab/.local/checkouts/px4-classic/boards/px4/sitl/default.px4board
-- PLATFORM posix
-- ROMFSROOT px4fmu_common
-- TESTING y
-- ETHERNET y
-- ROOT_PATH .
-- PARAM_FILE /fs/mtd_params
-- PX4 config: px4_sitl_default
-- PX4 platform: posix
-- PX4 lockstep: enabled
-- The CXX compiler identification is GNU 13.3.0
-- The C compiler identification is GNU 13.3.0
-- The ASM compiler identification is GNU
-- Found assembler: /usr/bin/cc
-- Detecting CXX compiler ABI info
-- Detecting CXX compiler ABI info - done
-- Check for working CXX compiler: /usr/bin/c++ - skipped
-- Detecting CXX compile features
-- Detecting CXX compile features - done
-- Detecting C compiler ABI info
-- Detecting C compiler ABI info - done
-- Check for working C compiler: /usr/bin/cc - skipped
-- Detecting C compile features
-- Detecting C compile features - done
-- cmake build type: RelWithDebInfo
-- ccache enabled (export CCACHE_DISABLE=1 to disable)
-- Looking for gz-transport13 -- found version 13.5.0
-- Searching for dependencies of gz-transport13
-- Found Protobuf: /usr/lib/aarch64-linux-gnu/libprotobuf.so (found version "3.21.12") 
-- Config-file not installed for ZeroMQ -- checking for pkg-config
-- Checking for module 'libzmq >= 4'
--   Found libzmq, version 4.3.5
-- Found ZeroMQ: TRUE (Required is at least version "4") 
-- Checking for module 'uuid'
--   Found uuid, version 2.39.3
-- Found UUID: TRUE  
-- Looking for gz-utils2 -- found version 2.2.1
-- Searching for dependencies of gz-utils2
-- Searching for <gz-utils2> component [cli]
-- Looking for gz-utils2-cli -- found version 2.2.1
-- Searching for dependencies of gz-utils2-cli
-- Looking for gz-msgs10 -- found version 10.3.2
-- Searching for dependencies of gz-msgs10
-- Looking for gz-utils2 -- found version 2.2.1
-- Looking for gz-math7 -- found version 7.5.2
-- Searching for dependencies of gz-math7
-- Looking for gz-utils2 -- found version 2.2.1
-- Checking for module 'tinyxml2'
--   Found tinyxml2, version 10.0.0
-- Found Python3: /home/car/uav_handover/uav_lab/.local/venv/bin/python3 (found version "3.12.3") found components: Interpreter 
-- Looking for gz-transport13 -- found version 13.5.0
-- Searching for dependencies of gz-transport13
-- Config-file not installed for ZeroMQ -- checking for pkg-config
-- Checking for module 'libzmq >= 4'
--   Found libzmq, version 4.3.5
-- Checking for module 'uuid'
--   Found uuid, version 2.39.3
-- Looking for gz-utils2 -- found version 2.2.1
-- Searching for dependencies of gz-utils2
-- Searching for <gz-utils2> component [cli]
-- Looking for gz-utils2-cli -- found version 2.2.1
-- Searching for dependencies of gz-utils2-cli
-- Looking for gz-msgs10 -- found version 10.3.2
-- Searching for dependencies of gz-msgs10
-- Looking for gz-utils2 -- found version 2.2.1
-- Looking for gz-math7 -- found version 7.5.2
-- Searching for dependencies of gz-math7
-- Looking for gz-utils2 -- found version 2.2.1
-- Checking for module 'tinyxml2'
--   Found tinyxml2, version 10.0.0
-- Looking for gz-sim8 -- found version 8.11.0
-- Searching for dependencies of gz-sim8
-- Looking for sdformat14 -- found version 14.9.0
-- Searching for dependencies of sdformat14
-- Looking for gz-math7 -- found version 7.5.2
-- Looking for gz-utils2 -- found version 2.2.1
-- Looking for gz-plugin2 -- found version 2.0.4
-- Searching for dependencies of gz-plugin2
-- Looking for gz-utils2 -- found version 2.2.1
-- Searching for <gz-plugin2> component [loader]
-- Looking for gz-plugin2-loader -- found version 2.0.4
-- Searching for dependencies of gz-plugin2-loader
-- Searching for <gz-plugin2> component [register]
-- Looking for gz-plugin2-register -- found version 2.0.4
-- Searching for dependencies of gz-plugin2-register
-- Looking for gz-transport13 -- found version 13.5.0
-- Searching for dependencies of gz-transport13
-- Config-file not installed for ZeroMQ -- checking for pkg-config
-- Checking for module 'libzmq >= 4'
--   Found libzmq, version 4.3.5
-- Looking for gz-utils2 -- found version 2.2.1
-- Looking for gz-msgs10 -- found version 10.3.2
-- Searching for <gz-transport13> component [log]
-- Looking for gz-transport13-log -- found version 13.5.0
-- Searching for dependencies of gz-transport13-log
-- Searching for <gz-transport13> component [parameters]
-- Looking for gz-transport13-parameters -- found version 13.5.0
-- Searching for dependencies of gz-transport13-parameters
-- Looking for gz-msgs10 -- found version 10.3.2
-- Looking for gz-common5 -- found version 5.8.0
-- Searching for dependencies of gz-common5
-- Looking for gz-utils2 -- found version 2.2.1
-- Looking for dlfcn.h - found
-- Looking for libdl - found
-- Found DL: TRUE  
-- Searching for <gz-common5> component [av]
-- Looking for gz-common5-av -- found version 5.8.0
-- Searching for dependencies of gz-common5-av
-- Checking for module 'libswscale'
--   Found libswscale, version 7.5.100
-- Found SWSCALE: TRUE  
-- Checking for module 'libavdevice >= 56.4.100'
--   Found libavdevice, version 60.3.100
-- Found AVDEVICE: TRUE (Required is at least version "56.4.100") 
-- Checking for module 'libavformat'
--   Found libavformat, version 60.16.100
-- Found AVFORMAT: TRUE  
-- Checking for module 'libavcodec'
--   Found libavcodec, version 60.31.102
-- Found AVCODEC: TRUE  
-- Checking for module 'libavutil'
--   Found libavutil, version 58.29.100
-- Found AVUTIL: TRUE  
-- Searching for <gz-common5> component [events]
-- Looking for gz-common5-events -- found version 5.8.0
-- Searching for dependencies of gz-common5-events
-- Looking for gz-math7 -- found version 7.5.2
-- Searching for <gz-common5> component [graphics]
-- Looking for gz-common5-graphics -- found version 5.8.0
-- Searching for dependencies of gz-common5-graphics
-- Looking for gz-math7 -- found version 7.5.2
-- Found GzAssimp: TRUE (found version "5.3.0") 
-- Searching for <gz-common5> component [io]
-- Looking for gz-common5-io -- found version 5.8.0
-- Searching for dependencies of gz-common5-io
-- Searching for <gz-common5> component [profiler]
-- Looking for gz-common5-profiler -- found version 5.8.0
-- Searching for dependencies of gz-common5-profiler
-- Looking for gz-fuel_tools9 -- found version 9.1.1
-- Searching for dependencies of gz-fuel_tools9
-- Found CURL: /usr/lib/aarch64-linux-gnu/libcurl.so (found version "8.5.0")  
-- Checking for module 'jsoncpp'
--   Found jsoncpp, version 1.9.5
-- Found JSONCPP: TRUE  
-- Checking for module 'yaml-0.1'
--   Found yaml-0.1, version 0.2.5
-- Found YAML: TRUE  
-- Checking for module 'libzip'
--   Found libzip, version 1.7.3
-- Found ZIP: TRUE  
-- Looking for gz-utils2 -- found version 2.2.1
-- Looking for gz-common5 -- found version 5.8.0
-- Searching for dependencies of gz-common5
-- Looking for gz-utils2 -- found version 2.2.1
-- Looking for dlfcn.h - found
-- Looking for libdl - found
-- Searching for <gz-common5> component [testing]
-- Looking for gz-common5-testing -- found version 5.8.0
-- Searching for dependencies of gz-common5-testing
-- Looking for gz-math7 -- found version 7.5.2
-- Looking for gz-msgs10 -- found version 10.3.2
-- Looking for gz-gui8 -- found version 8.4.0
-- Searching for dependencies of gz-gui8
-- Looking for gz-utils2 -- found version 2.2.1
-- Looking for gz-math7 -- found version 7.5.2
-- Looking for gz-common5 -- found version 5.8.0
-- Looking for gz-plugin2 -- found version 2.0.4
-- Looking for gz-transport13 -- found version 13.5.0
-- Looking for gz-rendering8 -- found version 8.2.3
-- Searching for dependencies of gz-rendering8
-- Looking for gz-math7 -- found version 7.5.2
-- Searching for dependencies of gz-math7
-- Looking for gz-utils2 -- found version 2.2.1
-- Searching for <gz-math7> component [eigen3]
-- Looking for gz-math7-eigen3 -- found version 7.5.2
-- Searching for dependencies of gz-math7-eigen3
-- Looking for gz-common5 -- found version 5.8.0
-- Searching for dependencies of gz-common5
-- Looking for gz-utils2 -- found version 2.2.1
-- Looking for dlfcn.h - found
-- Looking for libdl - found
-- Searching for <gz-common5> component [graphics]
-- Searching for <gz-common5> component [events]
-- Searching for <gz-common5> component [geospatial]
-- Looking for gz-common5-geospatial -- found version 5.8.0
-- Searching for dependencies of gz-common5-geospatial
-- Looking for gz-math7 -- found version 7.5.2
-- Looking for gz-common5 -- found version 5.8.0
-- Looking for gz-plugin2 -- found version 2.0.4
-- Searching for dependencies of gz-plugin2
-- Looking for gz-utils2 -- found version 2.2.1
-- Searching for <gz-plugin2> component [all]
-- Looking for all libraries of gz-plugin2 -- found version 2.0.4
-- Looking for gz-plugin2 -- found version 2.0.4
-- Looking for gz-utils2 -- found version 2.2.1
-- Found OpenGL: /usr/lib/aarch64-linux-gnu/libOpenGL.so  found components: OpenGL 
-- Looking for gz-msgs10 -- found version 10.3.2
-- Looking for gz-physics7 -- found version 7.6.0
-- Searching for dependencies of gz-physics7
-- Looking for gz-common5 -- found version 5.8.0
-- Looking for gz-math7 -- found version 7.5.2
-- Looking for gz-plugin2 -- found version 2.0.4
-- Looking for gz-utils2 -- found version 2.2.1
-- Searching for <gz-physics7> component [heightmap]
-- Looking for gz-physics7-heightmap -- found version 7.6.0
-- Searching for dependencies of gz-physics7-heightmap
-- Looking for gz-common5 -- found version 5.8.0
-- Searching for <gz-physics7> component [mesh]
-- Looking for gz-physics7-mesh -- found version 7.6.0
-- Searching for dependencies of gz-physics7-mesh
-- Looking for gz-common5 -- found version 5.8.0
-- Searching for <gz-physics7> component [sdf]
-- Looking for gz-physics7-sdf -- found version 7.6.0
-- Searching for dependencies of gz-physics7-sdf
-- Looking for sdformat14 -- found version 14.9.0
-- Looking for gz-sensors8 -- found version 8.2.2
-- Searching for dependencies of gz-sensors8
-- Looking for gz-math7 -- found version 7.5.2
-- Looking for gz-common5 -- found version 5.8.0
-- Looking for gz-transport13 -- found version 13.5.0
-- Looking for gz-rendering8 -- found version 8.2.3
-- Looking for gz-msgs10 -- found version 10.3.2
-- Looking for sdformat14 -- found version 14.9.0
-- Searching for <gz-sensors8> component [air_pressure]
-- Looking for gz-sensors8-air_pressure -- found version 8.2.2
-- Searching for dependencies of gz-sensors8-air_pressure
-- Searching for <gz-sensors8> component [air_speed]
-- Looking for gz-sensors8-air_speed -- found version 8.2.2
-- Searching for dependencies of gz-sensors8-air_speed
-- Searching for <gz-sensors8> component [altimeter]
-- Looking for gz-sensors8-altimeter -- found version 8.2.2
-- Searching for dependencies of gz-sensors8-altimeter
-- Searching for <gz-sensors8> component [imu]
-- Looking for gz-sensors8-imu -- found version 8.2.2
-- Searching for dependencies of gz-sensors8-imu
-- Searching for <gz-sensors8> component [force_torque]
-- Looking for gz-sensors8-force_torque -- found version 8.2.2
-- Searching for dependencies of gz-sensors8-force_torque
-- Searching for <gz-sensors8> component [logical_camera]
-- Looking for gz-sensors8-logical_camera -- found version 8.2.2
-- Searching for dependencies of gz-sensors8-logical_camera
-- Searching for <gz-sensors8> component [magnetometer]
-- Looking for gz-sensors8-magnetometer -- found version 8.2.2
-- Searching for dependencies of gz-sensors8-magnetometer
-- Searching for <gz-sensors8> component [navsat]
-- Looking for gz-sensors8-navsat -- found version 8.2.2
-- Searching for dependencies of gz-sensors8-navsat
-- Searching for <gz-sensors8> component [dvl]
-- Looking for gz-sensors8-dvl -- found version 8.2.2
-- Searching for dependencies of gz-sensors8-dvl
-- Looking for gz-sensors8 -- found version 8.2.2
-- Searching for dependencies of gz-sensors8
-- Looking for gz-math7 -- found version 7.5.2
-- Looking for gz-common5 -- found version 5.8.0
-- Looking for gz-transport13 -- found version 13.5.0
-- Looking for gz-rendering8 -- found version 8.2.3
-- Looking for gz-msgs10 -- found version 10.3.2
-- Looking for sdformat14 -- found version 14.9.0
-- Searching for <gz-sensors8> component [rendering]
-- Looking for gz-sensors8-rendering -- found version 8.2.2
-- Searching for dependencies of gz-sensors8-rendering
-- Searching for <gz-sensors8> component [rendering]
-- Searching for <gz-sensors8> component [lidar]
-- Looking for gz-sensors8-lidar -- found version 8.2.2
-- Searching for dependencies of gz-sensors8-lidar
-- Looking for gz-sensors8 -- found version 8.2.2
-- Searching for <gz-sensors8> component [gpu_lidar]
-- Looking for gz-sensors8-gpu_lidar -- found version 8.2.2
-- Searching for dependencies of gz-sensors8-gpu_lidar
-- Looking for gz-sensors8 -- found version 8.2.2
-- Searching for <gz-sensors8> component [camera]
-- Looking for gz-sensors8-camera -- found version 8.2.2
-- Searching for dependencies of gz-sensors8-camera
-- Looking for gz-sensors8 -- found version 8.2.2
-- Searching for <gz-sensors8> component [boundingbox_camera]
-- Looking for gz-sensors8-boundingbox_camera -- found version 8.2.2
-- Searching for dependencies of gz-sensors8-boundingbox_camera
-- Searching for <gz-sensors8> component [segmentation_camera]
-- Looking for gz-sensors8-segmentation_camera -- found version 8.2.2
-- Searching for dependencies of gz-sensors8-segmentation_camera
-- Searching for <gz-sensors8> component [depth_camera]
-- Looking for gz-sensors8-depth_camera -- found version 8.2.2
-- Searching for dependencies of gz-sensors8-depth_camera
-- Looking for gz-sensors8 -- found version 8.2.2
-- Searching for <gz-sensors8> component [rgbd_camera]
-- Looking for gz-sensors8-rgbd_camera -- found version 8.2.2
-- Searching for dependencies of gz-sensors8-rgbd_camera
-- Looking for gz-sensors8 -- found version 8.2.2
-- Searching for <gz-sensors8> component [thermal_camera]
-- Looking for gz-sensors8-thermal_camera -- found version 8.2.2
-- Searching for dependencies of gz-sensors8-thermal_camera
-- Looking for gz-sensors8 -- found version 8.2.2
-- Searching for <gz-sensors8> component [wide_angle_camera]
-- Looking for gz-sensors8-wide_angle_camera -- found version 8.2.2
-- Searching for dependencies of gz-sensors8-wide_angle_camera
-- Looking for gz-rendering8 -- found version 8.2.3
-- Looking for gz-math7 -- found version 7.5.2
-- Looking for gz-utils2 -- found version 2.2.1
-- Looking for gz-sensors8 -- found version 8.2.2
-- Looking for gz-plugin2 -- found version 2.0.4
-- Found OpenCV: /usr (found version "4.6.0") 
-- Found OpenCV: /usr (found version "4.6.0") found components: core imgproc 
-- Found PkgConfig: /usr/bin/pkg-config (found version "1.8.1") 
-- Checking for module 'gstreamer-1.0'
--   Found gstreamer-1.0, version 1.24.2
-- Checking for module 'gstreamer-app-1.0'
--   Found gstreamer-app-1.0, version 1.24.2
-- Found Java: /usr/bin/java (found version "21.0.8") 
-- ROMFS: ROMFS/px4fmu_common
Architecture:  arm64
==> CPACK_INSTALL_PREFIX = @DEB_INSTALL_PREFIX@
-- Configuring done (6.3s)
-- Generating done (0.4s)
-- Build files have been written to: /home/car/uav_handover/uav_lab/.local/checkouts/px4-classic/build/px4_sitl_default
[0/1141] git submodule src/modules/uxrce_dds_client/Micro-XRCE-DDS-Client
[12/1141] Generating px4 event header file
[13/1141] git submodule src/drivers/gps/devices
[14/1141] Generating actuators.json
[15/1141] git submodule src/modules/mavlink/mavlink
[17/1141] Generating serial_params.c
[18/1141] Generating uORB json files
[19/1141] ROMFS: copying, generating airframes
[20/1141] Generating uORB topic headers
[21/1141] Generating Mavlink uAvionix: src/modules/mavlink/mavlink/message_definitions/v1.0/uAvionix.xml
[22/1141] Building CXX object src/modules/simulation/gz_msgs/CMakeFiles/px4_gz_msgs.dir/opticalflow.pb.cc.o
[23/1141] Building CXX object src/lib/perf/CMakeFiles/perf.dir/perf_counter.cpp.o
[24/1141] Building CXX object src/lib/lat_lon_alt/CMakeFiles/lat_lon_alt.dir/lat_lon_alt.cpp.o
[25/1141] Linking CXX static library src/lib/perf/libperf.a
[26/1141] Linking CXX static library src/lib/lat_lon_alt/liblat_lon_alt.a
[27/1141] Building C object src/lib/version/CMakeFiles/version.dir/version.c.o
[28/1141] Building CXX object src/lib/geo/CMakeFiles/geo.dir/geo.cpp.o
[29/1141] Linking C static library src/lib/version/libversion.a
[30/1141] Generating uORB topic sources
[31/1141] Linking CXX static library src/lib/geo/libgeo.a
[32/1141] Building CXX object src/lib/tinybson/CMakeFiles/tinybson.dir/tinybson.cpp.o
[33/1141] Building C object platforms/common/work_queue/CMakeFiles/work_queue.dir/dq_rem.c.o
[34/1141] Building C object platforms/common/work_queue/CMakeFiles/work_queue.dir/dq_addlast.c.o
[35/1141] Building C object platforms/common/work_queue/CMakeFiles/work_queue.dir/dq_remfirst.c.o
[36/1141] Linking CXX static library src/lib/tinybson/libtinybson.a
[37/1141] Building CXX object src/lib/world_magnetic_model/CMakeFiles/world_magnetic_model.dir/geo_mag_declination.cpp.o
[38/1141] Building C object platforms/common/work_queue/CMakeFiles/work_queue.dir/hrt_thread.c.o
[39/1141] Building C object platforms/common/work_queue/CMakeFiles/work_queue.dir/hrt_queue.c.o
[40/1141] Building CXX object src/lib/wind_estimator/CMakeFiles/wind_estimator.dir/WindEstimator.cpp.o
[41/1141] Building C object platforms/common/work_queue/CMakeFiles/work_queue.dir/queue.c.o
[42/1141] Linking CXX static library src/lib/world_magnetic_model/libworld_magnetic_model.a
[43/1141] Building C object platforms/common/work_queue/CMakeFiles/work_queue.dir/hrt_work_cancel.c.o
[44/1141] Building C object platforms/common/work_queue/CMakeFiles/work_queue.dir/sq_addafter.c.o
[45/1141] Building C object platforms/common/work_queue/CMakeFiles/work_queue.dir/sq_addlast.c.o
[46/1141] Linking CXX static library src/lib/wind_estimator/libwind_estimator.a
[47/1141] Building C object platforms/common/work_queue/CMakeFiles/work_queue.dir/sq_remfirst.c.o
[48/1141] Building C object platforms/common/work_queue/CMakeFiles/work_queue.dir/work_cancel.c.o
[49/1141] Building C object platforms/common/work_queue/CMakeFiles/work_queue.dir/work_lock.c.o
[50/1141] Building C object platforms/common/work_queue/CMakeFiles/work_queue.dir/work_queue.c.o
[51/1141] Building C object platforms/common/work_queue/CMakeFiles/work_queue.dir/work_thread.c.o
[52/1141] Building CXX object src/modules/commander/ModeUtil/CMakeFiles/mode_util.dir/control_mode.cpp.o
[53/1141] Building CXX object src/modules/commander/ModeUtil/CMakeFiles/mode_util.dir/mode_requirements.cpp.o
[54/1141] Linking C static library platforms/common/work_queue/libwork_queue.a
[55/1141] Linking CXX static library src/modules/commander/ModeUtil/libmode_util.a
[56/1141] Generating parameters.xml
[57/1141] Building CXX object src/modules/ekf2/EKF/CMakeFiles/ecl_EKF.dir/control.cpp.o
[58/1141] Building CXX object src/modules/ekf2/EKF/CMakeFiles/ecl_EKF.dir/height_control.cpp.o
[59/1141] Building CXX object src/modules/ekf2/EKF/CMakeFiles/ecl_EKF.dir/position_fusion.cpp.o
[60/1141] Building CXX object src/modules/ekf2/EKF/CMakeFiles/ecl_EKF.dir/velocity_fusion.cpp.o
[61/1141] Building CXX object src/modules/ekf2/EKF/CMakeFiles/ecl_EKF.dir/estimator_interface.cpp.o
[62/1141] Building CXX object src/modules/ekf2/EKF/CMakeFiles/ecl_EKF.dir/yaw_fusion.cpp.o
[63/1141] Building CXX object src/modules/ekf2/EKF/CMakeFiles/ecl_EKF.dir/ekf.cpp.o
[64/1141] Building CXX object src/modules/ekf2/EKF/CMakeFiles/ecl_EKF.dir/ekf_helper.cpp.o
[65/1141] Building CXX object src/modules/ekf2/EKF/CMakeFiles/ecl_EKF.dir/imu_down_sampler/imu_down_sampler.cpp.o
[66/1141] Building CXX object src/modules/ekf2/EKF/CMakeFiles/ecl_EKF.dir/aid_sources/fake_pos_control.cpp.o
[67/1141] Building CXX object src/modules/ekf2/EKF/CMakeFiles/ecl_EKF.dir/aid_sources/fake_height_control.cpp.o
[68/1141] Building CXX object src/modules/ekf2/EKF/CMakeFiles/ecl_EKF.dir/aid_sources/ZeroGyroUpdate.cpp.o
[69/1141] Building CXX object src/modules/ekf2/EKF/CMakeFiles/ecl_EKF.dir/covariance.cpp.o
[70/1141] Building CXX object src/modules/ekf2/EKF/CMakeFiles/ecl_EKF.dir/aid_sources/ZeroVelocityUpdate.cpp.o
[71/1141] Building CXX object src/modules/ekf2/EKF/CMakeFiles/ecl_EKF.dir/aid_sources/zero_innovation_heading_update.cpp.o
[72/1141] Building CXX object src/modules/ekf2/EKF/CMakeFiles/ecl_EKF.dir/aid_sources/aux_global_position/aux_global_position.cpp.o
[73/1141] Building CXX object src/modules/ekf2/EKF/CMakeFiles/ecl_EKF.dir/aid_sources/airspeed/airspeed_fusion.cpp.o
[74/1141] Building CXX object src/modules/ekf2/EKF/CMakeFiles/ecl_EKF.dir/aid_sources/auxvel/auxvel_fusion.cpp.o
[75/1141] Generating uORB compressed fields
[76/1141] Building CXX object src/modules/ekf2/EKF/CMakeFiles/ecl_EKF.dir/aid_sources/external_vision/ev_height_control.cpp.o
[77/1141] Building CXX object src/modules/ekf2/EKF/CMakeFiles/ecl_EKF.dir/aid_sources/barometer/baro_height_control.cpp.o
[78/1141] Building CXX object src/modules/simulation/gz_plugins/template_plugin/CMakeFiles/TemplatePlugin.dir/TemplateSystem.cpp.o
[79/1141] Building CXX object src/modules/ekf2/EKF/CMakeFiles/ecl_EKF.dir/aid_sources/drag/drag_fusion.cpp.o
[80/1141] Building CXX object msg/CMakeFiles/uorb_msgs.dir/topics_sources/actuator_controls_status.cpp.o
[81/1141] Building CXX object msg/CMakeFiles/uorb_msgs.dir/topics_sources/actuator_armed.cpp.o
[82/1141] Building CXX object src/modules/ekf2/EKF/CMakeFiles/ecl_EKF.dir/aid_sources/external_vision/ev_yaw_control.cpp.o
[83/1141] Building CXX object msg/CMakeFiles/uorb_msgs.dir/topics_sources/actuator_servos_trim.cpp.o
[84/1141] Building CXX object msg/CMakeFiles/uorb_msgs.dir/topics_sources/action_request.cpp.o
[85/1141] Building CXX object msg/CMakeFiles/uorb_msgs.dir/topics_sources/actuator_outputs.cpp.o
[86/1141] Performing download step (git clone) for 'OpticalFlow'
Cloning into 'OpticalFlow'...
Already on 'master'
Your branch is up to date with 'origin/master'.
Submodule 'external/klt_feature_tracker' (https://github.com/PX4/klt_feature_tracker.git) registered for path 'external/klt_feature_tracker'
Cloning into '/home/car/uav_handover/uav_lab/.local/checkouts/px4-classic/build/px4_sitl_default/OpticalFlow/src/OpticalFlow/external/klt_feature_tracker'...
Submodule path 'external/klt_feature_tracker': checked out 'a2733b54f17b571dd958be498b57479a4104d8cd'
[87/1141] Building CXX object src/modules/ekf2/EKF/CMakeFiles/ecl_EKF.dir/aid_sources/external_vision/ev_control.cpp.o
[88/1141] Building CXX object msg/CMakeFiles/uorb_msgs.dir/topics_sources/adc_report.cpp.o
[89/1141] Building CXX object src/modules/ekf2/EKF/CMakeFiles/ecl_EKF.dir/aid_sources/external_vision/ev_vel_control.cpp.o
[90/1141] Building CXX object msg/CMakeFiles/uorb_msgs.dir/topics_sources/actuator_test.cpp.o
[91/1141] Building CXX object src/modules/ekf2/EKF/CMakeFiles/ecl_EKF.dir/aid_sources/external_vision/ev_pos_control.cpp.o
[92/1141] Building CXX object msg/CMakeFiles/uorb_msgs.dir/topics_sources/autotune_attitude_control_status.cpp.o
[93/1141] Building CXX object msg/CMakeFiles/uorb_msgs.dir/topics_sources/airspeed_wind.cpp.o
[94/1141] Building CXX object msg/CMakeFiles/uorb_msgs.dir/topics_sources/battery_info.cpp.o
[95/1141] Building CXX object msg/CMakeFiles/uorb_msgs.dir/topics_sources/airspeed.cpp.o
[96/1141] Building CXX object msg/CMakeFiles/uorb_msgs.dir/topics_sources/button_event.cpp.o
[97/1141] Building CXX object msg/CMakeFiles/uorb_msgs.dir/topics_sources/camera_capture.cpp.o
[98/1141] Building CXX object msg/CMakeFiles/uorb_msgs.dir/topics_sources/camera_trigger.cpp.o
[99/1141] Building CXX object msg/CMakeFiles/uorb_msgs.dir/topics_sources/camera_status.cpp.o
[100/1141] Building CXX object msg/CMakeFiles/uorb_msgs.dir/topics_sources/can_interface_status.cpp.o
[101/1141] Building CXX object msg/CMakeFiles/uorb_msgs.dir/topics_sources/collision_constraints.cpp.o
[102/1141] Building CXX object msg/CMakeFiles/uorb_msgs.dir/topics_sources/cellular_status.cpp.o
[103/1141] Building CXX object msg/CMakeFiles/uorb_msgs.dir/topics_sources/control_allocator_status.cpp.o
[104/1141] Building CXX object msg/CMakeFiles/uorb_msgs.dir/topics_sources/cpuload.cpp.o
[105/1141] Building CXX object msg/CMakeFiles/uorb_msgs.dir/topics_sources/dataman_response.cpp.o
[106/1141] Building CXX object msg/CMakeFiles/uorb_msgs.dir/topics_sources/dataman_request.cpp.o
[107/1141] Building CXX object msg/CMakeFiles/uorb_msgs.dir/topics_sources/debug_value.cpp.o
[108/1141] Building CXX object msg/CMakeFiles/uorb_msgs.dir/topics_sources/debug_array.cpp.o
[109/1141] Building CXX object msg/CMakeFiles/uorb_msgs.dir/topics_sources/debug_key_value.cpp.o
[110/1141] Building CXX object msg/CMakeFiles/uorb_msgs.dir/topics_sources/debug_vect.cpp.o
[111/1141] Building CXX object msg/CMakeFiles/uorb_msgs.dir/topics_sources/differential_pressure.cpp.o
[112/1141] Building CXX object msg/CMakeFiles/uorb_msgs.dir/topics_sources/dronecan_node_status.cpp.o
[113/1141] Building CXX object msg/CMakeFiles/uorb_msgs.dir/topics_sources/distance_sensor.cpp.o
[114/1141] Generating uORB topic ucdr headers
[115/1141] Building CXX object msg/CMakeFiles/uorb_msgs.dir/topics_sources/ekf2_timestamps.cpp.o
[116/1141] Building CXX object msg/CMakeFiles/uorb_msgs.dir/topics_sources/esc_status.cpp.o
[117/1141] Building CXX object msg/CMakeFiles/uorb_msgs.dir/topics_sources/esc_report.cpp.o
[118/1141] Building CXX object msg/CMakeFiles/uorb_msgs.dir/topics_sources/distance_sensor_mode_change_request.cpp.o
[119/1141] Building CXX object msg/CMakeFiles/uorb_msgs.dir/topics_sources/estimator_aid_source1d.cpp.o
[120/1141] Building CXX object msg/CMakeFiles/uorb_msgs.dir/topics_sources/estimator_aid_source2d.cpp.o
[121/1141] Building CXX object msg/CMakeFiles/uorb_msgs.dir/topics_sources/estimator_aid_source3d.cpp.o
[122/1141] Building CXX object msg/CMakeFiles/uorb_msgs.dir/topics_sources/estimator_bias3d.cpp.o
[123/1141] Building CXX object msg/CMakeFiles/uorb_msgs.dir/topics_sources/estimator_bias.cpp.o
[124/1141] Building CXX object msg/CMakeFiles/uorb_msgs.dir/topics_sources/estimator_event_flags.cpp.o
[125/1141] Building CXX object msg/CMakeFiles/uorb_msgs.dir/topics_sources/estimator_gps_status.cpp.o
[126/1141] Building CXX object msg/CMakeFiles/uorb_msgs.dir/topics_sources/estimator_innovations.cpp.o
[127/1141] Building CXX object msg/CMakeFiles/uorb_msgs.dir/topics_sources/estimator_selector_status.cpp.o
[128/1141] Building CXX object msg/CMakeFiles/uorb_msgs.dir/topics_sources/estimator_states.cpp.o
[129/1141] Building CXX object msg/CMakeFiles/uorb_msgs.dir/topics_sources/estimator_sensor_bias.cpp.o
[130/1141] Building CXX object msg/CMakeFiles/uorb_msgs.dir/topics_sources/estimator_status_flags.cpp.o
[131/1141] Building CXX object msg/CMakeFiles/uorb_msgs.dir/topics_sources/estimator_status.cpp.o
[132/1141] Building CXX object msg/CMakeFiles/uorb_msgs.dir/topics_sources/failsafe_flags.cpp.o
[133/1141] Building CXX object msg/CMakeFiles/uorb_msgs.dir/topics_sources/fixed_wing_lateral_guidance_status.cpp.o
[134/1141] Building CXX object msg/CMakeFiles/uorb_msgs.dir/topics_sources/fixed_wing_lateral_status.cpp.o
[135/1141] Building CXX object msg/CMakeFiles/uorb_msgs.dir/topics_sources/figure_eight_status.cpp.o
[136/1141] Building CXX object msg/CMakeFiles/uorb_msgs.dir/topics_sources/failure_detector_status.cpp.o
[137/1141] Building CXX object msg/CMakeFiles/uorb_msgs.dir/topics_sources/fixed_wing_runway_control.cpp.o
[138/1141] Building CXX object msg/CMakeFiles/uorb_msgs.dir/topics_sources/flight_phase_estimation.cpp.o
[139/1141] Building CXX object msg/CMakeFiles/uorb_msgs.dir/topics_sources/follow_target.cpp.o
[140/1141] Building CXX object msg/CMakeFiles/uorb_msgs.dir/topics_sources/follow_target_status.cpp.o
[141/1141] Building CXX object msg/CMakeFiles/uorb_msgs.dir/topics_sources/follow_target_estimator.cpp.o
[142/1141] Building CXX object msg/CMakeFiles/uorb_msgs.dir/topics_sources/fuel_tank_status.cpp.o
[143/1141] Building CXX object msg/CMakeFiles/uorb_msgs.dir/topics_sources/generator_status.cpp.o
[144/1141] Building CXX object msg/CMakeFiles/uorb_msgs.dir/topics_sources/gimbal_controls.cpp.o
[145/1141] Building CXX object msg/CMakeFiles/uorb_msgs.dir/topics_sources/geofence_result.cpp.o
[146/1141] Building CXX object msg/CMakeFiles/uorb_msgs.dir/topics_sources/gimbal_device_attitude_status.cpp.o
[147/1141] Building CXX object msg/CMakeFiles/uorb_msgs.dir/topics_sources/geofence_status.cpp.o
[148/1141] Building CXX object msg/CMakeFiles/uorb_msgs.dir/topics_sources/gimbal_device_information.cpp.o
[149/1141] Building CXX object msg/CMakeFiles/uorb_msgs.dir/topics_sources/gimbal_device_set_attitude.cpp.o
[150/1141] Building CXX object msg/CMakeFiles/uorb_msgs.dir/topics_sources/gimbal_manager_set_attitude.cpp.o
[151/1141] Building CXX object msg/CMakeFiles/uorb_msgs.dir/topics_sources/gimbal_manager_information.cpp.o
[152/1141] Building CXX object msg/CMakeFiles/uorb_msgs.dir/topics_sources/gimbal_manager_status.cpp.o
[153/1141] Building CXX object msg/CMakeFiles/uorb_msgs.dir/topics_sources/gimbal_manager_set_manual_control.cpp.o
[154/1141] Building CXX object msg/CMakeFiles/uorb_msgs.dir/topics_sources/gpio_out.cpp.o
[155/1141] Building CXX object msg/CMakeFiles/uorb_msgs.dir/topics_sources/gpio_in.cpp.o
[156/1141] Building CXX object msg/CMakeFiles/uorb_msgs.dir/topics_sources/gpio_config.cpp.o
[157/1141] Building CXX object msg/CMakeFiles/uorb_msgs.dir/topics_sources/gps_inject_data.cpp.o
[158/1141] Building CXX object msg/CMakeFiles/uorb_msgs.dir/topics_sources/gpio_request.cpp.o
[159/1141] Building CXX object msg/CMakeFiles/uorb_msgs.dir/topics_sources/gps_dump.cpp.o
[160/1141] Building CXX object msg/CMakeFiles/uorb_msgs.dir/topics_sources/gripper.cpp.o
[161/1141] Building CXX object msg/CMakeFiles/uorb_msgs.dir/topics_sources/heater_status.cpp.o
[162/1141] Building CXX object msg/CMakeFiles/uorb_msgs.dir/topics_sources/health_report.cpp.o
[163/1141] Building CXX object msg/CMakeFiles/uorb_msgs.dir/topics_sources/hover_thrust_estimate.cpp.o
[164/1141] Building CXX object msg/CMakeFiles/uorb_msgs.dir/topics_sources/internal_combustion_engine_status.cpp.o
[165/1141] Building CXX object msg/CMakeFiles/uorb_msgs.dir/topics_sources/input_rc.cpp.o
[166/1141] Building CXX object msg/CMakeFiles/uorb_msgs.dir/topics_sources/internal_combustion_engine_control.cpp.o
[167/1141] Building CXX object msg/CMakeFiles/uorb_msgs.dir/topics_sources/iridiumsbd_status.cpp.o
[168/1141] Building CXX object msg/CMakeFiles/uorb_msgs.dir/topics_sources/landing_gear.cpp.o
[169/1141] Building CXX object msg/CMakeFiles/uorb_msgs.dir/topics_sources/irlock_report.cpp.o
[170/1141] Building CXX object msg/CMakeFiles/uorb_msgs.dir/topics_sources/landing_gear_wheel.cpp.o
[171/1141] Building CXX object msg/CMakeFiles/uorb_msgs.dir/topics_sources/landing_target_innovations.cpp.o
[172/1141] Building CXX object msg/CMakeFiles/uorb_msgs.dir/topics_sources/launch_detection_status.cpp.o
[173/1141] Building CXX object msg/CMakeFiles/uorb_msgs.dir/topics_sources/landing_target_pose.cpp.o
[174/1141] Building CXX object msg/CMakeFiles/uorb_msgs.dir/topics_sources/log_message.cpp.o
[175/1141] Building CXX object msg/CMakeFiles/uorb_msgs.dir/topics_sources/logger_status.cpp.o
[176/1141] Building CXX object msg/CMakeFiles/uorb_msgs.dir/topics_sources/mag_worker_data.cpp.o
[177/1141] Building CXX object msg/CMakeFiles/uorb_msgs.dir/topics_sources/led_control.cpp.o
[178/1141] Building CXX object msg/CMakeFiles/uorb_msgs.dir/topics_sources/magnetometer_bias_estimate.cpp.o
[179/1141] Building CXX object msg/CMakeFiles/uorb_msgs.dir/topics_sources/manual_control_switches.cpp.o
[180/1141] Building CXX object msg/CMakeFiles/uorb_msgs.dir/topics_sources/mavlink_log.cpp.o
[181/1141] Building CXX object msg/CMakeFiles/uorb_msgs.dir/topics_sources/mission.cpp.o
[182/1141] Building CXX object msg/CMakeFiles/uorb_msgs.dir/topics_sources/message_format_response.cpp.o
[183/1141] Building CXX object msg/CMakeFiles/uorb_msgs.dir/topics_sources/mavlink_tunnel.cpp.o
[184/1141] Building CXX object msg/CMakeFiles/uorb_msgs.dir/topics_sources/mount_orientation.cpp.o
[185/1141] Building CXX object msg/CMakeFiles/uorb_msgs.dir/topics_sources/message_format_request.cpp.o
[186/1141] Building CXX object msg/CMakeFiles/uorb_msgs.dir/topics_sources/mission_result.cpp.o
[187/1141] Building CXX object msg/CMakeFiles/uorb_msgs.dir/topics_sources/navigator_mission_item.cpp.o
[188/1141] Building CXX object msg/CMakeFiles/uorb_msgs.dir/topics_sources/navigator_status.cpp.o
[189/1141] Building CXX object msg/CMakeFiles/uorb_msgs.dir/topics_sources/neural_control.cpp.o
[190/1141] Building CXX object msg/CMakeFiles/uorb_msgs.dir/topics_sources/normalized_unsigned_setpoint.cpp.o
[191/1141] Building CXX object msg/CMakeFiles/uorb_msgs.dir/topics_sources/offboard_control_mode.cpp.o
[192/1141] Building CXX object msg/CMakeFiles/uorb_msgs.dir/topics_sources/obstacle_distance.cpp.o
[193/1141] Building CXX object msg/CMakeFiles/uorb_msgs.dir/topics_sources/onboard_computer_status.cpp.o
[194/1141] Building CXX object msg/CMakeFiles/uorb_msgs.dir/topics_sources/open_drone_id_system.cpp.o
[195/1141] Building CXX object msg/CMakeFiles/uorb_msgs.dir/topics_sources/orb_test.cpp.o
[196/1141] Building CXX object msg/CMakeFiles/uorb_msgs.dir/topics_sources/open_drone_id_operator_id.cpp.o
[197/1141] Building CXX object msg/CMakeFiles/uorb_msgs.dir/topics_sources/orb_test_large.cpp.o
[198/1141] Building CXX object msg/CMakeFiles/uorb_msgs.dir/topics_sources/open_drone_id_arm_status.cpp.o
[199/1141] Building CXX object msg/CMakeFiles/uorb_msgs.dir/topics_sources/open_drone_id_self_id.cpp.o
[200/1141] Building CXX object msg/CMakeFiles/uorb_msgs.dir/topics_sources/orb_test_medium.cpp.o
[201/1141] Building CXX object msg/CMakeFiles/uorb_msgs.dir/topics_sources/parameter_reset_request.cpp.o
[202/1141] Building CXX object msg/CMakeFiles/uorb_msgs.dir/topics_sources/orbit_status.cpp.o
[203/1141] Building CXX object msg/CMakeFiles/uorb_msgs.dir/topics_sources/parameter_set_used_request.cpp.o
[204/1141] Building CXX object msg/CMakeFiles/uorb_msgs.dir/topics_sources/parameter_set_value_request.cpp.o
[205/1141] Building CXX object msg/CMakeFiles/uorb_msgs.dir/topics_sources/parameter_set_value_response.cpp.o
[206/1141] Building CXX object msg/CMakeFiles/uorb_msgs.dir/topics_sources/parameter_update.cpp.o
[207/1141] Building CXX object msg/CMakeFiles/uorb_msgs.dir/topics_sources/position_controller_status.cpp.o
[208/1141] Building CXX object msg/CMakeFiles/uorb_msgs.dir/topics_sources/ping.cpp.o
[209/1141] Building CXX object msg/CMakeFiles/uorb_msgs.dir/topics_sources/position_controller_landing_status.cpp.o
[210/1141] Building CXX object msg/CMakeFiles/uorb_msgs.dir/topics_sources/position_setpoint.cpp.o
[211/1141] Building CXX object msg/CMakeFiles/uorb_msgs.dir/topics_sources/position_setpoint_triplet.cpp.o
[212/1141] Building CXX object msg/CMakeFiles/uorb_msgs.dir/topics_sources/power_button_state.cpp.o
[213/1141] Building CXX object msg/CMakeFiles/uorb_msgs.dir/topics_sources/power_monitor.cpp.o
[214/1141] Building CXX object msg/CMakeFiles/uorb_msgs.dir/topics_sources/pps_capture.cpp.o
[215/1141] Building CXX object msg/CMakeFiles/uorb_msgs.dir/topics_sources/pwm_input.cpp.o
[216/1141] Building CXX object msg/CMakeFiles/uorb_msgs.dir/topics_sources/qshell_req.cpp.o
[217/1141] Building CXX object msg/CMakeFiles/uorb_msgs.dir/topics_sources/pure_pursuit_status.cpp.o
[218/1141] Building CXX object msg/CMakeFiles/uorb_msgs.dir/topics_sources/px4io_status.cpp.o
[219/1141] Building CXX object msg/CMakeFiles/uorb_msgs.dir/topics_sources/qshell_retval.cpp.o
[220/1141] Building CXX object msg/CMakeFiles/uorb_msgs.dir/topics_sources/rc_channels.cpp.o
[221/1141] Building CXX object msg/CMakeFiles/uorb_msgs.dir/topics_sources/rate_ctrl_status.cpp.o
[222/1141] Building CXX object msg/CMakeFiles/uorb_msgs.dir/topics_sources/radio_status.cpp.o
[223/1141] Building CXX object msg/CMakeFiles/uorb_msgs.dir/topics_sources/rover_attitude_setpoint.cpp.o
[224/1141] Building CXX object msg/CMakeFiles/uorb_msgs.dir/topics_sources/rc_parameter_map.cpp.o
[225/1141] Building CXX object msg/CMakeFiles/uorb_msgs.dir/topics_sources/rover_attitude_status.cpp.o
[226/1141] Building CXX object msg/CMakeFiles/uorb_msgs.dir/topics_sources/rover_rate_status.cpp.o
[227/1141] Building CXX object msg/CMakeFiles/uorb_msgs.dir/topics_sources/rover_position_setpoint.cpp.o
[228/1141] Building CXX object msg/CMakeFiles/uorb_msgs.dir/topics_sources/rover_speed_setpoint.cpp.o
[229/1141] Building CXX object msg/CMakeFiles/uorb_msgs.dir/topics_sources/rover_rate_setpoint.cpp.o
[230/1141] Building CXX object msg/CMakeFiles/uorb_msgs.dir/topics_sources/rover_speed_status.cpp.o
[231/1141] Building CXX object msg/CMakeFiles/uorb_msgs.dir/topics_sources/rpm.cpp.o
[232/1141] Building CXX object msg/CMakeFiles/uorb_msgs.dir/topics_sources/rover_throttle_setpoint.cpp.o
[233/1141] Building CXX object msg/CMakeFiles/uorb_msgs.dir/topics_sources/rtl_time_estimate.cpp.o
[234/1141] Building CXX object msg/CMakeFiles/uorb_msgs.dir/topics_sources/satellite_info.cpp.o
[235/1141] Building CXX object msg/CMakeFiles/uorb_msgs.dir/topics_sources/rover_steering_setpoint.cpp.o
[236/1141] Building CXX object msg/CMakeFiles/uorb_msgs.dir/topics_sources/rtl_status.cpp.o
[237/1141] Building CXX object msg/CMakeFiles/uorb_msgs.dir/topics_sources/sensor_accel.cpp.o
[238/1141] Building CXX object msg/CMakeFiles/uorb_msgs.dir/topics_sources/sensor_accel_fifo.cpp.o
[239/1141] Building CXX object msg/CMakeFiles/uorb_msgs.dir/topics_sources/sensor_combined.cpp.o
[240/1141] Building CXX object msg/CMakeFiles/uorb_msgs.dir/topics_sources/sensor_airflow.cpp.o
[241/1141] Building CXX object msg/CMakeFiles/uorb_msgs.dir/topics_sources/sensor_correction.cpp.o
[242/1141] Building CXX object msg/CMakeFiles/uorb_msgs.dir/topics_sources/sensor_baro.cpp.o
[243/1141] Building CXX object msg/CMakeFiles/uorb_msgs.dir/topics_sources/sensor_gnss_status.cpp.o
[244/1141] Building CXX object msg/CMakeFiles/uorb_msgs.dir/topics_sources/sensor_gnss_relative.cpp.o
[245/1141] Building CXX object msg/CMakeFiles/uorb_msgs.dir/topics_sources/sensor_gyro_fft.cpp.o
[246/1141] Building CXX object msg/CMakeFiles/uorb_msgs.dir/topics_sources/sensor_gyro.cpp.o
[247/1141] Building CXX object msg/CMakeFiles/uorb_msgs.dir/topics_sources/sensor_gyro_fifo.cpp.o
[248/1141] Building CXX object msg/CMakeFiles/uorb_msgs.dir/topics_sources/sensor_gps.cpp.o
[249/1141] Building CXX object msg/CMakeFiles/uorb_msgs.dir/topics_sources/sensor_hygrometer.cpp.o
[250/1141] Building CXX object msg/CMakeFiles/uorb_msgs.dir/topics_sources/sensor_mag.cpp.o
[251/1141] Building CXX object msg/CMakeFiles/uorb_msgs.dir/topics_sources/sensor_preflight_mag.cpp.o
[252/1141] Building CXX object msg/CMakeFiles/uorb_msgs.dir/topics_sources/sensor_optical_flow.cpp.o
[253/1141] Building CXX object msg/CMakeFiles/uorb_msgs.dir/topics_sources/sensor_uwb.cpp.o
[254/1141] Building CXX object msg/CMakeFiles/uorb_msgs.dir/topics_sources/sensors_status.cpp.o
[255/1141] Building CXX object msg/CMakeFiles/uorb_msgs.dir/topics_sources/system_power.cpp.o
[256/1141] Building CXX object msg/CMakeFiles/uorb_msgs.dir/topics_sources/sensor_selection.cpp.o
[257/1141] Building CXX object msg/CMakeFiles/uorb_msgs.dir/topics_sources/sensors_status_imu.cpp.o
[258/1141] Building CXX object msg/CMakeFiles/uorb_msgs.dir/topics_sources/takeoff_status.cpp.o
[259/1141] Building CXX object msg/CMakeFiles/uorb_msgs.dir/topics_sources/task_stack_info.cpp.o
[260/1141] Building CXX object msg/CMakeFiles/uorb_msgs.dir/topics_sources/tiltrotor_extra_controls.cpp.o
[261/1141] Building CXX object msg/CMakeFiles/uorb_msgs.dir/topics_sources/telemetry_status.cpp.o
[262/1141] Building CXX object msg/CMakeFiles/uorb_msgs.dir/topics_sources/tecs_status.cpp.o
[263/1141] Building CXX object msg/CMakeFiles/uorb_msgs.dir/topics_sources/trajectory_setpoint6dof.cpp.o
[264/1141] Building CXX object msg/CMakeFiles/uorb_msgs.dir/topics_sources/timesync_status.cpp.o
[265/1141] Building CXX object msg/CMakeFiles/uorb_msgs.dir/topics_sources/tune_control.cpp.o
[266/1141] Building CXX object msg/CMakeFiles/uorb_msgs.dir/topics_sources/transponder_report.cpp.o
[267/1141] Building CXX object msg/CMakeFiles/uorb_msgs.dir/topics_sources/uavcan_parameter_request.cpp.o
[268/1141] Building CXX object msg/CMakeFiles/uorb_msgs.dir/topics_sources/uavcan_parameter_value.cpp.o
[269/1141] Building CXX object msg/CMakeFiles/uorb_msgs.dir/topics_sources/ulog_stream.cpp.o
[270/1141] Building CXX object msg/CMakeFiles/uorb_msgs.dir/topics_sources/ulog_stream_ack.cpp.o
[271/1141] Building CXX object msg/CMakeFiles/uorb_msgs.dir/topics_sources/vehicle_acceleration.cpp.o
[272/1141] Building CXX object msg/CMakeFiles/uorb_msgs.dir/topics_sources/vehicle_angular_acceleration_setpoint.cpp.o
[273/1141] Building CXX object msg/CMakeFiles/uorb_msgs.dir/topics_sources/vehicle_imu.cpp.o
[274/1141] Building CXX object msg/CMakeFiles/uorb_msgs.dir/topics_sources/vehicle_air_data.cpp.o
[275/1141] Building CXX object msg/CMakeFiles/uorb_msgs.dir/topics_sources/vehicle_local_position_setpoint.cpp.o
[276/1141] Building CXX object msg/CMakeFiles/uorb_msgs.dir/topics_sources/vehicle_imu_status.cpp.o
[277/1141] Building CXX object msg/CMakeFiles/uorb_msgs.dir/topics_sources/vehicle_constraints.cpp.o
[278/1141] Building CXX object msg/CMakeFiles/uorb_msgs.dir/topics_sources/vehicle_magnetometer.cpp.o
[279/1141] Building CXX object msg/CMakeFiles/uorb_msgs.dir/topics_sources/vehicle_optical_flow_vel.cpp.o
[280/1141] Building CXX object msg/CMakeFiles/uorb_msgs.dir/topics_sources/vehicle_roi.cpp.o
[281/1141] Building CXX object msg/CMakeFiles/uorb_msgs.dir/topics_sources/vehicle_optical_flow.cpp.o
[282/1141] Building CXX object msg/CMakeFiles/uorb_msgs.dir/topics_sources/vehicle_thrust_setpoint.cpp.o
[283/1141] Building CXX object msg/CMakeFiles/uorb_msgs.dir/topics_sources/vehicle_torque_setpoint.cpp.o
[284/1141] Building CXX object msg/CMakeFiles/uorb_msgs.dir/topics_sources/wheel_encoders.cpp.o
[285/1141] Building CXX object msg/CMakeFiles/uorb_msgs.dir/topics_sources/velocity_limits.cpp.o
[286/1141] Building CXX object msg/CMakeFiles/uorb_msgs.dir/topics_sources/yaw_estimator_status.cpp.o
[287/1141] Building CXX object msg/CMakeFiles/uorb_msgs.dir/topics_sources/actuator_servos.cpp.o
[288/1141] Building CXX object msg/CMakeFiles/uorb_msgs.dir/topics_sources/actuator_motors.cpp.o
[289/1141] Building CXX object msg/CMakeFiles/uorb_msgs.dir/topics_sources/arming_check_request.cpp.o
[290/1141] Building CXX object msg/CMakeFiles/uorb_msgs.dir/topics_sources/arming_check_reply.cpp.o
[291/1141] Building CXX object msg/CMakeFiles/uorb_msgs.dir/topics_sources/airspeed_validated.cpp.o
[292/1141] Building CXX object msg/CMakeFiles/uorb_msgs.dir/topics_sources/battery_status.cpp.o
[293/1141] Building CXX object msg/CMakeFiles/uorb_msgs.dir/topics_sources/config_overrides.cpp.o
[294/1141] Building CXX object msg/CMakeFiles/uorb_msgs.dir/topics_sources/event.cpp.o
[295/1141] Building CXX object msg/CMakeFiles/uorb_msgs.dir/topics_sources/fixed_wing_lateral_setpoint.cpp.o
[296/1141] Building CXX object msg/CMakeFiles/uorb_msgs.dir/topics_sources/fixed_wing_longitudinal_setpoint.cpp.o
[297/1141] Building CXX object msg/CMakeFiles/uorb_msgs.dir/topics_sources/lateral_control_configuration.cpp.o
[298/1141] Building CXX object msg/CMakeFiles/uorb_msgs.dir/topics_sources/goto_setpoint.cpp.o
[299/1141] Building CXX object msg/CMakeFiles/uorb_msgs.dir/topics_sources/home_position.cpp.o
[300/1141] Building CXX object msg/CMakeFiles/uorb_msgs.dir/topics_sources/manual_control_setpoint.cpp.o
[301/1141] Building CXX object msg/CMakeFiles/uorb_msgs.dir/topics_sources/register_ext_component_reply.cpp.o
[302/1141] Building CXX object msg/CMakeFiles/uorb_msgs.dir/topics_sources/longitudinal_control_configuration.cpp.o
[303/1141] Building CXX object msg/CMakeFiles/uorb_msgs.dir/topics_sources/register_ext_component_request.cpp.o
[304/1141] Building CXX object msg/CMakeFiles/uorb_msgs.dir/topics_sources/mode_completed.cpp.o
[305/1141] Building CXX object msg/CMakeFiles/uorb_msgs.dir/topics_sources/trajectory_setpoint.cpp.o
[306/1141] Building CXX object msg/CMakeFiles/uorb_msgs.dir/topics_sources/vehicle_angular_velocity.cpp.o
[307/1141] Building CXX object msg/CMakeFiles/uorb_msgs.dir/topics_sources/vehicle_command.cpp.o
[308/1141] Building CXX object msg/CMakeFiles/uorb_msgs.dir/topics_sources/unregister_ext_component.cpp.o
[309/1141] Building CXX object msg/CMakeFiles/uorb_msgs.dir/topics_sources/vehicle_command_ack.cpp.o
[310/1141] Building CXX object msg/CMakeFiles/uorb_msgs.dir/topics_sources/vehicle_attitude.cpp.o
[311/1141] Building CXX object msg/CMakeFiles/uorb_msgs.dir/topics_sources/vehicle_global_position.cpp.o
[312/1141] Building CXX object msg/CMakeFiles/uorb_msgs.dir/topics_sources/vehicle_attitude_setpoint.cpp.o
[313/1141] Building CXX object msg/CMakeFiles/uorb_msgs.dir/topics_sources/vehicle_local_position.cpp.o
[314/1141] Building CXX object msg/CMakeFiles/uorb_msgs.dir/topics_sources/vehicle_control_mode.cpp.o
[315/1141] Building CXX object msg/CMakeFiles/uorb_msgs.dir/topics_sources/vehicle_land_detected.cpp.o
[316/1141] Building CXX object msg/CMakeFiles/uorb_msgs.dir/topics_sources/uORBMessageFieldsGenerated.cpp.o
[317/1141] Building CXX object msg/CMakeFiles/uorb_msgs.dir/topics_sources/vehicle_rates_setpoint.cpp.o
[318/1141] Building CXX object msg/CMakeFiles/uorb_msgs.dir/topics_sources/vehicle_odometry.cpp.o
[319/1141] Building CXX object msg/CMakeFiles/uorb_msgs.dir/topics_sources/uORBTopics.cpp.o
[320/1141] Building CXX object msg/CMakeFiles/uorb_msgs.dir/topics_sources/wind.cpp.o
[321/1141] Building CXX object msg/CMakeFiles/uorb_msgs.dir/topics_sources/vehicle_status.cpp.o
[322/1141] Building CXX object msg/CMakeFiles/uorb_msgs.dir/topics_sources/vtol_vehicle_status.cpp.o
[323/1141] Building CXX object src/modules/ekf2/EKF/CMakeFiles/ecl_EKF.dir/aid_sources/gnss/gnss_checks.cpp.o
[324/1141] Linking CXX static library msg/libuorb_msgs.a
[325/1141] Building CXX object src/modules/ekf2/EKF/CMakeFiles/ecl_EKF.dir/aid_sources/gnss/gnss_height_control.cpp.o
[326/1141] Building CXX object src/modules/ekf2/EKF/CMakeFiles/ecl_EKF.dir/aid_sources/range_finder/range_finder_consistency_check.cpp.o
[327/1141] Building CXX object src/modules/ekf2/EKF/CMakeFiles/ecl_EKF.dir/aid_sources/gnss/gnss_yaw_control.cpp.o
[328/1141] Building CXX object src/modules/ekf2/EKF/CMakeFiles/ecl_EKF.dir/aid_sources/optical_flow/optical_flow_fusion.cpp.o
[329/1141] Building CXX object src/modules/ekf2/EKF/CMakeFiles/ecl_EKF.dir/aid_sources/gravity/gravity_fusion.cpp.o
[330/1141] Building CXX object src/modules/ekf2/EKF/CMakeFiles/ecl_EKF.dir/aid_sources/magnetometer/mag_fusion.cpp.o
[331/1141] Building CXX object src/modules/ekf2/EKF/CMakeFiles/ecl_EKF.dir/aid_sources/range_finder/sensor_range_finder.cpp.o
[332/1141] Building CXX object src/modules/ekf2/EKF/CMakeFiles/ecl_EKF.dir/aid_sources/range_finder/range_height_fusion.cpp.o
[333/1141] Building CXX object src/modules/ekf2/EKF/CMakeFiles/ecl_EKF.dir/aid_sources/gnss/gps_control.cpp.o
[334/1141] Linking CXX static library src/modules/simulation/gz_msgs/libpx4_gz_msgs.a
[335/1141] Building CXX object src/modules/ekf2/EKF/CMakeFiles/ecl_EKF.dir/aid_sources/optical_flow/optical_flow_control.cpp.o
[336/1141] Building CXX object src/modules/ekf2/EKF/CMakeFiles/ecl_EKF.dir/terrain_control.cpp.o
[337/1141] Building CXX object src/modules/ekf2/EKF/CMakeFiles/ecl_EKF.dir/aid_sources/range_finder/range_height_control.cpp.o
[338/1141] Building CXX object src/modules/ekf2/EKF/CMakeFiles/ecl_EKF.dir/aid_sources/sideslip/sideslip_fusion.cpp.o
[339/1141] Creating directories for 'libmicroxrceddsclient_project'
[340/1141] Building CXX object src/modules/simulation/gz_plugins/spacecraft_thruster/CMakeFiles/SpacecraftThrusterModelPlugin.dir/SpacecraftThrusterModel.cpp.o
[341/1141] Building CXX object src/modules/ekf2/EKF/bias_estimator/CMakeFiles/bias_estimator.dir/bias_estimator.cpp.o
[342/1141] No download step for 'libmicroxrceddsclient_project'
[343/1141] No update step for 'libmicroxrceddsclient_project'
[344/1141] Performing disconnected update step for 'OpticalFlow'
[345/1141] Linking CXX shared library src/modules/simulation/gz_plugins/libTemplatePlugin.so
[346/1141] No patch step for 'libmicroxrceddsclient_project'
[347/1141] No patch_disconnected step for 'OpticalFlow'
[348/1141] Linking CXX static library src/modules/ekf2/EKF/bias_estimator/libbias_estimator.a
[349/1141] Building CXX object src/modules/simulation/gz_plugins/moving_platform_controller/CMakeFiles/MovingPlatformController.dir/MovingPlatformController.cpp.o
[350/1141] Generating px4_parameters.hpp
[351/1141] Building CXX object src/modules/ekf2/EKF/CMakeFiles/ecl_EKF.dir/wind.cpp.o
[352/1141] Building CXX object src/modules/ekf2/EKF/CMakeFiles/ecl_EKF.dir/aid_sources/magnetometer/mag_control.cpp.o
[353/1141] Linking CXX shared library src/modules/simulation/gz_plugins/libSpacecraftThrusterModelPlugin.so
[354/1141] Linking CXX shared library src/modules/simulation/gz_plugins/libMovingPlatformController.so
[355/1141] Generating Mavlink development: src/modules/mavlink/mavlink/message_definitions/v1.0/development.xml
[356/1141] Building CXX object src/lib/airspeed/CMakeFiles/airspeed.dir/airspeed.cpp.o
[357/1141] Building CXX object src/lib/atmosphere/CMakeFiles/atmosphere.dir/atmosphere.cpp.o
[358/1141] Generating px4 event json file from source
[359/1141] Building CXX object src/lib/cdev/CMakeFiles/cdev.dir/CDev.cpp.o
[360/1141] Building CXX object src/lib/cdev/test/CMakeFiles/lib__cdev__test__cdev_test.dir/cdevtest_main.cpp.o
[361/1141] Building CXX object src/lib/cdev/test/CMakeFiles/lib__cdev__test__cdev_test.dir/cdevtest_start.cpp.o
[362/1141] Building CXX object src/modules/ekf2/EKF/output_predictor/CMakeFiles/output_predictor.dir/output_predictor.cpp.o
[363/1141] Building CXX object src/lib/circuit_breaker/CMakeFiles/circuit_breaker.dir/circuit_breaker.cpp.o
[364/1141] Building CXX object src/lib/cdev/test/CMakeFiles/lib__cdev__test__cdev_test.dir/cdevtest_example.cpp.o
[365/1141] Building CXX object src/lib/cdev/CMakeFiles/cdev.dir/posix/cdev_platform.cpp.o
[366/1141] Building CXX object src/lib/adsb/CMakeFiles/adsb.dir/AdsbConflict.cpp.o
[367/1141] Building CXX object src/modules/ekf2/EKF/yaw_estimator/CMakeFiles/yaw_estimator.dir/EKFGSF_yaw.cpp.o
[368/1141] Performing configure step for 'OpticalFlow'
-- The C compiler identification is GNU 13.3.0
-- The CXX compiler identification is GNU 13.3.0
-- Detecting C compiler ABI info
-- Detecting C compiler ABI info - done
-- Check for working C compiler: /usr/bin/cc - skipped
-- Detecting C compile features
-- Detecting C compile features - done
-- Detecting CXX compiler ABI info
-- Detecting CXX compiler ABI info - done
-- Check for working CXX compiler: /usr/bin/c++ - skipped
-- Detecting CXX compile features
-- Detecting CXX compile features - done
-- Found OpenCV: /usr (found version "4.6.0") found components: core 
-- Building klt_feature_tracker without catkin
-- Found OpenCV: /usr (found version "4.6.0") found components: opencv_calib3d opencv_core opencv_dnn opencv_features2d opencv_flann opencv_highgui opencv_imgcodecs opencv_imgproc opencv_ml opencv_objdetect opencv_photo opencv_stitching opencv_video opencv_videoio opencv_alphamat opencv_aruco opencv_barcode opencv_bgsegm opencv_bioinspired opencv_ccalib opencv_cvv opencv_datasets opencv_dnn_objdetect opencv_dnn_superres opencv_dpm opencv_face opencv_freetype opencv_fuzzy opencv_hdf opencv_hfs opencv_img_hash opencv_intensity_transform opencv_line_descriptor opencv_mcc opencv_optflow opencv_phase_unwrapping opencv_plot opencv_quality opencv_rapid opencv_reg opencv_rgbd opencv_saliency opencv_shape opencv_stereo opencv_structured_light opencv_superres opencv_surface_matching opencv_text opencv_tracking opencv_videostab opencv_viz opencv_wechat_qrcode opencv_ximgproc opencv_xobjdetect opencv_xphoto 
-- Building OpticalFlow with OpenCV
-- Configuring done (0.5s)
-- Generating done (0.0s)
-- Build files have been written to: /home/car/uav_handover/uav_lab/.local/checkouts/px4-classic/build/px4_sitl_default/OpticalFlow/src/OpticalFlow-build
[369/1141] Building CXX object src/lib/collision_prevention/CMakeFiles/CollisionPrevention.dir/ObstacleMath.cpp.o
[370/1141] Building CXX object src/lib/controllib/CMakeFiles/controllib.dir/block/BlockParam.cpp.o
[371/1141] Building CXX object src/lib/control_allocation/control_allocation/CMakeFiles/ControlAllocation.dir/ControlAllocation.cpp.o
[372/1141] Performing configure step for 'libmicroxrceddsclient_project'
[373/1141] Building CXX object src/lib/controllib/CMakeFiles/controllib.dir/block/Block.cpp.o
[374/1141] Building CXX object src/lib/controllib/CMakeFiles/controllib.dir/BlockDerivative.cpp.o
[375/1141] Building CXX object src/lib/control_allocation/actuator_effectiveness/CMakeFiles/ActuatorEffectiveness.dir/ActuatorEffectiveness.cpp.o
[376/1141] Building CXX object src/lib/battery/CMakeFiles/battery.dir/battery.cpp.o
[377/1141] Building CXX object src/lib/control_allocation/control_allocation/CMakeFiles/ControlAllocation.dir/ControlAllocationSequentialDesaturation.cpp.o
[378/1141] Building CXX object src/lib/controllib/CMakeFiles/controllib.dir/BlockHighPass.cpp.o
[379/1141] Building CXX object src/lib/controllib/CMakeFiles/controllib.dir/BlockIntegralTrap.cpp.o
[380/1141] Building CXX object src/lib/control_allocation/control_allocation/CMakeFiles/ControlAllocation.dir/ControlAllocationPseudoInverse.cpp.o
[381/1141] Building CXX object src/lib/controllib/CMakeFiles/controllib.dir/BlockIntegral.cpp.o
[382/1141] Building CXX object src/lib/controllib/CMakeFiles/controllib.dir/BlockLimit.cpp.o
[383/1141] Building CXX object src/lib/controllib/CMakeFiles/controllib.dir/BlockLowPass.cpp.o
[384/1141] Building CXX object src/lib/controllib/CMakeFiles/controllib.dir/BlockLimitSym.cpp.o
[385/1141] Building CXX object src/lib/controllib/CMakeFiles/controllib.dir/BlockLowPass2.cpp.o
[386/1141] Building CXX object src/lib/hysteresis/CMakeFiles/hysteresis.dir/hysteresis.cpp.o
[387/1141] Building C object src/lib/heatshrink/CMakeFiles/heatshrink.dir/heatshrink/heatshrink_decoder.c.o
[388/1141] Building CXX object src/lib/drivers/magnetometer/CMakeFiles/drivers_magnetometer.dir/PX4Magnetometer.cpp.o
[389/1141] Building CXX object src/lib/drivers/gyroscope/CMakeFiles/drivers_gyroscope.dir/PX4Gyroscope.cpp.o
[390/1141] Building CXX object src/lib/mathlib/CMakeFiles/mathlib.dir/math/test/test.cpp.o
[391/1141] Building CXX object src/lib/drivers/accelerometer/CMakeFiles/drivers_accelerometer.dir/PX4Accelerometer.cpp.o
[392/1141] Building CXX object src/lib/collision_prevention/CMakeFiles/CollisionPrevention.dir/CollisionPrevention.cpp.o
[393/1141] Building CXX object src/lib/motion_planning/CMakeFiles/motion_planning.dir/HeadingSmoothing.cpp.o
[394/1141] Building CXX object src/lib/conversion/CMakeFiles/conversion.dir/rotation.cpp.o
[395/1141] Building CXX object src/lib/dataman_client/CMakeFiles/dataman_client.dir/DatamanClient.cpp.o
[396/1141] Building CXX object src/lib/mixer_module/CMakeFiles/mixer_module.dir/actuator_test.cpp.o
[397/1141] Building CXX object src/lib/motion_planning/CMakeFiles/motion_planning.dir/ManualVelocitySmoothingZ.cpp.o
[398/1141] Building CXX object src/lib/motion_planning/CMakeFiles/motion_planning.dir/ManualVelocitySmoothingXY.cpp.o
[399/1141] Building CXX object src/lib/npfg/CMakeFiles/npfg.dir/AirspeedDirectionController.cpp.o
[400/1141] Building CXX object src/lib/npfg/CMakeFiles/npfg.dir/CourseToAirspeedRefMapper.cpp.o
[401/1141] Building CXX object src/lib/pid/CMakeFiles/PID.dir/PID.cpp.o
[402/1141] Building CXX object src/lib/motion_planning/CMakeFiles/motion_planning.dir/VelocitySmoothing.cpp.o
[403/1141] Building CXX object src/lib/controllib/controllib_test/CMakeFiles/lib__controllib__controllib_test.dir/controllib_test_main.cpp.o
[404/1141] Building CXX object src/lib/npfg/CMakeFiles/npfg.dir/DirectionalGuidance.cpp.o
[405/1141] Building CXX object src/lib/rate_control/CMakeFiles/RateControl.dir/rate_control.cpp.o
[406/1141] Building CXX object src/lib/rc/CMakeFiles/rc.dir/crsf.cpp.o
[407/1141] Building CXX object src/lib/pure_pursuit/CMakeFiles/pure_pursuit.dir/PurePursuit.cpp.o
[408/1141] Building CXX object src/lib/motion_planning/CMakeFiles/motion_planning.dir/PositionSmoothing.cpp.o
[409/1141] Building CXX object src/lib/rc/CMakeFiles/rc.dir/st24.cpp.o
[410/1141] Building CXX object src/lib/rc/CMakeFiles/rc.dir/common_rc.cpp.o
[411/1141] Building CXX object src/lib/rc/CMakeFiles/rc.dir/ghst.cpp.o
[412/1141] Building CXX object src/lib/rc/CMakeFiles/rc.dir/sumd.cpp.o
[413/1141] Building CXX object src/lib/fw_performance_model/CMakeFiles/performance_model.dir/PerformanceModel.cpp.o
[414/1141] Building CXX object src/lib/rc/CMakeFiles/rc.dir/sbus.cpp.o
[415/1141] Building CXX object src/lib/ringbuffer/CMakeFiles/ringbuffer.dir/Ringbuffer.cpp.o
[416/1141] Building CXX object src/lib/slew_rate/CMakeFiles/SlewRate.dir/dummy.cpp.o
[417/1141] Building CXX object src/lib/rc/CMakeFiles/rc.dir/dsm.cpp.o
[418/1141] Building CXX object src/lib/rc/rc_tests/CMakeFiles/lib__rc__rc_tests.dir/RCTest.cpp.o
[419/1141] Building CXX object src/lib/mixer_module/CMakeFiles/mixer_module.dir/mixer_module.cpp.o
[420/1141] Building CXX object src/lib/sensor_calibration/CMakeFiles/sensor_calibration.dir/Barometer.cpp.o
[421/1141] Building CXX object src/lib/systemlib/CMakeFiles/systemlib.dir/mavlink_log.cpp.o
[422/1141] Building CXX object src/lib/rover_control/CMakeFiles/rover_control.dir/RoverControl.cpp.o
[423/1141] Building CXX object src/lib/sensor_calibration/CMakeFiles/sensor_calibration.dir/Utilities.cpp.o
[424/1141] Building CXX object src/lib/sensor_calibration/CMakeFiles/sensor_calibration.dir/Accelerometer.cpp.o
[425/1141] Building CXX object src/lib/tunes/CMakeFiles/tunes.dir/default_tunes.cpp.o
[426/1141] Building CXX object src/lib/variable_length_ringbuffer/CMakeFiles/variable_length_ringbuffer.dir/VariableLengthRingbuffer.cpp.o
[427/1141] Building CXX object src/lib/sensor_calibration/CMakeFiles/sensor_calibration.dir/Gyroscope.cpp.o
[428/1141] Building CXX object src/lib/rtl/CMakeFiles/rtl_time_estimator.dir/rtl_time_estimator.cpp.o
[429/1141] Building CXX object src/lib/sticks/CMakeFiles/Sticks.dir/Sticks.cpp.o
[430/1141] Building CXX object src/lib/timesync/CMakeFiles/timesync.dir/Timesync.cpp.o
[431/1141] Building CXX object src/lib/sensor_calibration/CMakeFiles/sensor_calibration.dir/Magnetometer.cpp.o
[432/1141] Building CXX object src/lib/stick_yaw/CMakeFiles/StickYaw.dir/StickYaw.cpp.o
[433/1141] Building CXX object platforms/posix/src/px4/common/CMakeFiles/px4_layer.dir/px4_posix_impl.cpp.o
[434/1141] Building CXX object platforms/posix/src/px4/common/CMakeFiles/px4_layer.dir/px4_init.cpp.o
[435/1141] Building CXX object platforms/posix/src/px4/common/CMakeFiles/px4_layer.dir/px4_sem.cpp.o
[436/1141] Building CXX object src/lib/system_identification/CMakeFiles/SystemIdentification.dir/system_identification.cpp.o
[437/1141] Building CXX object src/lib/tunes/CMakeFiles/tunes.dir/tunes.cpp.o
[438/1141] Building CXX object platforms/posix/src/px4/common/CMakeFiles/px4_layer.dir/cpuload.cpp.o
[439/1141] Building CXX object platforms/posix/src/px4/common/CMakeFiles/px4_layer.dir/print_load.cpp.o
[440/1141] Building C object platforms/posix/src/px4/common/CMakeFiles/px4_layer.dir/lib_crc32.c.o
[441/1141] Building CXX object platforms/posix/src/px4/common/CMakeFiles/px4_layer.dir/__/__/__/__/common/Serial.cpp.o
[442/1141] Building CXX object src/lib/weather_vane/CMakeFiles/WeatherVane.dir/WeatherVane.cpp.o
[443/1141] Building CXX object src/lib/tecs/CMakeFiles/tecs.dir/TECS.cpp.o
[444/1141] Building CXX object platforms/posix/src/px4/common/CMakeFiles/px4_layer.dir/tasks.cpp.o
[445/1141] Building CXX object platforms/posix/src/px4/common/lockstep_scheduler/CMakeFiles/lockstep_scheduler.dir/src/lockstep_components.cpp.o
[446/1141] Building C object platforms/common/CMakeFiles/px4_platform.dir/board_common.c.o
[447/1141] Building CXX object platforms/posix/src/px4/generic/generic/tone_alarm/CMakeFiles/arch_tone_alarm.dir/ToneAlarmInterface.cpp.o
[448/1141] Building CXX object platforms/posix/src/px4/common/CMakeFiles/px4_layer.dir/SerialImpl.cpp.o
[449/1141] Building CXX object platforms/posix/src/px4/common/px4_daemon/CMakeFiles/px4_daemon.dir/sock_protocol.cpp.o
[450/1141] Building C object platforms/common/CMakeFiles/px4_platform.dir/board_identity.c.o
[451/1141] Building CXX object platforms/common/CMakeFiles/px4_platform.dir/external_reset_lockout.cpp.o
[452/1141] Building CXX object platforms/common/CMakeFiles/px4_platform.dir/i2c.cpp.o
[453/1141] Building CXX object platforms/posix/src/px4/common/px4_daemon/CMakeFiles/px4_daemon.dir/client.cpp.o
[454/1141] Building CXX object platforms/posix/src/px4/common/CMakeFiles/px4_layer.dir/drv_hrt.cpp.o
[455/1141] Building CXX object platforms/posix/src/px4/common/px4_daemon/CMakeFiles/px4_daemon.dir/history.cpp.o
[456/1141] Building CXX object platforms/posix/src/px4/common/lockstep_scheduler/CMakeFiles/lockstep_scheduler.dir/src/lockstep_scheduler.cpp.o
[457/1141] Building CXX object platforms/posix/src/px4/common/px4_daemon/CMakeFiles/px4_daemon.dir/server_io.cpp.o
[458/1141] Building C object platforms/common/CMakeFiles/px4_platform.dir/px4_getopt.c.o
[459/1141] Building CXX object platforms/common/CMakeFiles/px4_platform.dir/module.cpp.o
[460/1141] Building C object platforms/common/CMakeFiles/px4_platform.dir/pab_manifest.c.o
[461/1141] Building CXX object platforms/common/CMakeFiles/px4_platform.dir/px4_cli.cpp.o
[462/1141] Building CXX object platforms/common/CMakeFiles/px4_platform.dir/spi.cpp.o
[463/1141] Building CXX object platforms/common/CMakeFiles/px4_platform.dir/Serial.cpp.o
[464/1141] Building CXX object platforms/common/CMakeFiles/px4_platform.dir/px4_log_history.cpp.o
[465/1141] Building CXX object platforms/common/CMakeFiles/px4_platform.dir/shutdown.cpp.o
[466/1141] Building CXX object platforms/common/uORB/CMakeFiles/uORB.dir/uORBUtils.cpp.o
[467/1141] Building CXX object platforms/common/CMakeFiles/px4_platform.dir/i2c_spi_buses.cpp.o
[468/1141] Building CXX object platforms/common/CMakeFiles/px4_platform.dir/px4_log.cpp.o
[469/1141] Building CXX object platforms/common/uORB/uORB_tests/CMakeFiles/modules__uORB__uORB_tests.dir/uORB_tests_main.cpp.o
[470/1141] Building CXX object platforms/common/uORB/CMakeFiles/uORB.dir/uORBMessageFields.cpp.o
[471/1141] Building CXX object platforms/common/uORB/CMakeFiles/uORB.dir/Subscription.cpp.o
[472/1141] Building CXX object platforms/common/uORB/CMakeFiles/uORB.dir/SubscriptionInterval.cpp.o
[473/1141] Building CXX object platforms/common/uORB/CMakeFiles/uORB.dir/uORBManager.cpp.o
[474/1141] Building CXX object platforms/posix/src/px4/common/px4_daemon/CMakeFiles/px4_daemon.dir/server.cpp.o
[475/1141] Building CXX object platforms/common/uORB/CMakeFiles/uORB.dir/uORBDeviceMaster.cpp.o
[476/1141] Building CXX object platforms/common/px4_work_queue/CMakeFiles/px4_work_queue.dir/ScheduledWorkItem.cpp.o
[477/1141] Building CXX object platforms/common/px4_work_queue/CMakeFiles/px4_work_queue.dir/WorkItemSingleShot.cpp.o
[478/1141] Building CXX object src/modules/simulation/gz_plugins/generic_motor/CMakeFiles/GenericMotorModelPlugin.dir/GenericMotorModel.cpp.o
[479/1141] Building CXX object platforms/common/uORB/CMakeFiles/uORB.dir/uORBDeviceNode.cpp.o
[480/1141] Building CXX object platforms/common/px4_work_queue/CMakeFiles/px4_work_queue.dir/WorkItem.cpp.o
[481/1141] Building CXX object platforms/common/px4_work_queue/test/CMakeFiles/lib__work_queue__test__wqueue_test.dir/wqueue_scheduled_test.cpp.o
[482/1141] Building CXX object platforms/common/px4_work_queue/CMakeFiles/px4_work_queue.dir/WorkQueue.cpp.o
[483/1141] Building CXX object platforms/common/px4_work_queue/test/CMakeFiles/lib__work_queue__test__wqueue_test.dir/wqueue_main.cpp.o
[484/1141] Building CXX object src/drivers/camera_trigger/CMakeFiles/drivers__camera_trigger.dir/interfaces/src/seagull_map2.cpp.o
[485/1141] Building CXX object src/drivers/camera_trigger/CMakeFiles/drivers__camera_trigger.dir/interfaces/src/pwm.cpp.o
[486/1141] Building CXX object platforms/common/uORB/CMakeFiles/uORB.dir/uORB.cpp.o
[487/1141] Building CXX object platforms/common/px4_work_queue/CMakeFiles/px4_work_queue.dir/WorkQueueManager.cpp.o
[488/1141] Building CXX object src/drivers/camera_trigger/CMakeFiles/drivers__camera_trigger.dir/interfaces/src/camera_interface.cpp.o
[489/1141] Building CXX object src/drivers/camera_trigger/CMakeFiles/drivers__camera_trigger.dir/interfaces/src/gpio.cpp.o
[490/1141] Building CXX object platforms/common/px4_work_queue/test/CMakeFiles/lib__work_queue__test__wqueue_test.dir/wqueue_start.cpp.o
[491/1141] Building CXX object platforms/common/px4_work_queue/test/CMakeFiles/lib__work_queue__test__wqueue_test.dir/wqueue_test.cpp.o
[492/1141] Building CXX object src/drivers/gnss/septentrio/CMakeFiles/driver__septentrio.dir/util.cpp.o
[493/1141] Building CXX object src/drivers/gps/CMakeFiles/drivers__gps.dir/devices/src/crc.cpp.o
[494/1141] Building CXX object platforms/posix/src/px4/common/px4_daemon/CMakeFiles/px4_daemon.dir/pxh.cpp.o
[495/1141] Building CXX object src/drivers/gnss/septentrio/CMakeFiles/driver__septentrio.dir/rtcm.cpp.o
[496/1141] Building CXX object src/drivers/gps/CMakeFiles/drivers__gps.dir/devices/src/rtcm.cpp.o
[497/1141] Building CXX object platforms/common/uORB/uORB_tests/CMakeFiles/modules__uORB__uORB_tests.dir/uORBTest_UnitTest.cpp.o
[498/1141] Building CXX object src/drivers/gps/CMakeFiles/drivers__gps.dir/devices/src/gps_helper.cpp.o
[499/1141] Building CXX object src/drivers/gnss/septentrio/CMakeFiles/driver__septentrio.dir/sbf/decoder.cpp.o
[500/1141] Building CXX object src/drivers/gps/CMakeFiles/drivers__gps.dir/devices/src/emlid_reach.cpp.o
[501/1141] Building CXX object src/drivers/gps/CMakeFiles/drivers__gps.dir/devices/src/mtk.cpp.o
[502/1141] Building CXX object src/drivers/gps/CMakeFiles/drivers__gps.dir/devices/src/unicore.cpp.o
[503/1141] Building CXX object src/drivers/camera_trigger/CMakeFiles/drivers__camera_trigger.dir/camera_trigger.cpp.o
[504/1141] Building CXX object src/drivers/osd/msp_osd/CMakeFiles/drivers__osd__msp_osd.dir/MspV1.cpp.o
[505/1141] Building CXX object src/drivers/osd/msp_osd/MessageDisplay/CMakeFiles/message_display.dir/MessageDisplay.cpp.o
[506/1141] Building CXX object src/drivers/gps/CMakeFiles/drivers__gps.dir/devices/src/femtomes.cpp.o
[507/1141] Building CXX object src/drivers/gps/CMakeFiles/drivers__gps.dir/devices/src/ashtech.cpp.o
[508/1141] Building CXX object src/drivers/osd/msp_osd/CMakeFiles/drivers__osd__msp_osd.dir/uorb_to_msp.cpp.o
[509/1141] Building CXX object src/drivers/gps/CMakeFiles/drivers__gps.dir/devices/src/nmea.cpp.o
[510/1141] Building CXX object src/drivers/gps/CMakeFiles/drivers__gps.dir/gps.cpp.o
[511/1141] Building CXX object src/modules/airspeed_selector/CMakeFiles/modules__airspeed_selector.dir/AirspeedValidator.cpp.o
[512/1141] Building CXX object src/drivers/tone_alarm/CMakeFiles/drivers__tone_alarm.dir/ToneAlarm.cpp.o
[513/1141] Building CXX object src/modules/commander/CMakeFiles/modules__commander.dir/airspeed_calibration.cpp.o
[514/1141] Building CXX object src/drivers/gps/CMakeFiles/drivers__gps.dir/devices/src/ubx.cpp.o
[515/1141] Building CXX object src/modules/airship_att_control/CMakeFiles/modules__airship_att_control.dir/airship_att_control_main.cpp.o
[516/1141] Building CXX object src/drivers/osd/msp_osd/CMakeFiles/drivers__osd__msp_osd.dir/msp_osd.cpp.o
[517/1141] Building CXX object src/drivers/gnss/septentrio/CMakeFiles/driver__septentrio.dir/septentrio.cpp.o
[518/1141] Building CXX object src/modules/commander/CMakeFiles/modules__commander.dir/baro_calibration.cpp.o
[519/1141] Building CXX object src/modules/commander/CMakeFiles/modules__commander.dir/factory_calibration_storage.cpp.o
[520/1141] Building CXX object src/modules/commander/CMakeFiles/modules__commander.dir/commander_helper.cpp.o
[521/1141] Building CXX object src/modules/commander/CMakeFiles/modules__commander.dir/esc_calibration.cpp.o
[522/1141] Building CXX object src/modules/camera_feedback/CMakeFiles/modules__camera_feedback.dir/CameraFeedback.cpp.o
[523/1141] Building CXX object src/modules/commander/CMakeFiles/modules__commander.dir/calibration_routines.cpp.o
[524/1141] Building CXX object src/modules/commander/CMakeFiles/modules__commander.dir/Safety.cpp.o
[525/1141] Building CXX object src/modules/airspeed_selector/CMakeFiles/modules__airspeed_selector.dir/airspeed_selector_main.cpp.o
[526/1141] Building CXX object src/modules/commander/CMakeFiles/modules__commander.dir/rc_calibration.cpp.o
[527/1141] Building CXX object src/modules/commander/CMakeFiles/modules__commander.dir/accelerometer_calibration.cpp.o
[528/1141] Building CXX object src/modules/commander/CMakeFiles/modules__commander.dir/gyro_calibration.cpp.o
[529/1141] Building CXX object src/modules/simulation/gz_plugins/buoyancy/CMakeFiles/BuoyancySystemPlugin.dir/BuoyancySystem.cpp.o
[530/1141] Building CXX object src/modules/commander/CMakeFiles/modules__commander.dir/level_calibration.cpp.o
[531/1141] Building CXX object src/modules/commander/CMakeFiles/modules__commander.dir/lm_fit.cpp.o
[532/1141] Building CXX object src/modules/commander/CMakeFiles/modules__commander.dir/worker_thread.cpp.o
[533/1141] Building CXX object src/modules/commander/CMakeFiles/modules__commander.dir/HomePosition.cpp.o
[534/1141] Building CXX object src/modules/commander/Arming/ArmAuthorization/CMakeFiles/ArmAuthorization.dir/ArmAuthorization.cpp.o
[535/1141] Building CXX object src/modules/attitude_estimator_q/CMakeFiles/modules__attitude_estimator_q.dir/attitude_estimator_q_main.cpp.o
[536/1141] Building CXX object src/modules/commander/CMakeFiles/modules__commander.dir/UserModeIntention.cpp.o
[537/1141] Building CXX object src/modules/commander/CMakeFiles/modules__commander.dir/ModeManagement.cpp.o
[538/1141] Building CXX object src/modules/commander/failure_detector/CMakeFiles/failure_detector.dir/FailureInjector.cpp.o
[539/1141] Building CXX object src/modules/commander/HealthAndArmingChecks/CMakeFiles/health_and_arming_checks.dir/Common.cpp.o
[540/1141] Building CXX object src/modules/commander/HealthAndArmingChecks/CMakeFiles/health_and_arming_checks.dir/checks/armPermissionCheck.cpp.o
[541/1141] Building CXX object src/modules/commander/failsafe/CMakeFiles/failsafe.dir/failsafe.cpp.o
[542/1141] Building CXX object src/modules/commander/failsafe/CMakeFiles/failsafe.dir/framework.cpp.o
[543/1141] Building CXX object src/modules/commander/HealthAndArmingChecks/CMakeFiles/health_and_arming_checks.dir/checks/accelerometerCheck.cpp.o
[544/1141] Building CXX object src/modules/commander/failure_detector/CMakeFiles/failure_detector.dir/FailureDetector.cpp.o
[545/1141] Building CXX object src/modules/commander/HealthAndArmingChecks/CMakeFiles/health_and_arming_checks.dir/checks/airspeedCheck.cpp.o
[546/1141] Building CXX object src/modules/commander/HealthAndArmingChecks/CMakeFiles/health_and_arming_checks.dir/checks/batteryCheck.cpp.o
[547/1141] Building CXX object src/modules/commander/HealthAndArmingChecks/CMakeFiles/health_and_arming_checks.dir/checks/distanceSensorChecks.cpp.o
[548/1141] Building CXX object src/modules/commander/CMakeFiles/modules__commander.dir/mag_calibration.cpp.o
[549/1141] Building CXX object src/modules/commander/HealthAndArmingChecks/CMakeFiles/health_and_arming_checks.dir/checks/cpuResourceCheck.cpp.o
[550/1141] Building CXX object src/modules/commander/HealthAndArmingChecks/CMakeFiles/health_and_arming_checks.dir/checks/opticalFlowCheck.cpp.o
[551/1141] Building CXX object src/modules/commander/HealthAndArmingChecks/CMakeFiles/health_and_arming_checks.dir/checks/baroCheck.cpp.o
[552/1141] Building CXX object src/modules/commander/HealthAndArmingChecks/CMakeFiles/health_and_arming_checks.dir/checks/failureDetectorCheck.cpp.o
[553/1141] Building CXX object src/modules/commander/HealthAndArmingChecks/CMakeFiles/health_and_arming_checks.dir/checks/escCheck.cpp.o
[554/1141] Building CXX object src/modules/commander/HealthAndArmingChecks/CMakeFiles/health_and_arming_checks.dir/checks/flightTimeCheck.cpp.o
[555/1141] Building CXX object src/modules/commander/HealthAndArmingChecks/CMakeFiles/health_and_arming_checks.dir/checks/geofenceCheck.cpp.o
[556/1141] Building CXX object src/modules/commander/HealthAndArmingChecks/CMakeFiles/health_and_arming_checks.dir/checks/gyroCheck.cpp.o
[557/1141] Building CXX object src/modules/commander/HealthAndArmingChecks/CMakeFiles/health_and_arming_checks.dir/checks/homePositionCheck.cpp.o
[558/1141] Building CXX object src/modules/simulation/gz_plugins/gstreamer/CMakeFiles/GstCameraSystem.dir/GstCameraSystem.cpp.o
[559/1141] Building CXX object src/modules/commander/HealthAndArmingChecks/CMakeFiles/health_and_arming_checks.dir/checks/missionCheck.cpp.o
[560/1141] Building CXX object src/modules/commander/HealthAndArmingChecks/CMakeFiles/health_and_arming_checks.dir/checks/manualControlCheck.cpp.o
[561/1141] Building CXX object src/modules/commander/HealthAndArmingChecks/CMakeFiles/health_and_arming_checks.dir/checks/imuConsistencyCheck.cpp.o
[562/1141] Building CXX object src/modules/commander/HealthAndArmingChecks/CMakeFiles/health_and_arming_checks.dir/checks/loggerCheck.cpp.o
[563/1141] Building CXX object src/modules/commander/HealthAndArmingChecks/CMakeFiles/health_and_arming_checks.dir/checks/navigatorCheck.cpp.o
[564/1141] Building CXX object src/modules/commander/HealthAndArmingChecks/CMakeFiles/health_and_arming_checks.dir/checks/openDroneIDCheck.cpp.o
[565/1141] Building CXX object src/modules/commander/HealthAndArmingChecks/CMakeFiles/health_and_arming_checks.dir/checks/magnetometerCheck.cpp.o
[566/1141] Building CXX object src/modules/commander/HealthAndArmingChecks/CMakeFiles/health_and_arming_checks.dir/checks/estimatorCheck.cpp.o
[567/1141] Building CXX object src/modules/commander/HealthAndArmingChecks/CMakeFiles/health_and_arming_checks.dir/checks/modeCheck.cpp.o
[568/1141] Building CXX object src/modules/commander/HealthAndArmingChecks/CMakeFiles/health_and_arming_checks.dir/checks/offboardCheck.cpp.o
[569/1141] Building CXX object src/modules/commander/HealthAndArmingChecks/CMakeFiles/health_and_arming_checks.dir/checks/parachuteCheck.cpp.o
[570/1141] Building CXX object src/modules/commander/HealthAndArmingChecks/CMakeFiles/health_and_arming_checks.dir/checks/sdcardCheck.cpp.o
[571/1141] Building CXX object src/modules/commander/HealthAndArmingChecks/CMakeFiles/health_and_arming_checks.dir/checks/powerCheck.cpp.o
[572/1141] Building CXX object src/modules/commander/HealthAndArmingChecks/CMakeFiles/health_and_arming_checks.dir/checks/rcAndDataLinkCheck.cpp.o
[573/1141] Building CXX object src/modules/commander/HealthAndArmingChecks/CMakeFiles/health_and_arming_checks.dir/checks/systemCheck.cpp.o
[574/1141] Building CXX object src/modules/commander/HealthAndArmingChecks/CMakeFiles/health_and_arming_checks.dir/checks/vtolCheck.cpp.o
[575/1141] Building CXX object src/modules/commander/HealthAndArmingChecks/CMakeFiles/health_and_arming_checks.dir/checks/rcCalibrationCheck.cpp.o
[576/1141] Building CXX object src/modules/commander/CMakeFiles/modules__commander.dir/Commander.cpp.o
[577/1141] Building CXX object src/modules/control_allocator/VehicleActuatorEffectiveness/CMakeFiles/VehicleActuatorEffectiveness.dir/ActuatorEffectivenessUUV.cpp.o
[578/1141] Building CXX object src/modules/commander/HealthAndArmingChecks/CMakeFiles/health_and_arming_checks.dir/checks/windCheck.cpp.o
[579/1141] Building CXX object src/modules/control_allocator/VehicleActuatorEffectiveness/CMakeFiles/VehicleActuatorEffectiveness.dir/ActuatorEffectivenessCustom.cpp.o
[580/1141] Building CXX object src/modules/control_allocator/VehicleActuatorEffectiveness/CMakeFiles/VehicleActuatorEffectiveness.dir/ActuatorEffectivenessControlSurfaces.cpp.o
[581/1141] Building CXX object src/modules/commander/MulticopterThrowLaunch/CMakeFiles/MulticopterThrowLaunch.dir/MulticopterThrowLaunch.cpp.o
[582/1141] Building CXX object src/modules/control_allocator/VehicleActuatorEffectiveness/CMakeFiles/VehicleActuatorEffectiveness.dir/ActuatorEffectivenessFixedWing.cpp.o
[583/1141] Building CXX object src/modules/commander/HealthAndArmingChecks/CMakeFiles/health_and_arming_checks.dir/checks/externalChecks.cpp.o
[584/1141] Building CXX object src/modules/commander/HealthAndArmingChecks/CMakeFiles/health_and_arming_checks.dir/HealthAndArmingChecks.cpp.o
[585/1141] Building CXX object src/modules/control_allocator/VehicleActuatorEffectiveness/CMakeFiles/VehicleActuatorEffectiveness.dir/ActuatorEffectivenessMultirotor.cpp.o
[586/1141] Building CXX object src/modules/control_allocator/VehicleActuatorEffectiveness/CMakeFiles/VehicleActuatorEffectiveness.dir/ActuatorEffectivenessMCTilt.cpp.o
[587/1141] Building CXX object src/modules/control_allocator/VehicleActuatorEffectiveness/CMakeFiles/VehicleActuatorEffectiveness.dir/ActuatorEffectivenessHelicopter.cpp.o
[588/1141] Building CXX object src/modules/control_allocator/VehicleActuatorEffectiveness/CMakeFiles/VehicleActuatorEffectiveness.dir/ActuatorEffectivenessHelicopterCoaxial.cpp.o
[589/1141] Building CXX object src/modules/control_allocator/VehicleActuatorEffectiveness/CMakeFiles/VehicleActuatorEffectiveness.dir/ActuatorEffectivenessSpacecraft.cpp.o
[590/1141] Building CXX object src/modules/control_allocator/VehicleActuatorEffectiveness/CMakeFiles/VehicleActuatorEffectiveness.dir/ActuatorEffectivenessStandardVTOL.cpp.o
[591/1141] Building CXX object src/modules/control_allocator/VehicleActuatorEffectiveness/CMakeFiles/VehicleActuatorEffectiveness.dir/ActuatorEffectivenessRoverAckermann.cpp.o
[592/1141] Building CXX object src/modules/control_allocator/VehicleActuatorEffectiveness/CMakeFiles/VehicleActuatorEffectiveness.dir/ActuatorEffectivenessTilts.cpp.o
[593/1141] Building CXX object src/modules/control_allocator/VehicleActuatorEffectiveness/CMakeFiles/VehicleActuatorEffectiveness.dir/RpmControl.cpp.o
[594/1141] Building CXX object src/modules/control_allocator/VehicleActuatorEffectiveness/CMakeFiles/VehicleActuatorEffectiveness.dir/ActuatorEffectivenessTiltrotorVTOL.cpp.o
[595/1141] Building CXX object src/modules/ekf2/CMakeFiles/modules__ekf2.dir/EKF/control.cpp.o
[596/1141] Building CXX object src/modules/control_allocator/VehicleActuatorEffectiveness/CMakeFiles/VehicleActuatorEffectiveness.dir/ActuatorEffectivenessRotors.cpp.o
[597/1141] Building CXX object src/modules/control_allocator/VehicleActuatorEffectiveness/CMakeFiles/VehicleActuatorEffectiveness.dir/ActuatorEffectivenessTailsitterVTOL.cpp.o
[598/1141] Building CXX object src/modules/control_allocator/CMakeFiles/modules__control_allocator.dir/ControlAllocator.cpp.o
[599/1141] Building CXX object src/modules/dataman/CMakeFiles/modules__dataman.dir/dataman.cpp.o
[600/1141] Building CXX object src/modules/ekf2/CMakeFiles/modules__ekf2.dir/EKF/imu_down_sampler/imu_down_sampler.cpp.o
[601/1141] Building CXX object src/modules/ekf2/CMakeFiles/modules__ekf2.dir/EKF/height_control.cpp.o
[602/1141] Building CXX object src/modules/ekf2/CMakeFiles/modules__ekf2.dir/EKF/position_fusion.cpp.o
[603/1141] Building CXX object src/modules/ekf2/CMakeFiles/modules__ekf2.dir/EKF/velocity_fusion.cpp.o
[604/1141] Building CXX object src/modules/ekf2/CMakeFiles/modules__ekf2.dir/EKF/aid_sources/ZeroGyroUpdate.cpp.o
[605/1141] Building CXX object src/modules/ekf2/CMakeFiles/modules__ekf2.dir/EKF/aid_sources/fake_pos_control.cpp.o
[606/1141] Building CXX object src/modules/ekf2/CMakeFiles/modules__ekf2.dir/EKF/aid_sources/ZeroVelocityUpdate.cpp.o
[607/1141] Building CXX object src/modules/ekf2/CMakeFiles/modules__ekf2.dir/EKF/aid_sources/fake_height_control.cpp.o
[608/1141] Building CXX object src/modules/ekf2/CMakeFiles/modules__ekf2.dir/EKF/aid_sources/zero_innovation_heading_update.cpp.o
[609/1141] Building CXX object src/modules/ekf2/CMakeFiles/modules__ekf2.dir/EKF/yaw_fusion.cpp.o
[610/1141] Building CXX object src/modules/ekf2/CMakeFiles/modules__ekf2.dir/EKF/aid_sources/airspeed/airspeed_fusion.cpp.o
[611/1141] Building CXX object src/modules/ekf2/CMakeFiles/modules__ekf2.dir/EKF/aid_sources/auxvel/auxvel_fusion.cpp.o
[612/1141] Building CXX object src/modules/ekf2/CMakeFiles/modules__ekf2.dir/EKF/aid_sources/aux_global_position/aux_global_position.cpp.o
[613/1141] Building CXX object src/modules/ekf2/CMakeFiles/modules__ekf2.dir/EKF/aid_sources/gnss/gnss_checks.cpp.o
[614/1141] Building CXX object src/modules/ekf2/CMakeFiles/modules__ekf2.dir/EKF/aid_sources/external_vision/ev_height_control.cpp.o
[615/1141] Building CXX object src/modules/ekf2/CMakeFiles/modules__ekf2.dir/EKF/aid_sources/external_vision/ev_yaw_control.cpp.o
[616/1141] Building CXX object src/modules/ekf2/CMakeFiles/modules__ekf2.dir/EKF/aid_sources/barometer/baro_height_control.cpp.o
[617/1141] Building CXX object src/modules/ekf2/CMakeFiles/modules__ekf2.dir/EKF/ekf_helper.cpp.o
[618/1141] Building CXX object src/modules/ekf2/CMakeFiles/modules__ekf2.dir/EKF/aid_sources/drag/drag_fusion.cpp.o
[619/1141] Building CXX object src/modules/ekf2/CMakeFiles/modules__ekf2.dir/EKF/estimator_interface.cpp.o
[620/1141] Building CXX object src/modules/ekf2/CMakeFiles/modules__ekf2.dir/EKF/aid_sources/gnss/gnss_height_control.cpp.o
[621/1141] Building CXX object src/modules/ekf2/CMakeFiles/modules__ekf2.dir/EKF/ekf.cpp.o
[622/1141] Building CXX object src/modules/ekf2/CMakeFiles/modules__ekf2.dir/EKF/aid_sources/gnss/gnss_yaw_control.cpp.o
[623/1141] Building CXX object src/modules/ekf2/CMakeFiles/modules__ekf2.dir/EKF/aid_sources/external_vision/ev_pos_control.cpp.o
[624/1141] Building CXX object src/modules/ekf2/CMakeFiles/modules__ekf2.dir/EKF/aid_sources/range_finder/range_finder_consistency_check.cpp.o
[625/1141] Building CXX object src/modules/ekf2/CMakeFiles/modules__ekf2.dir/EKF/aid_sources/external_vision/ev_control.cpp.o
[626/1141] Building CXX object src/modules/ekf2/CMakeFiles/modules__ekf2.dir/EKF/aid_sources/range_finder/sensor_range_finder.cpp.o
[627/1141] Building CXX object src/modules/ekf2/CMakeFiles/modules__ekf2.dir/EKF/aid_sources/external_vision/ev_vel_control.cpp.o
[628/1141] Building CXX object src/modules/ekf2/CMakeFiles/modules__ekf2.dir/EKF/covariance.cpp.o
[629/1141] Linking CXX static library src/modules/ekf2/EKF/output_predictor/liboutput_predictor.a
[630/1141] Linking CXX static library src/modules/ekf2/EKF/yaw_estimator/libyaw_estimator.a
[631/1141] Building CXX object src/modules/ekf2/CMakeFiles/modules__ekf2.dir/EKF/aid_sources/range_finder/range_height_fusion.cpp.o
[632/1141] Building CXX object src/modules/ekf2/CMakeFiles/modules__ekf2.dir/EKF/aid_sources/gravity/gravity_fusion.cpp.o
[633/1141] Building CXX object src/modules/ekf2/CMakeFiles/modules__ekf2.dir/EKF/aid_sources/gnss/gps_control.cpp.o
[634/1141] Building CXX object src/modules/ekf2/CMakeFiles/modules__ekf2.dir/EKF/aid_sources/optical_flow/optical_flow_fusion.cpp.o
[635/1141] Building CXX object src/modules/ekf2/CMakeFiles/modules__ekf2.dir/EKF/aid_sources/sideslip/sideslip_fusion.cpp.o
[636/1141] Building CXX object src/modules/ekf2/CMakeFiles/modules__ekf2.dir/EKF/aid_sources/magnetometer/mag_fusion.cpp.o
[637/1141] Linking CXX static library src/modules/ekf2/EKF/libecl_EKF.a
[638/1141] Building CXX object src/modules/events/CMakeFiles/modules__events.dir/rc_loss_alarm.cpp.o
[639/1141] Building CXX object src/modules/ekf2/CMakeFiles/modules__ekf2.dir/EKF/aid_sources/range_finder/range_height_control.cpp.o
[640/1141] Building CXX object src/modules/ekf2/CMakeFiles/modules__ekf2.dir/EKF/terrain_control.cpp.o
[641/1141] Building CXX object src/modules/ekf2/CMakeFiles/modules__ekf2.dir/EKF/aid_sources/optical_flow/optical_flow_control.cpp.o
[642/1141] Building CXX object src/modules/events/CMakeFiles/modules__events.dir/set_leds.cpp.o
[643/1141] Building CXX object src/modules/ekf2/CMakeFiles/modules__ekf2.dir/EKF/wind.cpp.o
[644/1141] Building CXX object src/modules/events/CMakeFiles/modules__events.dir/status_display.cpp.o
[645/1141] Building CXX object src/modules/events/CMakeFiles/modules__events.dir/send_event.cpp.o
[646/1141] Building CXX object src/modules/flight_mode_manager/tasks/Utility/CMakeFiles/FlightTaskUtility.dir/StickTiltXY.cpp.o
[647/1141] Building CXX object src/modules/flight_mode_manager/tasks/FlightTask/CMakeFiles/FlightTask.dir/FlightTask.cpp.o
[648/1141] Building CXX object src/modules/flight_mode_manager/tasks/Utility/CMakeFiles/FlightTaskUtility.dir/Gimbal.cpp.o
[649/1141] Building CXX object src/modules/flight_mode_manager/tasks/Failsafe/CMakeFiles/FlightTaskFailsafe.dir/FlightTaskFailsafe.cpp.o
[650/1141] Building CXX object src/modules/ekf2/CMakeFiles/modules__ekf2.dir/EKF/aid_sources/magnetometer/mag_control.cpp.o
[651/1141] Building CXX object src/modules/ekf2/CMakeFiles/modules__ekf2.dir/EKF2Selector.cpp.o
[652/1141] Building CXX object src/modules/flight_mode_manager/tasks/Utility/CMakeFiles/FlightTaskUtility.dir/StickAccelerationXY.cpp.o
[653/1141] Building CXX object src/modules/flight_mode_manager/CMakeFiles/modules__flight_mode_manager.dir/FlightModeManager.cpp.o
[654/1141] Building CXX object src/modules/flight_mode_manager/tasks/ManualAcceleration/CMakeFiles/FlightTaskManualAcceleration.dir/FlightTaskManualAcceleration.cpp.o
[655/1141] Building CXX object src/modules/flight_mode_manager/tasks/Descend/CMakeFiles/FlightTaskDescend.dir/FlightTaskDescend.cpp.o
[656/1141] Building CXX object src/modules/flight_mode_manager/tasks/ManualAltitude/CMakeFiles/FlightTaskManualAltitude.dir/FlightTaskManualAltitude.cpp.o
[657/1141] Building CXX object src/modules/flight_mode_manager/tasks/ManualAltitudeSmoothVel/CMakeFiles/FlightTaskManualAltitudeSmoothVel.dir/FlightTaskManualAltitudeSmoothVel.cpp.o
[658/1141] Building CXX object src/modules/flight_mode_manager/CMakeFiles/modules__flight_mode_manager.dir/FlightTasks_generated.cpp.o
[659/1141] Building CXX object src/modules/flight_mode_manager/tasks/ManualAccelerationSlow/CMakeFiles/FlightTaskManualAccelerationSlow.dir/FlightTaskManualAccelerationSlow.cpp.o
[660/1141] Building CXX object src/modules/fw_att_control/CMakeFiles/modules__fw_att_control.dir/fw_wheel_controller.cpp.o
[661/1141] Building CXX object src/modules/fw_att_control/CMakeFiles/modules__fw_att_control.dir/fw_pitch_controller.cpp.o
[662/1141] Building CXX object src/modules/fw_att_control/CMakeFiles/modules__fw_att_control.dir/fw_roll_controller.cpp.o
[663/1141] Building CXX object src/modules/fw_att_control/CMakeFiles/modules__fw_att_control.dir/fw_yaw_controller.cpp.o
[664/1141] Building CXX object src/modules/flight_mode_manager/tasks/Transition/CMakeFiles/FlightTaskTransition.dir/FlightTaskTransition.cpp.o
[665/1141] Building CXX object src/modules/flight_mode_manager/tasks/AltitudeCruise/CMakeFiles/FlightTaskAltitudeCruise.dir/FlightTaskAltitudeCruise.cpp.o
[666/1141] Building CXX object src/modules/flight_mode_manager/tasks/ManualPosition/CMakeFiles/FlightTaskManualPosition.dir/FlightTaskManualPosition.cpp.o
[667/1141] Building CXX object src/modules/fw_mode_manager/CMakeFiles/modules__fw_mode_manager.dir/ControllerConfigurationHandler.cpp.o
[668/1141] Building CXX object src/modules/fw_mode_manager/launchdetection/CMakeFiles/launchdetection.dir/LaunchDetector.cpp.o
[669/1141] Building CXX object src/modules/gimbal/CMakeFiles/drivers__gimbal.dir/input.cpp.o
[670/1141] Building CXX object src/modules/flight_mode_manager/tasks/Auto/CMakeFiles/FlightTaskAuto.dir/FlightTaskAuto.cpp.o
[671/1141] Building CXX object src/modules/fw_mode_manager/runway_takeoff/CMakeFiles/runway_takeoff.dir/RunwayTakeoff.cpp.o
[672/1141] Building CXX object src/modules/flight_mode_manager/tasks/AutoFollowTarget/follow_target_estimator/CMakeFiles/follow_target_estimator.dir/TargetEstimator.cpp.o
[673/1141] Building CXX object src/modules/gimbal/CMakeFiles/drivers__gimbal.dir/input_rc.cpp.o
[674/1141] Building CXX object src/modules/gimbal/CMakeFiles/drivers__gimbal.dir/input_test.cpp.o
[675/1141] Building CXX object src/modules/fw_att_control/CMakeFiles/modules__fw_att_control.dir/FixedwingAttitudeControl.cpp.o
[676/1141] Building CXX object src/modules/flight_mode_manager/tasks/AutoFollowTarget/CMakeFiles/FlightTaskAutoFollowTarget.dir/FlightTaskAutoFollowTarget.cpp.o
[677/1141] Building CXX object src/modules/gimbal/CMakeFiles/drivers__gimbal.dir/output_rc.cpp.o
[678/1141] Building CXX object src/modules/gimbal/CMakeFiles/drivers__gimbal.dir/output.cpp.o
[679/1141] Building C object src/modules/gyro_fft/CMakeFiles/modules__gyro_fft.dir/CMSIS_5/CMSIS/DSP/Source/BasicMathFunctions/arm_mult_q15.c.o
[680/1141] Building CXX object src/modules/flight_mode_manager/tasks/Orbit/CMakeFiles/FlightTaskOrbit.dir/FlightTaskOrbit.cpp.o
[681/1141] Building CXX object src/modules/fw_mode_manager/figure_eight/CMakeFiles/figure_eight.dir/FigureEight.cpp.o
[682/1141] Building CXX object src/modules/gimbal/CMakeFiles/drivers__gimbal.dir/output_mavlink.cpp.o
[683/1141] Building C object src/modules/gyro_fft/CMakeFiles/modules__gyro_fft.dir/CMSIS_5/CMSIS/DSP/Source/CommonTables/arm_const_structs.c.o
[684/1141] Building CXX object src/modules/gimbal/CMakeFiles/drivers__gimbal.dir/input_mavlink.cpp.o
[685/1141] Building CXX object src/modules/fw_autotune_attitude_control/CMakeFiles/fw_autotune_attitude_control.dir/fw_autotune_attitude_control.cpp.o
[686/1141] Building C object src/modules/gyro_fft/CMakeFiles/modules__gyro_fft.dir/CMSIS_5/CMSIS/DSP/Source/SupportFunctions/arm_float_to_q15.c.o
[687/1141] Building C object src/modules/gyro_fft/CMakeFiles/modules__gyro_fft.dir/CMSIS_5/CMSIS/DSP/Source/TransformFunctions/arm_rfft_init_q15.c.o
[688/1141] Building C object src/modules/gyro_fft/CMakeFiles/modules__gyro_fft.dir/CMSIS_5/CMSIS/DSP/Source/TransformFunctions/arm_cfft_q15.c.o
[689/1141] Building C object src/modules/gyro_fft/CMakeFiles/modules__gyro_fft.dir/CMSIS_5/CMSIS/DSP/Source/TransformFunctions/arm_bitreversal2.c.o
[690/1141] Building CXX object src/modules/gimbal/CMakeFiles/drivers__gimbal.dir/gimbal.cpp.o
[691/1141] Building C object src/modules/gyro_fft/CMakeFiles/modules__gyro_fft.dir/CMSIS_5/CMSIS/DSP/Source/TransformFunctions/arm_rfft_q15.c.o
[692/1141] Building CXX object src/modules/fw_lateral_longitudinal_control/CMakeFiles/modules__fw_lateral_longitudinal_control.dir/FwLateralLongitudinalControl.cpp.o
[693/1141] Building C object src/modules/gyro_fft/CMakeFiles/modules__gyro_fft.dir/CMSIS_5/CMSIS/DSP/Source/TransformFunctions/arm_cfft_radix4_q15.c.o
[694/1141] Building CXX object src/modules/fw_rate_control/CMakeFiles/modules__fw_rate_control.dir/FixedwingRateControl.cpp.o
[695/1141] Building CXX object src/modules/land_detector/CMakeFiles/modules__land_detector.dir/land_detector_main.cpp.o
[696/1141] Building CXX object src/modules/land_detector/CMakeFiles/modules__land_detector.dir/RoverLandDetector.cpp.o
[697/1141] Building CXX object src/modules/land_detector/CMakeFiles/modules__land_detector.dir/VtolLandDetector.cpp.o
[698/1141] Building C object src/modules/gyro_fft/CMakeFiles/modules__gyro_fft.dir/CMSIS_5/CMSIS/DSP/Source/CommonTables/arm_common_tables.c.o
[699/1141] Building CXX object src/modules/landing_target_estimator/CMakeFiles/modules__landing_target_estimator.dir/landing_target_estimator_main.cpp.o
[700/1141] Building CXX object src/modules/gyro_fft/CMakeFiles/modules__gyro_fft.dir/GyroFFT.cpp.o
[701/1141] Building CXX object src/modules/land_detector/CMakeFiles/modules__land_detector.dir/FixedwingLandDetector.cpp.o
[702/1141] Building CXX object src/modules/land_detector/CMakeFiles/modules__land_detector.dir/AirshipLandDetector.cpp.o
[703/1141] Building CXX object src/modules/gyro_calibration/CMakeFiles/modules__gyro_calibration.dir/GyroCalibration.cpp.o
[704/1141] Building CXX object src/modules/land_detector/CMakeFiles/modules__land_detector.dir/LandDetector.cpp.o
[705/1141] Building CXX object src/modules/land_detector/CMakeFiles/modules__land_detector.dir/MulticopterLandDetector.cpp.o
[706/1141] Building CXX object src/modules/landing_target_estimator/CMakeFiles/modules__landing_target_estimator.dir/KalmanFilter.cpp.o
[707/1141] Building CXX object src/modules/landing_target_estimator/CMakeFiles/modules__landing_target_estimator.dir/LandingTargetEstimator.cpp.o
[708/1141] Building CXX object src/modules/load_mon/CMakeFiles/modules__load_mon.dir/LoadMon.cpp.o
[709/1141] Building CXX object src/modules/local_position_estimator/CMakeFiles/modules__local_position_estimator.dir/sensors/sonar.cpp.o
[710/1141] Building CXX object src/modules/manual_control/CMakeFiles/modules__manual_control.dir/ManualControlSelector.cpp.o
[711/1141] Building CXX object src/modules/local_position_estimator/CMakeFiles/modules__local_position_estimator.dir/sensors/land.cpp.o
[712/1141] Building CXX object src/modules/local_position_estimator/CMakeFiles/modules__local_position_estimator.dir/sensors/baro.cpp.o
[713/1141] Building CXX object src/modules/local_position_estimator/CMakeFiles/modules__local_position_estimator.dir/sensors/landing_target.cpp.o
[714/1141] Building CXX object src/modules/local_position_estimator/CMakeFiles/modules__local_position_estimator.dir/sensors/mocap.cpp.o
[715/1141] Building CXX object src/modules/local_position_estimator/CMakeFiles/modules__local_position_estimator.dir/sensors/lidar.cpp.o
[716/1141] Building CXX object src/modules/local_position_estimator/CMakeFiles/modules__local_position_estimator.dir/sensors/flow.cpp.o
[717/1141] Building CXX object src/modules/local_position_estimator/CMakeFiles/modules__local_position_estimator.dir/sensors/gps.cpp.o
[718/1141] Building CXX object src/modules/local_position_estimator/CMakeFiles/modules__local_position_estimator.dir/sensors/vision.cpp.o
[719/1141] Building CXX object src/modules/mc_hover_thrust_estimator/CMakeFiles/zero_order_hover_thrust_ekf.dir/zero_order_hover_thrust_ekf.cpp.o
[720/1141] Building CXX object src/modules/mag_bias_estimator/CMakeFiles/modules__mag_bias_estimator.dir/MagBiasEstimator.cpp.o
[721/1141] Building CXX object src/modules/mc_pos_control/Takeoff/CMakeFiles/Takeoff.dir/Takeoff.cpp.o
[722/1141] Building CXX object src/modules/manual_control/CMakeFiles/modules__manual_control.dir/ManualControl.cpp.o
[723/1141] Building CXX object src/modules/mc_att_control/AttitudeControl/CMakeFiles/AttitudeControl.dir/AttitudeControl.cpp.o
[724/1141] Building CXX object src/modules/ekf2/CMakeFiles/modules__ekf2.dir/EKF2.cpp.o
[725/1141] Building CXX object src/modules/mc_pos_control/GotoControl/CMakeFiles/GotoControl.dir/GotoControl.cpp.o
[726/1141] Building CXX object src/modules/fw_mode_manager/CMakeFiles/modules__fw_mode_manager.dir/FixedWingModeManager.cpp.o
[727/1141] Building CXX object src/modules/mc_pos_control/PositionControl/CMakeFiles/PositionControl.dir/ControlMath.cpp.o
[728/1141] Building CXX object src/modules/mc_pos_control/PositionControl/CMakeFiles/PositionControl.dir/PositionControl.cpp.o
[729/1141] Building CXX object src/modules/navigator/CMakeFiles/modules__navigator.dir/navigator_mode.cpp.o
[730/1141] Building CXX object src/modules/mc_hover_thrust_estimator/CMakeFiles/modules__mc_hover_thrust_estimator.dir/MulticopterHoverThrustEstimator.cpp.o
[731/1141] Building CXX object src/modules/mc_att_control/CMakeFiles/modules__mc_att_control.dir/mc_att_control_main.cpp.o
[732/1141] Building CXX object src/modules/navigator/CMakeFiles/modules__navigator.dir/loiter.cpp.o
[733/1141] Building CXX object src/modules/local_position_estimator/CMakeFiles/modules__local_position_estimator.dir/BlockLocalPositionEstimator.cpp.o
[734/1141] Building CXX object src/modules/navigator/CMakeFiles/modules__navigator.dir/mission_block.cpp.o
[735/1141] Building CXX object src/modules/mc_rate_control/CMakeFiles/modules__mc_rate_control.dir/MulticopterRateControl.cpp.o
[736/1141] Building CXX object src/modules/mc_autotune_attitude_control/CMakeFiles/mc_autotune_attitude_control.dir/mc_autotune_attitude_control.cpp.o
[737/1141] Building CXX object src/modules/navigator/CMakeFiles/modules__navigator.dir/mission.cpp.o
[738/1141] Building CXX object src/modules/navigator/CMakeFiles/modules__navigator.dir/rtl_mission_fast.cpp.o
[739/1141] Building CXX object src/modules/navigator/CMakeFiles/modules__navigator.dir/land.cpp.o
[740/1141] Building CXX object src/modules/navigator/CMakeFiles/modules__navigator.dir/takeoff.cpp.o
[741/1141] Building CXX object src/modules/navigator/CMakeFiles/modules__navigator.dir/rtl_direct.cpp.o
[742/1141] Building CXX object src/modules/navigator/CMakeFiles/modules__navigator.dir/rtl_direct_mission_land.cpp.o
[743/1141] Building CXX object src/modules/navigator/CMakeFiles/modules__navigator.dir/mission_feasibility_checker.cpp.o
[744/1141] Building CXX object src/modules/navigator/CMakeFiles/modules__navigator.dir/mission_base.cpp.o
[745/1141] Building CXX object src/modules/navigator/CMakeFiles/modules__navigator.dir/rtl_mission_fast_reverse.cpp.o
[746/1141] Building CXX object src/modules/payload_deliverer/CMakeFiles/modules__payload_deliverer.dir/gripper.cpp.o
[747/1141] Building CXX object src/modules/navigator/CMakeFiles/modules__navigator.dir/rtl.cpp.o
[748/1141] Building CXX object src/modules/navigator/CMakeFiles/modules__navigator.dir/vtol_takeoff.cpp.o
[749/1141] Building CXX object src/modules/navigator/GeofenceBreachAvoidance/CMakeFiles/geofence_breach_avoidance.dir/geofence_breach_avoidance.cpp.o
[750/1141] Building CXX object src/modules/navigator/CMakeFiles/modules__navigator.dir/precland.cpp.o
[751/1141] Building CXX object src/modules/navigator/CMakeFiles/modules__navigator.dir/geofence.cpp.o
[752/1141] Building CXX object src/modules/navigator/CMakeFiles/modules__navigator.dir/navigator_main.cpp.o
[753/1141] Building CXX object src/modules/mc_pos_control/CMakeFiles/modules__mc_pos_control.dir/MulticopterPositionControl.cpp.o
[754/1141] Building CXX object src/modules/navigator/MissionFeasibility/CMakeFiles/mission_feasibility_checker.dir/FeasibilityChecker.cpp.o
[755/1141] Building CXX object src/modules/payload_deliverer/CMakeFiles/modules__payload_deliverer.dir/payload_deliverer.cpp.o
[756/1141] Building CXX object src/modules/replay/CMakeFiles/modules__replay.dir/replay_main.cpp.o
[757/1141] Building CXX object src/modules/rover_ackermann/AckermannActControl/CMakeFiles/AckermannActControl.dir/AckermannActControl.cpp.o
[758/1141] Building CXX object src/modules/rover_ackermann/AckermannRateControl/CMakeFiles/AckermannRateControl.dir/AckermannRateControl.cpp.o
[759/1141] Building CXX object src/modules/rover_ackermann/AckermannAttControl/CMakeFiles/AckermannAttControl.dir/AckermannAttControl.cpp.o
[760/1141] Building CXX object src/modules/rover_ackermann/AckermannSpeedControl/CMakeFiles/AckermannSpeedControl.dir/AckermannSpeedControl.cpp.o
[761/1141] Building CXX object src/modules/replay/CMakeFiles/modules__replay.dir/ReplayEkf2.cpp.o
[762/1141] Building CXX object src/modules/rover_ackermann/CMakeFiles/modules__rover_ackermann.dir/RoverAckermann.cpp.o
[763/1141] Building CXX object src/modules/rover_differential/DifferentialActControl/CMakeFiles/DifferentialActControl.dir/DifferentialActControl.cpp.o
[764/1141] Building CXX object src/modules/rover_ackermann/AckermannDriveModes/AckermannOffboardMode/CMakeFiles/AckermannOffboardMode.dir/AckermannOffboardMode.cpp.o
[765/1141] Building CXX object src/modules/rover_ackermann/AckermannPosControl/CMakeFiles/AckermannPosControl.dir/AckermannPosControl.cpp.o
[766/1141] Building CXX object src/modules/rover_ackermann/AckermannDriveModes/AckermannAutoMode/CMakeFiles/AckermannAutoMode.dir/AckermannAutoMode.cpp.o
[767/1141] Building CXX object src/modules/rover_differential/DifferentialRateControl/CMakeFiles/DifferentialRateControl.dir/DifferentialRateControl.cpp.o
[768/1141] Building CXX object src/modules/rover_differential/DifferentialAttControl/CMakeFiles/DifferentialAttControl.dir/DifferentialAttControl.cpp.o
[769/1141] Building CXX object src/modules/rc_update/CMakeFiles/modules__rc_update.dir/rc_update.cpp.o
[770/1141] Building CXX object src/modules/rover_differential/DifferentialSpeedControl/CMakeFiles/DifferentialSpeedControl.dir/DifferentialSpeedControl.cpp.o
[771/1141] Building CXX object src/modules/rover_differential/DifferentialDriveModes/DifferentialAutoMode/CMakeFiles/DifferentialAutoMode.dir/DifferentialAutoMode.cpp.o
[772/1141] Building CXX object src/modules/rover_ackermann/AckermannDriveModes/AckermannManualMode/CMakeFiles/AckermannManualMode.dir/AckermannManualMode.cpp.o
[773/1141] Building CXX object src/modules/rover_differential/DifferentialDriveModes/DifferentialOffboardMode/CMakeFiles/DifferentialOffboardMode.dir/DifferentialOffboardMode.cpp.o
[774/1141] Building CXX object src/modules/rover_differential/CMakeFiles/modules__rover_differential.dir/RoverDifferential.cpp.o
[775/1141] Building CXX object src/modules/rover_mecanum/MecanumActControl/CMakeFiles/MecanumActControl.dir/MecanumActControl.cpp.o
[776/1141] Building CXX object src/modules/rover_mecanum/MecanumAttControl/CMakeFiles/MecanumAttControl.dir/MecanumAttControl.cpp.o
[777/1141] Building CXX object src/modules/rover_mecanum/MecanumRateControl/CMakeFiles/MecanumRateControl.dir/MecanumRateControl.cpp.o
[778/1141] Building CXX object src/modules/sensors/data_validator/CMakeFiles/data_validator.dir/DataValidator.cpp.o
[779/1141] Building CXX object src/modules/rover_mecanum/MecanumDriveModes/MecanumAutoMode/CMakeFiles/MecanumAutoMode.dir/MecanumAutoMode.cpp.o
[780/1141] Building CXX object src/modules/rover_differential/DifferentialDriveModes/DifferentialManualMode/CMakeFiles/DifferentialManualMode.dir/DifferentialManualMode.cpp.o
[781/1141] Building CXX object src/modules/rover_differential/DifferentialPosControl/CMakeFiles/DifferentialPosControl.dir/DifferentialPosControl.cpp.o
[782/1141] Building CXX object src/modules/rover_mecanum/MecanumSpeedControl/CMakeFiles/MecanumSpeedControl.dir/MecanumSpeedControl.cpp.o
[783/1141] Building CXX object src/modules/rover_mecanum/MecanumDriveModes/MecanumOffboardMode/CMakeFiles/MecanumOffboardMode.dir/MecanumOffboardMode.cpp.o
[784/1141] Building CXX object src/modules/rover_mecanum/CMakeFiles/modules__rover_mecanum.dir/RoverMecanum.cpp.o
[785/1141] Building CXX object src/modules/sensors/data_validator/CMakeFiles/data_validator.dir/DataValidatorGroup.cpp.o
[786/1141] Building CXX object src/modules/rover_mecanum/MecanumDriveModes/MecanumManualMode/CMakeFiles/MecanumManualMode.dir/MecanumManualMode.cpp.o
[787/1141] Building CXX object src/modules/rover_mecanum/MecanumPosControl/CMakeFiles/MecanumPosControl.dir/MecanumPosControl.cpp.o
[788/1141] Building CXX object src/modules/sensors/vehicle_gps_position/CMakeFiles/vehicle_gps_position.dir/gps_blending.cpp.o
[789/1141] Building CXX object src/modules/sensors/CMakeFiles/modules__sensors.dir/voted_sensors_update.cpp.o
[790/1141] Building CXX object src/modules/sensors/vehicle_gps_position/CMakeFiles/vehicle_gps_position.dir/VehicleGPSPosition.cpp.o
[791/1141] Building CXX object src/modules/sensors/CMakeFiles/modules__sensors.dir/sensors.cpp.o
[792/1141] Building CXX object src/modules/simulation/battery_simulator/CMakeFiles/modules__simulation__battery_simulator.dir/BatterySimulator.cpp.o
[793/1141] Building CXX object src/modules/sensors/vehicle_acceleration/CMakeFiles/vehicle_acceleration.dir/VehicleAcceleration.cpp.o
[794/1141] Building CXX object src/modules/sensors/vehicle_air_data/CMakeFiles/vehicle_air_data.dir/VehicleAirData.cpp.o
[795/1141] Linking CXX shared library src/modules/simulation/gz_plugins/libGstCameraSystem.so
[796/1141] Linking CXX shared library src/modules/simulation/gz_plugins/libGenericMotorModelPlugin.so
[797/1141] Linking CXX shared library src/modules/simulation/gz_plugins/libBuoyancySystemPlugin.so
[798/1141] Building CXX object src/modules/replay/CMakeFiles/modules__replay.dir/Replay.cpp.o
[799/1141] Building CXX object src/modules/sensors/vehicle_magnetometer/CMakeFiles/vehicle_magnetometer.dir/VehicleMagnetometer.cpp.o
[800/1141] Building CXX object src/modules/sensors/vehicle_optical_flow/CMakeFiles/vehicle_optical_flow.dir/VehicleOpticalFlow.cpp.o
[801/1141] Building CXX object src/modules/simulation/sensor_airspeed_sim/CMakeFiles/modules__simulation__sensor_airspeed_sim.dir/SensorAirspeedSim.cpp.o
[802/1141] Building CXX object src/modules/sensors/vehicle_imu/CMakeFiles/vehicle_imu.dir/VehicleIMU.cpp.o
[803/1141] Building CXX object src/modules/simulation/sensor_agp_sim/CMakeFiles/modules__simulation__sensor_agp_sim.dir/SensorAgpSim.cpp.o
[804/1141] Building CXX object src/modules/simulation/sensor_baro_sim/CMakeFiles/modules__simulation__sensor_baro_sim.dir/SensorBaroSim.cpp.o
[805/1141] Building CXX object src/modules/simulation/pwm_out_sim/CMakeFiles/modules__simulation__pwm_out_sim.dir/PWMSim.cpp.o
[806/1141] Building CXX object src/modules/sensors/vehicle_angular_velocity/CMakeFiles/vehicle_angular_velocity.dir/VehicleAngularVelocity.cpp.o
[807/1141] Building CXX object src/modules/simulation/sensor_gps_sim/CMakeFiles/modules__simulation__sensor_gps_sim.dir/SensorGpsSim.cpp.o
[808/1141] Building CXX object src/modules/simulation/sensor_mag_sim/CMakeFiles/modules__simulation__senosr_mag_sim.dir/SensorMagSim.cpp.o
[809/1141] Building CXX object src/modules/simulation/system_power_simulator/CMakeFiles/modules__simulation__system_power_simulator.dir/SystemPowerSimulator.cpp.o
[810/1141] Building CXX object src/modules/temperature_compensation/CMakeFiles/modules__temperature_compensation.dir/temperature_calibration/baro.cpp.o
[811/1141] Building CXX object src/modules/temperature_compensation/CMakeFiles/modules__temperature_compensation.dir/TemperatureCompensationModule.cpp.o
[812/1141] Building CXX object src/modules/temperature_compensation/CMakeFiles/modules__temperature_compensation.dir/temperature_calibration/accel.cpp.o
[813/1141] Building CXX object src/modules/temperature_compensation/CMakeFiles/modules__temperature_compensation.dir/temperature_calibration/gyro.cpp.o
[814/1141] Building CXX object src/modules/temperature_compensation/CMakeFiles/modules__temperature_compensation.dir/TemperatureCompensation.cpp.o
[815/1141] Building CXX object src/modules/temperature_compensation/CMakeFiles/modules__temperature_compensation.dir/temperature_calibration/task.cpp.o
[816/1141] Building CXX object src/modules/temperature_compensation/CMakeFiles/modules__temperature_compensation.dir/temperature_calibration/mag.cpp.o
[817/1141] Building CXX object src/modules/vtol_att_control/CMakeFiles/modules__vtol_att_control.dir/tiltrotor.cpp.o
[818/1141] Building CXX object src/modules/uuv_att_control/CMakeFiles/modules__uuv_att_control.dir/uuv_att_control.cpp.o
[819/1141] Building CXX object src/modules/uuv_pos_control/CMakeFiles/modules__uuv_pos_control.dir/uuv_pos_control.cpp.o
[820/1141] Performing build step for 'OpticalFlow'
[1/7] Building CXX object CMakeFiles/OpticalFlow.dir/src/px4flow.cpp.o
[2/7] Building CXX object CMakeFiles/OpticalFlow.dir/src/optical_flow.cpp.o
[3/7] Building CXX object CMakeFiles/OpticalFlow.dir/src/flow_px4.cpp.o
[4/7] Building CXX object klt_feature_tracker/CMakeFiles/klt_feature_tracker.dir/src/trackFeatures.cpp.o
[5/7] Linking CXX static library klt_feature_tracker/libklt_feature_tracker.a
[6/7] Building CXX object CMakeFiles/OpticalFlow.dir/src/flow_opencv.cpp.o
[7/7] Linking CXX shared library libOpticalFlow.so
[821/1141] Building CXX object src/modules/vtol_att_control/CMakeFiles/modules__vtol_att_control.dir/vtol_att_control_main.cpp.o
[822/1141] Performing install step for 'OpticalFlow'
[0/1] Install the project...
-- Install configuration: ""
-- Installing: /home/car/uav_handover/uav_lab/.local/checkouts/px4-classic/build/px4_sitl_default/OpticalFlow/install/lib/libOpticalFlow.so
-- Installing: /home/car/uav_handover/uav_lab/.local/checkouts/px4-classic/build/px4_sitl_default/OpticalFlow/install/include
-- Installing: /home/car/uav_handover/uav_lab/.local/checkouts/px4-classic/build/px4_sitl_default/OpticalFlow/install/include/trackFeatures.h
-- Up-to-date: /home/car/uav_handover/uav_lab/.local/checkouts/px4-classic/build/px4_sitl_default/OpticalFlow/install/include
-- Installing: /home/car/uav_handover/uav_lab/.local/checkouts/px4-classic/build/px4_sitl_default/OpticalFlow/install/include/flow_px4.hpp
-- Installing: /home/car/uav_handover/uav_lab/.local/checkouts/px4-classic/build/px4_sitl_default/OpticalFlow/install/include/optical_flow.hpp
-- Installing: /home/car/uav_handover/uav_lab/.local/checkouts/px4-classic/build/px4_sitl_default/OpticalFlow/install/include/px4flow.hpp
-- Installing: /home/car/uav_handover/uav_lab/.local/checkouts/px4-classic/build/px4_sitl_default/OpticalFlow/install/include/flow_opencv.hpp
-- Installing: /home/car/uav_handover/uav_lab/.local/checkouts/px4-classic/build/px4_sitl_default/OpticalFlow/install/FindOpticalFlow.cmake
[823/1141] Building CXX object src/modules/vtol_att_control/CMakeFiles/modules__vtol_att_control.dir/standard.cpp.o
[824/1141] Completed 'OpticalFlow'
[825/1141] Building CXX object src/modules/vtol_att_control/CMakeFiles/modules__vtol_att_control.dir/tailsitter.cpp.o
[826/1141] Building CXX object src/systemcmds/dyn/CMakeFiles/systemcmds__dyn.dir/dyn.cpp.o
[827/1141] Building CXX object src/systemcmds/bsondump/CMakeFiles/systemcmds__bsondump.dir/bsondump.cpp.o
[828/1141] Building CXX object src/systemcmds/actuator_test/CMakeFiles/systemcmds__actuator_test.dir/actuator_test.cpp.o
[829/1141] Building CXX object src/modules/vtol_att_control/CMakeFiles/modules__vtol_att_control.dir/vtol_type.cpp.o
[830/1141] Building CXX object src/systemcmds/perf/CMakeFiles/systemcmds__perf.dir/perf.cpp.o
[831/1141] Building CXX object src/systemcmds/led_control/CMakeFiles/systemcmds__led_control.dir/led_control.cpp.o
[832/1141] Building CXX object src/systemcmds/shutdown/CMakeFiles/systemcmds__shutdown.dir/shutdown.cpp.o
[833/1141] Building CXX object src/systemcmds/failure/CMakeFiles/systemcmds__failure.dir/failure.cpp.o
[834/1141] Building CXX object src/systemcmds/sd_bench/CMakeFiles/systemcmds__sd_bench.dir/sd_bench.cpp.o
[835/1141] Building CXX object src/systemcmds/system_time/CMakeFiles/systemcmds__system_time.dir/system_time.cpp.o
[836/1141] Building CXX object src/systemcmds/param/CMakeFiles/systemcmds__param.dir/param.cpp.o
[837/1141] Building CXX object src/modules/simulation/simulator_sih/CMakeFiles/modules__simulation__simulator_sih.dir/sih.cpp.o
[838/1141] Building CXX object src/systemcmds/tests/CMakeFiles/systemcmds__tests.dir/test_atomic_bitset.cpp.o
[839/1141] Building CXX object src/systemcmds/tests/CMakeFiles/systemcmds__tests.dir/test_bitset.cpp.o
[840/1141] Building C object src/systemcmds/tests/CMakeFiles/systemcmds__tests.dir/test_file.c.o
[841/1141] Building CXX object src/systemcmds/tests/CMakeFiles/systemcmds__tests.dir/test_bson.cpp.o
[842/1141] Building C object src/systemcmds/tests/CMakeFiles/systemcmds__tests.dir/test_file2.c.o
[843/1141] Building C object src/systemcmds/tests/CMakeFiles/systemcmds__tests.dir/test_hott_telemetry.c.o
[844/1141] Building CXX object src/systemcmds/tests/CMakeFiles/systemcmds__tests.dir/test_hrt.cpp.o
[845/1141] Building CXX object src/modules/simulation/simulator_mavlink/CMakeFiles/modules__simulation__simulator_mavlink.dir/SimulatorMavlink.cpp.o
[846/1141] Building CXX object src/systemcmds/tests/CMakeFiles/systemcmds__tests.dir/test_float.cpp.o
[847/1141] Building CXX object src/systemcmds/tests/CMakeFiles/systemcmds__tests.dir/test_int.cpp.o
[848/1141] Building C object src/systemcmds/tests/CMakeFiles/systemcmds__tests.dir/test_led.c.o
[849/1141] Building CXX object src/systemcmds/tests/CMakeFiles/systemcmds__tests.dir/test_dataman.cpp.o
[850/1141] Building C object src/systemcmds/tests/CMakeFiles/systemcmds__tests.dir/test_param.c.o
[851/1141] Building CXX object src/systemcmds/tests/CMakeFiles/systemcmds__tests.dir/test_i2c_spi_cli.cpp.o
[852/1141] Building CXX object src/systemcmds/tests/CMakeFiles/systemcmds__tests.dir/test_List.cpp.o
[853/1141] Building C object src/systemcmds/tests/CMakeFiles/systemcmds__tests.dir/test_perf.c.o
[854/1141] Building CXX object src/systemcmds/tests/CMakeFiles/systemcmds__tests.dir/test_ppm.cpp.o
[855/1141] Building CXX object src/systemcmds/tests/CMakeFiles/systemcmds__tests.dir/test_IntrusiveQueue.cpp.o
[856/1141] Building CXX object src/systemcmds/tests/CMakeFiles/systemcmds__tests.dir/test_IntrusiveSortedList.cpp.o
[857/1141] Building CXX object src/modules/simulation/gz_bridge/CMakeFiles/modules__simulation__gz_bridge.dir/GZMixingInterfaceServo.cpp.o
[858/1141] Building C object src/systemcmds/tests/CMakeFiles/systemcmds__tests.dir/test_uart_baudchange.c.o
[859/1141] Building C object src/systemcmds/tests/CMakeFiles/systemcmds__tests.dir/test_sleep.c.o
[860/1141] Building C object src/systemcmds/tests/CMakeFiles/systemcmds__tests.dir/test_uart_console.c.o
[861/1141] Building CXX object src/systemcmds/tests/CMakeFiles/systemcmds__tests.dir/test_rc.cpp.o
[862/1141] Building C object src/systemcmds/tests/CMakeFiles/systemcmds__tests.dir/test_uart_loopback.c.o
[863/1141] Building C object src/systemcmds/tests/CMakeFiles/systemcmds__tests.dir/test_cli.c.o
[864/1141] Building CXX object src/systemcmds/tests/CMakeFiles/systemcmds__tests.dir/test_search_min.cpp.o
[865/1141] Building C object src/systemcmds/tests/CMakeFiles/systemcmds__tests.dir/test_uart_send.c.o
[866/1141] Building CXX object src/systemcmds/tests/CMakeFiles/systemcmds__tests.dir/test_parameters.cpp.o
[867/1141] Building CXX object src/systemcmds/tests/hrt_test/CMakeFiles/systemcmds__tests__hrt_test.dir/hrt_test_main.cpp.o
[868/1141] Building CXX object src/systemcmds/tests/hrt_test/CMakeFiles/systemcmds__tests__hrt_test.dir/hrt_test_start.cpp.o
[869/1141] Building CXX object src/systemcmds/tests/CMakeFiles/systemcmds__tests.dir/test_mathlib.cpp.o
[870/1141] Building C object src/systemcmds/tests/CMakeFiles/systemcmds__tests.dir/tests_main.c.o
[871/1141] Building CXX object src/systemcmds/tests/hrt_test/CMakeFiles/systemcmds__tests__hrt_test.dir/hrt_test.cpp.o
[872/1141] Building CXX object src/systemcmds/uorb/CMakeFiles/systemcmds__uorb.dir/uorb.cpp.o
[873/1141] Building CXX object src/systemcmds/tests/CMakeFiles/systemcmds__tests.dir/test_versioning.cpp.o
[874/1141] Building CXX object src/systemcmds/topic_listener/CMakeFiles/systemcmds__topic_listener.dir/listener_main.cpp.o
[875/1141] Building CXX object src/systemcmds/tune_control/CMakeFiles/systemcmds__tune_control.dir/tune_control.cpp.o
[876/1141] Building CXX object src/systemcmds/work_queue/CMakeFiles/systemcmds__work_queue.dir/work_queue_main.cpp.o
[877/1141] Building CXX object src/systemcmds/ver/CMakeFiles/systemcmds__ver.dir/ver.cpp.o
[878/1141] Building CXX object src/examples/hello/CMakeFiles/examples__hello.dir/hello_example.cpp.o
[879/1141] Building CXX object src/examples/hello/CMakeFiles/examples__hello.dir/hello_main.cpp.o
[880/1141] Building CXX object src/examples/hello/CMakeFiles/examples__hello.dir/hello_start.cpp.o
[881/1141] Building CXX object src/examples/px4_mavlink_debug/CMakeFiles/examples__px4_mavlink_debug.dir/px4_mavlink_debug.cpp.o
[882/1141] Building CXX object src/lib/events/CMakeFiles/events.dir/events.cpp.o
[883/1141] Building C object src/examples/px4_simple_app/CMakeFiles/examples__px4_simple_app.dir/px4_simple_app.c.o
[884/1141] Building CXX object src/lib/parameters/CMakeFiles/parameters.dir/atomic_transaction.cpp.o
[885/1141] Building CXX object src/examples/fake_gps/CMakeFiles/modules__fake_gps.dir/FakeGps.cpp.o
[886/1141] Building CXX object src/examples/fake_imu/CMakeFiles/modules__fake_imu.dir/FakeImu.cpp.o
[887/1141] Building CXX object src/examples/fake_magnetometer/CMakeFiles/examples__fake_magnetometer.dir/FakeMagnetometer.cpp.o
[888/1141] Generating combined event json file
[889/1141] Building CXX object src/lib/parameters/CMakeFiles/parameters.dir/autosave.cpp.o
[890/1141] Building CXX object src/examples/work_item/CMakeFiles/examples__work_item.dir/WorkItemExample.cpp.o
[891/1141] Building CXX object src/lib/parameters/CMakeFiles/parameters.dir/param_translation.cpp.o
[892/1141] Generating component_general.json and checksums.h
[893/1141] Building CXX object src/modules/logger/CMakeFiles/modules__logger.dir/watchdog.cpp.o
[894/1141] Building CXX object src/modules/logger/CMakeFiles/modules__logger.dir/log_writer.cpp.o
[895/1141] Building CXX object src/modules/logger/CMakeFiles/modules__logger.dir/util.cpp.o
[896/1141] Building CXX object src/modules/logger/CMakeFiles/modules__logger.dir/log_writer_mavlink.cpp.o
[897/1141] Building CXX object src/lib/parameters/CMakeFiles/parameters.dir/parameters.cpp.o
[898/1141] Building CXX object src/modules/logger/CMakeFiles/modules__logger.dir/logged_topics.cpp.o
[899/1141] Building CXX object src/modules/logger/CMakeFiles/modules__logger.dir/log_writer_file.cpp.o
[900/1141] Building C object src/modules/mavlink/CMakeFiles/modules__mavlink.dir/mavlink.c.o
[901/1141] Building CXX object src/systemcmds/tests/CMakeFiles/systemcmds__tests.dir/test_matrix.cpp.o
[902/1141] Building CXX object src/modules/mavlink/CMakeFiles/modules__mavlink.dir/mavlink_command_sender.cpp.o
[903/1141] Building CXX object src/modules/mavlink/CMakeFiles/modules__mavlink.dir/mavlink_rate_limiter.cpp.o
[904/1141] Building CXX object src/modules/mavlink/CMakeFiles/modules__mavlink.dir/mavlink_events.cpp.o
[905/1141] Building CXX object src/modules/logger/CMakeFiles/modules__logger.dir/logger.cpp.o
[906/1141] Building CXX object src/modules/mavlink/CMakeFiles/modules__mavlink.dir/mavlink_log_handler.cpp.o
[907/1141] Building CXX object src/modules/mavlink/CMakeFiles/modules__mavlink.dir/mavlink_ftp.cpp.o
[908/1141] Building CXX object src/modules/mavlink/CMakeFiles/modules__mavlink.dir/mavlink_simple_analyzer.cpp.o
[909/1141] Building CXX object src/modules/simulation/gz_bridge/CMakeFiles/modules__simulation__gz_bridge.dir/GZMixingInterfaceESC.cpp.o
[910/1141] Building CXX object src/modules/mavlink/CMakeFiles/modules__mavlink.dir/mavlink_shell.cpp.o
[911/1141] Building CXX object src/modules/simulation/gz_bridge/CMakeFiles/modules__simulation__gz_bridge.dir/GZMixingInterfaceWheel.cpp.o
[912/1141] Performing build step for 'libmicroxrceddsclient_project'
[913/1141] Performing install step for 'libmicroxrceddsclient_project'
[914/1141] Completed 'libmicroxrceddsclient_project'
[915/1141] Building CXX object src/modules/mavlink/CMakeFiles/modules__mavlink.dir/mavlink_mission.cpp.o
[916/1141] Building CXX object src/modules/mavlink/CMakeFiles/modules__mavlink.dir/tune_publisher.cpp.o
[917/1141] Building CXX object src/modules/mavlink/CMakeFiles/modules__mavlink.dir/mavlink_parameters.cpp.o
[918/1141] Linking CXX static library src/lib/parameters/libparameters.a
[919/1141] Building CXX object src/modules/mavlink/CMakeFiles/modules__mavlink.dir/mavlink_stream.cpp.o
[920/1141] Building CXX object src/modules/mavlink/CMakeFiles/modules__mavlink.dir/mavlink_ulog.cpp.o
[921/1141] Building CXX object src/modules/simulation/gz_bridge/CMakeFiles/modules__simulation__gz_bridge.dir/GZGimbal.cpp.o
[922/1141] Building CXX object src/modules/uxrce_dds_client/CMakeFiles/modules__uxrce_dds_client.dir/srv_base.cpp.o
[923/1141] ROMFS: copying extras
[924/1141] Linking CXX static library platforms/common/px4_work_queue/libpx4_work_queue.a
[925/1141] Building CXX object src/modules/uxrce_dds_client/CMakeFiles/modules__uxrce_dds_client.dir/vehicle_command_srv.cpp.o
[926/1141] Linking CXX static library platforms/common/libpx4_platform.a
[927/1141] Building CXX object src/modules/mavlink/CMakeFiles/modules__mavlink.dir/open_drone_id_translations.cpp.o
[928/1141] Linking CXX static library platforms/posix/src/px4/common/lockstep_scheduler/liblockstep_scheduler.a
[929/1141] Building CXX object src/modules/mavlink/CMakeFiles/modules__mavlink.dir/MavlinkStatustextHandler.cpp.o
[930/1141] Linking CXX static library platforms/posix/src/px4/common/px4_daemon/libpx4_daemon.a
[931/1141] Building CXX object src/modules/mavlink/CMakeFiles/modules__mavlink.dir/mavlink_timesync.cpp.o
[932/1141] Linking CXX static library platforms/posix/src/px4/common/libpx4_layer.a
[933/1141] Linking CXX static library src/lib/atmosphere/libatmosphere.a
[934/1141] Linking CXX static library src/lib/circuit_breaker/libcircuit_breaker.a
[935/1141] Linking CXX static library src/lib/adsb/libadsb.a
[936/1141] Linking CXX static library src/lib/battery/libbattery.a
[937/1141] Linking CXX static library src/lib/controllib/libcontrollib.a
[938/1141] Linking CXX static library src/lib/conversion/libconversion.a
[939/1141] Linking CXX static library src/lib/cdev/libcdev.a
[940/1141] Linking CXX static library src/lib/hysteresis/libhysteresis.a
[941/1141] Linking CXX static library src/lib/airspeed/libairspeed.a
[942/1141] Linking CXX static library src/lib/dataman_client/libdataman_client.a
[943/1141] Linking CXX static library src/lib/drivers/accelerometer/libdrivers_accelerometer.a
[944/1141] Linking CXX static library src/lib/mathlib/libmathlib.a
[945/1141] Linking CXX static library src/lib/heatshrink/libheatshrink.a
[946/1141] Linking CXX static library src/lib/drivers/gyroscope/libdrivers_gyroscope.a
[947/1141] Linking CXX static library src/lib/mixer_module/libmixer_module.a
[948/1141] Linking CXX static library src/lib/npfg/libnpfg.a
[949/1141] Linking CXX static library src/lib/collision_prevention/libCollisionPrevention.a
[950/1141] Linking CXX static library src/lib/control_allocation/control_allocation/libControlAllocation.a
[951/1141] Linking CXX static library src/lib/drivers/magnetometer/libdrivers_magnetometer.a
[952/1141] Linking CXX static library src/lib/motion_planning/libmotion_planning.a
[953/1141] Linking CXX static library src/lib/control_allocation/actuator_effectiveness/libActuatorEffectiveness.a
[954/1141] Linking CXX static library src/lib/pid/libPID.a
[955/1141] Linking CXX static library src/lib/rate_control/libRateControl.a
[956/1141] Linking CXX static library src/lib/ringbuffer/libringbuffer.a
[957/1141] Linking CXX static library src/lib/pure_pursuit/libpure_pursuit.a
[958/1141] Linking CXX static library src/lib/fw_performance_model/libperformance_model.a
[959/1141] Linking CXX static library src/lib/rc/librc.a
[960/1141] Linking CXX static library src/lib/rtl/librtl_time_estimator.a
[961/1141] Linking CXX static library src/lib/rover_control/librover_control.a
[962/1141] Linking CXX static library src/lib/stick_yaw/libStickYaw.a
[963/1141] Linking CXX static library src/lib/slew_rate/libSlewRate.a
[964/1141] Linking CXX static library src/lib/sensor_calibration/libsensor_calibration.a
[965/1141] Linking CXX static library src/lib/sticks/libSticks.a
[966/1141] Linking CXX static library src/lib/system_identification/libSystemIdentification.a
[967/1141] Linking CXX static library src/lib/systemlib/libsystemlib.a
[968/1141] Linking CXX static library src/lib/timesync/libtimesync.a
[969/1141] Building CXX object src/modules/mavlink/CMakeFiles/modules__mavlink.dir/mavlink_main.cpp.o
[970/1141] Linking CXX static library src/lib/variable_length_ringbuffer/libvariable_length_ringbuffer.a
[971/1141] Linking CXX static library src/lib/tecs/libtecs.a
[972/1141] Linking CXX static library src/lib/tunes/libtunes.a
[973/1141] Linking CXX static library src/lib/weather_vane/libWeatherVane.a
[974/1141] Linking CXX static library platforms/posix/src/px4/generic/generic/tone_alarm/libarch_tone_alarm.a
[975/1141] Linking CXX static library platforms/common/uORB/libuORB.a
[976/1141] Linking CXX static library src/drivers/osd/msp_osd/MessageDisplay/libmessage_display.a
[977/1141] Linking CXX static library src/modules/commander/failsafe/libfailsafe.a
[978/1141] Linking CXX static library src/modules/commander/Arming/ArmAuthorization/libArmAuthorization.a
[979/1141] Linking CXX static library src/modules/commander/failure_detector/libfailure_detector.a
[980/1141] Linking CXX static library src/modules/commander/MulticopterThrowLaunch/libMulticopterThrowLaunch.a
[981/1141] Linking CXX static library src/modules/flight_mode_manager/tasks/FlightTask/libFlightTask.a
[982/1141] Linking CXX static library src/modules/flight_mode_manager/tasks/AutoFollowTarget/follow_target_estimator/libfollow_target_estimator.a
[983/1141] Linking CXX static library src/modules/control_allocator/VehicleActuatorEffectiveness/libVehicleActuatorEffectiveness.a
[984/1141] Linking CXX static library src/modules/fw_mode_manager/figure_eight/libfigure_eight.a
[985/1141] Linking CXX static library src/modules/fw_mode_manager/runway_takeoff/librunway_takeoff.a
[986/1141] Linking CXX static library src/modules/fw_mode_manager/launchdetection/liblaunchdetection.a
[987/1141] Linking CXX static library src/modules/flight_mode_manager/tasks/Failsafe/libFlightTaskFailsafe.a
[988/1141] Linking CXX static library src/modules/mc_hover_thrust_estimator/libzero_order_hover_thrust_ekf.a
[989/1141] Linking CXX static library src/modules/commander/HealthAndArmingChecks/libhealth_and_arming_checks.a
[990/1141] Linking CXX static library src/modules/mc_att_control/AttitudeControl/libAttitudeControl.a
[991/1141] Linking CXX static library src/modules/flight_mode_manager/tasks/Utility/libFlightTaskUtility.a
[992/1141] Linking CXX static library src/modules/mc_pos_control/Takeoff/libTakeoff.a
[993/1141] Linking CXX static library src/modules/mc_pos_control/GotoControl/libGotoControl.a
[994/1141] Linking CXX static library src/modules/mc_pos_control/PositionControl/libPositionControl.a
[995/1141] Linking CXX static library src/modules/rover_ackermann/AckermannActControl/libAckermannActControl.a
[996/1141] Linking CXX static library src/modules/rover_ackermann/AckermannRateControl/libAckermannRateControl.a
[997/1141] Linking CXX static library src/modules/navigator/GeofenceBreachAvoidance/libgeofence_breach_avoidance.a
[998/1141] Linking CXX static library src/modules/flight_mode_manager/tasks/Auto/libFlightTaskAuto.a
[999/1141] Building CXX object platforms/posix/CMakeFiles/px4.dir/apps.cpp.o
[1000/1141] Linking CXX static library src/modules/flight_mode_manager/tasks/Transition/libFlightTaskTransition.a
[1001/1141] Linking CXX static library src/modules/flight_mode_manager/tasks/ManualAltitude/libFlightTaskManualAltitude.a
[1002/1141] Linking CXX static library src/modules/rover_ackermann/AckermannAttControl/libAckermannAttControl.a
[1003/1141] Linking CXX static library src/modules/flight_mode_manager/tasks/Descend/libFlightTaskDescend.a
[1004/1141] Building CXX object platforms/posix/CMakeFiles/px4.dir/src/px4/common/main.cpp.o
[1005/1141] Linking CXX static library src/modules/rover_ackermann/AckermannSpeedControl/libAckermannSpeedControl.a
[1006/1141] Linking CXX static library src/modules/rover_ackermann/AckermannPosControl/libAckermannPosControl.a
[1007/1141] Linking CXX static library src/modules/rover_ackermann/AckermannDriveModes/AckermannAutoMode/libAckermannAutoMode.a
[1008/1141] Linking CXX static library src/modules/flight_mode_manager/tasks/AutoFollowTarget/libFlightTaskAutoFollowTarget.a
[1009/1141] Linking CXX static library src/modules/flight_mode_manager/tasks/ManualAltitudeSmoothVel/libFlightTaskManualAltitudeSmoothVel.a
[1010/1141] Linking CXX static library src/modules/rover_ackermann/AckermannDriveModes/AckermannManualMode/libAckermannManualMode.a
[1011/1141] Linking CXX static library src/modules/rover_ackermann/AckermannDriveModes/AckermannOffboardMode/libAckermannOffboardMode.a
[1012/1141] Linking CXX static library src/modules/flight_mode_manager/tasks/ManualPosition/libFlightTaskManualPosition.a
[1013/1141] Linking CXX static library src/modules/rover_differential/DifferentialActControl/libDifferentialActControl.a
[1014/1141] Linking CXX static library src/modules/rover_differential/DifferentialRateControl/libDifferentialRateControl.a
[1015/1141] Linking CXX static library src/modules/rover_differential/DifferentialDriveModes/DifferentialAutoMode/libDifferentialAutoMode.a
[1016/1141] Linking CXX static library src/modules/flight_mode_manager/tasks/AltitudeCruise/libFlightTaskAltitudeCruise.a
[1017/1141] Linking CXX static library src/modules/rover_differential/DifferentialSpeedControl/libDifferentialSpeedControl.a
[1018/1141] Linking CXX static library src/modules/flight_mode_manager/tasks/ManualAcceleration/libFlightTaskManualAcceleration.a
[1019/1141] Linking CXX static library src/modules/rover_differential/DifferentialDriveModes/DifferentialOffboardMode/libDifferentialOffboardMode.a
[1020/1141] Linking CXX static library src/modules/rover_differential/DifferentialAttControl/libDifferentialAttControl.a
[1021/1141] Linking CXX static library src/modules/rover_differential/DifferentialPosControl/libDifferentialPosControl.a
[1022/1141] Linking CXX static library src/modules/flight_mode_manager/tasks/Orbit/libFlightTaskOrbit.a
[1023/1141] Linking CXX static library src/modules/rover_differential/DifferentialDriveModes/DifferentialManualMode/libDifferentialManualMode.a
[1024/1141] Linking CXX static library src/modules/rover_mecanum/MecanumSpeedControl/libMecanumSpeedControl.a
[1025/1141] Linking CXX static library src/modules/flight_mode_manager/tasks/ManualAccelerationSlow/libFlightTaskManualAccelerationSlow.a
[1026/1141] Linking CXX static library src/modules/rover_mecanum/MecanumActControl/libMecanumActControl.a
[1027/1141] Linking CXX static library src/modules/rover_mecanum/MecanumDriveModes/MecanumAutoMode/libMecanumAutoMode.a
[1028/1141] Linking CXX static library src/modules/rover_mecanum/MecanumRateControl/libMecanumRateControl.a
[1029/1141] Linking CXX static library src/modules/rover_mecanum/MecanumAttControl/libMecanumAttControl.a
[1030/1141] Linking CXX static library src/modules/rover_mecanum/MecanumPosControl/libMecanumPosControl.a
[1031/1141] Linking CXX static library src/modules/sensors/data_validator/libdata_validator.a
[1032/1141] Linking CXX static library src/modules/rover_mecanum/MecanumDriveModes/MecanumManualMode/libMecanumManualMode.a
[1033/1141] Linking CXX static library src/modules/rover_mecanum/MecanumDriveModes/MecanumOffboardMode/libMecanumOffboardMode.a
[1034/1141] Linking CXX static library src/modules/sensors/vehicle_optical_flow/libvehicle_optical_flow.a
[1035/1141] Linking CXX static library src/modules/sensors/vehicle_acceleration/libvehicle_acceleration.a
[1036/1141] Linking CXX static library src/modules/sensors/vehicle_angular_velocity/libvehicle_angular_velocity.a
[1037/1141] Linking CXX static library src/lib/events/libevents.a
[1038/1141] Linking CXX static library src/modules/sensors/vehicle_gps_position/libvehicle_gps_position.a
[1039/1141] Linking CXX static library src/modules/sensors/vehicle_magnetometer/libvehicle_magnetometer.a
[1040/1141] Linking CXX static library src/modules/sensors/vehicle_air_data/libvehicle_air_data.a
[1041/1141] Linking CXX static library src/modules/sensors/vehicle_imu/libvehicle_imu.a
[1042/1141] Linking CXX static library src/lib/cdev/test/liblib__cdev__test__cdev_test.a
[1043/1141] Linking CXX static library src/lib/rc/rc_tests/liblib__rc__rc_tests.a
[1044/1141] Linking CXX static library platforms/common/uORB/uORB_tests/libmodules__uORB__uORB_tests.a
[1045/1141] Linking CXX static library platforms/common/px4_work_queue/test/liblib__work_queue__test__wqueue_test.a
[1046/1141] Linking CXX static library src/drivers/osd/msp_osd/libdrivers__osd__msp_osd.a
[1047/1141] Linking CXX static library src/drivers/camera_trigger/libdrivers__camera_trigger.a
[1048/1141] Linking CXX static library src/lib/controllib/controllib_test/liblib__controllib__controllib_test.a
[1049/1141] Linking CXX static library src/drivers/tone_alarm/libdrivers__tone_alarm.a
[1050/1141] Linking CXX static library src/drivers/gnss/septentrio/libdriver__septentrio.a
[1051/1141] Linking CXX static library src/drivers/gps/libdrivers__gps.a
[1052/1141] Linking CXX static library src/modules/control_allocator/libmodules__control_allocator.a
[1053/1141] Linking CXX static library src/modules/dataman/libmodules__dataman.a
[1054/1141] Linking CXX static library src/modules/airship_att_control/libmodules__airship_att_control.a
[1055/1141] Linking CXX static library src/modules/camera_feedback/libmodules__camera_feedback.a
[1056/1141] Linking CXX static library src/modules/airspeed_selector/libmodules__airspeed_selector.a
[1057/1141] Linking CXX static library src/modules/flight_mode_manager/libmodules__flight_mode_manager.a
[1058/1141] Linking CXX static library src/modules/attitude_estimator_q/libmodules__attitude_estimator_q.a
[1059/1141] Linking CXX static library src/modules/events/libmodules__events.a
[1060/1141] Linking CXX static library src/modules/commander/libmodules__commander.a
[1061/1141] Linking CXX static library src/modules/fw_att_control/libmodules__fw_att_control.a
[1062/1141] Linking CXX static library src/modules/gyro_calibration/libmodules__gyro_calibration.a
[1063/1141] Linking CXX static library src/modules/fw_lateral_longitudinal_control/libmodules__fw_lateral_longitudinal_control.a
[1064/1141] Linking CXX static library src/modules/fw_rate_control/libmodules__fw_rate_control.a
[1065/1141] Linking CXX static library src/modules/fw_mode_manager/libmodules__fw_mode_manager.a
[1066/1141] Linking CXX static library src/modules/gimbal/libdrivers__gimbal.a
[1067/1141] Linking CXX static library src/modules/gyro_fft/libmodules__gyro_fft.a
[1068/1141] Linking CXX static library src/modules/land_detector/libmodules__land_detector.a
[1069/1141] Linking CXX static library src/modules/fw_autotune_attitude_control/libfw_autotune_attitude_control.a
[1070/1141] Linking CXX static library src/modules/ekf2/libmodules__ekf2.a
[1071/1141] Linking CXX static library src/modules/mc_att_control/libmodules__mc_att_control.a
[1072/1141] Linking CXX static library src/modules/load_mon/libmodules__load_mon.a
[1073/1141] Linking CXX static library src/modules/manual_control/libmodules__manual_control.a
[1074/1141] Linking CXX static library src/modules/landing_target_estimator/libmodules__landing_target_estimator.a
[1075/1141] Linking CXX static library src/modules/mc_autotune_attitude_control/libmc_autotune_attitude_control.a
[1076/1141] Linking CXX static library src/modules/logger/libmodules__logger.a
[1077/1141] Linking CXX static library src/modules/mag_bias_estimator/libmodules__mag_bias_estimator.a
[1078/1141] Linking CXX static library src/modules/mc_hover_thrust_estimator/libmodules__mc_hover_thrust_estimator.a
[1079/1141] Linking CXX static library src/modules/local_position_estimator/libmodules__local_position_estimator.a
[1080/1141] Linking CXX static library src/modules/mc_pos_control/libmodules__mc_pos_control.a
[1081/1141] Linking CXX static library src/modules/navigator/MissionFeasibility/libmission_feasibility_checker.a
[1082/1141] Linking CXX static library src/modules/payload_deliverer/libmodules__payload_deliverer.a
[1083/1141] Building CXX object src/modules/mavlink/CMakeFiles/modules__mavlink.dir/mavlink_receiver.cpp.o
[1084/1141] Linking CXX static library src/modules/mc_rate_control/libmodules__mc_rate_control.a
[1085/1141] Linking CXX static library src/modules/rc_update/libmodules__rc_update.a
[1086/1141] Linking CXX static library src/modules/rover_ackermann/libmodules__rover_ackermann.a
[1087/1141] Linking CXX static library src/modules/rover_differential/libmodules__rover_differential.a
[1088/1141] Linking CXX static library src/modules/simulation/battery_simulator/libmodules__simulation__battery_simulator.a
[1089/1141] Linking CXX static library src/modules/replay/libmodules__replay.a
[1090/1141] Linking CXX static library src/modules/rover_mecanum/libmodules__rover_mecanum.a
[1091/1141] Linking CXX static library src/modules/sensors/libmodules__sensors.a
[1092/1141] Linking CXX static library src/modules/simulation/sensor_airspeed_sim/libmodules__simulation__sensor_airspeed_sim.a
[1093/1141] Linking CXX static library src/modules/simulation/pwm_out_sim/libmodules__simulation__pwm_out_sim.a
[1094/1141] Linking CXX static library src/modules/simulation/sensor_agp_sim/libmodules__simulation__sensor_agp_sim.a
[1095/1141] Linking CXX static library src/modules/simulation/sensor_baro_sim/libmodules__simulation__sensor_baro_sim.a
[1096/1141] Linking CXX static library src/modules/simulation/sensor_gps_sim/libmodules__simulation__sensor_gps_sim.a
[1097/1141] Linking CXX static library src/modules/simulation/sensor_mag_sim/libmodules__simulation__senosr_mag_sim.a
[1098/1141] Linking CXX static library src/modules/simulation/system_power_simulator/libmodules__simulation__system_power_simulator.a
[1099/1141] Linking CXX static library src/modules/simulation/simulator_mavlink/libmodules__simulation__simulator_mavlink.a
[1100/1141] Linking CXX static library src/modules/simulation/simulator_sih/libmodules__simulation__simulator_sih.a
[1101/1141] Linking CXX static library src/modules/uuv_pos_control/libmodules__uuv_pos_control.a
[1102/1141] Linking CXX static library src/modules/uuv_att_control/libmodules__uuv_att_control.a
[1103/1141] Linking CXX static library src/modules/navigator/libmodules__navigator.a
[1104/1141] Linking CXX static library src/modules/temperature_compensation/libmodules__temperature_compensation.a
[1105/1141] Linking CXX static library src/systemcmds/actuator_test/libsystemcmds__actuator_test.a
[1106/1141] Linking CXX static library src/systemcmds/bsondump/libsystemcmds__bsondump.a
[1107/1141] Linking CXX static library src/systemcmds/dyn/libsystemcmds__dyn.a
[1108/1141] Linking CXX static library src/modules/vtol_att_control/libmodules__vtol_att_control.a
[1109/1141] Linking CXX static library src/systemcmds/param/libsystemcmds__param.a
[1110/1141] Linking CXX static library src/systemcmds/perf/libsystemcmds__perf.a
[1111/1141] Linking CXX static library src/systemcmds/failure/libsystemcmds__failure.a
[1112/1141] Linking CXX static library src/systemcmds/led_control/libsystemcmds__led_control.a
[1113/1141] Linking CXX static library src/systemcmds/sd_bench/libsystemcmds__sd_bench.a
[1114/1141] Linking CXX static library src/systemcmds/system_time/libsystemcmds__system_time.a
[1115/1141] Linking CXX static library src/systemcmds/shutdown/libsystemcmds__shutdown.a
[1116/1141] Linking CXX static library src/systemcmds/work_queue/libsystemcmds__work_queue.a
[1117/1141] Linking CXX static library src/systemcmds/topic_listener/libsystemcmds__topic_listener.a
[1118/1141] Linking CXX static library src/systemcmds/tune_control/libsystemcmds__tune_control.a
[1119/1141] Linking CXX static library src/systemcmds/tests/hrt_test/libsystemcmds__tests__hrt_test.a
[1120/1141] Linking CXX static library src/systemcmds/uorb/libsystemcmds__uorb.a
[1121/1141] Linking CXX static library src/examples/fake_imu/libmodules__fake_imu.a
[1122/1141] Linking CXX static library src/systemcmds/ver/libsystemcmds__ver.a
[1123/1141] Linking CXX static library src/examples/fake_gps/libmodules__fake_gps.a
[1124/1141] Linking CXX static library src/examples/hello/libexamples__hello.a
[1125/1141] Linking CXX static library src/systemcmds/tests/libsystemcmds__tests.a
[1126/1141] Linking CXX static library src/examples/fake_magnetometer/libexamples__fake_magnetometer.a
[1127/1141] Linking CXX static library src/examples/px4_simple_app/libexamples__px4_simple_app.a
[1128/1141] Linking CXX static library src/examples/px4_mavlink_debug/libexamples__px4_mavlink_debug.a
[1129/1141] Linking CXX static library src/examples/work_item/libexamples__work_item.a
[1130/1141] Building CXX object src/modules/uxrce_dds_client/CMakeFiles/modules__uxrce_dds_client.dir/uxrce_dds_client.cpp.o
[1131/1141] Linking CXX static library src/modules/uxrce_dds_client/libmodules__uxrce_dds_client.a
[1132/1141] Building CXX object src/modules/simulation/gz_bridge/CMakeFiles/modules__simulation__gz_bridge.dir/GZBridge.cpp.o
[1133/1141] Linking CXX static library src/modules/simulation/gz_bridge/libmodules__simulation__gz_bridge.a
[1134/1141] Building CXX object src/modules/simulation/gz_plugins/optical_flow/CMakeFiles/OpticalFlowSystem.dir/OpticalFlowSensor.cpp.o
[1135/1141] Building CXX object src/modules/mavlink/CMakeFiles/modules__mavlink.dir/mavlink_messages.cpp.o
[1136/1141] Linking CXX static library src/modules/mavlink/libmodules__mavlink.a
[1137/1141] Linking CXX executable bin/px4
[1138/1141] Building CXX object src/examples/dyn_hello/CMakeFiles/examples__dyn_hello.dir/hello.cpp.o
[1139/1141] Linking CXX shared library src/examples/dyn_hello/examples__dyn_hello.px4mod
[1140/1141] Building CXX object src/modules/simulation/gz_plugins/optical_flow/CMakeFiles/OpticalFlowSystem.dir/OpticalFlowSystem.cpp.o
[1141/1141] Linking CXX shared library src/modules/simulation/gz_plugins/libOpticalFlowSystem.so
make: Leaving directory '/home/car/uav_handover/uav_lab/.local/checkouts/px4-classic'
