make: Entering directory '/home/car/uav_handover/uav_lab/.local/checkouts/px4-raptor'
fatal: No names found, cannot describe anything.
-- PX4_GIT_TAG: v0.0.0
-- Found Python3: /home/car/uav_handover/uav_lab/.local/venv/bin/python3 (found version "3.12.3") found components: Interpreter 
-- PX4 config file: /home/car/uav_handover/uav_lab/.local/checkouts/px4-raptor/boards/px4/sitl/raptor.px4board
-- PLATFORM posix
-- ROMFSROOT px4fmu_common
-- TESTING y
-- ETHERNET y
-- ROOT_PATH .
-- PARAM_FILE /fs/mtd_params
-- PX4 config: px4_sitl_raptor
-- PX4 platform: posix
-- PX4 lockstep: enabled
-- The CXX compiler identification is GNU 13.3.0
-- The C compiler identification is GNU 13.3.0
-- The ASM compiler identification is GNU
-- Found assembler: /usr/bin/cc
-- Detecting CXX compiler ABI info
-- Detecting CXX compiler ABI info - done
-- Check for working CXX compiler: /usr/bin/c++ - skipped
-- Detecting CXX compile features
-- Detecting CXX compile features - done
-- Detecting C compiler ABI info
-- Detecting C compiler ABI info - done
-- Check for working C compiler: /usr/bin/cc - skipped
-- Detecting C compile features
-- Detecting C compile features - done
-- cmake build type: RelWithDebInfo
-- ccache enabled (export CCACHE_DISABLE=1 to disable)
-- Looking for gz-transport13 -- found version 13.5.0
-- Searching for dependencies of gz-transport13
-- Found Protobuf: /usr/lib/aarch64-linux-gnu/libprotobuf.so (found version "3.21.12") 
-- Config-file not installed for ZeroMQ -- checking for pkg-config
-- Checking for module 'libzmq >= 4'
--   Found libzmq, version 4.3.5
-- Found ZeroMQ: TRUE (Required is at least version "4") 
-- Checking for module 'uuid'
--   Found uuid, version 2.39.3
-- Found UUID: TRUE  
-- Looking for gz-utils2 -- found version 2.2.1
-- Searching for dependencies of gz-utils2
-- Searching for <gz-utils2> component [cli]
-- Looking for gz-utils2-cli -- found version 2.2.1
-- Searching for dependencies of gz-utils2-cli
-- Looking for gz-msgs10 -- found version 10.3.2
-- Searching for dependencies of gz-msgs10
-- Looking for gz-utils2 -- found version 2.2.1
-- Looking for gz-math7 -- found version 7.5.2
-- Searching for dependencies of gz-math7
-- Looking for gz-utils2 -- found version 2.2.1
-- Checking for module 'tinyxml2'
--   Found tinyxml2, version 10.0.0
-- Looking for gz-transport13 -- found version 13.5.0
-- Searching for dependencies of gz-transport13
-- Config-file not installed for ZeroMQ -- checking for pkg-config
-- Checking for module 'libzmq >= 4'
--   Found libzmq, version 4.3.5
-- Checking for module 'uuid'
--   Found uuid, version 2.39.3
-- Looking for gz-utils2 -- found version 2.2.1
-- Searching for dependencies of gz-utils2
-- Searching for <gz-utils2> component [cli]
-- Looking for gz-utils2-cli -- found version 2.2.1
-- Searching for dependencies of gz-utils2-cli
-- Looking for gz-msgs10 -- found version 10.3.2
-- Searching for dependencies of gz-msgs10
-- Looking for gz-utils2 -- found version 2.2.1
-- Looking for gz-math7 -- found version 7.5.2
-- Searching for dependencies of gz-math7
-- Looking for gz-utils2 -- found version 2.2.1
-- Checking for module 'tinyxml2'
--   Found tinyxml2, version 10.0.0
-- Looking for gz-sim8 -- found version 8.11.0
-- Searching for dependencies of gz-sim8
-- Looking for sdformat14 -- found version 14.9.0
-- Searching for dependencies of sdformat14
-- Looking for gz-math7 -- found version 7.5.2
-- Looking for gz-utils2 -- found version 2.2.1
-- Looking for gz-plugin2 -- found version 2.0.4
-- Searching for dependencies of gz-plugin2
-- Looking for gz-utils2 -- found version 2.2.1
-- Searching for <gz-plugin2> component [loader]
-- Looking for gz-plugin2-loader -- found version 2.0.4
-- Searching for dependencies of gz-plugin2-loader
-- Searching for <gz-plugin2> component [register]
-- Looking for gz-plugin2-register -- found version 2.0.4
-- Searching for dependencies of gz-plugin2-register
-- Looking for gz-transport13 -- found version 13.5.0
-- Searching for dependencies of gz-transport13
-- Config-file not installed for ZeroMQ -- checking for pkg-config
-- Checking for module 'libzmq >= 4'
--   Found libzmq, version 4.3.5
-- Looking for gz-utils2 -- found version 2.2.1
-- Looking for gz-msgs10 -- found version 10.3.2
-- Searching for <gz-transport13> component [log]
-- Looking for gz-transport13-log -- found version 13.5.0
-- Searching for dependencies of gz-transport13-log
-- Searching for <gz-transport13> component [parameters]
-- Looking for gz-transport13-parameters -- found version 13.5.0
-- Searching for dependencies of gz-transport13-parameters
-- Looking for gz-msgs10 -- found version 10.3.2
-- Looking for gz-common5 -- found version 5.8.0
-- Searching for dependencies of gz-common5
-- Looking for gz-utils2 -- found version 2.2.1
-- Looking for dlfcn.h - found
-- Looking for libdl - found
-- Found DL: TRUE  
-- Searching for <gz-common5> component [av]
-- Looking for gz-common5-av -- found version 5.8.0
-- Searching for dependencies of gz-common5-av
-- Checking for module 'libswscale'
--   Found libswscale, version 7.5.100
-- Found SWSCALE: TRUE  
-- Checking for module 'libavdevice >= 56.4.100'
--   Found libavdevice, version 60.3.100
-- Found AVDEVICE: TRUE (Required is at least version "56.4.100") 
-- Checking for module 'libavformat'
--   Found libavformat, version 60.16.100
-- Found AVFORMAT: TRUE  
-- Checking for module 'libavcodec'
--   Found libavcodec, version 60.31.102
-- Found AVCODEC: TRUE  
-- Checking for module 'libavutil'
--   Found libavutil, version 58.29.100
-- Found AVUTIL: TRUE  
-- Searching for <gz-common5> component [events]
-- Looking for gz-common5-events -- found version 5.8.0
-- Searching for dependencies of gz-common5-events
-- Looking for gz-math7 -- found version 7.5.2
-- Searching for <gz-common5> component [graphics]
-- Looking for gz-common5-graphics -- found version 5.8.0
-- Searching for dependencies of gz-common5-graphics
-- Looking for gz-math7 -- found version 7.5.2
-- Found GzAssimp: TRUE (found version "5.3.0") 
-- Searching for <gz-common5> component [io]
-- Looking for gz-common5-io -- found version 5.8.0
-- Searching for dependencies of gz-common5-io
-- Searching for <gz-common5> component [profiler]
-- Looking for gz-common5-profiler -- found version 5.8.0
-- Searching for dependencies of gz-common5-profiler
-- Looking for gz-fuel_tools9 -- found version 9.1.1
-- Searching for dependencies of gz-fuel_tools9
-- Found CURL: /usr/lib/aarch64-linux-gnu/libcurl.so (found version "8.5.0")  
-- Checking for module 'jsoncpp'
--   Found jsoncpp, version 1.9.5
-- Found JSONCPP: TRUE  
-- Checking for module 'yaml-0.1'
--   Found yaml-0.1, version 0.2.5
-- Found YAML: TRUE  
-- Checking for module 'libzip'
--   Found libzip, version 1.7.3
-- Found ZIP: TRUE  
-- Looking for gz-utils2 -- found version 2.2.1
-- Looking for gz-common5 -- found version 5.8.0
-- Searching for dependencies of gz-common5
-- Looking for gz-utils2 -- found version 2.2.1
-- Looking for dlfcn.h - found
-- Looking for libdl - found
-- Searching for <gz-common5> component [testing]
-- Looking for gz-common5-testing -- found version 5.8.0
-- Searching for dependencies of gz-common5-testing
-- Looking for gz-math7 -- found version 7.5.2
-- Looking for gz-msgs10 -- found version 10.3.2
-- Looking for gz-gui8 -- found version 8.4.0
-- Searching for dependencies of gz-gui8
-- Looking for gz-utils2 -- found version 2.2.1
-- Looking for gz-math7 -- found version 7.5.2
-- Looking for gz-common5 -- found version 5.8.0
-- Looking for gz-plugin2 -- found version 2.0.4
-- Looking for gz-transport13 -- found version 13.5.0
-- Looking for gz-rendering8 -- found version 8.2.3
-- Searching for dependencies of gz-rendering8
-- Looking for gz-math7 -- found version 7.5.2
-- Searching for dependencies of gz-math7
-- Looking for gz-utils2 -- found version 2.2.1
-- Searching for <gz-math7> component [eigen3]
-- Looking for gz-math7-eigen3 -- found version 7.5.2
-- Searching for dependencies of gz-math7-eigen3
-- Looking for gz-common5 -- found version 5.8.0
-- Searching for dependencies of gz-common5
-- Looking for gz-utils2 -- found version 2.2.1
-- Looking for dlfcn.h - found
-- Looking for libdl - found
-- Searching for <gz-common5> component [graphics]
-- Searching for <gz-common5> component [events]
-- Searching for <gz-common5> component [geospatial]
-- Looking for gz-common5-geospatial -- found version 5.8.0
-- Searching for dependencies of gz-common5-geospatial
-- Looking for gz-math7 -- found version 7.5.2
-- Looking for gz-common5 -- found version 5.8.0
-- Looking for gz-plugin2 -- found version 2.0.4
-- Searching for dependencies of gz-plugin2
-- Looking for gz-utils2 -- found version 2.2.1
-- Searching for <gz-plugin2> component [all]
-- Looking for all libraries of gz-plugin2 -- found version 2.0.4
-- Looking for gz-plugin2 -- found version 2.0.4
-- Looking for gz-utils2 -- found version 2.2.1
-- Found OpenGL: /usr/lib/aarch64-linux-gnu/libOpenGL.so  found components: OpenGL 
-- Looking for gz-msgs10 -- found version 10.3.2
-- Looking for gz-physics7 -- found version 7.6.0
-- Searching for dependencies of gz-physics7
-- Looking for gz-common5 -- found version 5.8.0
-- Looking for gz-math7 -- found version 7.5.2
-- Looking for gz-plugin2 -- found version 2.0.4
-- Looking for gz-utils2 -- found version 2.2.1
-- Searching for <gz-physics7> component [heightmap]
-- Looking for gz-physics7-heightmap -- found version 7.6.0
-- Searching for dependencies of gz-physics7-heightmap
-- Looking for gz-common5 -- found version 5.8.0
-- Searching for <gz-physics7> component [mesh]
-- Looking for gz-physics7-mesh -- found version 7.6.0
-- Searching for dependencies of gz-physics7-mesh
-- Looking for gz-common5 -- found version 5.8.0
-- Searching for <gz-physics7> component [sdf]
-- Looking for gz-physics7-sdf -- found version 7.6.0
-- Searching for dependencies of gz-physics7-sdf
-- Looking for sdformat14 -- found version 14.9.0
-- Looking for gz-sensors8 -- found version 8.2.2
-- Searching for dependencies of gz-sensors8
-- Looking for gz-math7 -- found version 7.5.2
-- Looking for gz-common5 -- found version 5.8.0
-- Looking for gz-transport13 -- found version 13.5.0
-- Looking for gz-rendering8 -- found version 8.2.3
-- Looking for gz-msgs10 -- found version 10.3.2
-- Looking for sdformat14 -- found version 14.9.0
-- Searching for <gz-sensors8> component [air_pressure]
-- Looking for gz-sensors8-air_pressure -- found version 8.2.2
-- Searching for dependencies of gz-sensors8-air_pressure
-- Searching for <gz-sensors8> component [air_speed]
-- Looking for gz-sensors8-air_speed -- found version 8.2.2
-- Searching for dependencies of gz-sensors8-air_speed
-- Searching for <gz-sensors8> component [altimeter]
-- Looking for gz-sensors8-altimeter -- found version 8.2.2
-- Searching for dependencies of gz-sensors8-altimeter
-- Searching for <gz-sensors8> component [imu]
-- Looking for gz-sensors8-imu -- found version 8.2.2
-- Searching for dependencies of gz-sensors8-imu
-- Searching for <gz-sensors8> component [force_torque]
-- Looking for gz-sensors8-force_torque -- found version 8.2.2
-- Searching for dependencies of gz-sensors8-force_torque
-- Searching for <gz-sensors8> component [logical_camera]
-- Looking for gz-sensors8-logical_camera -- found version 8.2.2
-- Searching for dependencies of gz-sensors8-logical_camera
-- Searching for <gz-sensors8> component [magnetometer]
-- Looking for gz-sensors8-magnetometer -- found version 8.2.2
-- Searching for dependencies of gz-sensors8-magnetometer
-- Searching for <gz-sensors8> component [navsat]
-- Looking for gz-sensors8-navsat -- found version 8.2.2
-- Searching for dependencies of gz-sensors8-navsat
-- Searching for <gz-sensors8> component [dvl]
-- Looking for gz-sensors8-dvl -- found version 8.2.2
-- Searching for dependencies of gz-sensors8-dvl
-- Looking for gz-sensors8 -- found version 8.2.2
-- Searching for dependencies of gz-sensors8
-- Looking for gz-math7 -- found version 7.5.2
-- Looking for gz-common5 -- found version 5.8.0
-- Looking for gz-transport13 -- found version 13.5.0
-- Looking for gz-rendering8 -- found version 8.2.3
-- Looking for gz-msgs10 -- found version 10.3.2
-- Looking for sdformat14 -- found version 14.9.0
-- Searching for <gz-sensors8> component [rendering]
-- Looking for gz-sensors8-rendering -- found version 8.2.2
-- Searching for dependencies of gz-sensors8-rendering
-- Searching for <gz-sensors8> component [rendering]
-- Searching for <gz-sensors8> component [lidar]
-- Looking for gz-sensors8-lidar -- found version 8.2.2
-- Searching for dependencies of gz-sensors8-lidar
-- Looking for gz-sensors8 -- found version 8.2.2
-- Searching for <gz-sensors8> component [gpu_lidar]
-- Looking for gz-sensors8-gpu_lidar -- found version 8.2.2
-- Searching for dependencies of gz-sensors8-gpu_lidar
-- Looking for gz-sensors8 -- found version 8.2.2
-- Searching for <gz-sensors8> component [camera]
-- Looking for gz-sensors8-camera -- found version 8.2.2
-- Searching for dependencies of gz-sensors8-camera
-- Looking for gz-sensors8 -- found version 8.2.2
-- Searching for <gz-sensors8> component [boundingbox_camera]
-- Looking for gz-sensors8-boundingbox_camera -- found version 8.2.2
-- Searching for dependencies of gz-sensors8-boundingbox_camera
-- Searching for <gz-sensors8> component [segmentation_camera]
-- Looking for gz-sensors8-segmentation_camera -- found version 8.2.2
-- Searching for dependencies of gz-sensors8-segmentation_camera
-- Searching for <gz-sensors8> component [depth_camera]
-- Looking for gz-sensors8-depth_camera -- found version 8.2.2
-- Searching for dependencies of gz-sensors8-depth_camera
-- Looking for gz-sensors8 -- found version 8.2.2
-- Searching for <gz-sensors8> component [rgbd_camera]
-- Looking for gz-sensors8-rgbd_camera -- found version 8.2.2
-- Searching for dependencies of gz-sensors8-rgbd_camera
-- Looking for gz-sensors8 -- found version 8.2.2
-- Searching for <gz-sensors8> component [thermal_camera]
-- Looking for gz-sensors8-thermal_camera -- found version 8.2.2
-- Searching for dependencies of gz-sensors8-thermal_camera
-- Looking for gz-sensors8 -- found version 8.2.2
-- Searching for <gz-sensors8> component [wide_angle_camera]
-- Looking for gz-sensors8-wide_angle_camera -- found version 8.2.2
-- Searching for dependencies of gz-sensors8-wide_angle_camera
-- Looking for gz-rendering8 -- found version 8.2.3
-- Looking for gz-math7 -- found version 7.5.2
-- Looking for gz-utils2 -- found version 2.2.1
-- Looking for gz-sensors8 -- found version 8.2.2
-- Looking for gz-plugin2 -- found version 2.0.4
-- Found OpenCV: /usr (found version "4.6.0") found components: core imgproc 
-- Found OpenCV: /usr (found version "4.6.0") found components: core 
-- Building klt_feature_tracker without catkin
-- Found OpenCV: /usr (found version "4.6.0") found components: opencv_calib3d opencv_core opencv_dnn opencv_features2d opencv_flann opencv_highgui opencv_imgcodecs opencv_imgproc opencv_ml opencv_objdetect opencv_photo opencv_stitching opencv_video opencv_videoio opencv_alphamat opencv_aruco opencv_barcode opencv_bgsegm opencv_bioinspired opencv_ccalib opencv_cvv opencv_datasets opencv_dnn_objdetect opencv_dnn_superres opencv_dpm opencv_face opencv_freetype opencv_fuzzy opencv_hdf opencv_hfs opencv_img_hash opencv_intensity_transform opencv_line_descriptor opencv_mcc opencv_optflow opencv_phase_unwrapping opencv_plot opencv_quality opencv_rapid opencv_reg opencv_rgbd opencv_saliency opencv_shape opencv_stereo opencv_structured_light opencv_superres opencv_surface_matching opencv_text opencv_tracking opencv_videostab opencv_viz opencv_wechat_qrcode opencv_ximgproc opencv_xobjdetect opencv_xphoto 
-- Building OpticalFlow with OpenCV
-- Found PkgConfig: /usr/bin/pkg-config (found version "1.8.1") 
-- Checking for module 'gstreamer-1.0'
--   Found gstreamer-1.0, version 1.24.2
-- Checking for module 'gstreamer-app-1.0'
--   Found gstreamer-app-1.0, version 1.24.2
-- Found Java: /usr/bin/java (found version "21.0.8") 
-- ROMFS: ROMFS/px4fmu_common
-- PX4 SITL .deb version: 0.0.0-noble (arm64)
-- Configuring done (6.1s)
-- Generating done (0.4s)
-- Build files have been written to: /home/car/uav_handover/uav_lab/.local/checkouts/px4-raptor/build/px4_sitl_raptor
[0/1221] git submodule src/modules/simulation/gz_plugins/optical_flow/PX4-OpticalFlow
[11/1221] Generating SPDX SBOM for px4_sitl_raptor
SBOM generated: /home/car/uav_handover/uav_lab/.local/checkouts/px4-raptor/build/px4_sitl_raptor/px4_sitl_raptor.sbom.spdx.json (256 packages)
[12/1221] Linking CXX static library boards/px4/sitl/src/libdrivers_board.a
[13/1221] git submodule src/drivers/gps/devices
[14/1221] Generating px4 event header file
[15/1221] git submodule src/modules/mavlink/mavlink
[17/1221] Generating actuators.json
[19/1221] Generating uORB topic headers
[19/1221] git submodule src/modules/mc_raptor/blob
[21/1221] Building CXX object src/modules/simulation/gz_msgs/CMakeFiles/px4_gz_msgs.dir/opticalflow.pb.cc.o
[23/1221] Linking CXX static library src/modules/simulation/gz_msgs/libpx4_gz_msgs.a
[24/1221] Generating Mavlink uAvionix: src/modules/mavlink/mavlink/message_definitions/v1.0/uAvionix.xml
[25/1221] Building CXX object src/modules/simulation/gz_plugins/optical_flow/PX4-OpticalFlow/CMakeFiles/OpticalFlow.dir/src/flow_px4.cpp.o
[26/1221] Building CXX object src/modules/simulation/gz_plugins/optical_flow/PX4-OpticalFlow/CMakeFiles/OpticalFlow.dir/src/px4flow.cpp.o
[26/1221] git submodule src/modules/uxrce_dds_client/Micro-XRCE-DDS-Client
[27/1221] Generating serial_params.c
[29/1221] Generating Mavlink development: src/modules/mavlink/mavlink/message_definitions/v1.0/development.xml
[30/1221] Generating uORB topic sources
[31/1221] Building CXX object src/lib/geo/CMakeFiles/geo.dir/geo.cpp.o
[32/1221] Linking CXX static library src/lib/geo/libgeo.a
[33/1221] Building CXX object src/lib/lat_lon_alt/CMakeFiles/lat_lon_alt.dir/lat_lon_alt.cpp.o
[34/1221] Linking CXX static library src/lib/lat_lon_alt/liblat_lon_alt.a
[35/1221] Building CXX object src/lib/perf/CMakeFiles/perf.dir/perf_counter.cpp.o
[36/1221] Linking CXX static library src/lib/perf/libperf.a
[37/1221] Building C object src/lib/version/CMakeFiles/version.dir/version.c.o
[38/1221] Building CXX object src/lib/tinybson/CMakeFiles/tinybson.dir/tinybson.cpp.o
[39/1221] Linking C static library src/lib/version/libversion.a
[40/1221] Building CXX object src/modules/simulation/gz_plugins/optical_flow/PX4-OpticalFlow/CMakeFiles/OpticalFlow.dir/src/flow_opencv.cpp.o
[41/1221] Linking CXX static library src/lib/tinybson/libtinybson.a
[42/1221] Building C object platforms/common/work_queue/CMakeFiles/work_queue.dir/dq_addlast.c.o
[43/1221] Building C object platforms/common/work_queue/CMakeFiles/work_queue.dir/dq_rem.c.o
[44/1221] Building CXX object src/modules/simulation/gz_plugins/template_plugin/CMakeFiles/TemplatePlugin.dir/TemplateSystem.cpp.o
[45/1221] Building C object platforms/common/work_queue/CMakeFiles/work_queue.dir/dq_remfirst.c.o
[46/1221] Building CXX object src/lib/world_magnetic_model/CMakeFiles/world_magnetic_model.dir/geo_mag_declination.cpp.o
[47/1221] Building CXX object src/lib/wind_estimator/CMakeFiles/wind_estimator.dir/WindEstimator.cpp.o
[48/1221] Building C object platforms/common/work_queue/CMakeFiles/work_queue.dir/hrt_thread.c.o
[49/1221] Building C object platforms/common/work_queue/CMakeFiles/work_queue.dir/hrt_queue.c.o
[50/1221] Linking CXX static library src/lib/world_magnetic_model/libworld_magnetic_model.a
[51/1221] Linking CXX static library src/lib/wind_estimator/libwind_estimator.a
[52/1221] Building C object platforms/common/work_queue/CMakeFiles/work_queue.dir/hrt_work_cancel.c.o
[53/1221] Building C object platforms/common/work_queue/CMakeFiles/work_queue.dir/sq_addafter.c.o
[54/1221] Building C object platforms/common/work_queue/CMakeFiles/work_queue.dir/queue.c.o
[55/1221] Building C object platforms/common/work_queue/CMakeFiles/work_queue.dir/sq_addlast.c.o
[56/1221] Building C object platforms/common/work_queue/CMakeFiles/work_queue.dir/sq_remfirst.c.o
[57/1221] Building C object platforms/common/work_queue/CMakeFiles/work_queue.dir/work_cancel.c.o
[58/1221] Building C object platforms/common/work_queue/CMakeFiles/work_queue.dir/work_lock.c.o
[59/1221] Building C object platforms/common/work_queue/CMakeFiles/work_queue.dir/work_queue.c.o
[60/1221] Building C object platforms/common/work_queue/CMakeFiles/work_queue.dir/work_thread.c.o
[61/1221] Building CXX object src/modules/commander/ModeUtil/CMakeFiles/mode_util.dir/control_mode.cpp.o
[62/1221] Building CXX object src/modules/commander/ModeUtil/CMakeFiles/mode_util.dir/mode_requirements.cpp.o
[63/1221] Linking C static library platforms/common/work_queue/libwork_queue.a
[64/1221] Building CXX object src/modules/commander/ModeUtil/CMakeFiles/mode_util.dir/setpoint_types.cpp.o
[65/1221] Linking CXX static library src/modules/commander/ModeUtil/libmode_util.a
[66/1221] Building CXX object src/modules/simulation/gz_plugins/optical_flow/PX4-OpticalFlow/klt_feature_tracker/CMakeFiles/klt_feature_tracker.dir/src/trackFeatures.cpp.o
[67/1221] Building CXX object src/modules/ekf2/EKF/CMakeFiles/ecl_EKF.dir/control.cpp.o
[68/1221] Generating uORB topic ucdr headers
[69/1221] Building CXX object src/modules/ekf2/EKF/CMakeFiles/ecl_EKF.dir/ekf.cpp.o
[70/1221] Generating uORB compressed fields
[71/1221] Building CXX object src/modules/ekf2/EKF/CMakeFiles/ecl_EKF.dir/velocity_fusion.cpp.o
[72/1221] Building CXX object src/modules/ekf2/EKF/CMakeFiles/ecl_EKF.dir/ekf_helper.cpp.o
[73/1221] Building CXX object src/modules/ekf2/EKF/CMakeFiles/ecl_EKF.dir/height_control.cpp.o
[74/1221] Building CXX object src/modules/ekf2/EKF/CMakeFiles/ecl_EKF.dir/covariance.cpp.o
[75/1221] Building CXX object msg/CMakeFiles/uorb_msgs.dir/topics_sources/action_request.cpp.o
[76/1221] Building CXX object src/modules/ekf2/EKF/CMakeFiles/ecl_EKF.dir/estimator_interface.cpp.o
[77/1221] Building CXX object src/modules/ekf2/EKF/CMakeFiles/ecl_EKF.dir/position_fusion.cpp.o
[78/1221] Building CXX object msg/CMakeFiles/uorb_msgs.dir/topics_sources/actuator_controls_status.cpp.o
[79/1221] Building CXX object msg/CMakeFiles/uorb_msgs.dir/topics_sources/actuator_servos_trim.cpp.o
[80/1221] Building CXX object msg/CMakeFiles/uorb_msgs.dir/topics_sources/actuator_armed.cpp.o
[81/1221] Building CXX object msg/CMakeFiles/uorb_msgs.dir/topics_sources/actuator_test.cpp.o
[82/1221] Building CXX object msg/CMakeFiles/uorb_msgs.dir/topics_sources/actuator_outputs.cpp.o
[83/1221] Building CXX object msg/CMakeFiles/uorb_msgs.dir/topics_sources/adc_report.cpp.o
[84/1221] Building CXX object msg/CMakeFiles/uorb_msgs.dir/topics_sources/airspeed_wind.cpp.o
[85/1221] Building CXX object msg/CMakeFiles/uorb_msgs.dir/topics_sources/airspeed.cpp.o
[86/1221] Building CXX object msg/CMakeFiles/uorb_msgs.dir/topics_sources/battery_info.cpp.o
[87/1221] Building CXX object src/modules/simulation/gz_plugins/airspeed/CMakeFiles/AirSpeedPlugin.dir/AirSpeed.cpp.o
[88/1221] Building CXX object msg/CMakeFiles/uorb_msgs.dir/topics_sources/button_event.cpp.o
[89/1221] Building CXX object msg/CMakeFiles/uorb_msgs.dir/topics_sources/autotune_attitude_control_status.cpp.o
[90/1221] Building CXX object msg/CMakeFiles/uorb_msgs.dir/topics_sources/camera_capture.cpp.o
[91/1221] Building CXX object msg/CMakeFiles/uorb_msgs.dir/topics_sources/camera_trigger.cpp.o
[92/1221] Building CXX object msg/CMakeFiles/uorb_msgs.dir/topics_sources/can_interface_status.cpp.o
[93/1221] Building CXX object msg/CMakeFiles/uorb_msgs.dir/topics_sources/camera_status.cpp.o
[94/1221] Building CXX object msg/CMakeFiles/uorb_msgs.dir/topics_sources/cellular_status.cpp.o
[95/1221] Building CXX object msg/CMakeFiles/uorb_msgs.dir/topics_sources/collision_constraints.cpp.o
[96/1221] Building CXX object msg/CMakeFiles/uorb_msgs.dir/topics_sources/dataman_request.cpp.o
[97/1221] Building CXX object msg/CMakeFiles/uorb_msgs.dir/topics_sources/cpuload.cpp.o
[98/1221] Building CXX object msg/CMakeFiles/uorb_msgs.dir/topics_sources/control_allocator_status.cpp.o
[99/1221] Building CXX object msg/CMakeFiles/uorb_msgs.dir/topics_sources/debug_key_value.cpp.o
[100/1221] Building CXX object msg/CMakeFiles/uorb_msgs.dir/topics_sources/debug_array.cpp.o
[101/1221] Building CXX object msg/CMakeFiles/uorb_msgs.dir/topics_sources/dataman_response.cpp.o
[102/1221] Building CXX object msg/CMakeFiles/uorb_msgs.dir/topics_sources/debug_vect.cpp.o
[103/1221] Building CXX object msg/CMakeFiles/uorb_msgs.dir/topics_sources/debug_value.cpp.o
[104/1221] Building CXX object msg/CMakeFiles/uorb_msgs.dir/topics_sources/device_information.cpp.o
[105/1221] Building CXX object msg/CMakeFiles/uorb_msgs.dir/topics_sources/distance_sensor.cpp.o
[106/1221] Building CXX object msg/CMakeFiles/uorb_msgs.dir/topics_sources/dronecan_node_status.cpp.o
[107/1221] Building CXX object msg/CMakeFiles/uorb_msgs.dir/topics_sources/differential_pressure.cpp.o
[108/1221] Building CXX object msg/CMakeFiles/uorb_msgs.dir/topics_sources/distance_sensor_mode_change_request.cpp.o
[109/1221] Building CXX object msg/CMakeFiles/uorb_msgs.dir/topics_sources/esc_eeprom_read.cpp.o
[110/1221] Building CXX object msg/CMakeFiles/uorb_msgs.dir/topics_sources/estimator_aid_source1d.cpp.o
[111/1221] Building CXX object msg/CMakeFiles/uorb_msgs.dir/topics_sources/esc_status.cpp.o
[112/1221] Building CXX object msg/CMakeFiles/uorb_msgs.dir/topics_sources/ekf2_timestamps.cpp.o
[113/1221] Building CXX object msg/CMakeFiles/uorb_msgs.dir/topics_sources/esc_eeprom_write.cpp.o
[114/1221] Building CXX object msg/CMakeFiles/uorb_msgs.dir/topics_sources/esc_report.cpp.o
[115/1221] Building CXX object msg/CMakeFiles/uorb_msgs.dir/topics_sources/estimator_aid_source3d.cpp.o
[116/1221] Building CXX object msg/CMakeFiles/uorb_msgs.dir/topics_sources/estimator_aid_source2d.cpp.o
[117/1221] Building CXX object msg/CMakeFiles/uorb_msgs.dir/topics_sources/estimator_bias3d.cpp.o
[118/1221] Building CXX object msg/CMakeFiles/uorb_msgs.dir/topics_sources/estimator_bias.cpp.o
[119/1221] Building CXX object msg/CMakeFiles/uorb_msgs.dir/topics_sources/estimator_event_flags.cpp.o
[120/1221] Building CXX object msg/CMakeFiles/uorb_msgs.dir/topics_sources/estimator_sensor_bias.cpp.o
[121/1221] Building CXX object msg/CMakeFiles/uorb_msgs.dir/topics_sources/estimator_fusion_control.cpp.o
[122/1221] Building CXX object msg/CMakeFiles/uorb_msgs.dir/topics_sources/estimator_gps_status.cpp.o
[123/1221] Building CXX object msg/CMakeFiles/uorb_msgs.dir/topics_sources/estimator_selector_status.cpp.o
[124/1221] Building CXX object msg/CMakeFiles/uorb_msgs.dir/topics_sources/estimator_innovations.cpp.o
[125/1221] Building CXX object src/modules/simulation/gz_plugins/optical_flow/CMakeFiles/OpticalFlowSystem.dir/OpticalFlowSensor.cpp.o
[126/1221] Building CXX object msg/CMakeFiles/uorb_msgs.dir/topics_sources/estimator_states.cpp.o
[127/1221] Building CXX object msg/CMakeFiles/uorb_msgs.dir/topics_sources/failsafe_flags.cpp.o
[128/1221] Building CXX object msg/CMakeFiles/uorb_msgs.dir/topics_sources/estimator_status.cpp.o
[129/1221] Building CXX object msg/CMakeFiles/uorb_msgs.dir/topics_sources/estimator_status_flags.cpp.o
[130/1221] Building CXX object msg/CMakeFiles/uorb_msgs.dir/topics_sources/failure_detector_status.cpp.o
[131/1221] Building CXX object msg/CMakeFiles/uorb_msgs.dir/topics_sources/figure_eight_status.cpp.o
[132/1221] Building CXX object msg/CMakeFiles/uorb_msgs.dir/topics_sources/failure_injection.cpp.o
[133/1221] Building CXX object src/modules/simulation/gz_plugins/moving_platform_controller/CMakeFiles/MovingPlatformController.dir/MovingPlatformController.cpp.o
[134/1221] Building CXX object msg/CMakeFiles/uorb_msgs.dir/topics_sources/fixed_wing_lateral_guidance_status.cpp.o
[135/1221] Building CXX object msg/CMakeFiles/uorb_msgs.dir/topics_sources/follow_target.cpp.o
[136/1221] Building CXX object msg/CMakeFiles/uorb_msgs.dir/topics_sources/flight_phase_estimation.cpp.o
[137/1221] Building CXX object msg/CMakeFiles/uorb_msgs.dir/topics_sources/follow_target_estimator.cpp.o
[138/1221] Building CXX object msg/CMakeFiles/uorb_msgs.dir/topics_sources/fixed_wing_lateral_status.cpp.o
[139/1221] Building CXX object msg/CMakeFiles/uorb_msgs.dir/topics_sources/fixed_wing_runway_control.cpp.o
[140/1221] Building CXX object msg/CMakeFiles/uorb_msgs.dir/topics_sources/follow_target_status.cpp.o
[141/1221] Building CXX object msg/CMakeFiles/uorb_msgs.dir/topics_sources/fuel_tank_status.cpp.o
[142/1221] Building CXX object msg/CMakeFiles/uorb_msgs.dir/topics_sources/generator_status.cpp.o
[143/1221] Building CXX object msg/CMakeFiles/uorb_msgs.dir/topics_sources/geofence_result.cpp.o
[144/1221] Building CXX object msg/CMakeFiles/uorb_msgs.dir/topics_sources/gimbal_device_attitude_status.cpp.o
[145/1221] Building CXX object msg/CMakeFiles/uorb_msgs.dir/topics_sources/gain_compression.cpp.o
[146/1221] Building CXX object msg/CMakeFiles/uorb_msgs.dir/topics_sources/gimbal_device_set_attitude.cpp.o
[147/1221] Building CXX object msg/CMakeFiles/uorb_msgs.dir/topics_sources/gimbal_manager_information.cpp.o
[148/1221] Building CXX object msg/CMakeFiles/uorb_msgs.dir/topics_sources/geofence_status.cpp.o
[149/1221] Building CXX object msg/CMakeFiles/uorb_msgs.dir/topics_sources/gimbal_controls.cpp.o
[150/1221] Building CXX object msg/CMakeFiles/uorb_msgs.dir/topics_sources/gimbal_device_information.cpp.o
[151/1221] Building CXX object msg/CMakeFiles/uorb_msgs.dir/topics_sources/gimbal_manager_set_attitude.cpp.o
[152/1221] Building CXX object msg/CMakeFiles/uorb_msgs.dir/topics_sources/gimbal_manager_status.cpp.o
[153/1221] Building CXX object msg/CMakeFiles/uorb_msgs.dir/topics_sources/gimbal_manager_set_manual_control.cpp.o
[154/1221] Building CXX object msg/CMakeFiles/uorb_msgs.dir/topics_sources/gpio_config.cpp.o
[155/1221] Building CXX object msg/CMakeFiles/uorb_msgs.dir/topics_sources/gpio_in.cpp.o
[156/1221] Building CXX object msg/CMakeFiles/uorb_msgs.dir/topics_sources/gps_dump.cpp.o
[157/1221] Building CXX object msg/CMakeFiles/uorb_msgs.dir/topics_sources/gripper.cpp.o
[158/1221] Building CXX object msg/CMakeFiles/uorb_msgs.dir/topics_sources/gpio_request.cpp.o
[159/1221] Building CXX object msg/CMakeFiles/uorb_msgs.dir/topics_sources/health_report.cpp.o
[160/1221] Building CXX object msg/CMakeFiles/uorb_msgs.dir/topics_sources/gps_inject_data.cpp.o
[161/1221] Building CXX object msg/CMakeFiles/uorb_msgs.dir/topics_sources/gpio_out.cpp.o
[162/1221] Building CXX object msg/CMakeFiles/uorb_msgs.dir/topics_sources/hover_thrust_estimate.cpp.o
[163/1221] Building CXX object msg/CMakeFiles/uorb_msgs.dir/topics_sources/input_rc.cpp.o
[164/1221] Building CXX object msg/CMakeFiles/uorb_msgs.dir/topics_sources/heater_status.cpp.o
[165/1221] Building CXX object msg/CMakeFiles/uorb_msgs.dir/topics_sources/internal_combustion_engine_control.cpp.o
[166/1221] Building CXX object msg/CMakeFiles/uorb_msgs.dir/topics_sources/iridiumsbd_status.cpp.o
[167/1221] Building CXX object msg/CMakeFiles/uorb_msgs.dir/topics_sources/irlock_report.cpp.o
[168/1221] Building CXX object msg/CMakeFiles/uorb_msgs.dir/topics_sources/landing_gear.cpp.o
[169/1221] Building CXX object msg/CMakeFiles/uorb_msgs.dir/topics_sources/internal_combustion_engine_status.cpp.o
[170/1221] Building CXX object msg/CMakeFiles/uorb_msgs.dir/topics_sources/led_control.cpp.o
[171/1221] Building CXX object msg/CMakeFiles/uorb_msgs.dir/topics_sources/landing_gear_wheel.cpp.o
[172/1221] Building CXX object msg/CMakeFiles/uorb_msgs.dir/topics_sources/launch_detection_status.cpp.o
[173/1221] Building CXX object msg/CMakeFiles/uorb_msgs.dir/topics_sources/log_message.cpp.o
[174/1221] Building CXX object msg/CMakeFiles/uorb_msgs.dir/topics_sources/landing_target_innovations.cpp.o
[175/1221] Building CXX object msg/CMakeFiles/uorb_msgs.dir/topics_sources/landing_target_pose.cpp.o
[176/1221] Building CXX object src/modules/simulation/gz_plugins/spacecraft_thruster/CMakeFiles/SpacecraftThrusterModelPlugin.dir/SpacecraftThrusterModel.cpp.o
[177/1221] Building CXX object msg/CMakeFiles/uorb_msgs.dir/topics_sources/mag_worker_data.cpp.o
[178/1221] Building CXX object msg/CMakeFiles/uorb_msgs.dir/topics_sources/magnetometer_bias_estimate.cpp.o
[179/1221] Building CXX object msg/CMakeFiles/uorb_msgs.dir/topics_sources/manual_control_switches.cpp.o
[180/1221] Building CXX object msg/CMakeFiles/uorb_msgs.dir/topics_sources/message_format_request.cpp.o
[181/1221] Building CXX object msg/CMakeFiles/uorb_msgs.dir/topics_sources/mavlink_tunnel.cpp.o
[182/1221] Building CXX object msg/CMakeFiles/uorb_msgs.dir/topics_sources/logger_status.cpp.o
[183/1221] Building CXX object msg/CMakeFiles/uorb_msgs.dir/topics_sources/message_format_response.cpp.o
[184/1221] Building CXX object msg/CMakeFiles/uorb_msgs.dir/topics_sources/mission.cpp.o
[185/1221] Building CXX object msg/CMakeFiles/uorb_msgs.dir/topics_sources/mavlink_log.cpp.o
[186/1221] Building CXX object msg/CMakeFiles/uorb_msgs.dir/topics_sources/mission_result.cpp.o
[187/1221] Building CXX object msg/CMakeFiles/uorb_msgs.dir/topics_sources/mount_orientation.cpp.o
[188/1221] Building CXX object msg/CMakeFiles/uorb_msgs.dir/topics_sources/navigator_mission_item.cpp.o
[189/1221] Building CXX object msg/CMakeFiles/uorb_msgs.dir/topics_sources/navigator_status.cpp.o
[190/1221] Building CXX object msg/CMakeFiles/uorb_msgs.dir/topics_sources/offboard_control_mode.cpp.o
[191/1221] Building CXX object msg/CMakeFiles/uorb_msgs.dir/topics_sources/obstacle_distance.cpp.o
[192/1221] Building CXX object msg/CMakeFiles/uorb_msgs.dir/topics_sources/neural_control.cpp.o
[193/1221] Building CXX object msg/CMakeFiles/uorb_msgs.dir/topics_sources/open_drone_id_arm_status.cpp.o
[194/1221] Building CXX object msg/CMakeFiles/uorb_msgs.dir/topics_sources/onboard_computer_status.cpp.o
[195/1221] Building CXX object msg/CMakeFiles/uorb_msgs.dir/topics_sources/open_drone_id_basic_id.cpp.o
[196/1221] Building CXX object msg/CMakeFiles/uorb_msgs.dir/topics_sources/open_drone_id_operator_id.cpp.o
[197/1221] Building CXX object msg/CMakeFiles/uorb_msgs.dir/topics_sources/normalized_unsigned_setpoint.cpp.o
[198/1221] Building CXX object msg/CMakeFiles/uorb_msgs.dir/topics_sources/orb_test.cpp.o
[199/1221] Building CXX object msg/CMakeFiles/uorb_msgs.dir/topics_sources/open_drone_id_self_id.cpp.o
[200/1221] Building CXX object msg/CMakeFiles/uorb_msgs.dir/topics_sources/open_drone_id_system.cpp.o
[201/1221] Building CXX object msg/CMakeFiles/uorb_msgs.dir/topics_sources/orb_test_large.cpp.o
[202/1221] Building CXX object src/modules/simulation/gz_plugins/gstreamer/CMakeFiles/GstCameraSystem.dir/GstCameraSystem.cpp.o
[203/1221] Building CXX object msg/CMakeFiles/uorb_msgs.dir/topics_sources/orb_test_medium.cpp.o
[204/1221] Building CXX object msg/CMakeFiles/uorb_msgs.dir/topics_sources/parameter_set_used_request.cpp.o
[205/1221] Building CXX object msg/CMakeFiles/uorb_msgs.dir/topics_sources/parameter_reset_request.cpp.o
[206/1221] Building CXX object msg/CMakeFiles/uorb_msgs.dir/topics_sources/parameter_update.cpp.o
[207/1221] Building CXX object msg/CMakeFiles/uorb_msgs.dir/topics_sources/orbit_status.cpp.o
[208/1221] Building CXX object msg/CMakeFiles/uorb_msgs.dir/topics_sources/parameter_set_value_request.cpp.o
[209/1221] Building CXX object msg/CMakeFiles/uorb_msgs.dir/topics_sources/ping.cpp.o
[210/1221] Building CXX object msg/CMakeFiles/uorb_msgs.dir/topics_sources/parameter_set_value_response.cpp.o
[211/1221] Building CXX object msg/CMakeFiles/uorb_msgs.dir/topics_sources/position_controller_landing_status.cpp.o
[212/1221] Building CXX object msg/CMakeFiles/uorb_msgs.dir/topics_sources/position_controller_status.cpp.o
[213/1221] Building CXX object msg/CMakeFiles/uorb_msgs.dir/topics_sources/power_button_state.cpp.o
[214/1221] Building CXX object msg/CMakeFiles/uorb_msgs.dir/topics_sources/position_setpoint.cpp.o
[215/1221] Building CXX object msg/CMakeFiles/uorb_msgs.dir/topics_sources/position_setpoint_triplet.cpp.o
[216/1221] Building CXX object msg/CMakeFiles/uorb_msgs.dir/topics_sources/pps_capture.cpp.o
[217/1221] Building CXX object msg/CMakeFiles/uorb_msgs.dir/topics_sources/power_monitor.cpp.o
[218/1221] Building CXX object msg/CMakeFiles/uorb_msgs.dir/topics_sources/pure_pursuit_status.cpp.o
[219/1221] Building CXX object msg/CMakeFiles/uorb_msgs.dir/topics_sources/pwm_input.cpp.o
[220/1221] Building CXX object msg/CMakeFiles/uorb_msgs.dir/topics_sources/qshell_req.cpp.o
[221/1221] Building CXX object msg/CMakeFiles/uorb_msgs.dir/topics_sources/qshell_retval.cpp.o
[222/1221] Building CXX object msg/CMakeFiles/uorb_msgs.dir/topics_sources/px4io_status.cpp.o
[223/1221] Building CXX object msg/CMakeFiles/uorb_msgs.dir/topics_sources/ranging_beacon.cpp.o
[224/1221] Building CXX object msg/CMakeFiles/uorb_msgs.dir/topics_sources/radio_status.cpp.o
[225/1221] Building CXX object msg/CMakeFiles/uorb_msgs.dir/topics_sources/rc_channels.cpp.o
[226/1221] Building CXX object msg/CMakeFiles/uorb_msgs.dir/topics_sources/route_observability.cpp.o
[227/1221] Building CXX object msg/CMakeFiles/uorb_msgs.dir/topics_sources/rc_parameter_map.cpp.o
[228/1221] Building CXX object msg/CMakeFiles/uorb_msgs.dir/topics_sources/rover_attitude_setpoint.cpp.o
[229/1221] Building CXX object msg/CMakeFiles/uorb_msgs.dir/topics_sources/rover_attitude_status.cpp.o
[230/1221] Building CXX object msg/CMakeFiles/uorb_msgs.dir/topics_sources/rate_ctrl_status.cpp.o
[231/1221] Building CXX object msg/CMakeFiles/uorb_msgs.dir/topics_sources/rover_rate_setpoint.cpp.o
[232/1221] Building CXX object msg/CMakeFiles/uorb_msgs.dir/topics_sources/rover_rate_status.cpp.o
[233/1221] Building CXX object msg/CMakeFiles/uorb_msgs.dir/topics_sources/rover_speed_setpoint.cpp.o
[234/1221] Building CXX object msg/CMakeFiles/uorb_msgs.dir/topics_sources/rover_speed_status.cpp.o
[235/1221] Building CXX object msg/CMakeFiles/uorb_msgs.dir/topics_sources/rover_position_setpoint.cpp.o
[236/1221] Building CXX object msg/CMakeFiles/uorb_msgs.dir/topics_sources/rover_steering_setpoint.cpp.o
[237/1221] Building CXX object msg/CMakeFiles/uorb_msgs.dir/topics_sources/satellite_info.cpp.o
[238/1221] Building CXX object msg/CMakeFiles/uorb_msgs.dir/topics_sources/rtl_time_estimate.cpp.o
[239/1221] Building CXX object msg/CMakeFiles/uorb_msgs.dir/topics_sources/sensor_accel.cpp.o
[240/1221] Building CXX object msg/CMakeFiles/uorb_msgs.dir/topics_sources/rpm.cpp.o
[241/1221] Building CXX object msg/CMakeFiles/uorb_msgs.dir/topics_sources/rover_throttle_setpoint.cpp.o
[242/1221] Building CXX object msg/CMakeFiles/uorb_msgs.dir/topics_sources/sensor_accel_fifo.cpp.o
[243/1221] Building CXX object msg/CMakeFiles/uorb_msgs.dir/topics_sources/rtl_status.cpp.o
[244/1221] Building CXX object msg/CMakeFiles/uorb_msgs.dir/topics_sources/sensor_airflow.cpp.o
[245/1221] Building CXX object msg/CMakeFiles/uorb_msgs.dir/topics_sources/sensor_combined.cpp.o
[246/1221] Building CXX object msg/CMakeFiles/uorb_msgs.dir/topics_sources/sensor_baro.cpp.o
[247/1221] Building CXX object msg/CMakeFiles/uorb_msgs.dir/topics_sources/sensor_correction.cpp.o
[248/1221] Building CXX object msg/CMakeFiles/uorb_msgs.dir/topics_sources/sensor_gnss_status.cpp.o
[249/1221] Building CXX object msg/CMakeFiles/uorb_msgs.dir/topics_sources/sensor_gnss_relative.cpp.o
[250/1221] Building CXX object msg/CMakeFiles/uorb_msgs.dir/topics_sources/sensor_gps.cpp.o
[251/1221] Building CXX object msg/CMakeFiles/uorb_msgs.dir/topics_sources/sensor_hygrometer.cpp.o
[252/1221] Building CXX object msg/CMakeFiles/uorb_msgs.dir/topics_sources/sensor_gyro_fft.cpp.o
[253/1221] Building CXX object msg/CMakeFiles/uorb_msgs.dir/topics_sources/sensor_gyro.cpp.o
[254/1221] Building CXX object msg/CMakeFiles/uorb_msgs.dir/topics_sources/sensor_gyro_fifo.cpp.o
[255/1221] Building CXX object msg/CMakeFiles/uorb_msgs.dir/topics_sources/sensor_selection.cpp.o
[256/1221] Building CXX object msg/CMakeFiles/uorb_msgs.dir/topics_sources/sensor_mag.cpp.o
[257/1221] Building CXX object msg/CMakeFiles/uorb_msgs.dir/topics_sources/sensor_optical_flow.cpp.o
[258/1221] Building CXX object msg/CMakeFiles/uorb_msgs.dir/topics_sources/sensor_temp.cpp.o
[259/1221] Building CXX object msg/CMakeFiles/uorb_msgs.dir/topics_sources/sensor_uwb.cpp.o
[260/1221] Building CXX object msg/CMakeFiles/uorb_msgs.dir/topics_sources/sensor_preflight_mag.cpp.o
[261/1221] Building CXX object msg/CMakeFiles/uorb_msgs.dir/topics_sources/sensors_status_imu.cpp.o
[262/1221] Building CXX object src/modules/simulation/gz_plugins/optical_flow/CMakeFiles/OpticalFlowSystem.dir/OpticalFlowSystem.cpp.o
[263/1221] Building CXX object msg/CMakeFiles/uorb_msgs.dir/topics_sources/system_power.cpp.o
[264/1221] Building CXX object msg/CMakeFiles/uorb_msgs.dir/topics_sources/tecs_status.cpp.o
[265/1221] Building CXX object msg/CMakeFiles/uorb_msgs.dir/topics_sources/task_stack_info.cpp.o
[266/1221] Building CXX object msg/CMakeFiles/uorb_msgs.dir/topics_sources/sensors_status.cpp.o
[267/1221] Building CXX object msg/CMakeFiles/uorb_msgs.dir/topics_sources/trajectory_setpoint6dof.cpp.o
[268/1221] Building CXX object msg/CMakeFiles/uorb_msgs.dir/topics_sources/timesync_status.cpp.o
[269/1221] Building CXX object msg/CMakeFiles/uorb_msgs.dir/topics_sources/tiltrotor_extra_controls.cpp.o
[270/1221] Building CXX object msg/CMakeFiles/uorb_msgs.dir/topics_sources/transponder_report.cpp.o
[271/1221] Building CXX object msg/CMakeFiles/uorb_msgs.dir/topics_sources/takeoff_status.cpp.o
[272/1221] Building CXX object msg/CMakeFiles/uorb_msgs.dir/topics_sources/tune_control.cpp.o
[273/1221] Building CXX object msg/CMakeFiles/uorb_msgs.dir/topics_sources/telemetry_status.cpp.o
[274/1221] Building CXX object msg/CMakeFiles/uorb_msgs.dir/topics_sources/uavcan_parameter_request.cpp.o
[275/1221] Building CXX object msg/CMakeFiles/uorb_msgs.dir/topics_sources/uavcan_parameter_value.cpp.o
[276/1221] Building CXX object msg/CMakeFiles/uorb_msgs.dir/topics_sources/ulog_stream_ack.cpp.o
[277/1221] Building CXX object msg/CMakeFiles/uorb_msgs.dir/topics_sources/ulog_stream.cpp.o
[278/1221] Building CXX object msg/CMakeFiles/uorb_msgs.dir/topics_sources/vehicle_constraints.cpp.o
[279/1221] Building CXX object src/modules/simulation/gz_plugins/motor_failure/CMakeFiles/MotorFailurePlugin.dir/MotorFailureSystem.cpp.o
[280/1221] Building CXX object msg/CMakeFiles/uorb_msgs.dir/topics_sources/vehicle_imu.cpp.o
[281/1221] Building CXX object msg/CMakeFiles/uorb_msgs.dir/topics_sources/vehicle_magnetometer.cpp.o
[282/1221] Building CXX object msg/CMakeFiles/uorb_msgs.dir/topics_sources/vehicle_control_mode.cpp.o
[283/1221] Building CXX object msg/CMakeFiles/uorb_msgs.dir/topics_sources/vehicle_local_position_setpoint.cpp.o
[284/1221] Building CXX object msg/CMakeFiles/uorb_msgs.dir/topics_sources/vehicle_imu_status.cpp.o
[285/1221] Building CXX object msg/CMakeFiles/uorb_msgs.dir/topics_sources/vehicle_optical_flow.cpp.o
[286/1221] Building CXX object msg/CMakeFiles/uorb_msgs.dir/topics_sources/vehicle_acceleration.cpp.o
[287/1221] Building CXX object msg/CMakeFiles/uorb_msgs.dir/topics_sources/vehicle_air_data.cpp.o
[288/1221] Building CXX object msg/CMakeFiles/uorb_msgs.dir/topics_sources/vehicle_optical_flow_vel.cpp.o
[289/1221] Building CXX object msg/CMakeFiles/uorb_msgs.dir/topics_sources/vehicle_roi.cpp.o
[290/1221] Building CXX object msg/CMakeFiles/uorb_msgs.dir/topics_sources/vehicle_torque_setpoint.cpp.o
[291/1221] Building CXX object msg/CMakeFiles/uorb_msgs.dir/topics_sources/velocity_limits.cpp.o
[292/1221] Building CXX object msg/CMakeFiles/uorb_msgs.dir/topics_sources/vehicle_thrust_setpoint.cpp.o
[293/1221] Building CXX object msg/CMakeFiles/uorb_msgs.dir/topics_sources/yaw_estimator_status.cpp.o
[294/1221] Building CXX object msg/CMakeFiles/uorb_msgs.dir/topics_sources/vtx.cpp.o
[295/1221] Building CXX object msg/CMakeFiles/uorb_msgs.dir/topics_sources/wheel_encoders.cpp.o
[296/1221] Building CXX object src/modules/simulation/gz_plugins/generic_motor/CMakeFiles/GenericMotorModelPlugin.dir/GenericMotorModel.cpp.o
[297/1221] Building CXX object msg/CMakeFiles/uorb_msgs.dir/topics_sources/actuator_motors.cpp.o
[298/1221] Building CXX object msg/CMakeFiles/uorb_msgs.dir/topics_sources/actuator_servos.cpp.o
[299/1221] Building CXX object msg/CMakeFiles/uorb_msgs.dir/topics_sources/arming_check_reply.cpp.o
[300/1221] Building CXX object msg/CMakeFiles/uorb_msgs.dir/topics_sources/airspeed_validated.cpp.o
[301/1221] Building CXX object msg/CMakeFiles/uorb_msgs.dir/topics_sources/aux_global_position.cpp.o
[302/1221] Building CXX object msg/CMakeFiles/uorb_msgs.dir/topics_sources/config_overrides.cpp.o
[303/1221] Building CXX object msg/CMakeFiles/uorb_msgs.dir/topics_sources/arming_check_request.cpp.o
[304/1221] Building CXX object msg/CMakeFiles/uorb_msgs.dir/topics_sources/fixed_wing_lateral_setpoint.cpp.o
[305/1221] Building CXX object msg/CMakeFiles/uorb_msgs.dir/topics_sources/battery_status.cpp.o
[306/1221] Building CXX object msg/CMakeFiles/uorb_msgs.dir/topics_sources/goto_setpoint.cpp.o
[307/1221] Building CXX object msg/CMakeFiles/uorb_msgs.dir/topics_sources/fixed_wing_longitudinal_setpoint.cpp.o
[308/1221] Building CXX object msg/CMakeFiles/uorb_msgs.dir/topics_sources/manual_control_setpoint.cpp.o
[309/1221] Building CXX object msg/CMakeFiles/uorb_msgs.dir/topics_sources/event.cpp.o
[310/1221] Building CXX object msg/CMakeFiles/uorb_msgs.dir/topics_sources/mode_completed.cpp.o
[311/1221] Building CXX object msg/CMakeFiles/uorb_msgs.dir/topics_sources/longitudinal_control_configuration.cpp.o
[312/1221] Building CXX object msg/CMakeFiles/uorb_msgs.dir/topics_sources/lateral_control_configuration.cpp.o
[313/1221] Building CXX object msg/CMakeFiles/uorb_msgs.dir/topics_sources/home_position.cpp.o
[314/1221] Building CXX object msg/CMakeFiles/uorb_msgs.dir/topics_sources/raptor_status.cpp.o
[315/1221] Building CXX object msg/CMakeFiles/uorb_msgs.dir/topics_sources/register_ext_component_reply.cpp.o
[316/1221] Building CXX object msg/CMakeFiles/uorb_msgs.dir/topics_sources/raptor_input.cpp.o
[317/1221] Building CXX object msg/CMakeFiles/uorb_msgs.dir/topics_sources/register_ext_component_request.cpp.o
[318/1221] Building CXX object msg/CMakeFiles/uorb_msgs.dir/topics_sources/setpoint_config.cpp.o
[319/1221] Building CXX object msg/CMakeFiles/uorb_msgs.dir/topics_sources/setpoint_config_reply.cpp.o
[320/1221] Building CXX object msg/CMakeFiles/uorb_msgs.dir/topics_sources/vehicle_angular_velocity.cpp.o
[321/1221] Building CXX object msg/CMakeFiles/uorb_msgs.dir/topics_sources/vehicle_attitude.cpp.o
[322/1221] Building CXX object msg/CMakeFiles/uorb_msgs.dir/topics_sources/unregister_ext_component.cpp.o
[323/1221] Building CXX object msg/CMakeFiles/uorb_msgs.dir/topics_sources/vehicle_attitude_setpoint.cpp.o
[324/1221] Building CXX object msg/CMakeFiles/uorb_msgs.dir/topics_sources/vehicle_command.cpp.o
[325/1221] Building CXX object msg/CMakeFiles/uorb_msgs.dir/topics_sources/vehicle_global_position.cpp.o
[326/1221] Building CXX object msg/CMakeFiles/uorb_msgs.dir/topics_sources/vehicle_command_ack.cpp.o
[327/1221] Building CXX object msg/CMakeFiles/uorb_msgs.dir/topics_sources/vehicle_rates_setpoint.cpp.o
[328/1221] Building CXX object msg/CMakeFiles/uorb_msgs.dir/topics_sources/trajectory_setpoint.cpp.o
[329/1221] Building CXX object msg/CMakeFiles/uorb_msgs.dir/topics_sources/vehicle_land_detected.cpp.o
[330/1221] Building CXX object msg/CMakeFiles/uorb_msgs.dir/topics_sources/vehicle_local_position.cpp.o
[331/1221] Building CXX object msg/CMakeFiles/uorb_msgs.dir/topics_sources/vehicle_odometry.cpp.o
[332/1221] Building CXX object msg/CMakeFiles/uorb_msgs.dir/topics_sources/vehicle_status.cpp.o
[333/1221] Building CXX object msg/CMakeFiles/uorb_msgs.dir/topics_sources/vtol_vehicle_status.cpp.o
[334/1221] Building CXX object msg/CMakeFiles/uorb_msgs.dir/topics_sources/vte_input.cpp.o
[335/1221] Building CXX object msg/CMakeFiles/uorb_msgs.dir/topics_sources/detect_and_avoid.cpp.o
[336/1221] Building CXX object msg/CMakeFiles/uorb_msgs.dir/topics_sources/vte_position.cpp.o
[337/1221] Building CXX object msg/CMakeFiles/uorb_msgs.dir/topics_sources/wind.cpp.o
[338/1221] Building CXX object msg/CMakeFiles/uorb_msgs.dir/topics_sources/vte_aid_source1d.cpp.o
[339/1221] Building CXX object msg/CMakeFiles/uorb_msgs.dir/topics_sources/target_gnss.cpp.o
[340/1221] Building CXX object msg/CMakeFiles/uorb_msgs.dir/topics_sources/vte_orientation.cpp.o
[341/1221] Building CXX object msg/CMakeFiles/uorb_msgs.dir/topics_sources/uORBMessageFieldsGenerated.cpp.o
[342/1221] Building CXX object msg/CMakeFiles/uorb_msgs.dir/topics_sources/detect_and_avoid_most_urgent.cpp.o
[343/1221] Building CXX object msg/CMakeFiles/uorb_msgs.dir/topics_sources/uORBTopics.cpp.o
[344/1221] Building CXX object msg/CMakeFiles/uorb_msgs.dir/topics_sources/vte_bias_init_status.cpp.o
[345/1221] Building CXX object msg/CMakeFiles/uorb_msgs.dir/topics_sources/fiducial_marker_pos_report.cpp.o
[346/1221] Building CXX object msg/CMakeFiles/uorb_msgs.dir/topics_sources/fiducial_marker_yaw_report.cpp.o
[347/1221] Building CXX object msg/CMakeFiles/uorb_msgs.dir/topics_sources/vte_aid_source3d.cpp.o
[348/1221] Building CXX object msg/CMakeFiles/uorb_msgs.dir/topics_sources/prec_land_status.cpp.o
[349/1221] Building CXX object src/modules/ekf2/EKF/CMakeFiles/ecl_EKF.dir/aid_sources/ZeroGyroUpdate.cpp.o
[350/1221] Building CXX object src/modules/ekf2/EKF/CMakeFiles/ecl_EKF.dir/imu_down_sampler/imu_down_sampler.cpp.o
[351/1221] Building CXX object src/modules/ekf2/EKF/CMakeFiles/ecl_EKF.dir/aid_sources/auxvel/auxvel_fusion.cpp.o
[352/1221] Linking CXX static library msg/libuorb_msgs.a
[353/1221] Building CXX object src/modules/ekf2/EKF/CMakeFiles/ecl_EKF.dir/aid_sources/ZeroVelocityUpdate.cpp.o
[354/1221] Building CXX object src/modules/ekf2/EKF/CMakeFiles/ecl_EKF.dir/yaw_fusion.cpp.o
[355/1221] Building CXX object src/modules/ekf2/EKF/CMakeFiles/ecl_EKF.dir/aid_sources/fake_height_control.cpp.o
[356/1221] Building CXX object src/modules/ekf2/EKF/CMakeFiles/ecl_EKF.dir/aid_sources/fake_pos_control.cpp.o
[357/1221] Building CXX object src/modules/ekf2/EKF/CMakeFiles/ecl_EKF.dir/aid_sources/external_vision/ev_height_control.cpp.o
[358/1221] Building CXX object src/modules/ekf2/EKF/CMakeFiles/ecl_EKF.dir/aid_sources/barometer/baro_height_control.cpp.o
[359/1221] Building CXX object src/modules/simulation/gz_plugins/buoyancy/CMakeFiles/BuoyancySystemPlugin.dir/BuoyancySystem.cpp.o
[360/1221] Building CXX object src/modules/ekf2/EKF/CMakeFiles/ecl_EKF.dir/aid_sources/airspeed/airspeed_fusion.cpp.o
[361/1221] Building CXX object src/modules/ekf2/EKF/CMakeFiles/ecl_EKF.dir/aid_sources/drag/drag_fusion.cpp.o
[362/1221] Building CXX object src/modules/ekf2/EKF/CMakeFiles/ecl_EKF.dir/aid_sources/external_vision/ev_yaw_control.cpp.o
[363/1221] Building CXX object src/modules/ekf2/EKF/CMakeFiles/ecl_EKF.dir/aid_sources/external_vision/ev_control.cpp.o
[364/1221] Building CXX object src/modules/ekf2/EKF/CMakeFiles/ecl_EKF.dir/aid_sources/gnss/gnss_yaw_control.cpp.o
[365/1221] Building CXX object src/modules/ekf2/EKF/CMakeFiles/ecl_EKF.dir/aid_sources/external_vision/ev_vel_control.cpp.o
[366/1221] Building CXX object src/modules/ekf2/EKF/CMakeFiles/ecl_EKF.dir/aid_sources/range_finder/range_finder_consistency_check.cpp.o
[367/1221] Building CXX object src/modules/ekf2/EKF/CMakeFiles/ecl_EKF.dir/aid_sources/gnss/gnss_height_control.cpp.o
[368/1221] Building CXX object src/modules/ekf2/EKF/CMakeFiles/ecl_EKF.dir/aid_sources/external_vision/ev_pos_control.cpp.o
[369/1221] Building CXX object src/modules/ekf2/EKF/CMakeFiles/ecl_EKF.dir/aid_sources/gnss/gnss_checks.cpp.o
[370/1221] Building CXX object src/modules/ekf2/EKF/CMakeFiles/ecl_EKF.dir/aid_sources/gravity/gravity_fusion.cpp.o
[371/1221] Linking CXX static library src/modules/simulation/gz_plugins/optical_flow/PX4-OpticalFlow/klt_feature_tracker/libklt_feature_tracker.a
[372/1221] Building CXX object src/modules/ekf2/EKF/CMakeFiles/ecl_EKF.dir/aid_sources/range_finder/sensor_range_finder.cpp.o
[373/1221] Building CXX object src/modules/ekf2/EKF/CMakeFiles/ecl_EKF.dir/aid_sources/range_finder/range_height_control.cpp.o
[374/1221] Building CXX object src/modules/ekf2/EKF/CMakeFiles/ecl_EKF.dir/aid_sources/gnss/gps_control.cpp.o
[375/1221] Building CXX object src/modules/ekf2/EKF/CMakeFiles/ecl_EKF.dir/aid_sources/optical_flow/optical_flow_fusion.cpp.o
[376/1221] Linking CXX shared library src/modules/simulation/gz_plugins/libOpticalFlow.so
[377/1221] Building CXX object src/modules/ekf2/EKF/CMakeFiles/ecl_EKF.dir/aid_sources/magnetometer/mag_fusion.cpp.o
[378/1221] Building CXX object src/modules/ekf2/EKF/CMakeFiles/ecl_EKF.dir/aid_sources/range_finder/range_height_fusion.cpp.o
[379/1221] Building CXX object src/modules/ekf2/EKF/CMakeFiles/ecl_EKF.dir/terrain_control.cpp.o
[380/1221] Building CXX object src/modules/ekf2/EKF/CMakeFiles/ecl_EKF.dir/aid_sources/ranging_beacon/ranging_beacon_control.cpp.o
[381/1221] Building CXX object src/modules/ekf2/EKF/bias_estimator/CMakeFiles/bias_estimator.dir/bias_estimator.cpp.o
[382/1221] Linking CXX shared library src/modules/simulation/gz_plugins/libTemplatePlugin.so
[383/1221] Building CXX object src/modules/ekf2/EKF/CMakeFiles/ecl_EKF.dir/wind.cpp.o
[384/1221] Creating directories for 'libmicroxrceddsclient_project'
[385/1221] Linking CXX shared library src/modules/simulation/gz_plugins/libMovingPlatformController.so
[386/1221] No download step for 'libmicroxrceddsclient_project'
[387/1221] Linking CXX shared library src/modules/simulation/gz_plugins/libGenericMotorModelPlugin.so
[388/1221] Linking CXX shared library src/modules/simulation/gz_plugins/libGstCameraSystem.so
[389/1221] Building CXX object src/modules/ekf2/EKF/CMakeFiles/ecl_EKF.dir/aid_sources/sideslip/sideslip_fusion.cpp.o
[390/1221] Linking CXX static library src/modules/ekf2/EKF/bias_estimator/libbias_estimator.a
[391/1221] Linking CXX shared library src/modules/simulation/gz_plugins/libOpticalFlowSystem.so
[392/1221] No update step for 'libmicroxrceddsclient_project'
[393/1221] Generating ../romfs_files.tar
[394/1221] Linking CXX shared library src/modules/simulation/gz_plugins/libSpacecraftThrusterModelPlugin.so
[395/1221] No patch step for 'libmicroxrceddsclient_project'
[396/1221] Linking CXX shared library src/modules/simulation/gz_plugins/libAirSpeedPlugin.so
[397/1221] Linking CXX shared library src/modules/simulation/gz_plugins/libBuoyancySystemPlugin.so
[398/1221] Building CXX object src/modules/ekf2/EKF/CMakeFiles/ecl_EKF.dir/aid_sources/magnetometer/mag_control.cpp.o
[399/1221] Linking CXX shared library src/modules/simulation/gz_plugins/libMotorFailurePlugin.so
[400/1221] Building CXX object src/modules/ekf2/EKF/CMakeFiles/ecl_EKF.dir/aid_sources/optical_flow/optical_flow_control.cpp.o
[401/1221] Generating px4 event json file from source
[402/1221] Building CXX object src/modules/ekf2/EKF/output_predictor/CMakeFiles/output_predictor.dir/output_predictor.cpp.o
[403/1221] Building CXX object src/modules/ekf2/EKF/yaw_estimator/CMakeFiles/yaw_estimator.dir/EKFGSF_yaw.cpp.o
[404/1221] Performing configure step for 'libmicroxrceddsclient_project'
[405/1221] Linking CXX static library src/modules/ekf2/EKF/output_predictor/liboutput_predictor.a
[406/1221] Linking CXX static library src/modules/ekf2/EKF/yaw_estimator/libyaw_estimator.a
[407/1221] Generating combined event json file
[408/1221] Linking CXX static library src/modules/ekf2/EKF/libecl_EKF.a
[409/1221] Generating parameters.xml
[410/1221] ROMFS: copying, generating airframes
[411/1221] Generating component_general.json and checksums.h
[412/1221] Generating px4_parameters.hpp
[413/1221] ROMFS: copying extras
[414/1221] Building CXX object src/lib/cdev/test/CMakeFiles/lib__cdev__test__cdev_test.dir/cdevtest_start.cpp.o
[415/1221] Building CXX object src/lib/circuit_breaker/CMakeFiles/circuit_breaker.dir/circuit_breaker.cpp.o
[416/1221] Building CXX object src/lib/cdev/test/CMakeFiles/lib__cdev__test__cdev_test.dir/cdevtest_main.cpp.o
[417/1221] Building CXX object src/lib/adsb/CMakeFiles/adsb.dir/DaaActionPolicy.cpp.o
[418/1221] Building CXX object src/lib/adsb/CMakeFiles/adsb.dir/DaaEncodedId.cpp.o
[419/1221] Building CXX object src/lib/cdev/CMakeFiles/cdev.dir/CDev.cpp.o
[420/1221] Building CXX object src/lib/cdev/test/CMakeFiles/lib__cdev__test__cdev_test.dir/cdevtest_example.cpp.o
[421/1221] Building CXX object src/lib/cdev/CMakeFiles/cdev.dir/posix/cdev_platform.cpp.o
[422/1221] Building CXX object src/lib/airspeed/CMakeFiles/airspeed.dir/airspeed.cpp.o
[423/1221] Building CXX object src/lib/adsb/CMakeFiles/adsb.dir/ConflictTracker.cpp.o
[424/1221] Building CXX object src/lib/atmosphere/CMakeFiles/atmosphere.dir/atmosphere.cpp.o
[425/1221] Building CXX object src/lib/controllib/CMakeFiles/controllib.dir/block/Block.cpp.o
[426/1221] Building CXX object src/lib/adsb/CMakeFiles/adsb.dir/AdsbConflict.cpp.o
[427/1221] Building CXX object src/lib/controllib/CMakeFiles/controllib.dir/block/BlockParam.cpp.o
[428/1221] Building CXX object src/lib/control_allocation/actuator_effectiveness/CMakeFiles/ActuatorEffectiveness.dir/ActuatorEffectiveness.cpp.o
[429/1221] Building CXX object src/lib/adsb/CMakeFiles/adsb.dir/f3442_standard/DaaF3442.cpp.o
[430/1221] Building CXX object src/lib/control_allocation/control_allocation/CMakeFiles/ControlAllocation.dir/ControlAllocation.cpp.o
[431/1221] Building CXX object src/lib/collision_prevention/CMakeFiles/CollisionPrevention.dir/ObstacleMath.cpp.o
[432/1221] Building CXX object src/lib/controllib/CMakeFiles/controllib.dir/BlockHighPass.cpp.o
[433/1221] Building CXX object src/lib/controllib/CMakeFiles/controllib.dir/BlockDerivative.cpp.o
[434/1221] Building CXX object src/lib/controllib/CMakeFiles/controllib.dir/BlockIntegral.cpp.o
[435/1221] Building CXX object src/lib/controllib/CMakeFiles/controllib.dir/BlockIntegralTrap.cpp.o
[436/1221] Building CXX object src/lib/controllib/CMakeFiles/controllib.dir/BlockLimit.cpp.o
[437/1221] Building CXX object src/lib/control_allocation/control_allocation/CMakeFiles/ControlAllocation.dir/ControlAllocationSequentialDesaturation.cpp.o
[438/1221] Building CXX object src/lib/battery/CMakeFiles/battery.dir/battery.cpp.o
[439/1221] Building CXX object src/lib/controllib/CMakeFiles/controllib.dir/BlockLimitSym.cpp.o
[440/1221] Building CXX object src/lib/control_allocation/control_allocation/CMakeFiles/ControlAllocation.dir/ControlAllocationPseudoInverse.cpp.o
[441/1221] Building CXX object src/lib/controllib/CMakeFiles/controllib.dir/BlockLowPass.cpp.o
[442/1221] Building CXX object src/lib/dijkstra/CMakeFiles/dijkstra.dir/dijkstra.cpp.o
[443/1221] Building CXX object src/lib/drivers/barometer/CMakeFiles/drivers_barometer.dir/PX4Barometer.cpp.o
[444/1221] Building CXX object src/lib/hysteresis/CMakeFiles/hysteresis.dir/hysteresis.cpp.o
[445/1221] Building CXX object src/lib/controllib/CMakeFiles/controllib.dir/BlockLowPass2.cpp.o
[446/1221] Building CXX object src/lib/conversion/CMakeFiles/conversion.dir/rotation.cpp.o
[447/1221] Building C object src/lib/heatshrink/CMakeFiles/heatshrink.dir/heatshrink/heatshrink_decoder.c.o
[448/1221] Building CXX object src/lib/drivers/accelerometer/CMakeFiles/drivers_accelerometer.dir/PX4Accelerometer.cpp.o
[449/1221] Building CXX object src/lib/collision_prevention/CMakeFiles/CollisionPrevention.dir/CollisionPrevention.cpp.o
[450/1221] Building CXX object src/lib/gnss/CMakeFiles/gnss.dir/rtcm.cpp.o
[451/1221] Building CXX object src/lib/drivers/rangefinder/CMakeFiles/drivers_rangefinder.dir/PX4Rangefinder.cpp.o
[452/1221] Building CXX object src/lib/failure_injection/CMakeFiles/failure_injection.dir/FailureInjection.cpp.o
[453/1221] Building CXX object src/lib/drivers/magnetometer/CMakeFiles/drivers_magnetometer.dir/PX4Magnetometer.cpp.o
[454/1221] Building CXX object src/lib/drivers/gyroscope/CMakeFiles/drivers_gyroscope.dir/PX4Gyroscope.cpp.o
[455/1221] Building CXX object src/lib/dataman_client/CMakeFiles/dataman_client.dir/DatamanClient.cpp.o
[456/1221] Building CXX object src/lib/mathlib/CMakeFiles/mathlib.dir/math/test/test.cpp.o
[457/1221] Building CXX object src/lib/motion_planning/CMakeFiles/motion_planning.dir/HeadingSmoothing.cpp.o
[458/1221] Building CXX object src/lib/controllib/controllib_test/CMakeFiles/lib__controllib__controllib_test.dir/controllib_test_main.cpp.o
[459/1221] Building CXX object src/lib/motion_planning/CMakeFiles/motion_planning.dir/ManualVelocitySmoothingXY.cpp.o
[460/1221] Building CXX object src/lib/mixer_module/CMakeFiles/mixer_module.dir/actuator_test.cpp.o
[461/1221] Building CXX object src/lib/motion_planning/CMakeFiles/motion_planning.dir/ManualVelocitySmoothingZ.cpp.o
[462/1221] Building CXX object src/lib/motion_planning/CMakeFiles/motion_planning.dir/VelocitySmoothing.cpp.o
[463/1221] Building CXX object src/lib/geofence/CMakeFiles/geofence_utils.dir/geofence_utils.cpp.o
[464/1221] Building CXX object src/lib/npfg/CMakeFiles/npfg.dir/AirspeedDirectionController.cpp.o
[465/1221] Building CXX object src/lib/npfg/CMakeFiles/npfg.dir/CourseToAirspeedRefMapper.cpp.o
[466/1221] Building CXX object src/lib/pid/CMakeFiles/PID.dir/PID.cpp.o
[467/1221] Building CXX object src/lib/rc/CMakeFiles/rc.dir/crsf.cpp.o
[468/1221] Building CXX object src/lib/npfg/CMakeFiles/npfg.dir/DirectionalGuidance.cpp.o
[469/1221] Building CXX object src/lib/rc/CMakeFiles/rc.dir/sumd.cpp.o
[470/1221] Building CXX object src/lib/rc/CMakeFiles/rc.dir/common_rc.cpp.o
[471/1221] Building CXX object src/lib/pure_pursuit/CMakeFiles/pure_pursuit.dir/PurePursuit.cpp.o
[472/1221] Building CXX object src/lib/fw_performance_model/CMakeFiles/performance_model.dir/PerformanceModel.cpp.o
[473/1221] Building CXX object src/lib/rc/CMakeFiles/rc.dir/st24.cpp.o
[474/1221] Building CXX object src/lib/rc/CMakeFiles/rc.dir/ghst.cpp.o
[475/1221] Building CXX object src/lib/motion_planning/CMakeFiles/motion_planning.dir/PositionSmoothing.cpp.o
[476/1221] Building CXX object src/lib/rate_control/CMakeFiles/RateControl.dir/rate_control.cpp.o
[477/1221] Building CXX object src/lib/rate_control/CMakeFiles/RateControl.dir/gain_compression.cpp.o
[478/1221] Building CXX object src/lib/rc/CMakeFiles/rc.dir/sbus.cpp.o
[479/1221] Building CXX object src/lib/slew_rate/CMakeFiles/SlewRate.dir/dummy.cpp.o
[480/1221] Building CXX object src/lib/rc/rc_tests/CMakeFiles/lib__rc__rc_tests.dir/RCTest.cpp.o
[481/1221] Building CXX object src/lib/ringbuffer/CMakeFiles/ringbuffer.dir/Ringbuffer.cpp.o
[482/1221] Building CXX object src/lib/rc/CMakeFiles/rc.dir/dsm.cpp.o
[483/1221] Building CXX object src/lib/systemlib/CMakeFiles/systemlib.dir/mavlink_log.cpp.o
[484/1221] Building CXX object src/lib/sensor_calibration/CMakeFiles/sensor_calibration.dir/Barometer.cpp.o
[485/1221] Building CXX object src/lib/rover_control/CMakeFiles/rover_control.dir/RoverControl.cpp.o
[486/1221] Building CXX object src/lib/tunes/CMakeFiles/tunes.dir/default_tunes.cpp.o
[487/1221] Building CXX object src/lib/mixer_module/CMakeFiles/mixer_module.dir/mixer_module.cpp.o
[488/1221] Building CXX object src/lib/sensor_calibration/CMakeFiles/sensor_calibration.dir/Utilities.cpp.o
[489/1221] Building CXX object src/lib/sensor_calibration/CMakeFiles/sensor_calibration.dir/Accelerometer.cpp.o
[490/1221] Building CXX object platforms/posix/src/px4/common/CMakeFiles/px4_layer.dir/px4_posix_impl.cpp.o
[491/1221] Building CXX object src/lib/sensor_calibration/CMakeFiles/sensor_calibration.dir/Gyroscope.cpp.o
[492/1221] Building CXX object src/lib/variable_length_ringbuffer/CMakeFiles/variable_length_ringbuffer.dir/VariableLengthRingbuffer.cpp.o
[493/1221] Building CXX object src/lib/timesync/CMakeFiles/timesync.dir/Timesync.cpp.o
[494/1221] Building CXX object src/lib/system_identification/CMakeFiles/SystemIdentification.dir/system_identification.cpp.o
[495/1221] Building CXX object src/lib/sticks/CMakeFiles/Sticks.dir/Sticks.cpp.o
[496/1221] Building CXX object platforms/posix/src/px4/common/CMakeFiles/px4_layer.dir/px4_init.cpp.o
[497/1221] Building CXX object platforms/posix/src/px4/common/CMakeFiles/px4_layer.dir/__/__/__/__/common/module_base.cpp.o
[498/1221] Building CXX object src/lib/rtl/CMakeFiles/rtl_time_estimator.dir/rtl_time_estimator.cpp.o
[499/1221] Building CXX object platforms/posix/src/px4/common/CMakeFiles/px4_layer.dir/cpuload.cpp.o
[500/1221] Building CXX object src/lib/stick_yaw/CMakeFiles/StickYaw.dir/StickYaw.cpp.o
[501/1221] Building CXX object platforms/posix/src/px4/common/CMakeFiles/px4_layer.dir/px4_sem.cpp.o
[502/1221] Building C object platforms/posix/src/px4/common/CMakeFiles/px4_layer.dir/lib_crc32.c.o
[503/1221] Building CXX object src/lib/sensor_calibration/CMakeFiles/sensor_calibration.dir/Magnetometer.cpp.o
[504/1221] Building CXX object platforms/posix/src/px4/common/CMakeFiles/px4_layer.dir/__/__/__/__/common/Serial.cpp.o
[505/1221] Building CXX object src/lib/tunes/CMakeFiles/tunes.dir/tunes.cpp.o
[506/1221] Building CXX object platforms/posix/src/px4/common/CMakeFiles/px4_layer.dir/print_load.cpp.o
[507/1221] Building CXX object src/lib/tecs/CMakeFiles/tecs.dir/TECS.cpp.o
[508/1221] Building C object platforms/common/CMakeFiles/px4_platform.dir/board_common.c.o
[509/1221] Building CXX object platforms/posix/src/px4/common/CMakeFiles/px4_layer.dir/tasks.cpp.o
[510/1221] Building CXX object platforms/posix/src/px4/generic/generic/tone_alarm/CMakeFiles/arch_tone_alarm.dir/ToneAlarmInterface.cpp.o
[511/1221] Building CXX object platforms/posix/src/px4/common/CMakeFiles/px4_layer.dir/SerialImpl.cpp.o
[512/1221] Building C object platforms/common/CMakeFiles/px4_platform.dir/board_identity.c.o
[513/1221] Building CXX object src/lib/weather_vane/CMakeFiles/WeatherVane.dir/WeatherVane.cpp.o
[514/1221] Building CXX object platforms/common/CMakeFiles/px4_platform.dir/external_reset_lockout.cpp.o
[515/1221] Building CXX object platforms/common/CMakeFiles/px4_platform.dir/i2c.cpp.o
[516/1221] Building CXX object platforms/posix/src/px4/common/px4_daemon/CMakeFiles/px4_daemon.dir/sock_protocol.cpp.o
[517/1221] Building CXX object platforms/posix/src/px4/common/lockstep_scheduler/CMakeFiles/lockstep_scheduler.dir/src/lockstep_components.cpp.o
[518/1221] Building CXX object platforms/posix/src/px4/common/px4_daemon/CMakeFiles/px4_daemon.dir/server_io.cpp.o
[519/1221] Building C object platforms/common/CMakeFiles/px4_platform.dir/px4_getopt.c.o
[520/1221] Building CXX object platforms/posix/src/px4/common/CMakeFiles/px4_layer.dir/drv_hrt.cpp.o
[521/1221] Building CXX object platforms/posix/src/px4/common/px4_daemon/CMakeFiles/px4_daemon.dir/client.cpp.o
[522/1221] Building CXX object platforms/common/CMakeFiles/px4_platform.dir/px4_cli.cpp.o
[523/1221] Building CXX object platforms/common/CMakeFiles/px4_platform.dir/spi.cpp.o
[524/1221] Building C object platforms/common/CMakeFiles/px4_platform.dir/pab_manifest.c.o
[525/1221] Building CXX object platforms/common/CMakeFiles/px4_platform.dir/module.cpp.o
[526/1221] Building CXX object platforms/common/CMakeFiles/px4_platform.dir/Serial.cpp.o
[527/1221] Building CXX object platforms/common/CMakeFiles/px4_platform.dir/shutdown.cpp.o
[528/1221] Building CXX object platforms/common/CMakeFiles/px4_platform.dir/px4_log_history.cpp.o
[529/1221] Building CXX object platforms/common/uORB/CMakeFiles/uORB.dir/Publication.cpp.o
[530/1221] Building CXX object platforms/posix/src/px4/common/lockstep_scheduler/CMakeFiles/lockstep_scheduler.dir/src/lockstep_scheduler.cpp.o
[531/1221] Building CXX object platforms/common/uORB/CMakeFiles/uORB.dir/uORBUtils.cpp.o
[532/1221] Building CXX object platforms/posix/src/px4/common/px4_daemon/CMakeFiles/px4_daemon.dir/history.cpp.o
[533/1221] Building CXX object platforms/common/CMakeFiles/px4_platform.dir/i2c_spi_buses.cpp.o
[534/1221] Building CXX object platforms/common/uORB/uORB_tests/CMakeFiles/modules__uORB__uORB_tests.dir/uORB_tests_main.cpp.o
[535/1221] Building CXX object platforms/posix/src/px4/common/px4_daemon/CMakeFiles/px4_daemon.dir/server.cpp.o
[536/1221] Building CXX object platforms/common/uORB/CMakeFiles/uORB.dir/SubscriptionCallback.cpp.o
[537/1221] Building CXX object platforms/common/uORB/CMakeFiles/uORB.dir/uORBMessageFields.cpp.o
[538/1221] Building CXX object platforms/common/CMakeFiles/px4_platform.dir/px4_log.cpp.o
[539/1221] Building CXX object platforms/common/uORB/CMakeFiles/uORB.dir/uORBManager.cpp.o
[540/1221] Building CXX object platforms/common/uORB/CMakeFiles/uORB.dir/SubscriptionInterval.cpp.o
[541/1221] Building CXX object platforms/common/px4_work_queue/CMakeFiles/px4_work_queue.dir/ScheduledWorkItem.cpp.o
[542/1221] Building CXX object platforms/common/uORB/CMakeFiles/uORB.dir/Subscription.cpp.o
[543/1221] Building CXX object platforms/common/uORB/CMakeFiles/uORB.dir/uORBDeviceMaster.cpp.o
[544/1221] Building CXX object platforms/common/uORB/CMakeFiles/uORB.dir/uORB.cpp.o
[545/1221] Building CXX object platforms/common/uORB/CMakeFiles/uORB.dir/uORBDeviceNode.cpp.o
[546/1221] Building CXX object src/drivers/camera_trigger/CMakeFiles/drivers__camera_trigger.dir/interfaces/src/camera_interface.cpp.o
[547/1221] Building CXX object src/drivers/camera_trigger/CMakeFiles/drivers__camera_trigger.dir/interfaces/src/seagull_map2.cpp.o
[548/1221] Building CXX object src/drivers/camera_trigger/CMakeFiles/drivers__camera_trigger.dir/interfaces/src/pwm.cpp.o
[549/1221] Building CXX object src/drivers/camera_trigger/CMakeFiles/drivers__camera_trigger.dir/interfaces/src/gpio.cpp.o
[550/1221] Building CXX object platforms/common/px4_work_queue/CMakeFiles/px4_work_queue.dir/WorkItemSingleShot.cpp.o
[551/1221] Building CXX object platforms/common/px4_work_queue/CMakeFiles/px4_work_queue.dir/WorkItem.cpp.o
[552/1221] Building CXX object platforms/common/px4_work_queue/CMakeFiles/px4_work_queue.dir/WorkQueue.cpp.o
[553/1221] Building CXX object platforms/common/px4_work_queue/test/CMakeFiles/lib__work_queue__test__wqueue_test.dir/wqueue_start.cpp.o
[554/1221] Building CXX object platforms/common/px4_work_queue/test/CMakeFiles/lib__work_queue__test__wqueue_test.dir/wqueue_test.cpp.o
[555/1221] Building CXX object src/drivers/gnss/septentrio/CMakeFiles/driver__septentrio.dir/util.cpp.o
[556/1221] Building CXX object platforms/common/px4_work_queue/test/CMakeFiles/lib__work_queue__test__wqueue_test.dir/wqueue_scheduled_test.cpp.o
[557/1221] Building CXX object platforms/common/px4_work_queue/test/CMakeFiles/lib__work_queue__test__wqueue_test.dir/wqueue_main.cpp.o
[558/1221] Building CXX object platforms/common/px4_work_queue/CMakeFiles/px4_work_queue.dir/WorkQueueManager.cpp.o
[559/1221] Building CXX object platforms/common/uORB/uORB_tests/CMakeFiles/modules__uORB__uORB_tests.dir/uORBTest_UnitTest.cpp.o
[560/1221] Building CXX object platforms/posix/src/px4/common/px4_daemon/CMakeFiles/px4_daemon.dir/pxh.cpp.o
[561/1221] Building CXX object src/drivers/gnss/septentrio/CMakeFiles/driver__septentrio.dir/rtcm.cpp.o
[562/1221] Building CXX object src/drivers/camera_trigger/CMakeFiles/drivers__camera_trigger.dir/camera_trigger.cpp.o
[563/1221] Building CXX object src/drivers/gps/CMakeFiles/drivers__gps.dir/devices/src/unicore.cpp.o
[564/1221] Building CXX object src/drivers/gnss/septentrio/CMakeFiles/driver__septentrio.dir/sbf/decoder.cpp.o
[565/1221] Building CXX object src/drivers/gps/CMakeFiles/drivers__gps.dir/devices/src/crc.cpp.o
[566/1221] Building CXX object src/drivers/gps/CMakeFiles/drivers__gps.dir/devices/src/rtcm.cpp.o
[567/1221] Building CXX object src/drivers/gps/CMakeFiles/drivers__gps.dir/devices/src/mtk.cpp.o
[568/1221] Building CXX object src/drivers/gps/CMakeFiles/drivers__gps.dir/devices/src/emlid_reach.cpp.o
[569/1221] Building CXX object src/drivers/gps/CMakeFiles/drivers__gps.dir/devices/src/gps_helper.cpp.o
[570/1221] Building CXX object src/drivers/gps/CMakeFiles/drivers__gps.dir/devices/src/femtomes.cpp.o
[571/1221] Building CXX object src/drivers/osd/msp_osd/CMakeFiles/drivers__osd__msp_osd.dir/MspV1.cpp.o
[572/1221] Building CXX object src/drivers/osd/msp_osd/MessageDisplay/CMakeFiles/message_display.dir/MessageDisplay.cpp.o
[573/1221] Building CXX object src/drivers/gps/CMakeFiles/drivers__gps.dir/devices/src/ashtech.cpp.o
[574/1221] Building CXX object src/drivers/tone_alarm/CMakeFiles/drivers__tone_alarm.dir/ToneAlarm.cpp.o
[575/1221] Building CXX object src/drivers/gnss/septentrio/CMakeFiles/driver__septentrio.dir/septentrio.cpp.o
[576/1221] Building CXX object src/modules/airspeed_selector/CMakeFiles/modules__airspeed_selector.dir/AirspeedValidator.cpp.o
[577/1221] Building CXX object src/drivers/osd/msp_osd/CMakeFiles/drivers__osd__msp_osd.dir/uorb_to_msp.cpp.o
[578/1221] Building CXX object src/modules/airship_att_control/CMakeFiles/modules__airship_att_control.dir/airship_att_control_main.cpp.o
[579/1221] Building CXX object src/drivers/gps/CMakeFiles/drivers__gps.dir/devices/src/nmea.cpp.o
[580/1221] Building CXX object src/modules/commander/CMakeFiles/modules__commander.dir/factory_calibration_storage.cpp.o
[581/1221] Building CXX object src/modules/commander/CMakeFiles/modules__commander.dir/airspeed_calibration.cpp.o
[582/1221] Building CXX object src/drivers/gps/CMakeFiles/drivers__gps.dir/gps.cpp.o
[583/1221] Building CXX object src/modules/commander/CMakeFiles/modules__commander.dir/baro_calibration.cpp.o
[584/1221] Building CXX object src/modules/commander/CMakeFiles/modules__commander.dir/commander_helper.cpp.o
[585/1221] Building CXX object src/drivers/osd/msp_osd/CMakeFiles/drivers__osd__msp_osd.dir/msp_osd.cpp.o
[586/1221] Building CXX object src/modules/commander/CMakeFiles/modules__commander.dir/esc_calibration.cpp.o
[587/1221] Building CXX object src/modules/camera_feedback/CMakeFiles/modules__camera_feedback.dir/CameraFeedback.cpp.o
[588/1221] Building CXX object src/modules/commander/CMakeFiles/modules__commander.dir/calibration_routines.cpp.o
[589/1221] Building CXX object src/modules/airspeed_selector/CMakeFiles/modules__airspeed_selector.dir/airspeed_selector_main.cpp.o
[590/1221] Building CXX object src/modules/commander/CMakeFiles/modules__commander.dir/gyro_calibration.cpp.o
[591/1221] Building CXX object src/modules/commander/CMakeFiles/modules__commander.dir/accelerometer_calibration.cpp.o
[592/1221] Building CXX object src/drivers/gps/CMakeFiles/drivers__gps.dir/devices/src/ubx.cpp.o
[593/1221] Building CXX object src/modules/commander/Arming/ArmAuthorization/CMakeFiles/ArmAuthorization.dir/ArmAuthorization.cpp.o
[594/1221] Building CXX object src/modules/attitude_estimator_q/CMakeFiles/modules__attitude_estimator_q.dir/attitude_estimator_q_main.cpp.o
[595/1221] Building CXX object src/modules/commander/CMakeFiles/modules__commander.dir/Safety.cpp.o
[596/1221] Building CXX object src/modules/commander/CMakeFiles/modules__commander.dir/level_calibration.cpp.o
[597/1221] Building CXX object src/modules/commander/CMakeFiles/modules__commander.dir/HomePosition.cpp.o
[598/1221] Building CXX object src/modules/commander/CMakeFiles/modules__commander.dir/worker_thread.cpp.o
[599/1221] Building CXX object src/modules/commander/CMakeFiles/modules__commander.dir/UserModeIntention.cpp.o
[600/1221] Building CXX object src/modules/commander/CMakeFiles/modules__commander.dir/rc_calibration.cpp.o
[601/1221] Performing build step for 'libmicroxrceddsclient_project'
[602/1221] Building CXX object src/modules/commander/CMakeFiles/modules__commander.dir/lm_fit.cpp.o
[603/1221] Building CXX object src/modules/commander/failure_detector/CMakeFiles/failure_detector.dir/FailureInjector.cpp.o
[604/1221] Building CXX object src/modules/commander/HealthAndArmingChecks/CMakeFiles/health_and_arming_checks.dir/Common.cpp.o
[605/1221] Building CXX object src/modules/commander/CMakeFiles/modules__commander.dir/ModeManagement.cpp.o
[606/1221] Building CXX object src/modules/commander/failsafe/CMakeFiles/failsafe.dir/failsafe.cpp.o
[607/1221] Building CXX object src/modules/commander/HealthAndArmingChecks/CMakeFiles/health_and_arming_checks.dir/checks/armPermissionCheck.cpp.o
[608/1221] Building CXX object src/modules/commander/failsafe/CMakeFiles/failsafe.dir/framework.cpp.o
[609/1221] Building CXX object src/modules/commander/HealthAndArmingChecks/CMakeFiles/health_and_arming_checks.dir/checks/accelerometerCheck.cpp.o
[610/1221] Building CXX object src/modules/commander/HealthAndArmingChecks/CMakeFiles/health_and_arming_checks.dir/checks/companionComputerCheck.cpp.o
[611/1221] Building CXX object src/modules/commander/failure_detector/CMakeFiles/failure_detector.dir/FailureDetector.cpp.o
[612/1221] Building CXX object src/modules/commander/HealthAndArmingChecks/CMakeFiles/health_and_arming_checks.dir/checks/batteryCheck.cpp.o
[613/1221] Building CXX object src/modules/commander/CMakeFiles/modules__commander.dir/mag_calibration.cpp.o
[614/1221] Building CXX object src/modules/commander/HealthAndArmingChecks/CMakeFiles/health_and_arming_checks.dir/checks/airspeedCheck.cpp.o
[615/1221] Building CXX object src/modules/commander/HealthAndArmingChecks/CMakeFiles/health_and_arming_checks.dir/checks/baroCheck.cpp.o
[616/1221] Building CXX object src/modules/commander/HealthAndArmingChecks/CMakeFiles/health_and_arming_checks.dir/checks/cpuResourceCheck.cpp.o
[617/1221] Building CXX object src/modules/commander/HealthAndArmingChecks/CMakeFiles/health_and_arming_checks.dir/checks/opticalFlowCheck.cpp.o
[618/1221] Building CXX object src/modules/commander/HealthAndArmingChecks/CMakeFiles/health_and_arming_checks.dir/checks/distanceSensorChecks.cpp.o
[619/1221] Building CXX object src/modules/commander/HealthAndArmingChecks/CMakeFiles/health_and_arming_checks.dir/checks/flightTimeCheck.cpp.o
[620/1221] Building CXX object src/modules/commander/HealthAndArmingChecks/CMakeFiles/health_and_arming_checks.dir/checks/failureDetectorCheck.cpp.o
[621/1221] Building CXX object src/modules/commander/HealthAndArmingChecks/CMakeFiles/health_and_arming_checks.dir/checks/escCheck.cpp.o
[622/1221] Building CXX object src/modules/commander/HealthAndArmingChecks/CMakeFiles/health_and_arming_checks.dir/checks/homePositionCheck.cpp.o
[623/1221] Building CXX object src/modules/commander/HealthAndArmingChecks/CMakeFiles/health_and_arming_checks.dir/checks/imuConsistencyCheck.cpp.o
[624/1221] Building CXX object src/modules/commander/HealthAndArmingChecks/CMakeFiles/health_and_arming_checks.dir/checks/gnssRedundancyCheck.cpp.o
[625/1221] Building CXX object src/modules/commander/HealthAndArmingChecks/CMakeFiles/health_and_arming_checks.dir/checks/loggerCheck.cpp.o
[626/1221] Building CXX object src/modules/commander/HealthAndArmingChecks/CMakeFiles/health_and_arming_checks.dir/checks/gyroCheck.cpp.o
[627/1221] Building CXX object src/modules/commander/HealthAndArmingChecks/CMakeFiles/health_and_arming_checks.dir/checks/geofenceCheck.cpp.o
[628/1221] Building CXX object src/modules/commander/HealthAndArmingChecks/CMakeFiles/health_and_arming_checks.dir/checks/magnetometerCheck.cpp.o
[629/1221] Building CXX object src/modules/commander/HealthAndArmingChecks/CMakeFiles/health_and_arming_checks.dir/checks/navigatorCheck.cpp.o
[630/1221] Building CXX object src/modules/commander/HealthAndArmingChecks/CMakeFiles/health_and_arming_checks.dir/checks/manualControlCheck.cpp.o
[631/1221] Building CXX object src/modules/commander/HealthAndArmingChecks/CMakeFiles/health_and_arming_checks.dir/checks/missionCheck.cpp.o
[632/1221] Building CXX object src/modules/commander/HealthAndArmingChecks/CMakeFiles/health_and_arming_checks.dir/checks/modeCheck.cpp.o
[633/1221] Building CXX object src/modules/commander/HealthAndArmingChecks/CMakeFiles/health_and_arming_checks.dir/checks/estimatorCheck.cpp.o
[634/1221] Building CXX object src/modules/commander/HealthAndArmingChecks/CMakeFiles/health_and_arming_checks.dir/checks/rallyPointCheck.cpp.o
[635/1221] Building CXX object src/modules/commander/HealthAndArmingChecks/CMakeFiles/health_and_arming_checks.dir/checks/parachuteCheck.cpp.o
[636/1221] Building CXX object src/modules/commander/HealthAndArmingChecks/CMakeFiles/health_and_arming_checks.dir/checks/openDroneIDCheck.cpp.o
[637/1221] Building CXX object src/modules/commander/HealthAndArmingChecks/CMakeFiles/health_and_arming_checks.dir/checks/powerCheck.cpp.o
[638/1221] Building CXX object src/modules/commander/HealthAndArmingChecks/CMakeFiles/health_and_arming_checks.dir/checks/trafficAvoidanceCheck.cpp.o
[639/1221] Building CXX object src/modules/commander/HealthAndArmingChecks/CMakeFiles/health_and_arming_checks.dir/checks/rcAndDataLinkCheck.cpp.o
[640/1221] Building CXX object src/modules/commander/CMakeFiles/modules__commander.dir/Commander.cpp.o
[641/1221] Building CXX object src/modules/commander/HealthAndArmingChecks/CMakeFiles/health_and_arming_checks.dir/HealthAndArmingChecks.cpp.o
[642/1221] Building CXX object src/modules/commander/HealthAndArmingChecks/CMakeFiles/health_and_arming_checks.dir/checks/offboardCheck.cpp.o
[643/1221] Building CXX object src/modules/commander/HealthAndArmingChecks/CMakeFiles/health_and_arming_checks.dir/checks/rcCalibrationCheck.cpp.o
[644/1221] Building CXX object src/modules/commander/HealthAndArmingChecks/CMakeFiles/health_and_arming_checks.dir/checks/vtolCheck.cpp.o
[645/1221] Building CXX object src/modules/commander/HealthAndArmingChecks/CMakeFiles/health_and_arming_checks.dir/checks/systemCheck.cpp.o
[646/1221] Building CXX object src/modules/commander/HealthAndArmingChecks/CMakeFiles/health_and_arming_checks.dir/checks/sdcardCheck.cpp.o
[647/1221] Building CXX object src/modules/commander/HealthAndArmingChecks/CMakeFiles/health_and_arming_checks.dir/checks/windCheck.cpp.o
[648/1221] Building CXX object src/modules/commander/MulticopterThrowLaunch/CMakeFiles/MulticopterThrowLaunch.dir/MulticopterThrowLaunch.cpp.o
[649/1221] Building CXX object src/modules/commander/HealthAndArmingChecks/CMakeFiles/health_and_arming_checks.dir/checks/externalChecks.cpp.o
[650/1221] Building CXX object src/modules/control_allocator/CMakeFiles/modules__control_allocator.dir/ActuatorGroupPreflightCheck.cpp.o
[651/1221] Building CXX object src/modules/commander/HealthAndArmingChecks/CMakeFiles/health_and_arming_checks.dir/checks/daaCheck.cpp.o
[652/1221] Building CXX object src/modules/control_allocator/VehicleActuatorEffectiveness/CMakeFiles/VehicleActuatorEffectiveness.dir/ActuatorEffectivenessUUV.cpp.o
[653/1221] Building CXX object src/modules/control_allocator/VehicleActuatorEffectiveness/CMakeFiles/VehicleActuatorEffectiveness.dir/ActuatorEffectivenessCustom.cpp.o
[654/1221] Building CXX object src/modules/control_allocator/VehicleActuatorEffectiveness/CMakeFiles/VehicleActuatorEffectiveness.dir/ActuatorEffectivenessControlSurfaces.cpp.o
[655/1221] Building CXX object src/modules/control_allocator/VehicleActuatorEffectiveness/CMakeFiles/VehicleActuatorEffectiveness.dir/ActuatorEffectivenessMultirotor.cpp.o
[656/1221] Building CXX object src/modules/control_allocator/VehicleActuatorEffectiveness/CMakeFiles/VehicleActuatorEffectiveness.dir/ActuatorEffectivenessHelicopterCoaxial.cpp.o
[657/1221] Building CXX object src/modules/control_allocator/VehicleActuatorEffectiveness/CMakeFiles/VehicleActuatorEffectiveness.dir/ActuatorEffectivenessTilts.cpp.o
[658/1221] Building CXX object src/modules/control_allocator/VehicleActuatorEffectiveness/CMakeFiles/VehicleActuatorEffectiveness.dir/ActuatorEffectivenessHelicopter.cpp.o
[659/1221] Building CXX object src/modules/control_allocator/VehicleActuatorEffectiveness/CMakeFiles/VehicleActuatorEffectiveness.dir/ActuatorEffectivenessFixedWing.cpp.o
[660/1221] Building CXX object src/modules/control_allocator/VehicleActuatorEffectiveness/CMakeFiles/VehicleActuatorEffectiveness.dir/ActuatorEffectivenessSpacecraft.cpp.o
[661/1221] Building CXX object src/modules/control_allocator/VehicleActuatorEffectiveness/CMakeFiles/VehicleActuatorEffectiveness.dir/ActuatorEffectivenessMCTilt.cpp.o
[662/1221] Building CXX object src/modules/control_allocator/VehicleActuatorEffectiveness/CMakeFiles/VehicleActuatorEffectiveness.dir/ActuatorEffectivenessTailsitterVTOL.cpp.o
[663/1221] Building CXX object src/modules/control_allocator/VehicleActuatorEffectiveness/CMakeFiles/VehicleActuatorEffectiveness.dir/ActuatorEffectivenessStandardVTOL.cpp.o
[664/1221] Building CXX object src/modules/dataman/CMakeFiles/modules__dataman.dir/dataman.cpp.o
[665/1221] Building CXX object src/modules/control_allocator/VehicleActuatorEffectiveness/CMakeFiles/VehicleActuatorEffectiveness.dir/ActuatorEffectivenessTiltrotorVTOL.cpp.o
[666/1221] Building CXX object src/modules/ekf2/CMakeFiles/modules__ekf2.dir/EKF/control.cpp.o
[667/1221] Building CXX object src/modules/control_allocator/VehicleActuatorEffectiveness/CMakeFiles/VehicleActuatorEffectiveness.dir/ActuatorEffectivenessRotors.cpp.o
[668/1221] Building CXX object src/modules/control_allocator/CMakeFiles/modules__control_allocator.dir/ControlAllocator.cpp.o
[669/1221] Building CXX object src/modules/control_allocator/VehicleActuatorEffectiveness/CMakeFiles/VehicleActuatorEffectiveness.dir/RpmControl.cpp.o
[670/1221] Building CXX object src/modules/ekf2/CMakeFiles/modules__ekf2.dir/EKF/imu_down_sampler/imu_down_sampler.cpp.o
[671/1221] Building CXX object src/modules/ekf2/CMakeFiles/modules__ekf2.dir/EKF/velocity_fusion.cpp.o
[672/1221] Building CXX object src/modules/ekf2/CMakeFiles/modules__ekf2.dir/EKF/height_control.cpp.o
[673/1221] Building CXX object src/modules/ekf2/CMakeFiles/modules__ekf2.dir/EKF/position_fusion.cpp.o
[674/1221] Building CXX object src/modules/ekf2/CMakeFiles/modules__ekf2.dir/EKF/aid_sources/fake_height_control.cpp.o
[675/1221] Building CXX object src/modules/ekf2/CMakeFiles/modules__ekf2.dir/EKF/aid_sources/fake_pos_control.cpp.o
[676/1221] Building CXX object src/modules/ekf2/CMakeFiles/modules__ekf2.dir/EKF/aid_sources/ZeroVelocityUpdate.cpp.o
[677/1221] Building CXX object src/modules/ekf2/CMakeFiles/modules__ekf2.dir/EKF/estimator_interface.cpp.o
[678/1221] Building CXX object src/modules/ekf2/CMakeFiles/modules__ekf2.dir/EKF/aid_sources/aux_global_position/aux_global_position.cpp.o
[679/1221] Building CXX object src/modules/ekf2/CMakeFiles/modules__ekf2.dir/EKF/aid_sources/aux_global_position/aux_global_position_control.cpp.o
[680/1221] Building CXX object src/modules/ekf2/CMakeFiles/modules__ekf2.dir/EKF/ekf.cpp.o
[681/1221] Building CXX object src/modules/ekf2/CMakeFiles/modules__ekf2.dir/EKF/aid_sources/ZeroGyroUpdate.cpp.o
[682/1221] Building CXX object src/modules/ekf2/CMakeFiles/modules__ekf2.dir/EKF/aid_sources/airspeed/airspeed_fusion.cpp.o
[683/1221] Building CXX object src/modules/ekf2/CMakeFiles/modules__ekf2.dir/EKF/yaw_fusion.cpp.o
[684/1221] Building CXX object src/modules/ekf2/CMakeFiles/modules__ekf2.dir/EKF/aid_sources/auxvel/auxvel_fusion.cpp.o
[685/1221] Building CXX object src/modules/ekf2/CMakeFiles/modules__ekf2.dir/EKF/ekf_helper.cpp.o
[686/1221] Building CXX object src/modules/ekf2/CMakeFiles/modules__ekf2.dir/EKF/covariance.cpp.o
[687/1221] Building CXX object src/modules/ekf2/CMakeFiles/modules__ekf2.dir/EKF/aid_sources/barometer/baro_height_control.cpp.o
[688/1221] Building CXX object src/modules/ekf2/CMakeFiles/modules__ekf2.dir/EKF/aid_sources/drag/drag_fusion.cpp.o
[689/1221] Building CXX object src/modules/ekf2/CMakeFiles/modules__ekf2.dir/EKF/aid_sources/external_vision/ev_yaw_control.cpp.o
[690/1221] Building CXX object src/modules/ekf2/CMakeFiles/modules__ekf2.dir/EKF/aid_sources/gnss/gnss_checks.cpp.o
[691/1221] Building CXX object src/modules/ekf2/CMakeFiles/modules__ekf2.dir/EKF/aid_sources/external_vision/ev_height_control.cpp.o
[692/1221] Building CXX object src/modules/ekf2/CMakeFiles/modules__ekf2.dir/EKF/aid_sources/gnss/gnss_height_control.cpp.o
[693/1221] Building CXX object src/modules/ekf2/CMakeFiles/modules__ekf2.dir/EKF/aid_sources/range_finder/range_finder_consistency_check.cpp.o
[694/1221] Building CXX object src/modules/ekf2/CMakeFiles/modules__ekf2.dir/EKF/aid_sources/external_vision/ev_control.cpp.o
[695/1221] Building CXX object src/modules/ekf2/CMakeFiles/modules__ekf2.dir/EKF/aid_sources/gravity/gravity_fusion.cpp.o
[696/1221] Building CXX object src/modules/ekf2/CMakeFiles/modules__ekf2.dir/EKF/aid_sources/external_vision/ev_vel_control.cpp.o
[697/1221] Building CXX object src/modules/ekf2/CMakeFiles/modules__ekf2.dir/EKF/aid_sources/gnss/gnss_yaw_control.cpp.o
[698/1221] Building CXX object src/modules/ekf2/CMakeFiles/modules__ekf2.dir/EKF/aid_sources/external_vision/ev_pos_control.cpp.o
[699/1221] Building CXX object src/modules/ekf2/CMakeFiles/modules__ekf2.dir/EKF/aid_sources/range_finder/sensor_range_finder.cpp.o
[700/1221] Building CXX object src/modules/ekf2/CMakeFiles/modules__ekf2.dir/EKF/aid_sources/optical_flow/optical_flow_fusion.cpp.o
[701/1221] Building CXX object src/modules/ekf2/CMakeFiles/modules__ekf2.dir/EKF/aid_sources/range_finder/range_height_fusion.cpp.o
[702/1221] Building CXX object src/modules/ekf2/CMakeFiles/modules__ekf2.dir/EKF/aid_sources/magnetometer/mag_fusion.cpp.o
[703/1221] Building CXX object src/modules/ekf2/CMakeFiles/modules__ekf2.dir/EKF/aid_sources/optical_flow/optical_flow_control.cpp.o
[704/1221] Building CXX object src/modules/ekf2/CMakeFiles/modules__ekf2.dir/EKF/aid_sources/gnss/gps_control.cpp.o
[705/1221] Building CXX object src/modules/ekf2/CMakeFiles/modules__ekf2.dir/EKF/aid_sources/range_finder/range_height_control.cpp.o
[706/1221] Building CXX object src/modules/events/CMakeFiles/modules__events.dir/rc_loss_alarm.cpp.o
[707/1221] Building CXX object src/modules/ekf2/CMakeFiles/modules__ekf2.dir/EKF/aid_sources/sideslip/sideslip_fusion.cpp.o
[708/1221] Building CXX object src/modules/ekf2/CMakeFiles/modules__ekf2.dir/EKF/wind.cpp.o
[709/1221] Building CXX object src/modules/ekf2/CMakeFiles/modules__ekf2.dir/EKF/terrain_control.cpp.o
[710/1221] Building CXX object src/modules/ekf2/CMakeFiles/modules__ekf2.dir/EKF/aid_sources/magnetometer/mag_control.cpp.o
[711/1221] Building CXX object src/modules/events/CMakeFiles/modules__events.dir/set_leds.cpp.o
[712/1221] Building CXX object src/modules/ekf2/CMakeFiles/modules__ekf2.dir/EKF/aid_sources/ranging_beacon/ranging_beacon_control.cpp.o
[713/1221] Building CXX object src/modules/failure_injection_manager/CMakeFiles/modules__failure_injection_manager.dir/FailureTable.cpp.o
[714/1221] Building CXX object src/modules/events/CMakeFiles/modules__events.dir/status_display.cpp.o
[715/1221] Building CXX object src/modules/events/CMakeFiles/modules__events.dir/send_event.cpp.o
[716/1221] Building CXX object src/modules/failure_injection_manager/CMakeFiles/modules__failure_injection_manager.dir/FailureInjectionManager.cpp.o
[717/1221] Building CXX object src/modules/flight_mode_manager/tasks/FlightTask/CMakeFiles/FlightTask.dir/FlightTask.cpp.o
[718/1221] Building CXX object src/modules/flight_mode_manager/tasks/Utility/CMakeFiles/FlightTaskUtility.dir/StickTiltXY.cpp.o
[719/1221] Building CXX object src/modules/flight_mode_manager/tasks/Failsafe/CMakeFiles/FlightTaskFailsafe.dir/FlightTaskFailsafe.cpp.o
[720/1221] Building CXX object src/modules/flight_mode_manager/tasks/Descend/CMakeFiles/FlightTaskDescend.dir/FlightTaskDescend.cpp.o
[721/1221] Building CXX object src/modules/flight_mode_manager/tasks/Utility/CMakeFiles/FlightTaskUtility.dir/Gimbal.cpp.o
[722/1221] Building CXX object src/modules/ekf2/CMakeFiles/modules__ekf2.dir/EKF2Selector.cpp.o
[723/1221] Building CXX object src/modules/flight_mode_manager/tasks/Utility/CMakeFiles/FlightTaskUtility.dir/StickAccelerationXY.cpp.o
[724/1221] Building CXX object src/modules/flight_mode_manager/tasks/ManualAltitudeSmoothVel/CMakeFiles/FlightTaskManualAltitudeSmoothVel.dir/FlightTaskManualAltitudeSmoothVel.cpp.o
[725/1221] Building CXX object src/modules/flight_mode_manager/tasks/ManualAltitude/CMakeFiles/FlightTaskManualAltitude.dir/FlightTaskManualAltitude.cpp.o
[726/1221] Building CXX object src/modules/flight_mode_manager/CMakeFiles/modules__flight_mode_manager.dir/FlightModeManager.cpp.o
[727/1221] Building CXX object src/modules/flight_mode_manager/tasks/ManualAcceleration/CMakeFiles/FlightTaskManualAcceleration.dir/FlightTaskManualAcceleration.cpp.o
[728/1221] Building CXX object src/modules/flight_mode_manager/tasks/ManualAccelerationSlow/CMakeFiles/FlightTaskManualAccelerationSlow.dir/FlightTaskManualAccelerationSlow.cpp.o
[729/1221] Building CXX object src/modules/fw_att_control/CMakeFiles/modules__fw_att_control.dir/fw_wheel_controller.cpp.o
[730/1221] Building CXX object src/modules/flight_mode_manager/tasks/AltitudeCruise/CMakeFiles/FlightTaskAltitudeCruise.dir/FlightTaskAltitudeCruise.cpp.o
[731/1221] Building CXX object src/modules/flight_mode_manager/tasks/Transition/CMakeFiles/FlightTaskTransition.dir/FlightTaskTransition.cpp.o
[732/1221] Building CXX object src/modules/flight_mode_manager/CMakeFiles/modules__flight_mode_manager.dir/FlightTasks_generated.cpp.o
[733/1221] Building CXX object src/modules/fw_mode_manager/CMakeFiles/modules__fw_mode_manager.dir/ControllerConfigurationHandler.cpp.o
[734/1221] Building CXX object src/modules/fw_mode_manager/launchdetection/CMakeFiles/launchdetection.dir/LaunchDetector.cpp.o
[735/1221] Building CXX object src/modules/flight_mode_manager/tasks/ManualPosition/CMakeFiles/FlightTaskManualPosition.dir/FlightTaskManualPosition.cpp.o
[736/1221] Building CXX object src/modules/gimbal/CMakeFiles/drivers__gimbal.dir/input.cpp.o
[737/1221] Building CXX object src/modules/flight_mode_manager/tasks/Auto/CMakeFiles/FlightTaskAuto.dir/FlightTaskAuto.cpp.o
[738/1221] Building CXX object src/modules/fw_mode_manager/runway_takeoff/CMakeFiles/runway_takeoff.dir/RunwayTakeoff.cpp.o
[739/1221] Building CXX object src/modules/flight_mode_manager/tasks/AutoFollowTarget/CMakeFiles/FlightTaskAutoFollowTarget.dir/FlightTaskAutoFollowTarget.cpp.o
[740/1221] Building CXX object src/modules/flight_mode_manager/tasks/Orbit/CMakeFiles/FlightTaskOrbit.dir/FlightTaskOrbit.cpp.o
[741/1221] Building CXX object src/modules/flight_mode_manager/tasks/AutoFollowTarget/follow_target_estimator/CMakeFiles/follow_target_estimator.dir/TargetEstimator.cpp.o
[742/1221] Building CXX object src/modules/gimbal/CMakeFiles/drivers__gimbal.dir/input_fixed.cpp.o
[743/1221] Building CXX object src/modules/fw_att_control/CMakeFiles/modules__fw_att_control.dir/FixedwingAttitudeControl.cpp.o
[744/1221] Building CXX object src/modules/fw_mode_manager/figure_eight/CMakeFiles/figure_eight.dir/FigureEight.cpp.o
[745/1221] Building CXX object src/modules/gimbal/CMakeFiles/drivers__gimbal.dir/input_test.cpp.o
[746/1221] Building CXX object src/modules/fw_lateral_longitudinal_control/CMakeFiles/modules__fw_lateral_longitudinal_control.dir/FwLateralLongitudinalControl.cpp.o
[747/1221] Building C object src/modules/gyro_fft/CMakeFiles/modules__gyro_fft.dir/CMSIS_5/CMSIS/DSP/Source/BasicMathFunctions/arm_mult_q15.c.o
[748/1221] Building CXX object src/modules/gimbal/CMakeFiles/drivers__gimbal.dir/input_rc.cpp.o
[749/1221] Building CXX object src/modules/gimbal/CMakeFiles/drivers__gimbal.dir/output.cpp.o
[750/1221] Building CXX object src/modules/gimbal/CMakeFiles/drivers__gimbal.dir/input_mavlink.cpp.o
[751/1221] Building C object src/modules/gyro_fft/CMakeFiles/modules__gyro_fft.dir/CMSIS_5/CMSIS/DSP/Source/CommonTables/arm_const_structs.c.o
[752/1221] Building CXX object src/modules/fw_autotune_attitude_control/CMakeFiles/fw_autotune_attitude_control.dir/fw_autotune_attitude_control.cpp.o
[753/1221] Building CXX object src/modules/gimbal/CMakeFiles/drivers__gimbal.dir/output_mavlink.cpp.o
[754/1221] Building C object src/modules/gyro_fft/CMakeFiles/modules__gyro_fft.dir/CMSIS_5/CMSIS/DSP/Source/SupportFunctions/arm_float_to_q15.c.o
[755/1221] Building C object src/modules/gyro_fft/CMakeFiles/modules__gyro_fft.dir/CMSIS_5/CMSIS/DSP/Source/TransformFunctions/arm_bitreversal2.c.o
[756/1221] Building C object src/modules/gyro_fft/CMakeFiles/modules__gyro_fft.dir/CMSIS_5/CMSIS/DSP/Source/TransformFunctions/arm_cfft_q15.c.o
[757/1221] Building C object src/modules/gyro_fft/CMakeFiles/modules__gyro_fft.dir/CMSIS_5/CMSIS/DSP/Source/TransformFunctions/arm_rfft_init_q15.c.o
[758/1221] Building C object src/modules/gyro_fft/CMakeFiles/modules__gyro_fft.dir/CMSIS_5/CMSIS/DSP/Source/TransformFunctions/arm_rfft_q15.c.o
[759/1221] Building CXX object src/modules/gimbal/CMakeFiles/drivers__gimbal.dir/gimbal.cpp.o
[760/1221] Building CXX object src/modules/gimbal/CMakeFiles/drivers__gimbal.dir/output_rc.cpp.o
[761/1221] Building CXX object src/modules/fw_rate_control/CMakeFiles/modules__fw_rate_control.dir/FixedwingRateControl.cpp.o
[762/1221] Building C object src/modules/gyro_fft/CMakeFiles/modules__gyro_fft.dir/CMSIS_5/CMSIS/DSP/Source/TransformFunctions/arm_cfft_radix4_q15.c.o
[763/1221] Building CXX object src/modules/land_detector/CMakeFiles/modules__land_detector.dir/land_detector_main.cpp.o
[764/1221] Building CXX object src/modules/gyro_calibration/CMakeFiles/modules__gyro_calibration.dir/GyroCalibration.cpp.o
[765/1221] Building CXX object src/modules/landing_target_estimator/CMakeFiles/modules__landing_target_estimator.dir/landing_target_estimator_main.cpp.o
[766/1221] Building CXX object src/modules/land_detector/CMakeFiles/modules__land_detector.dir/VtolLandDetector.cpp.o
[767/1221] Building CXX object src/modules/landing_target_estimator/CMakeFiles/modules__landing_target_estimator.dir/KalmanFilter.cpp.o
[768/1221] Building CXX object src/modules/land_detector/CMakeFiles/modules__land_detector.dir/MulticopterLandDetector.cpp.o
[769/1221] Building CXX object src/modules/landing_target_estimator/CMakeFiles/modules__landing_target_estimator.dir/LandingTargetEstimator.cpp.o
[770/1221] Building CXX object src/modules/land_detector/CMakeFiles/modules__land_detector.dir/FixedwingLandDetector.cpp.o
[771/1221] Building CXX object src/modules/land_detector/CMakeFiles/modules__land_detector.dir/AirshipLandDetector.cpp.o
[772/1221] Building C object src/modules/gyro_fft/CMakeFiles/modules__gyro_fft.dir/CMSIS_5/CMSIS/DSP/Source/CommonTables/arm_common_tables.c.o
[773/1221] Building CXX object src/modules/load_mon/CMakeFiles/modules__load_mon.dir/LoadMon.cpp.o
[774/1221] Building CXX object src/modules/gyro_fft/CMakeFiles/modules__gyro_fft.dir/GyroFFT.cpp.o
[775/1221] Building CXX object src/modules/land_detector/CMakeFiles/modules__land_detector.dir/RoverLandDetector.cpp.o
[776/1221] Building CXX object src/modules/land_detector/CMakeFiles/modules__land_detector.dir/LandDetector.cpp.o
[777/1221] Building CXX object src/modules/logger/CMakeFiles/modules__logger.dir/log_writer.cpp.o
[778/1221] Building CXX object src/modules/local_position_estimator/CMakeFiles/modules__local_position_estimator.dir/sensors/lidar.cpp.o
[779/1221] Building CXX object src/modules/local_position_estimator/CMakeFiles/modules__local_position_estimator.dir/sensors/sonar.cpp.o
[780/1221] Building CXX object src/modules/ekf2/CMakeFiles/modules__ekf2.dir/EKF2.cpp.o
[781/1221] Building CXX object src/modules/local_position_estimator/CMakeFiles/modules__local_position_estimator.dir/sensors/flow.cpp.o
[782/1221] Building CXX object src/modules/logger/CMakeFiles/modules__logger.dir/logged_topics.cpp.o
[783/1221] Building CXX object src/modules/logger/CMakeFiles/modules__logger.dir/watchdog.cpp.o
[784/1221] Building CXX object src/modules/local_position_estimator/CMakeFiles/modules__local_position_estimator.dir/sensors/gps.cpp.o
[785/1221] Building CXX object src/modules/logger/CMakeFiles/modules__logger.dir/util_parse.cpp.o
[786/1221] Building CXX object src/modules/manual_control/CMakeFiles/modules__manual_control.dir/ManualControlSelector.cpp.o
[787/1221] Building CXX object src/modules/logger/CMakeFiles/modules__logger.dir/log_writer_mavlink.cpp.o
[788/1221] Building CXX object src/modules/logger/CMakeFiles/modules__logger.dir/log_writer_file.cpp.o
[789/1221] Building CXX object src/modules/local_position_estimator/CMakeFiles/modules__local_position_estimator.dir/sensors/landing_target.cpp.o
[790/1221] Building CXX object src/modules/logger/CMakeFiles/modules__logger.dir/util.cpp.o
[791/1221] Building CXX object src/modules/local_position_estimator/CMakeFiles/modules__local_position_estimator.dir/sensors/baro.cpp.o
[792/1221] Building CXX object src/modules/local_position_estimator/CMakeFiles/modules__local_position_estimator.dir/sensors/vision.cpp.o
[793/1221] Building CXX object src/modules/local_position_estimator/CMakeFiles/modules__local_position_estimator.dir/sensors/mocap.cpp.o
[794/1221] Building CXX object src/modules/mavlink/CMakeFiles/modules__mavlink.dir/mavlink_rate_limiter.cpp.o
[795/1221] Building CXX object src/modules/fw_mode_manager/CMakeFiles/modules__fw_mode_manager.dir/FixedWingModeManager.cpp.o
[796/1221] Building CXX object src/modules/local_position_estimator/CMakeFiles/modules__local_position_estimator.dir/sensors/land.cpp.o
[797/1221] Building C object src/modules/mavlink/CMakeFiles/modules__mavlink.dir/mavlink.c.o
[798/1221] Building CXX object src/modules/mag_bias_estimator/CMakeFiles/modules__mag_bias_estimator.dir/MagBiasEstimator.cpp.o
[799/1221] Building CXX object src/modules/manual_control/CMakeFiles/modules__manual_control.dir/ManualControl.cpp.o
[800/1221] Building CXX object src/modules/mavlink/CMakeFiles/modules__mavlink.dir/mavlink_simple_analyzer.cpp.o
[801/1221] Building CXX object src/modules/local_position_estimator/CMakeFiles/modules__local_position_estimator.dir/BlockLocalPositionEstimator.cpp.o
[802/1221] Building CXX object src/modules/mavlink/CMakeFiles/modules__mavlink.dir/mavlink_command_sender.cpp.o
[803/1221] Building CXX object src/modules/logger/CMakeFiles/modules__logger.dir/logger.cpp.o
[804/1221] Building CXX object src/modules/mavlink/CMakeFiles/modules__mavlink.dir/mavlink_shell.cpp.o
[805/1221] Building CXX object src/modules/mavlink/CMakeFiles/modules__mavlink.dir/tune_publisher.cpp.o
[806/1221] Building CXX object src/modules/mavlink/CMakeFiles/modules__mavlink.dir/mavlink_log_handler.cpp.o
[807/1221] Building CXX object src/modules/mavlink/CMakeFiles/modules__mavlink.dir/open_drone_id_translations.cpp.o
[808/1221] Building CXX object src/modules/mavlink/CMakeFiles/modules__mavlink.dir/mavlink_parameters.cpp.o
[809/1221] Building CXX object src/modules/mavlink/CMakeFiles/modules__mavlink.dir/mavlink_stream.cpp.o
[810/1221] Building CXX object src/modules/mavlink/CMakeFiles/modules__mavlink.dir/MavlinkStatustextHandler.cpp.o
[811/1221] Building CXX object src/modules/mavlink/CMakeFiles/modules__mavlink.dir/mavlink_ftp.cpp.o
[812/1221] Building CXX object src/modules/mc_att_control/AttitudeControl/CMakeFiles/AttitudeControl.dir/AttitudeControl.cpp.o
[813/1221] Building CXX object src/modules/mc_hover_thrust_estimator/CMakeFiles/zero_order_hover_thrust_ekf.dir/zero_order_hover_thrust_ekf.cpp.o
[814/1221] Building CXX object src/modules/mavlink/CMakeFiles/modules__mavlink.dir/mavlink_events.cpp.o
[815/1221] Building CXX object src/modules/mavlink/CMakeFiles/modules__mavlink.dir/mavlink_timesync.cpp.o
[816/1221] Building CXX object src/modules/mavlink/CMakeFiles/modules__mavlink.dir/mavlink_ulog.cpp.o
[817/1221] Building CXX object src/modules/mavlink/CMakeFiles/modules__mavlink.dir/mavlink_sign_control.cpp.o
[818/1221] Building CXX object src/modules/mc_pos_control/Takeoff/CMakeFiles/Takeoff.dir/Takeoff.cpp.o
[819/1221] Building CXX object src/modules/mc_att_control/CMakeFiles/modules__mc_att_control.dir/mc_att_control_main.cpp.o
[820/1221] Building CXX object src/modules/mc_hover_thrust_estimator/CMakeFiles/modules__mc_hover_thrust_estimator.dir/MulticopterHoverThrustEstimator.cpp.o
[821/1221] Building CXX object src/modules/mc_pos_control/GotoControl/CMakeFiles/GotoControl.dir/GotoControl.cpp.o
[822/1221] Building CXX object src/modules/mc_pos_control/PositionControl/CMakeFiles/PositionControl.dir/PositionControl.cpp.o
[823/1221] Building CXX object src/modules/mc_pos_control/PositionControl/CMakeFiles/PositionControl.dir/ControlMath.cpp.o
[824/1221] Building CXX object src/modules/mavlink/CMakeFiles/modules__mavlink.dir/mavlink_mission.cpp.o
[825/1221] Building CXX object src/modules/mc_autotune_attitude_control/CMakeFiles/mc_autotune_attitude_control.dir/mc_autotune_attitude_control.cpp.o
[826/1221] Building CXX object src/modules/navigator/CMakeFiles/modules__navigator.dir/navigator_mode.cpp.o
[827/1221] Building CXX object src/modules/mc_rate_control/CMakeFiles/modules__mc_rate_control.dir/MulticopterRateControl.cpp.o
[828/1221] Building CXX object src/modules/navigator/CMakeFiles/modules__navigator.dir/course.cpp.o
[829/1221] Building CXX object src/modules/navigator/CMakeFiles/modules__navigator.dir/loiter.cpp.o
[830/1221] Building CXX object src/modules/mavlink/CMakeFiles/modules__mavlink.dir/mavlink_main.cpp.o
[831/1221] Building CXX object src/modules/navigator/CMakeFiles/modules__navigator.dir/mission.cpp.o
[832/1221] Building CXX object src/modules/mc_pos_control/CMakeFiles/modules__mc_pos_control.dir/MulticopterPositionControl.cpp.o
[833/1221] Building CXX object src/modules/navigator/CMakeFiles/modules__navigator.dir/rtl_direct.cpp.o
[834/1221] Building CXX object src/modules/mavlink/CMakeFiles/modules__mavlink.dir/mavlink_receiver.cpp.o
[835/1221] Building CXX object src/modules/navigator/CMakeFiles/modules__navigator.dir/land.cpp.o
[836/1221] Building CXX object src/modules/navigator/CMakeFiles/modules__navigator.dir/rtl_direct_mission_land.cpp.o
[837/1221] Building CXX object src/modules/navigator/CMakeFiles/modules__navigator.dir/mission_block.cpp.o
[838/1221] Building CXX object src/modules/navigator/CMakeFiles/modules__navigator.dir/mission_feasibility_checker.cpp.o
[839/1221] Building CXX object src/modules/navigator/CMakeFiles/modules__navigator.dir/rtl_mission_fast_reverse.cpp.o
[840/1221] Building CXX object src/modules/navigator/CMakeFiles/modules__navigator.dir/navigator_main.cpp.o
[841/1221] Building CXX object src/modules/navigator/CMakeFiles/modules__navigator.dir/rtl.cpp.o
[842/1221] Building CXX object src/modules/navigator/CMakeFiles/modules__navigator.dir/rtl_mission_fast.cpp.o
[843/1221] Building CXX object src/modules/navigator/CMakeFiles/modules__navigator.dir/takeoff.cpp.o
[844/1221] Building CXX object src/modules/navigator/CMakeFiles/modules__navigator.dir/mission_base.cpp.o
[845/1221] Building CXX object src/modules/navigator/CMakeFiles/modules__navigator.dir/rtl_geofence_avoidance_helper.cpp.o
[846/1221] Building CXX object src/modules/navigator/RTLPlanner/CMakeFiles/geofence_avoidance_planner.dir/geofence_avoidance_planner.cpp.o
[847/1221] Building CXX object src/modules/payload_deliverer/CMakeFiles/modules__payload_deliverer.dir/gripper.cpp.o
[848/1221] Building CXX object src/modules/navigator/CMakeFiles/modules__navigator.dir/precland.cpp.o
[849/1221] Building CXX object src/modules/navigator/CMakeFiles/modules__navigator.dir/geofence.cpp.o
[850/1221] Building CXX object src/modules/navigator/DetectAndAvoid/CMakeFiles/detect_and_avoid.dir/ConflictNotifier.cpp.o
[851/1221] Building CXX object src/modules/navigator/CMakeFiles/modules__navigator.dir/vtol_takeoff.cpp.o
[852/1221] Building CXX object src/modules/navigator/DetectAndAvoid/CMakeFiles/detect_and_avoid.dir/detect_and_avoid_fake_traffic.cpp.o
[853/1221] Building CXX object src/modules/navigator/MissionFeasibility/CMakeFiles/mission_feasibility_checker.dir/FeasibilityChecker.cpp.o
[854/1221] Building CXX object src/modules/payload_deliverer/CMakeFiles/modules__payload_deliverer.dir/payload_deliverer.cpp.o
[855/1221] Building CXX object src/modules/rover_ackermann/CMakeFiles/modules__rover_ackermann.dir/RoverAckermann.cpp.o
[856/1221] Building CXX object src/modules/replay/CMakeFiles/modules__replay.dir/replay_main.cpp.o
[857/1221] Building CXX object src/modules/rover_ackermann/AckermannAttControl/CMakeFiles/AckermannAttControl.dir/AckermannAttControl.cpp.o
[858/1221] Building CXX object src/modules/replay/CMakeFiles/modules__replay.dir/ReplayEkf2.cpp.o
[859/1221] Building CXX object src/modules/rc_update/CMakeFiles/modules__rc_update.dir/rc_update.cpp.o
[860/1221] Building CXX object src/modules/rover_ackermann/AckermannActControl/CMakeFiles/AckermannActControl.dir/AckermannActControl.cpp.o
[861/1221] Building CXX object src/modules/navigator/DetectAndAvoid/CMakeFiles/detect_and_avoid.dir/detect_and_avoid.cpp.o
[862/1221] Building CXX object src/modules/rover_ackermann/AckermannDriveModes/AckermannAutoMode/CMakeFiles/AckermannAutoMode.dir/AckermannAutoMode.cpp.o
[863/1221] Building CXX object src/modules/rover_ackermann/AckermannRateControl/CMakeFiles/AckermannRateControl.dir/AckermannRateControl.cpp.o
[864/1221] Building CXX object src/modules/rover_ackermann/AckermannSpeedControl/CMakeFiles/AckermannSpeedControl.dir/AckermannSpeedControl.cpp.o
[865/1221] Building CXX object src/modules/rover_ackermann/AckermannPosControl/CMakeFiles/AckermannPosControl.dir/AckermannPosControl.cpp.o
[866/1221] Building CXX object src/modules/rover_differential/DifferentialActControl/CMakeFiles/DifferentialActControl.dir/DifferentialActControl.cpp.o
[867/1221] Building CXX object src/modules/rover_ackermann/AckermannDriveModes/AckermannOffboardMode/CMakeFiles/AckermannOffboardMode.dir/AckermannOffboardMode.cpp.o
[868/1221] Building CXX object src/modules/rover_ackermann/AckermannDriveModes/AckermannManualMode/CMakeFiles/AckermannManualMode.dir/AckermannManualMode.cpp.o
[869/1221] Building CXX object src/modules/mc_raptor/CMakeFiles/modules__mc_raptor.dir/mc_raptor.cpp.o
[870/1221] Building CXX object src/modules/rover_differential/DifferentialDriveModes/DifferentialAutoMode/CMakeFiles/DifferentialAutoMode.dir/DifferentialAutoMode.cpp.o
[871/1221] Building CXX object src/modules/rover_differential/CMakeFiles/modules__rover_differential.dir/RoverDifferential.cpp.o
[872/1221] Building CXX object src/modules/rover_differential/DifferentialRateControl/CMakeFiles/DifferentialRateControl.dir/DifferentialRateControl.cpp.o
[873/1221] Building CXX object src/modules/rover_differential/DifferentialDriveModes/DifferentialOffboardMode/CMakeFiles/DifferentialOffboardMode.dir/DifferentialOffboardMode.cpp.o
[874/1221] Building CXX object src/modules/rover_differential/DifferentialSpeedControl/CMakeFiles/DifferentialSpeedControl.dir/DifferentialSpeedControl.cpp.o
[875/1221] Building CXX object src/modules/rover_differential/DifferentialAttControl/CMakeFiles/DifferentialAttControl.dir/DifferentialAttControl.cpp.o
[876/1221] Building CXX object src/modules/rover_differential/DifferentialPosControl/CMakeFiles/DifferentialPosControl.dir/DifferentialPosControl.cpp.o
[877/1221] Building CXX object src/modules/mavlink/CMakeFiles/modules__mavlink.dir/mavlink_messages.cpp.o
[878/1221] Building CXX object src/modules/rover_differential/DifferentialDriveModes/DifferentialManualMode/CMakeFiles/DifferentialManualMode.dir/DifferentialManualMode.cpp.o
[879/1221] Building CXX object src/modules/rover_mecanum/MecanumRateControl/CMakeFiles/MecanumRateControl.dir/MecanumRateControl.cpp.o
[880/1221] Building CXX object src/modules/sensors/data_validator/CMakeFiles/data_validator.dir/DataValidator.cpp.o
[881/1221] Building CXX object src/modules/sensors/data_validator/CMakeFiles/data_validator.dir/DataValidatorGroup.cpp.o
[882/1221] Building CXX object src/modules/rover_mecanum/MecanumSpeedControl/CMakeFiles/MecanumSpeedControl.dir/MecanumSpeedControl.cpp.o
[883/1221] Building CXX object src/modules/rover_mecanum/MecanumActControl/CMakeFiles/MecanumActControl.dir/MecanumActControl.cpp.o
[884/1221] Building CXX object src/modules/rover_mecanum/MecanumDriveModes/MecanumAutoMode/CMakeFiles/MecanumAutoMode.dir/MecanumAutoMode.cpp.o
[885/1221] Building CXX object src/modules/rover_mecanum/MecanumAttControl/CMakeFiles/MecanumAttControl.dir/MecanumAttControl.cpp.o
[886/1221] Building CXX object src/modules/rover_mecanum/MecanumDriveModes/MecanumOffboardMode/CMakeFiles/MecanumOffboardMode.dir/MecanumOffboardMode.cpp.o
[887/1221] Building CXX object src/modules/rover_mecanum/MecanumPosControl/CMakeFiles/MecanumPosControl.dir/MecanumPosControl.cpp.o
[888/1221] Building CXX object src/modules/rover_mecanum/CMakeFiles/modules__rover_mecanum.dir/RoverMecanum.cpp.o
[889/1221] Building CXX object src/modules/rover_mecanum/MecanumDriveModes/MecanumManualMode/CMakeFiles/MecanumManualMode.dir/MecanumManualMode.cpp.o
[890/1221] Building CXX object src/modules/sensors/vehicle_gps_position/CMakeFiles/vehicle_gps_position.dir/PpsTimeSync.cpp.o
[891/1221] Building CXX object src/modules/sensors/vehicle_gps_position/CMakeFiles/vehicle_gps_position.dir/gps_blending.cpp.o
[892/1221] Building CXX object src/modules/sensors/vehicle_gps_position/CMakeFiles/vehicle_gps_position.dir/VehicleGPSPosition.cpp.o
[893/1221] Building CXX object src/modules/sensors/vehicle_air_data/CMakeFiles/vehicle_air_data.dir/VehicleAirData.cpp.o
[894/1221] Building CXX object src/modules/sensors/CMakeFiles/modules__sensors.dir/voted_sensors_update.cpp.o
[895/1221] Building CXX object src/modules/replay/CMakeFiles/modules__replay.dir/Replay.cpp.o
[896/1221] Building CXX object src/modules/sensors/vehicle_acceleration/CMakeFiles/vehicle_acceleration.dir/VehicleAcceleration.cpp.o
[897/1221] Building CXX object src/modules/simulation/battery_simulator/CMakeFiles/modules__simulation__battery_simulator.dir/BatterySimulator.cpp.o
[898/1221] Building CXX object src/modules/sensors/CMakeFiles/modules__sensors.dir/sensors.cpp.o
[899/1221] Building CXX object src/modules/simulation/sensor_baro_sim/CMakeFiles/modules__simulation__sensor_baro_sim.dir/SensorBaroSim.cpp.o
[900/1221] Building CXX object src/modules/simulation/pwm_out_sim/CMakeFiles/modules__simulation__pwm_out_sim.dir/PWMSim.cpp.o
[901/1221] Building CXX object src/modules/sensors/vehicle_imu/CMakeFiles/vehicle_imu.dir/VehicleIMU.cpp.o
[902/1221] Building CXX object src/modules/simulation/sensor_agp_sim/CMakeFiles/modules__simulation__sensor_agp_sim.dir/SensorAgpSim.cpp.o
[903/1221] Building CXX object src/modules/simulation/sensor_mag_sim/CMakeFiles/modules__simulation__senosr_mag_sim.dir/SensorMagSim.cpp.o
[904/1221] Building CXX object src/modules/sensors/vehicle_angular_velocity/CMakeFiles/vehicle_angular_velocity.dir/VehicleAngularVelocity.cpp.o
[905/1221] Building CXX object src/modules/sensors/vehicle_magnetometer/CMakeFiles/vehicle_magnetometer.dir/VehicleMagnetometer.cpp.o
[906/1221] Building CXX object src/modules/sensors/vehicle_optical_flow/CMakeFiles/vehicle_optical_flow.dir/VehicleOpticalFlow.cpp.o
[907/1221] Building CXX object src/modules/simulation/sensor_airspeed_sim/CMakeFiles/modules__simulation__sensor_airspeed_sim.dir/SensorAirspeedSim.cpp.o
[908/1221] Building CXX object src/modules/simulation/sensor_gps_sim/CMakeFiles/modules__simulation__sensor_gps_sim.dir/SensorGpsSim.cpp.o
[909/1221] Building CXX object src/modules/simulation/system_power_simulator/CMakeFiles/modules__simulation__system_power_simulator.dir/SystemPowerSimulator.cpp.o
[910/1221] Building CXX object src/modules/temperature_compensation/CMakeFiles/modules__temperature_compensation.dir/TemperatureCompensationModule.cpp.o
[911/1221] Performing install step for 'libmicroxrceddsclient_project'
[912/1221] Building CXX object src/modules/temperature_compensation/CMakeFiles/modules__temperature_compensation.dir/temperature_calibration/baro.cpp.o
[913/1221] Completed 'libmicroxrceddsclient_project'
[914/1221] Building CXX object src/modules/temperature_compensation/CMakeFiles/modules__temperature_compensation.dir/temperature_calibration/gyro.cpp.o
[915/1221] Building CXX object src/modules/temperature_compensation/CMakeFiles/modules__temperature_compensation.dir/TemperatureCompensation.cpp.o
[916/1221] Building CXX object src/modules/temperature_compensation/CMakeFiles/modules__temperature_compensation.dir/temperature_calibration/accel.cpp.o
[917/1221] Building CXX object src/modules/temperature_compensation/CMakeFiles/modules__temperature_compensation.dir/temperature_calibration/task.cpp.o
[918/1221] Building CXX object src/modules/uxrce_dds_client/CMakeFiles/modules__uxrce_dds_client.dir/srv_base.cpp.o
[919/1221] Building CXX object src/modules/temperature_compensation/CMakeFiles/modules__temperature_compensation.dir/temperature_calibration/mag.cpp.o
[920/1221] Building CXX object src/modules/uuv_att_control/CMakeFiles/modules__uuv_att_control.dir/uuv_att_control.cpp.o
[921/1221] Building CXX object src/modules/uuv_pos_control/CMakeFiles/modules__uuv_pos_control.dir/uuv_pos_control.cpp.o
[922/1221] Building CXX object src/modules/uxrce_dds_client/CMakeFiles/modules__uxrce_dds_client.dir/vehicle_command_srv.cpp.o
[923/1221] Building CXX object src/modules/vision_target_estimator/CMakeFiles/modules__vision_target_estimator.dir/tasks/PrecLandTask.cpp.o
[924/1221] Building CXX object src/modules/vision_target_estimator/CMakeFiles/modules__vision_target_estimator.dir/Position/KF_position.cpp.o
[925/1221] Building CXX object src/modules/vision_target_estimator/CMakeFiles/modules__vision_target_estimator.dir/VisionTargetEst.cpp.o
[926/1221] Building CXX object src/modules/vision_target_estimator/CMakeFiles/modules__vision_target_estimator.dir/Orientation/VTEOrientation.cpp.o
[927/1221] Building CXX object src/modules/vision_target_estimator/CMakeFiles/modules__vision_target_estimator.dir/Orientation/KF_orientation.cpp.o
[928/1221] Building CXX object src/modules/vtol_att_control/CMakeFiles/modules__vtol_att_control.dir/vtol_att_control_main.cpp.o
[929/1221] Building CXX object src/systemcmds/bsondump/CMakeFiles/systemcmds__bsondump.dir/bsondump.cpp.o
[930/1221] Building CXX object src/modules/simulation/simulator_sih/CMakeFiles/modules__simulation__simulator_sih.dir/sih.cpp.o
[931/1221] Building CXX object src/systemcmds/dyn/CMakeFiles/systemcmds__dyn.dir/dyn.cpp.o
[932/1221] Building CXX object src/modules/simulation/simulator_mavlink/CMakeFiles/modules__simulation__simulator_mavlink.dir/SimulatorMavlink.cpp.o
[933/1221] Building CXX object src/systemcmds/actuator_test/CMakeFiles/systemcmds__actuator_test.dir/actuator_test.cpp.o
[934/1221] Building CXX object src/modules/simulation/gz_bridge/CMakeFiles/modules__simulation__gz_bridge.dir/GZMixingInterfaceServo.cpp.o
[935/1221] Building CXX object src/modules/vtol_att_control/CMakeFiles/modules__vtol_att_control.dir/vtol_type.cpp.o
[936/1221] Building CXX object src/systemcmds/perf/CMakeFiles/systemcmds__perf.dir/perf.cpp.o
[937/1221] Building CXX object src/systemcmds/led_control/CMakeFiles/systemcmds__led_control.dir/led_control.cpp.o
[938/1221] Building CXX object src/modules/vision_target_estimator/CMakeFiles/modules__vision_target_estimator.dir/Position/VTEPosition.cpp.o
[939/1221] Building CXX object src/systemcmds/shutdown/CMakeFiles/systemcmds__shutdown.dir/shutdown.cpp.o
[940/1221] Building CXX object src/modules/vtol_att_control/CMakeFiles/modules__vtol_att_control.dir/tiltrotor.cpp.o
[941/1221] Building CXX object src/modules/vtol_att_control/CMakeFiles/modules__vtol_att_control.dir/standard.cpp.o
[942/1221] Building CXX object src/systemcmds/failure/CMakeFiles/systemcmds__failure.dir/failure.cpp.o
[943/1221] Building CXX object src/systemcmds/system_time/CMakeFiles/systemcmds__system_time.dir/system_time.cpp.o
[944/1221] Building CXX object src/systemcmds/sd_bench/CMakeFiles/systemcmds__sd_bench.dir/sd_bench.cpp.o
[945/1221] Building CXX object src/modules/vtol_att_control/CMakeFiles/modules__vtol_att_control.dir/tailsitter.cpp.o
[946/1221] Building C object src/systemcmds/tests/CMakeFiles/systemcmds__tests.dir/test_file2.c.o
[947/1221] Building C object src/systemcmds/tests/CMakeFiles/systemcmds__tests.dir/test_hott_telemetry.c.o
[948/1221] Building C object src/systemcmds/tests/CMakeFiles/systemcmds__tests.dir/test_file.c.o
[949/1221] Building CXX object src/systemcmds/tests/CMakeFiles/systemcmds__tests.dir/test_atomic_bitset.cpp.o
[950/1221] Building CXX object src/systemcmds/tests/CMakeFiles/systemcmds__tests.dir/test_bitset.cpp.o
[951/1221] Building CXX object src/systemcmds/tests/CMakeFiles/systemcmds__tests.dir/test_bson.cpp.o
[952/1221] Building CXX object src/systemcmds/tests/CMakeFiles/systemcmds__tests.dir/test_hrt.cpp.o
[953/1221] Building C object src/systemcmds/tests/CMakeFiles/systemcmds__tests.dir/test_led.c.o
[954/1221] Building CXX object src/systemcmds/param/CMakeFiles/systemcmds__param.dir/param.cpp.o
[955/1221] Building CXX object src/systemcmds/tests/CMakeFiles/systemcmds__tests.dir/test_int.cpp.o
[956/1221] Building CXX object src/systemcmds/tests/CMakeFiles/systemcmds__tests.dir/test_float.cpp.o
[957/1221] Building C object src/systemcmds/tests/CMakeFiles/systemcmds__tests.dir/test_param.c.o
[958/1221] Building C object src/systemcmds/tests/CMakeFiles/systemcmds__tests.dir/test_perf.c.o
[959/1221] Building CXX object src/systemcmds/tests/CMakeFiles/systemcmds__tests.dir/test_ppm.cpp.o
[960/1221] Building CXX object src/modules/uxrce_dds_client/CMakeFiles/modules__uxrce_dds_client.dir/uxrce_dds_client.cpp.o
[961/1221] Building CXX object src/systemcmds/tests/CMakeFiles/systemcmds__tests.dir/test_i2c_spi_cli.cpp.o
[962/1221] Building CXX object src/systemcmds/tests/CMakeFiles/systemcmds__tests.dir/test_IntrusiveSortedList.cpp.o
[963/1221] Building C object src/systemcmds/tests/CMakeFiles/systemcmds__tests.dir/test_sleep.c.o
[964/1221] Building CXX object src/systemcmds/tests/CMakeFiles/systemcmds__tests.dir/test_IntrusiveQueue.cpp.o
[965/1221] Building C object src/systemcmds/tests/CMakeFiles/systemcmds__tests.dir/test_uart_baudchange.c.o
[966/1221] Building C object src/systemcmds/tests/CMakeFiles/systemcmds__tests.dir/test_uart_loopback.c.o
[967/1221] Building CXX object src/systemcmds/tests/CMakeFiles/systemcmds__tests.dir/test_rc.cpp.o
[968/1221] Building C object src/systemcmds/tests/CMakeFiles/systemcmds__tests.dir/test_uart_console.c.o
[969/1221] Building C object src/systemcmds/tests/CMakeFiles/systemcmds__tests.dir/test_cli.c.o
[970/1221] Building C object src/systemcmds/tests/CMakeFiles/systemcmds__tests.dir/test_uart_send.c.o
[971/1221] Building CXX object src/systemcmds/tests/CMakeFiles/systemcmds__tests.dir/test_search_min.cpp.o
[972/1221] Building CXX object src/systemcmds/tests/hrt_test/CMakeFiles/systemcmds__tests__hrt_test.dir/hrt_test_main.cpp.o
[973/1221] Building CXX object src/systemcmds/tests/CMakeFiles/systemcmds__tests.dir/test_dataman.cpp.o
[974/1221] Building CXX object src/systemcmds/tests/CMakeFiles/systemcmds__tests.dir/test_List.cpp.o
[975/1221] Building CXX object src/systemcmds/tests/CMakeFiles/systemcmds__tests.dir/test_parameters.cpp.o
[976/1221] Building C object src/systemcmds/tests/CMakeFiles/systemcmds__tests.dir/tests_main.c.o
[977/1221] Building CXX object src/systemcmds/tests/hrt_test/CMakeFiles/systemcmds__tests__hrt_test.dir/hrt_test_start.cpp.o
[978/1221] Building CXX object src/systemcmds/uorb/CMakeFiles/systemcmds__uorb.dir/uorb.cpp.o
[979/1221] Building CXX object src/systemcmds/tests/hrt_test/CMakeFiles/systemcmds__tests__hrt_test.dir/hrt_test.cpp.o
[980/1221] Building CXX object src/systemcmds/topic_listener/CMakeFiles/systemcmds__topic_listener.dir/listener_main.cpp.o
[981/1221] Building CXX object src/systemcmds/work_queue/CMakeFiles/systemcmds__work_queue.dir/work_queue_main.cpp.o
[982/1221] Building CXX object src/systemcmds/tune_control/CMakeFiles/systemcmds__tune_control.dir/tune_control.cpp.o
[983/1221] Building CXX object src/systemcmds/ver/CMakeFiles/systemcmds__ver.dir/ver.cpp.o
[984/1221] Building CXX object src/examples/hello/CMakeFiles/examples__hello.dir/hello_main.cpp.o
[985/1221] Building CXX object src/examples/hello/CMakeFiles/examples__hello.dir/hello_example.cpp.o
[986/1221] Building CXX object src/systemcmds/tests/CMakeFiles/systemcmds__tests.dir/test_versioning.cpp.o
[987/1221] Building CXX object src/examples/hello/CMakeFiles/examples__hello.dir/hello_start.cpp.o
[988/1221] Building CXX object src/examples/px4_mavlink_debug/CMakeFiles/examples__px4_mavlink_debug.dir/px4_mavlink_debug.cpp.o
[989/1221] Building C object src/examples/px4_simple_app/CMakeFiles/examples__px4_simple_app.dir/px4_simple_app.c.o
[990/1221] Building CXX object src/lib/events/CMakeFiles/events.dir/events.cpp.o
[991/1221] Building CXX object src/lib/parameters/CMakeFiles/parameters.dir/atomic_transaction.cpp.o
[992/1221] Building CXX object src/examples/fake_gps/CMakeFiles/modules__fake_gps.dir/FakeGps.cpp.o
[993/1221] Building CXX object src/systemcmds/tests/CMakeFiles/systemcmds__tests.dir/test_mathlib.cpp.o
[994/1221] Building CXX object src/examples/fake_imu/CMakeFiles/modules__fake_imu.dir/FakeImu.cpp.o
[995/1221] Building CXX object src/examples/fake_magnetometer/CMakeFiles/examples__fake_magnetometer.dir/FakeMagnetometer.cpp.o
[996/1221] Building CXX object src/examples/work_item/CMakeFiles/examples__work_item.dir/WorkItemExample.cpp.o
[997/1221] Building CXX object src/lib/parameters/CMakeFiles/parameters.dir/autosave.cpp.o
[998/1221] Building CXX object src/lib/parameters/CMakeFiles/parameters.dir/param_translation.cpp.o
[999/1221] Building CXX object src/lib/parameters/CMakeFiles/parameters.dir/parameters.cpp.o
[1000/1221] Linking CXX static library src/lib/parameters/libparameters.a
[1001/1221] Linking CXX static library platforms/common/px4_work_queue/libpx4_work_queue.a
[1002/1221] Building CXX object platforms/posix/CMakeFiles/px4.dir/apps.cpp.o
[1003/1221] Linking CXX static library platforms/common/libpx4_platform.a
[1004/1221] Linking CXX static library platforms/posix/src/px4/common/lockstep_scheduler/liblockstep_scheduler.a
[1005/1221] Linking CXX static library platforms/posix/src/px4/common/px4_daemon/libpx4_daemon.a
[1006/1221] Building CXX object platforms/posix/CMakeFiles/px4.dir/src/px4/common/main.cpp.o
[1007/1221] Linking CXX static library platforms/posix/src/px4/common/libpx4_layer.a
[1008/1221] Linking CXX static library src/lib/atmosphere/libatmosphere.a
[1009/1221] Linking CXX static library src/lib/failure_injection/libfailure_injection.a
[1010/1221] Linking CXX static library src/lib/dataman_client/libdataman_client.a
[1011/1221] Linking CXX static library src/lib/dijkstra/libdijkstra.a
[1012/1221] Linking CXX static library src/lib/adsb/libadsb.a
[1013/1221] Linking CXX static library src/lib/circuit_breaker/libcircuit_breaker.a
[1014/1221] Linking CXX static library src/lib/conversion/libconversion.a
[1015/1221] Linking CXX static library src/lib/gnss/libgnss.a
[1016/1221] Linking CXX static library src/lib/geofence/libgeofence_utils.a
[1017/1221] Linking CXX static library src/lib/cdev/libcdev.a
[1018/1221] Linking CXX static library src/lib/controllib/libcontrollib.a
[1019/1221] Linking CXX static library src/lib/airspeed/libairspeed.a
[1020/1221] Linking CXX static library src/lib/battery/libbattery.a
[1021/1221] Linking CXX static library src/lib/heatshrink/libheatshrink.a
[1022/1221] Linking CXX static library src/lib/drivers/barometer/libdrivers_barometer.a
[1023/1221] Linking CXX static library src/lib/drivers/accelerometer/libdrivers_accelerometer.a
[1024/1221] Linking CXX static library src/lib/drivers/rangefinder/libdrivers_rangefinder.a
[1025/1221] Linking CXX static library src/lib/mixer_module/libmixer_module.a
[1026/1221] Linking CXX static library src/lib/hysteresis/libhysteresis.a
[1027/1221] Linking CXX static library src/lib/drivers/gyroscope/libdrivers_gyroscope.a
[1028/1221] Linking CXX static library src/lib/drivers/magnetometer/libdrivers_magnetometer.a
[1029/1221] Linking CXX static library src/lib/mathlib/libmathlib.a
[1030/1221] Linking CXX static library src/lib/fw_performance_model/libperformance_model.a
[1031/1221] Linking CXX static library src/lib/pid/libPID.a
[1032/1221] Linking CXX static library src/lib/motion_planning/libmotion_planning.a
[1033/1221] Linking CXX static library src/lib/npfg/libnpfg.a
[1034/1221] Linking CXX static library src/lib/ringbuffer/libringbuffer.a
[1035/1221] Linking CXX static library src/lib/pure_pursuit/libpure_pursuit.a
[1036/1221] Linking CXX static library src/lib/sticks/libSticks.a
[1037/1221] Linking CXX static library src/lib/rc/librc.a
[1038/1221] Linking CXX static library src/lib/rtl/librtl_time_estimator.a
[1039/1221] Linking CXX static library src/lib/sensor_calibration/libsensor_calibration.a
[1040/1221] Linking CXX static library src/lib/collision_prevention/libCollisionPrevention.a
[1041/1221] Linking CXX static library src/lib/control_allocation/actuator_effectiveness/libActuatorEffectiveness.a
[1042/1221] Linking CXX static library src/lib/control_allocation/control_allocation/libControlAllocation.a
[1043/1221] Linking CXX static library src/lib/stick_yaw/libStickYaw.a
[1044/1221] Linking CXX static library src/lib/rate_control/libRateControl.a
[1045/1221] Linking CXX static library src/lib/rover_control/librover_control.a
[1046/1221] Linking CXX static library src/lib/system_identification/libSystemIdentification.a
[1047/1221] Linking CXX static library src/lib/systemlib/libsystemlib.a
[1048/1221] Linking CXX static library src/lib/slew_rate/libSlewRate.a
[1049/1221] Linking CXX static library src/lib/tecs/libtecs.a
[1050/1221] Linking CXX static library src/lib/timesync/libtimesync.a
[1051/1221] Linking CXX static library src/lib/tunes/libtunes.a
[1052/1221] Linking CXX static library src/lib/variable_length_ringbuffer/libvariable_length_ringbuffer.a
[1053/1221] Linking CXX static library platforms/posix/src/px4/generic/generic/tone_alarm/libarch_tone_alarm.a
[1054/1221] Linking CXX static library src/lib/weather_vane/libWeatherVane.a
[1055/1221] Linking CXX static library src/drivers/osd/msp_osd/MessageDisplay/libmessage_display.a
[1056/1221] Linking CXX static library src/modules/commander/Arming/ArmAuthorization/libArmAuthorization.a
[1057/1221] Linking CXX static library src/modules/commander/failsafe/libfailsafe.a
[1058/1221] Linking CXX static library platforms/common/uORB/libuORB.a
[1059/1221] Linking CXX static library src/modules/commander/failure_detector/libfailure_detector.a
[1060/1221] Linking CXX static library src/modules/commander/MulticopterThrowLaunch/libMulticopterThrowLaunch.a
[1061/1221] Linking CXX static library src/modules/flight_mode_manager/tasks/FlightTask/libFlightTask.a
[1062/1221] Linking CXX static library src/modules/fw_mode_manager/launchdetection/liblaunchdetection.a
[1063/1221] Linking CXX static library src/modules/flight_mode_manager/tasks/AutoFollowTarget/follow_target_estimator/libfollow_target_estimator.a
[1064/1221] Linking CXX static library src/modules/control_allocator/VehicleActuatorEffectiveness/libVehicleActuatorEffectiveness.a
[1065/1221] Linking CXX static library src/modules/fw_mode_manager/runway_takeoff/librunway_takeoff.a
[1066/1221] Linking CXX static library src/modules/mc_hover_thrust_estimator/libzero_order_hover_thrust_ekf.a
[1067/1221] Linking CXX static library src/modules/mc_pos_control/GotoControl/libGotoControl.a
[1068/1221] Linking CXX static library src/modules/mc_att_control/AttitudeControl/libAttitudeControl.a
[1069/1221] Linking CXX static library src/modules/fw_mode_manager/figure_eight/libfigure_eight.a
[1070/1221] Linking CXX static library src/modules/commander/HealthAndArmingChecks/libhealth_and_arming_checks.a
[1071/1221] Linking CXX static library src/modules/flight_mode_manager/tasks/Utility/libFlightTaskUtility.a
[1072/1221] Linking CXX static library src/modules/mc_pos_control/PositionControl/libPositionControl.a
[1073/1221] Linking CXX static library src/modules/navigator/RTLPlanner/libgeofence_avoidance_planner.a
[1074/1221] Linking CXX static library src/modules/mc_pos_control/Takeoff/libTakeoff.a
[1075/1221] Linking CXX static library src/modules/flight_mode_manager/tasks/Failsafe/libFlightTaskFailsafe.a
[1076/1221] Linking CXX static library src/modules/navigator/MissionFeasibility/libmission_feasibility_checker.a
[1077/1221] Building CXX object src/systemcmds/tests/CMakeFiles/systemcmds__tests.dir/test_matrix.cpp.o
[1078/1221] Linking CXX static library src/modules/rover_ackermann/AckermannAttControl/libAckermannAttControl.a
[1079/1221] Linking CXX static library src/modules/navigator/DetectAndAvoid/libdetect_and_avoid.a
[1080/1221] Linking CXX static library src/modules/rover_ackermann/AckermannSpeedControl/libAckermannSpeedControl.a
[1081/1221] Linking CXX static library src/modules/rover_ackermann/AckermannRateControl/libAckermannRateControl.a
[1082/1221] Linking CXX static library src/modules/rover_ackermann/AckermannActControl/libAckermannActControl.a
[1083/1221] Linking CXX static library src/modules/flight_mode_manager/tasks/ManualAltitude/libFlightTaskManualAltitude.a
[1084/1221] Linking CXX static library src/modules/rover_ackermann/AckermannPosControl/libAckermannPosControl.a
[1085/1221] Linking CXX static library src/modules/flight_mode_manager/tasks/Descend/libFlightTaskDescend.a
[1086/1221] Linking CXX static library src/modules/flight_mode_manager/tasks/Transition/libFlightTaskTransition.a
[1087/1221] Linking CXX static library src/modules/rover_ackermann/AckermannDriveModes/AckermannManualMode/libAckermannManualMode.a
[1088/1221] Linking CXX static library src/modules/rover_ackermann/AckermannDriveModes/AckermannAutoMode/libAckermannAutoMode.a
[1089/1221] Linking CXX static library src/modules/flight_mode_manager/tasks/Auto/libFlightTaskAuto.a
[1090/1221] Linking CXX static library src/modules/rover_ackermann/AckermannDriveModes/AckermannOffboardMode/libAckermannOffboardMode.a
[1091/1221] Linking CXX static library src/modules/rover_differential/DifferentialRateControl/libDifferentialRateControl.a
[1092/1221] Linking CXX static library src/modules/rover_differential/DifferentialAttControl/libDifferentialAttControl.a
[1093/1221] Linking CXX static library src/modules/rover_differential/DifferentialSpeedControl/libDifferentialSpeedControl.a
[1094/1221] Linking CXX static library src/modules/rover_differential/DifferentialActControl/libDifferentialActControl.a
[1095/1221] Linking CXX static library src/modules/flight_mode_manager/tasks/ManualAltitudeSmoothVel/libFlightTaskManualAltitudeSmoothVel.a
[1096/1221] Linking CXX static library src/modules/rover_differential/DifferentialDriveModes/DifferentialManualMode/libDifferentialManualMode.a
[1097/1221] Linking CXX static library src/modules/rover_differential/DifferentialDriveModes/DifferentialOffboardMode/libDifferentialOffboardMode.a
[1098/1221] Linking CXX static library src/modules/rover_differential/DifferentialDriveModes/DifferentialAutoMode/libDifferentialAutoMode.a
[1099/1221] Linking CXX static library src/modules/flight_mode_manager/tasks/ManualPosition/libFlightTaskManualPosition.a
[1100/1221] Linking CXX static library src/modules/rover_differential/DifferentialPosControl/libDifferentialPosControl.a
[1101/1221] Linking CXX static library src/modules/flight_mode_manager/tasks/AutoFollowTarget/libFlightTaskAutoFollowTarget.a
[1102/1221] Linking CXX static library src/modules/rover_mecanum/MecanumPosControl/libMecanumPosControl.a
[1103/1221] Linking CXX static library src/modules/rover_mecanum/MecanumActControl/libMecanumActControl.a
[1104/1221] Linking CXX static library src/modules/rover_mecanum/MecanumRateControl/libMecanumRateControl.a
[1105/1221] Linking CXX static library src/modules/rover_mecanum/MecanumAttControl/libMecanumAttControl.a
[1106/1221] Linking CXX static library src/modules/rover_mecanum/MecanumSpeedControl/libMecanumSpeedControl.a
[1107/1221] Linking CXX static library src/modules/flight_mode_manager/tasks/ManualAcceleration/libFlightTaskManualAcceleration.a
[1108/1221] Linking CXX static library src/modules/flight_mode_manager/tasks/AltitudeCruise/libFlightTaskAltitudeCruise.a
[1109/1221] Linking CXX static library src/modules/flight_mode_manager/tasks/Orbit/libFlightTaskOrbit.a
[1110/1221] Linking CXX static library src/modules/rover_mecanum/MecanumDriveModes/MecanumAutoMode/libMecanumAutoMode.a
[1111/1221] Linking CXX static library src/modules/rover_mecanum/MecanumDriveModes/MecanumOffboardMode/libMecanumOffboardMode.a
[1112/1221] Linking CXX static library src/modules/rover_mecanum/MecanumDriveModes/MecanumManualMode/libMecanumManualMode.a
[1113/1221] Linking CXX static library src/modules/sensors/data_validator/libdata_validator.a
[1114/1221] Linking CXX static library src/modules/sensors/vehicle_acceleration/libvehicle_acceleration.a
[1115/1221] Linking CXX static library src/lib/events/libevents.a
[1116/1221] Linking CXX static library src/modules/sensors/vehicle_imu/libvehicle_imu.a
[1117/1221] Linking CXX static library src/modules/sensors/vehicle_optical_flow/libvehicle_optical_flow.a
[1118/1221] Linking CXX static library src/modules/flight_mode_manager/tasks/ManualAccelerationSlow/libFlightTaskManualAccelerationSlow.a
[1119/1221] Linking CXX static library src/modules/sensors/vehicle_angular_velocity/libvehicle_angular_velocity.a
[1120/1221] Linking CXX static library src/modules/sensors/vehicle_gps_position/libvehicle_gps_position.a
[1121/1221] Linking CXX static library src/modules/sensors/vehicle_air_data/libvehicle_air_data.a
[1122/1221] Linking CXX static library src/lib/cdev/test/liblib__cdev__test__cdev_test.a
[1123/1221] Linking CXX static library src/lib/rc/rc_tests/liblib__rc__rc_tests.a
[1124/1221] Linking CXX static library src/modules/sensors/vehicle_magnetometer/libvehicle_magnetometer.a
[1125/1221] Linking CXX static library src/drivers/camera_trigger/libdrivers__camera_trigger.a
[1126/1221] Linking CXX static library platforms/common/uORB/uORB_tests/libmodules__uORB__uORB_tests.a
[1127/1221] Linking CXX static library src/lib/controllib/controllib_test/liblib__controllib__controllib_test.a
[1128/1221] Linking CXX static library platforms/common/px4_work_queue/test/liblib__work_queue__test__wqueue_test.a
[1129/1221] Linking CXX static library src/drivers/osd/msp_osd/libdrivers__osd__msp_osd.a
[1130/1221] Linking CXX static library src/drivers/gnss/septentrio/libdriver__septentrio.a
[1131/1221] Linking CXX static library src/drivers/tone_alarm/libdrivers__tone_alarm.a
[1132/1221] Linking CXX static library src/drivers/gps/libdrivers__gps.a
[1133/1221] Linking CXX static library src/modules/airship_att_control/libmodules__airship_att_control.a
[1134/1221] Linking CXX static library src/modules/airspeed_selector/libmodules__airspeed_selector.a
[1135/1221] Linking CXX static library src/modules/attitude_estimator_q/libmodules__attitude_estimator_q.a
[1136/1221] Linking CXX static library src/modules/camera_feedback/libmodules__camera_feedback.a
[1137/1221] Linking CXX static library src/modules/dataman/libmodules__dataman.a
[1138/1221] Linking CXX static library src/modules/events/libmodules__events.a
[1139/1221] Linking CXX static library src/modules/commander/libmodules__commander.a
[1140/1221] Linking CXX static library src/modules/failure_injection_manager/libmodules__failure_injection_manager.a
[1141/1221] Linking CXX static library src/modules/control_allocator/libmodules__control_allocator.a
[1142/1221] Linking CXX static library src/modules/flight_mode_manager/libmodules__flight_mode_manager.a
[1143/1221] Linking CXX static library src/modules/fw_att_control/libmodules__fw_att_control.a
[1144/1221] Linking CXX static library src/modules/fw_autotune_attitude_control/libfw_autotune_attitude_control.a
[1145/1221] Linking CXX static library src/modules/fw_lateral_longitudinal_control/libmodules__fw_lateral_longitudinal_control.a
[1146/1221] Linking CXX static library src/modules/fw_rate_control/libmodules__fw_rate_control.a
[1147/1221] Linking CXX static library src/modules/gyro_calibration/libmodules__gyro_calibration.a
[1148/1221] Linking CXX static library src/modules/fw_mode_manager/libmodules__fw_mode_manager.a
[1149/1221] Linking CXX static library src/modules/gimbal/libdrivers__gimbal.a
[1150/1221] Linking CXX static library src/modules/load_mon/libmodules__load_mon.a
[1151/1221] Linking CXX static library src/modules/gyro_fft/libmodules__gyro_fft.a
[1152/1221] Linking CXX static library src/modules/landing_target_estimator/libmodules__landing_target_estimator.a
[1153/1221] Linking CXX static library src/modules/land_detector/libmodules__land_detector.a
[1154/1221] Linking CXX static library src/modules/ekf2/libmodules__ekf2.a
[1155/1221] Linking CXX static library src/modules/mag_bias_estimator/libmodules__mag_bias_estimator.a
[1156/1221] Linking CXX static library src/modules/manual_control/libmodules__manual_control.a
[1157/1221] Linking CXX static library src/modules/local_position_estimator/libmodules__local_position_estimator.a
[1158/1221] Linking CXX static library src/modules/logger/libmodules__logger.a
[1159/1221] Linking CXX static library src/modules/mc_autotune_attitude_control/libmc_autotune_attitude_control.a
[1160/1221] Linking CXX static library src/modules/mc_hover_thrust_estimator/libmodules__mc_hover_thrust_estimator.a
[1161/1221] Linking CXX static library src/modules/mc_rate_control/libmodules__mc_rate_control.a
[1162/1221] Linking CXX static library src/modules/mc_pos_control/libmodules__mc_pos_control.a
[1163/1221] Linking CXX static library src/modules/mc_att_control/libmodules__mc_att_control.a
[1164/1221] Linking CXX static library src/modules/mc_raptor/libmodules__mc_raptor.a
[1165/1221] Linking CXX static library src/modules/replay/libmodules__replay.a
[1166/1221] Linking CXX static library src/modules/rc_update/libmodules__rc_update.a
[1167/1221] Linking CXX static library src/modules/payload_deliverer/libmodules__payload_deliverer.a
[1168/1221] Linking CXX static library src/modules/rover_mecanum/libmodules__rover_mecanum.a
[1169/1221] Linking CXX static library src/modules/rover_ackermann/libmodules__rover_ackermann.a
[1170/1221] Linking CXX static library src/modules/rover_differential/libmodules__rover_differential.a
[1171/1221] Linking CXX static library src/modules/simulation/battery_simulator/libmodules__simulation__battery_simulator.a
[1172/1221] Linking CXX static library src/modules/simulation/sensor_agp_sim/libmodules__simulation__sensor_agp_sim.a
[1173/1221] Linking CXX static library src/modules/mavlink/libmodules__mavlink.a
[1174/1221] Linking CXX static library src/modules/navigator/libmodules__navigator.a
[1175/1221] Linking CXX static library src/modules/sensors/libmodules__sensors.a
[1176/1221] Linking CXX static library src/modules/simulation/sensor_airspeed_sim/libmodules__simulation__sensor_airspeed_sim.a
[1177/1221] Linking CXX static library src/modules/simulation/pwm_out_sim/libmodules__simulation__pwm_out_sim.a
[1178/1221] Linking CXX static library src/modules/simulation/sensor_mag_sim/libmodules__simulation__senosr_mag_sim.a
[1179/1221] Linking CXX static library src/modules/simulation/sensor_baro_sim/libmodules__simulation__sensor_baro_sim.a
[1180/1221] Linking CXX static library src/modules/simulation/sensor_gps_sim/libmodules__simulation__sensor_gps_sim.a
[1181/1221] Linking CXX static library src/modules/simulation/simulator_sih/libmodules__simulation__simulator_sih.a
[1182/1221] Building CXX object src/modules/simulation/gz_bridge/CMakeFiles/modules__simulation__gz_bridge.dir/GZGimbal.cpp.o
[1183/1221] Linking CXX static library src/modules/simulation/system_power_simulator/libmodules__simulation__system_power_simulator.a
[1184/1221] Linking CXX static library src/modules/temperature_compensation/libmodules__temperature_compensation.a
[1185/1221] Linking CXX static library src/modules/uuv_att_control/libmodules__uuv_att_control.a
[1186/1221] Linking CXX static library src/modules/simulation/simulator_mavlink/libmodules__simulation__simulator_mavlink.a
[1187/1221] Linking CXX static library src/modules/uuv_pos_control/libmodules__uuv_pos_control.a
[1188/1221] Linking CXX static library src/modules/uxrce_dds_client/libmodules__uxrce_dds_client.a
[1189/1221] Linking CXX static library src/systemcmds/dyn/libsystemcmds__dyn.a
[1190/1221] Linking CXX static library src/systemcmds/failure/libsystemcmds__failure.a
[1191/1221] Linking CXX static library src/systemcmds/bsondump/libsystemcmds__bsondump.a
[1192/1221] Linking CXX static library src/modules/vtol_att_control/libmodules__vtol_att_control.a
[1193/1221] Linking CXX static library src/systemcmds/actuator_test/libsystemcmds__actuator_test.a
[1194/1221] Linking CXX static library src/systemcmds/param/libsystemcmds__param.a
[1195/1221] Linking CXX static library src/modules/vision_target_estimator/libmodules__vision_target_estimator.a
[1196/1221] Linking CXX static library src/systemcmds/shutdown/libsystemcmds__shutdown.a
[1197/1221] Linking CXX static library src/systemcmds/led_control/libsystemcmds__led_control.a
[1198/1221] Linking CXX static library src/systemcmds/perf/libsystemcmds__perf.a
[1199/1221] Linking CXX static library src/systemcmds/sd_bench/libsystemcmds__sd_bench.a
[1200/1221] Linking CXX static library src/systemcmds/system_time/libsystemcmds__system_time.a
[1201/1221] Linking CXX static library src/systemcmds/tune_control/libsystemcmds__tune_control.a
[1202/1221] Linking CXX static library src/systemcmds/uorb/libsystemcmds__uorb.a
[1203/1221] Linking CXX static library src/systemcmds/tests/hrt_test/libsystemcmds__tests__hrt_test.a
[1204/1221] Linking CXX static library src/systemcmds/topic_listener/libsystemcmds__topic_listener.a
[1205/1221] Linking CXX static library src/systemcmds/work_queue/libsystemcmds__work_queue.a
[1206/1221] Linking CXX static library src/examples/fake_gps/libmodules__fake_gps.a
[1207/1221] Linking CXX static library src/systemcmds/ver/libsystemcmds__ver.a
[1208/1221] Linking CXX static library src/systemcmds/tests/libsystemcmds__tests.a
[1209/1221] Linking CXX static library src/examples/px4_mavlink_debug/libexamples__px4_mavlink_debug.a
[1210/1221] Linking CXX static library src/examples/hello/libexamples__hello.a
[1211/1221] Linking CXX static library src/examples/fake_magnetometer/libexamples__fake_magnetometer.a
[1212/1221] Linking CXX static library src/examples/work_item/libexamples__work_item.a
[1213/1221] Linking CXX static library src/examples/px4_simple_app/libexamples__px4_simple_app.a
[1214/1221] Linking CXX static library src/examples/fake_imu/libmodules__fake_imu.a
[1215/1221] Building CXX object src/modules/simulation/gz_bridge/CMakeFiles/modules__simulation__gz_bridge.dir/GZMixingInterfaceESC.cpp.o
[1216/1221] Building CXX object src/modules/simulation/gz_bridge/CMakeFiles/modules__simulation__gz_bridge.dir/GZMixingInterfaceWheel.cpp.o
[1217/1221] Building CXX object src/modules/simulation/gz_bridge/CMakeFiles/modules__simulation__gz_bridge.dir/GZBridge.cpp.o
[1218/1221] Linking CXX static library src/modules/simulation/gz_bridge/libmodules__simulation__gz_bridge.a
[1219/1221] Linking CXX executable bin/px4
[1220/1221] Building CXX object src/examples/dyn_hello/CMakeFiles/examples__dyn_hello.dir/hello.cpp.o
[1221/1221] Linking CXX shared library src/examples/dyn_hello/examples__dyn_hello.px4mod
make: Leaving directory '/home/car/uav_handover/uav_lab/.local/checkouts/px4-raptor'
